station_id,station_name,target,model,phase,MAE,RMSE,R2,MAPE,WMAPE
31101,14th & V St NW,outgoing_trips,Linear Regression,val,2.0788048653230304,2.9795248435558417,0.6179123950116037,57.589986850597406,44.551615665736605
31101,14th & V St NW,outgoing_trips,Linear Regression,test,2.1477129018077674,3.0810919603840667,0.564505390007887,58.487408660319865,44.70807640025247
31101,14th & V St NW,outgoing_trips,Linear Regression,test_forecast_weather,2.154956225259701,3.076548317520272,0.5657888784582573,59.00192934322379,44.8588577537603
31101,14th & V St NW,outgoing_trips,Polynomial Regression,val,2.016767814321831,2.9837297384072783,0.6168331813903649,57.471539391027825,43.222077285609885
31101,14th & V St NW,outgoing_trips,Polynomial Regression,test,2.1742957000121,3.1804150349261073,0.5359753429842252,60.55487033631911,45.26143982794872
31101,14th & V St NW,outgoing_trips,Polynomial Regression,test_forecast_weather,2.198724885907463,3.2204617702180927,0.5242160814790799,61.0669765252694,45.76997237365655
31101,14th & V St NW,outgoing_trips,Random Forest,val,2.052488482627326,2.9926031095501835,0.6145507782743584,56.33368410295606,43.98761979141038
31101,14th & V St NW,outgoing_trips,Random Forest,test,2.163326916348432,3.1522566615838787,0.5441556197787205,59.19067838923695,45.033107066321065
31101,14th & V St NW,outgoing_trips,Random Forest,test_forecast_weather,2.1728553385087546,3.16828456142889,0.5395082808044649,59.89095648255356,45.23145640135509
31101,14th & V St NW,outgoing_trips,HistGradientBoosting,val,1.9938878646717202,3.0048480929793553,0.6113900013054174,52.28855547105684,42.731728845375336
31101,14th & V St NW,outgoing_trips,HistGradientBoosting,test,2.1149461727607317,3.1513054452768343,0.544430686965511,54.862052299045395,44.025984569268836
31101,14th & V St NW,outgoing_trips,HistGradientBoosting,test_forecast_weather,2.1359869139405068,3.1807705177252705,0.5358716068361224,56.01987597907141,44.46398122300758
31101,14th & V St NW,outgoing_trips,Soft Two-Stage,val,2.0314622229531105,3.0476491003751116,0.6002404467959015,51.05258561216134,43.53699844858027
31101,14th & V St NW,outgoing_trips,Soft Two-Stage,test,2.151273468246552,3.2003720380620635,0.5301335919957971,53.37629671490453,44.78219528096478
31101,14th & V St NW,outgoing_trips,Soft Two-Stage,test_forecast_weather,2.1710334346204876,3.230347741560734,0.5212905348297605,54.15189394295703,45.19353056026059
31101,14th & V St NW,outgoing_trips,GAM,val,2.0939063840356433,3.0817321420991735,0.5912491173942009,56.38629045799782,44.875261751464194
31101,14th & V St NW,outgoing_trips,GAM,test,2.1846275075886945,3.138846246514294,0.5480259005481287,59.26206018854687,45.476512914346024
31101,14th & V St NW,outgoing_trips,GAM,test_forecast_weather,2.1985464446192844,3.157678025413717,0.5425863165054892,59.41523733269742,45.76625783306869
31101,14th & V St NW,outgoing_trips,XGBoost,val,2.0498880880058707,3.0495842902583976,0.5997326086357602,49.76812336372806,43.93188979785165
31101,14th & V St NW,outgoing_trips,XGBoost,test,2.1730975718258527,3.19344210801382,0.5321662406727095,51.94529154604864,45.2364988749736
31101,14th & V St NW,outgoing_trips,XGBoost,test_forecast_weather,2.193274675457544,3.224466414539391,0.5230320711401802,52.84291957824415,45.65651753293397
31101,14th & V St NW,outgoing_trips,LightGBM,val,2.0056078610267782,3.0291523091249153,0.6050781627633125,51.71654916167535,42.982904307740455
31101,14th & V St NW,outgoing_trips,LightGBM,test,2.1295144470962644,3.1829081696039636,0.5352475578430128,54.1569086823196,44.329246481726784
31101,14th & V St NW,outgoing_trips,LightGBM,test_forecast_weather,2.1535178281880754,3.2175256248487076,0.5250832452765604,55.43933564451966,44.82891521995235
31101,14th & V St NW,outgoing_trips,Poisson,val,2.3714180901279756,3.524146097482417,0.4654642750959691,60.882923825257166,50.82271505927971
31101,14th & V St NW,outgoing_trips,Poisson,test,2.437012396642135,3.4853947702807404,0.44271492367594134,64.99048795385015,50.730307726759186
31101,14th & V St NW,outgoing_trips,Poisson,test_forecast_weather,2.4557558374932764,3.511295148335863,0.43440164779309665,65.77661291159048,51.12048240274641
31101,14th & V St NW,outgoing_trips,Naive (same hour last week),val,2.670272116588865,3.9741135494507507,0.3202496015410845,80.28558412525948,57.22756332048217
31101,14th & V St NW,outgoing_trips,Naive (same hour last week),test,2.8097956387715493,4.1148735143712365,0.22324073349525542,81.68554851607006,58.49038667205362
31101,14th & V St NW,outgoing_trips,Naive (same hour last week),test_forecast_weather,2.8097956387715493,4.1148735143712365,0.22324073349525542,81.68554851607006,58.49038667205362
31101,14th & V St NW,incoming_trips,Linear Regression,val,1.9011760462409208,2.7493546778676095,0.6676669481777626,54.042261109679835,42.127378999757816
31101,14th & V St NW,incoming_trips,Linear Regression,test,2.0120351948020017,2.97176301646875,0.6563423294381435,54.8980384243939,41.962513146508726
31101,14th & V St NW,incoming_trips,Linear Regression,test_forecast_weather,2.020893789272679,2.9605194828733774,0.6589378372531939,55.37924544974968,42.14726582275202
31101,14th & V St NW,incoming_trips,Polynomial Regression,val,1.8843493972997774,2.8935715075024304,0.6318876093636016,55.25263020906491,41.754524198309525
31101,14th & V St NW,incoming_trips,Polynomial Regression,test,2.053117591015762,3.062831069119511,0.6349572037318121,58.92820334210368,42.81931753823292
31101,14th & V St NW,incoming_trips,Polynomial Regression,test_forecast_weather,2.078163294291522,3.159920237846401,0.6114472961379553,59.996264428130274,43.34166459045536
31101,14th & V St NW,incoming_trips,Random Forest,val,1.827539505309075,2.672533566962063,0.6859792586217106,51.916338767223976,40.49569713936374
31101,14th & V St NW,incoming_trips,Random Forest,test,1.9729308016779445,2.916400813474818,0.6690273432161765,53.16860183927309,41.14696150268374
31101,14th & V St NW,incoming_trips,Random Forest,test_forecast_weather,1.9923134799951918,2.9394472102442983,0.6637757566802913,53.90092860221625,41.55120189360895
31101,14th & V St NW,incoming_trips,HistGradientBoosting,val,1.85876828990945,2.7899543432486658,0.6577793673834447,49.87197469636579,41.18768294844388
31101,14th & V St NW,incoming_trips,HistGradientBoosting,test,2.0140319332098895,3.055347917951943,0.6367387798867348,50.656129545346964,42.004156633614514
31101,14th & V St NW,incoming_trips,HistGradientBoosting,test_forecast_weather,2.0345333951080447,3.080529732162872,0.6307261925018112,51.43962167435051,42.431730100841385
31101,14th & V St NW,incoming_trips,Soft Two-Stage,val,1.860694734678591,2.7775160190405854,0.6608239781843864,49.4205490729496,41.23037024669391
31101,14th & V St NW,incoming_trips,Soft Two-Stage,test,2.0092969174095927,3.0433184205021675,0.6395936085770547,50.24404388982534,41.90540430399215
31101,14th & V St NW,incoming_trips,Soft Two-Stage,test_forecast_weather,2.029317860758041,3.066963718034864,0.6339714415741321,50.99052663141189,42.322956194056104
31101,14th & V St NW,incoming_trips,GAM,val,1.896797748087064,2.7299613149784436,0.6723388259102254,55.84914773986364,42.03036208958469
31101,14th & V St NW,incoming_trips,GAM,test,2.03401055747416,2.9536458228837597,0.6605197378854585,58.173808756101465,42.4208259272255
31101,14th & V St NW,incoming_trips,GAM,test_forecast_weather,2.045899093293452,2.962288216931712,0.6585301868599411,58.023043158026724,42.66877031800883
31101,14th & V St NW,incoming_trips,XGBoost,val,1.9198393899830706,2.847271621085592,0.6435736556631263,47.8364919214646,42.54093236678182
31101,14th & V St NW,incoming_trips,XGBoost,test,2.0827005216534493,3.1472819462797434,0.6145491606069272,47.963523946945536,43.436291892858144
31101,14th & V St NW,incoming_trips,XGBoost,test_forecast_weather,2.1083985463830293,3.183980603038378,0.6055077084868035,48.79287159800704,43.97224360152616
31101,14th & V St NW,incoming_trips,LightGBM,val,1.846747150877409,2.7692373927180958,0.662842851819345,50.33737934764355,40.921311466953306
31101,14th & V St NW,incoming_trips,LightGBM,test,1.9968421801938943,3.0265542335265376,0.6435532856630592,51.27557086053638,41.64565135558436
31101,14th & V St NW,incoming_trips,LightGBM,test_forecast_weather,2.015574289222321,3.049181563728301,0.6382035799808469,52.03237487070358,42.03632363278801
31101,14th & V St NW,incoming_trips,Poisson,val,2.1150166865562565,3.12846165096086,0.5696976987000568,56.10663904066787,46.86578590212075
31101,14th & V St NW,incoming_trips,Poisson,test,2.258433889033306,3.388333385146623,0.5532444416508289,58.819813851392844,47.10134395457576
31101,14th & V St NW,incoming_trips,Poisson,test_forecast_weather,2.285916399422265,3.4500148293810997,0.5368308569622415,59.53588803619323,47.67451245902095
31101,14th & V St NW,incoming_trips,Naive (same hour last week),val,2.4687464419902083,3.7051619370919737,0.39643175139159237,76.35348414888118,54.70393823952367
31101,14th & V St NW,incoming_trips,Naive (same hour last week),test,2.652243406781596,3.964118664346606,0.38850770716104577,77.22275244918802,55.314538787561304
31101,14th & V St NW,incoming_trips,Naive (same hour last week),test_forecast_weather,2.652243406781596,3.964118664346606,0.38850770716104577,77.22275244918802,55.314538787561304
31104,Adams Mill & Columbia Rd NW,outgoing_trips,Linear Regression,val,1.9135155405662845,2.6706357552306548,0.490295778108517,56.650303182759345,50.598846884822144
31104,Adams Mill & Columbia Rd NW,outgoing_trips,Linear Regression,test,1.966416916676901,2.7432117112840717,0.5237546587161119,57.964735566136014,47.82674526746724
31104,Adams Mill & Columbia Rd NW,outgoing_trips,Linear Regression,test_forecast_weather,1.9742641584646763,2.742750085286455,0.5239149297823203,58.486994411282886,48.01760409849805
31104,Adams Mill & Columbia Rd NW,outgoing_trips,Polynomial Regression,val,1.9254819441103046,2.7518348153610015,0.45883009833329536,62.501019440676174,50.915272964385984
31104,Adams Mill & Columbia Rd NW,outgoing_trips,Polynomial Regression,test,2.017489236311395,2.934882374527363,0.4548782779721263,67.08127625129012,49.06891461653156
31104,Adams Mill & Columbia Rd NW,outgoing_trips,Polynomial Regression,test_forecast_weather,2.0312726888701618,3.0108491281525693,0.42629309680656946,67.78628223845978,49.40415261659331
31104,Adams Mill & Columbia Rd NW,outgoing_trips,Random Forest,val,1.8481896473522959,2.646067638704082,0.4996305392268907,59.65581898507863,48.87144263945571
31104,Adams Mill & Columbia Rd NW,outgoing_trips,Random Forest,test,1.8919165412190464,2.696200134787052,0.5399380243328837,61.174704729470164,46.01476407002368
31104,Adams Mill & Columbia Rd NW,outgoing_trips,Random Forest,test_forecast_weather,1.9042989593062027,2.7145760464849675,0.5336455630391284,61.729886042698446,46.31592642813159
31104,Adams Mill & Columbia Rd NW,outgoing_trips,HistGradientBoosting,val,1.8721264260738637,2.819192818383406,0.43201289849690827,53.21728830862369,49.504399819981174
31104,Adams Mill & Columbia Rd NW,outgoing_trips,HistGradientBoosting,test,1.9476607271625834,2.971537106515987,0.4411768313162766,51.97698021857127,47.370561489509534
31104,Adams Mill & Columbia Rd NW,outgoing_trips,HistGradientBoosting,test_forecast_weather,1.9617819707895778,2.9838024613961003,0.43655409910612153,52.77104970735101,47.71401516715051
31104,Adams Mill & Columbia Rd NW,outgoing_trips,Soft Two-Stage,val,1.9048501724071967,2.8468966623921346,0.4207949775682579,52.457498568960304,50.369709662057524
31104,Adams Mill & Columbia Rd NW,outgoing_trips,Soft Two-Stage,test,1.9809192916247154,2.9933529374326313,0.43294140114239243,51.52875755513193,48.179468734459455
31104,Adams Mill & Columbia Rd NW,outgoing_trips,Soft Two-Stage,test_forecast_weather,1.988236192094056,2.9987445526762357,0.43089679410577364,52.2597279719512,48.35742872449348
31104,Adams Mill & Columbia Rd NW,outgoing_trips,GAM,val,2.0304399673543854,2.8619414494400246,0.41465703691323574,61.66993081738038,53.69066455900517
31104,Adams Mill & Columbia Rd NW,outgoing_trips,GAM,test,2.550286623950805,3.613969997375229,0.1734270787869332,77.17985403875586,62.027491570224925
31104,Adams Mill & Columbia Rd NW,outgoing_trips,GAM,test_forecast_weather,2.5658088266760655,3.630732441869885,0.16574161654582142,77.56201780671998,62.40501905660638
31104,Adams Mill & Columbia Rd NW,outgoing_trips,XGBoost,val,1.8889309897099458,2.7442985628104752,0.46179016586915644,53.94424202582109,49.94876074852462
31104,Adams Mill & Columbia Rd NW,outgoing_trips,XGBoost,test,1.8937406486096047,2.7689743304924015,0.5147674263756516,53.97608203506971,46.059129595344814
31104,Adams Mill & Columbia Rd NW,outgoing_trips,XGBoost,test_forecast_weather,1.9054828820400227,2.776136154117046,0.5122541172213079,54.78947078673637,46.34472152774987
31104,Adams Mill & Columbia Rd NW,outgoing_trips,LightGBM,val,1.8623300523988398,2.807202830469776,0.43683390732118754,52.90195599346266,49.24535556290534
31104,Adams Mill & Columbia Rd NW,outgoing_trips,LightGBM,test,1.937126859448054,2.952560451128672,0.44829148820688924,51.82688334205891,47.114359153376576
31104,Adams Mill & Columbia Rd NW,outgoing_trips,LightGBM,test_forecast_weather,1.9483571312105088,2.9620210033712215,0.4447502707745451,52.70257341639258,47.387499270465796
31104,Adams Mill & Columbia Rd NW,outgoing_trips,Poisson,val,2.2269909774868633,3.2601839694377506,0.24042068784979398,65.25375251817887,58.88803779999133
31104,Adams Mill & Columbia Rd NW,outgoing_trips,Poisson,test,2.528563427728813,3.7491512186631524,0.11043435263134693,75.45239836525236,61.49914492954397
31104,Adams Mill & Columbia Rd NW,outgoing_trips,Poisson,test_forecast_weather,2.54874564225369,3.779613788243566,0.09591984313043422,76.35433310201564,61.99001216366332
31104,Adams Mill & Columbia Rd NW,outgoing_trips,Naive (same hour last week),val,2.514858248889901,3.665633188721573,0.03974424092892492,83.01116406988332,66.50007526719855
31104,Adams Mill & Columbia Rd NW,outgoing_trips,Naive (same hour last week),test,2.469916657152643,3.6188417383033804,0.17119708612481965,82.48624407609918,60.072751506400465
31104,Adams Mill & Columbia Rd NW,outgoing_trips,Naive (same hour last week),test_forecast_weather,2.469916657152643,3.6188417383033804,0.17119708612481965,82.48624407609918,60.072751506400465
31104,Adams Mill & Columbia Rd NW,incoming_trips,Linear Regression,val,1.6834602026528709,2.4780173861913295,0.5615548780120933,53.2423855653476,50.13165715026842
31104,Adams Mill & Columbia Rd NW,incoming_trips,Linear Regression,test,1.7796072252263935,2.5801626578683567,0.5905381359383115,51.71452150646976,45.54176435491858
31104,Adams Mill & Columbia Rd NW,incoming_trips,Linear Regression,test_forecast_weather,1.7886206523208625,2.5773999231002747,0.5914145371871251,52.07694670738595,45.77242613632055
31104,Adams Mill & Columbia Rd NW,incoming_trips,Polynomial Regression,val,1.655263342912586,2.4744075071526597,0.5628313670567806,57.15855240285036,49.29198460975535
31104,Adams Mill & Columbia Rd NW,incoming_trips,Polynomial Regression,test,1.7615097196165925,2.5995589881919243,0.5843587505499666,57.47993877430878,45.07863275812001
31104,Adams Mill & Columbia Rd NW,incoming_trips,Polynomial Regression,test_forecast_weather,1.7939747855351111,2.677427592737091,0.5590851178311046,59.09145843577805,45.90944326555654
31104,Adams Mill & Columbia Rd NW,incoming_trips,Random Forest,val,1.6410671642805876,2.4601776436697107,0.5678450622259162,53.79214361892777,48.86923748517123
31104,Adams Mill & Columbia Rd NW,incoming_trips,Random Forest,test,1.7221196051644816,2.552628574516659,0.5992306121618793,51.75751909081345,44.07060397240686
31104,Adams Mill & Columbia Rd NW,incoming_trips,Random Forest,test_forecast_weather,1.73400352925888,2.5701489273153175,0.5937102492575816,52.417613625529924,44.374724377767635
31104,Adams Mill & Columbia Rd NW,incoming_trips,HistGradientBoosting,val,1.6486174128795181,2.6218712373389494,0.5091720755918989,49.860931503036866,49.094075870756114
31104,Adams Mill & Columbia Rd NW,incoming_trips,HistGradientBoosting,test,1.8518920830553427,2.881368730942467,0.4893574903050183,48.759814844114956,47.391599484271914
31104,Adams Mill & Columbia Rd NW,incoming_trips,HistGradientBoosting,test_forecast_weather,1.8574215341267981,2.8842133466863484,0.4883487344774816,49.480982902314025,47.53310315662087
31104,Adams Mill & Columbia Rd NW,incoming_trips,Soft Two-Stage,val,1.6793946760865053,2.6388743678570457,0.5027852841611979,49.51589153096991,50.010590086349005
31104,Adams Mill & Columbia Rd NW,incoming_trips,Soft Two-Stage,test,1.8909132872020957,2.9005223518112917,0.4825460323344418,48.64873418611025,48.390187520387876
31104,Adams Mill & Columbia Rd NW,incoming_trips,Soft Two-Stage,test_forecast_weather,1.896196670460946,2.9053583840796637,0.4808190949601642,49.09725961470931,48.52539409404104
31104,Adams Mill & Columbia Rd NW,incoming_trips,GAM,val,1.9426419367862484,2.967527563047682,0.37122383975141215,60.890524014153854,57.84981396485258
31104,Adams Mill & Columbia Rd NW,incoming_trips,GAM,test,2.5458754066292903,3.7358089873075424,0.14160216552365812,73.3777124631353,65.15126270682781
31104,Adams Mill & Columbia Rd NW,incoming_trips,GAM,test_forecast_weather,2.5566280660814003,3.7477741640692623,0.13609474808230537,73.65403616724497,65.42643302307238
31104,Adams Mill & Columbia Rd NW,incoming_trips,XGBoost,val,1.6857100645439769,2.619101293860513,0.5102086233939603,48.52636444945701,50.19865564823268
31104,Adams Mill & Columbia Rd NW,incoming_trips,XGBoost,test,1.882420019688986,2.8676008272369304,0.4942257878843159,46.858826936577586,48.17283709485444
31104,Adams Mill & Columbia Rd NW,incoming_trips,XGBoost,test_forecast_weather,1.8861938716835174,2.868840070802325,0.49378854929520277,47.62838806680874,48.26941339315724
31104,Adams Mill & Columbia Rd NW,incoming_trips,LightGBM,val,1.6630125976703003,2.6446201399814804,0.5006176988333304,49.363496855654745,49.52274918742201
31104,Adams Mill & Columbia Rd NW,incoming_trips,LightGBM,test,1.8773032291836227,2.914660804209638,0.47748913006918803,48.867190947322705,48.04189378098972
31104,Adams Mill & Columbia Rd NW,incoming_trips,LightGBM,test_forecast_weather,1.8783799539285928,2.9109875740315605,0.4788052991979639,49.4085936845478,48.06944814462425
31104,Adams Mill & Columbia Rd NW,incoming_trips,Poisson,val,1.8891331012424204,2.959684413026355,0.3745431475458618,56.90227454764485,56.256377663972934
31104,Adams Mill & Columbia Rd NW,incoming_trips,Poisson,test,2.1334833836903027,3.379174941694498,0.2976709370390229,58.446565955847596,54.59777648564981
31104,Adams Mill & Columbia Rd NW,incoming_trips,Poisson,test_forecast_weather,2.1774930998477333,3.4839178426673296,0.25345653493974296,59.56144338176641,55.724025072505036
31104,Adams Mill & Columbia Rd NW,incoming_trips,Naive (same hour last week),val,2.2084709097119437,3.4064822909480448,0.17144982109553575,79.76942375010009,65.76591849189666
31104,Adams Mill & Columbia Rd NW,incoming_trips,Naive (same hour last week),test,2.2408950793469575,3.348979529434564,0.3101665108867929,76.31364675142292,57.3465392818535
31104,Adams Mill & Columbia Rd NW,incoming_trips,Naive (same hour last week),test_forecast_weather,2.2408950793469575,3.348979529434564,0.3101665108867929,76.31364675142292,57.3465392818535
31107,Lamont & Mt Pleasant NW,outgoing_trips,Linear Regression,val,1.6535144279732976,2.362383758450553,0.4764980656516725,55.05828249144615,53.45166441254867
31107,Lamont & Mt Pleasant NW,outgoing_trips,Linear Regression,test,1.8844181176563943,2.660589108291307,0.4897675630089737,56.06326360777818,51.33621016593791
31107,Lamont & Mt Pleasant NW,outgoing_trips,Linear Regression,test_forecast_weather,1.8903246528973348,2.656066642757097,0.4915006735096794,56.582979382952416,51.49711879425154
31107,Lamont & Mt Pleasant NW,outgoing_trips,Polynomial Regression,val,1.728559430461204,2.4638811684488062,0.4305482776143985,64.64302130674606,55.8775762890716
31107,Lamont & Mt Pleasant NW,outgoing_trips,Polynomial Regression,test,2.012773475570711,2.8025503656896578,0.4338659200088675,71.54675064803166,54.83292757067634
31107,Lamont & Mt Pleasant NW,outgoing_trips,Polynomial Regression,test_forecast_weather,2.0318688308800623,2.8291975532691502,0.4230489149419685,72.31419896107697,55.353132276929784
31107,Lamont & Mt Pleasant NW,outgoing_trips,Random Forest,val,1.715937688000255,2.480496696629444,0.4228420257451896,60.56460841780412,55.46956464374766
31107,Lamont & Mt Pleasant NW,outgoing_trips,Random Forest,test,2.0132525608631475,2.890699477251096,0.39769241186537174,64.26458316835367,54.845979038941
31107,Lamont & Mt Pleasant NW,outgoing_trips,Random Forest,test_forecast_weather,2.012266238645535,2.88410442168687,0.4004375749284841,64.46314441008904,54.81910918230979
31107,Lamont & Mt Pleasant NW,outgoing_trips,HistGradientBoosting,val,1.6597369612622714,2.56351081587991,0.3835644130192446,53.353461104967536,53.652814614525326
31107,Lamont & Mt Pleasant NW,outgoing_trips,HistGradientBoosting,test,1.9850741631704099,3.0428254408594957,0.33263023955084936,53.901634009547564,54.078329793510896
31107,Lamont & Mt Pleasant NW,outgoing_trips,HistGradientBoosting,test_forecast_weather,1.989498295847004,3.0438308947775803,0.33218912295327574,54.25922258663902,54.19885410961653
31107,Lamont & Mt Pleasant NW,outgoing_trips,Soft Two-Stage,val,1.6497227330052644,2.507572147499485,0.4101735159755764,52.422953587428836,53.32909372096148
31107,Lamont & Mt Pleasant NW,outgoing_trips,Soft Two-Stage,test,1.9586769926114778,2.9668307249178634,0.3655491511723732,53.06546000653846,53.35920558062931
31107,Lamont & Mt Pleasant NW,outgoing_trips,Soft Two-Stage,test_forecast_weather,1.9681679748986045,2.9785044092504425,0.3605465401840242,53.30928369670352,53.617763411722066
31107,Lamont & Mt Pleasant NW,outgoing_trips,GAM,val,1.6753228788165795,2.406997813605121,0.45653849644233424,57.5444187962715,54.156646465388356
31107,Lamont & Mt Pleasant NW,outgoing_trips,GAM,test,1.979260345302962,2.858761356174258,0.4109281732656732,61.02804146213619,53.919947015764635
31107,Lamont & Mt Pleasant NW,outgoing_trips,GAM,test_forecast_weather,1.9843316375043483,2.861794476036362,0.40967751041914846,61.02879111883577,54.05810155791424
31107,Lamont & Mt Pleasant NW,outgoing_trips,XGBoost,val,1.6698476077456568,2.505779708149173,0.4110164431407005,51.15105899603125,53.97965233283071
31107,Lamont & Mt Pleasant NW,outgoing_trips,XGBoost,test,1.9903350324589224,2.9724125687579614,0.3631595729859475,51.289602629689846,54.22164888438573
31107,Lamont & Mt Pleasant NW,outgoing_trips,XGBoost,test_forecast_weather,1.993770905755758,2.9722447987303218,0.3632314605307223,51.60549679344689,54.31525057077222
31107,Lamont & Mt Pleasant NW,outgoing_trips,LightGBM,val,1.6483266372861787,2.5440470602763523,0.3928895953838403,53.50233065763674,53.283963398176326
31107,Lamont & Mt Pleasant NW,outgoing_trips,LightGBM,test,1.9739231445785774,3.0233127106351194,0.3411620811499113,53.96283928531187,53.77454846778975
31107,Lamont & Mt Pleasant NW,outgoing_trips,LightGBM,test_forecast_weather,1.9749674294818294,3.0202409552236413,0.34250019005759336,54.228960165336694,53.80299737133411
31107,Lamont & Mt Pleasant NW,outgoing_trips,Poisson,val,1.938804661057617,2.9361762570632295,0.19131080703368375,68.20866148372544,62.673983577729295
31107,Lamont & Mt Pleasant NW,outgoing_trips,Poisson,test,2.663456986264636,4.359238530188074,-0.369726045070532,81.49764529906646,72.55915570630737
31107,Lamont & Mt Pleasant NW,outgoing_trips,Poisson,test_forecast_weather,2.6833974150000075,4.399662844025806,-0.3952474595025761,82.47130053948611,73.1023823027652
31107,Lamont & Mt Pleasant NW,outgoing_trips,Naive (same hour last week),val,2.1162472959125584,3.1191927710881338,0.08735511148283048,83.76568357298122,68.41001104159
31107,Lamont & Mt Pleasant NW,outgoing_trips,Naive (same hour last week),test,2.352551661148533,3.440356717566248,0.1468617822904178,84.17732020485052,64.08932570291117
31107,Lamont & Mt Pleasant NW,outgoing_trips,Naive (same hour last week),test_forecast_weather,2.352551661148533,3.440356717566248,0.1468617822904178,84.17732020485052,64.08932570291117
31107,Lamont & Mt Pleasant NW,incoming_trips,Linear Regression,val,1.4787057179962138,2.1476134661400432,0.5248707291792976,51.550395239519155,53.49041318435233
31107,Lamont & Mt Pleasant NW,incoming_trips,Linear Regression,test,1.6845669307210511,2.4414922568743442,0.5489727637211328,51.65713111340694,50.81139759008811
31107,Lamont & Mt Pleasant NW,incoming_trips,Linear Regression,test_forecast_weather,1.6872825164843077,2.4347818628871476,0.551448635770991,51.85372391051206,50.89330748953495
31107,Lamont & Mt Pleasant NW,incoming_trips,Polynomial Regression,val,1.483540366808135,2.171222759310484,0.5143668608248454,60.726409438562555,53.665300830625405
31107,Lamont & Mt Pleasant NW,incoming_trips,Polynomial Regression,test,1.6786628863436615,2.434265548508111,0.5516388531921215,61.82896979234592,50.633314582059064
31107,Lamont & Mt Pleasant NW,incoming_trips,Polynomial Regression,test_forecast_weather,1.7011562695437885,2.461450303176894,0.541568755417265,62.31369404132446,51.31177989921844
31107,Lamont & Mt Pleasant NW,incoming_trips,Random Forest,val,1.4555787404324718,2.127144485259643,0.533884516332206,54.41634497145471,52.65382239381549
31107,Lamont & Mt Pleasant NW,incoming_trips,Random Forest,test,1.660477799106161,2.4687775554614673,0.5388353742217686,52.774185694188915,50.08479989796778
31107,Lamont & Mt Pleasant NW,incoming_trips,Random Forest,test_forecast_weather,1.662421298086992,2.4728581430580414,0.5373096167802376,53.18442745867097,50.14342143305197
31107,Lamont & Mt Pleasant NW,incoming_trips,HistGradientBoosting,val,1.467833008195679,2.331085361104268,0.440221900091495,51.06810696503366,53.09710589366824
31107,Lamont & Mt Pleasant NW,incoming_trips,HistGradientBoosting,test,1.764483973995246,2.804013876986094,0.40508847396462466,51.07955615998087,53.221926127705366
31107,Lamont & Mt Pleasant NW,incoming_trips,HistGradientBoosting,test_forecast_weather,1.7661303183015573,2.804472043077143,0.40489404514314487,51.33065805845695,53.271584620694036
31107,Lamont & Mt Pleasant NW,incoming_trips,Soft Two-Stage,val,1.4871023343753464,2.321103120810865,0.4450058306968435,51.27318684120332,53.79415075295992
31107,Lamont & Mt Pleasant NW,incoming_trips,Soft Two-Stage,test,1.79145730872631,2.826380141675837,0.39555997888009287,51.041715133908546,54.03551970499586
31107,Lamont & Mt Pleasant NW,incoming_trips,Soft Two-Stage,test_forecast_weather,1.7943744477455537,2.8297492723679927,0.3941180984025112,51.43055435598114,54.123509032002836
31107,Lamont & Mt Pleasant NW,incoming_trips,GAM,val,1.5085789141971184,2.209358520466021,0.49715754077949115,57.05282551413083,54.57104037641388
31107,Lamont & Mt Pleasant NW,incoming_trips,GAM,test,1.771082822893101,2.6290501556719077,0.47701430636097386,59.518384349122336,53.42096644416361
31107,Lamont & Mt Pleasant NW,incoming_trips,GAM,test_forecast_weather,1.7776222555109311,2.6341690848096437,0.4749757503686983,59.76379597936054,53.61821459423618
31107,Lamont & Mt Pleasant NW,incoming_trips,XGBoost,val,1.479942921807962,2.263208411688118,0.47234671447304877,50.133451931515204,53.53516755452772
31107,Lamont & Mt Pleasant NW,incoming_trips,XGBoost,test,1.743322623699144,2.69653612738634,0.44982031239292397,48.90732787766681,52.583638765042885
31107,Lamont & Mt Pleasant NW,incoming_trips,XGBoost,test_forecast_weather,1.7503172579640138,2.6974171125484516,0.44946075531929097,49.33467131366063,52.79461710977237
31107,Lamont & Mt Pleasant NW,incoming_trips,LightGBM,val,1.4700468677159009,2.3296441868819313,0.44091384248176624,51.391623730349345,53.17718961758138
31107,Lamont & Mt Pleasant NW,incoming_trips,LightGBM,test,1.771361843287595,2.8209060003709667,0.3978990738942709,51.25782361501492,53.4293825040671
31107,Lamont & Mt Pleasant NW,incoming_trips,LightGBM,test_forecast_weather,1.7718551134839338,2.820827008234301,0.3979327939634407,51.54998461969219,53.44426095597568
31107,Lamont & Mt Pleasant NW,incoming_trips,Poisson,val,1.7846774871313602,2.8731474633865677,0.14961540796841932,63.87882115072283,64.55857648053845
31107,Lamont & Mt Pleasant NW,incoming_trips,Poisson,test,2.4984345035057487,4.573890991474057,-0.5829372016895866,75.39661726937297,75.35999110233428
31107,Lamont & Mt Pleasant NW,incoming_trips,Poisson,test_forecast_weather,2.5481517820205597,4.711700408980237,-0.6797606469926107,76.72249365741675,76.85960762670231
31107,Lamont & Mt Pleasant NW,incoming_trips,Naive (same hour last week),val,1.8760104747808266,2.812987721320621,0.18485433656331884,82.0227376836339,67.86243822075782
31107,Lamont & Mt Pleasant NW,incoming_trips,Naive (same hour last week),test,2.0289987441488755,3.085677648954846,0.2795677007064653,78.72482811760737,61.20045456110748
31107,Lamont & Mt Pleasant NW,incoming_trips,Naive (same hour last week),test_forecast_weather,2.0289987441488755,3.085677648954846,0.2795677007064653,78.72482811760737,61.20045456110748
31108,4th & M St SW,outgoing_trips,Linear Regression,val,1.3388366188897203,1.9768848735746665,0.5709384697356803,54.58207013022657,47.223011219261934
31108,4th & M St SW,outgoing_trips,Linear Regression,test,1.4139677112914377,2.1308265810319083,0.5633427451819621,52.453206807252286,46.38034371868967
31108,4th & M St SW,outgoing_trips,Linear Regression,test_forecast_weather,1.4286439072608752,2.132557715916906,0.5626329552120535,52.47508181454283,46.86174581020112
31108,4th & M St SW,outgoing_trips,Polynomial Regression,val,1.3572699699765856,2.0114798771856144,0.5557901288271757,54.919951874143415,47.87318640337476
31108,4th & M St SW,outgoing_trips,Polynomial Regression,test,1.4578767040206069,2.280081194227608,0.5000286784867876,52.66391081499562,47.82062708503349
31108,4th & M St SW,outgoing_trips,Polynomial Regression,test_forecast_weather,1.4694883518029676,2.295791210053759,0.4931152257682375,53.25209016486663,48.201507221818495
31108,4th & M St SW,outgoing_trips,Random Forest,val,1.3328608952410232,1.9687252032754743,0.5744730967770749,53.40754924873966,47.012237431837704
31108,4th & M St SW,outgoing_trips,Random Forest,test,1.4288893489402037,2.1358098378900108,0.5612979802996343,53.091168054312,46.869796679651145
31108,4th & M St SW,outgoing_trips,Random Forest,test_forecast_weather,1.435162483522024,2.1454849821311774,0.5573143681121457,53.52058801981842,47.0755652667094
31108,4th & M St SW,outgoing_trips,HistGradientBoosting,val,1.3127960275203894,2.014919100088582,0.5542698125266095,52.88403933646904,46.30451592189703
31108,4th & M St SW,outgoing_trips,HistGradientBoosting,test,1.4265378232285415,2.2091707634044813,0.5306432773460157,52.23412322751743,46.79266297291988
31108,4th & M St SW,outgoing_trips,HistGradientBoosting,test_forecast_weather,1.4392450116644808,2.2310262549944238,0.521310577706519,52.61498728726155,47.209478549860265
31108,4th & M St SW,outgoing_trips,Soft Two-Stage,val,1.329809146856513,2.0101948276915276,0.5563575213589879,50.9037316705925,46.90459715208527
31108,4th & M St SW,outgoing_trips,Soft Two-Stage,test,1.4318038114757283,2.201644026682224,0.5338360648561551,49.822976575335986,46.965395591191644
31108,4th & M St SW,outgoing_trips,Soft Two-Stage,test_forecast_weather,1.447387329087534,2.228033608955806,0.5225939218241284,50.08745256281896,47.47655924606865
31108,4th & M St SW,outgoing_trips,GAM,val,1.3456352700265812,1.9569096387874856,0.5795654813650847,54.76371894548488,47.46281103828546
31108,4th & M St SW,outgoing_trips,GAM,test,1.4248056998296206,2.0953390035654103,0.5777661346665204,53.41680376333472,46.73584662699939
31108,4th & M St SW,outgoing_trips,GAM,test_forecast_weather,1.448871203843925,2.1185679344338104,0.5683524720273421,53.3534656548596,47.525232649773216
31108,4th & M St SW,outgoing_trips,XGBoost,val,1.3316725252858972,2.0157085144205085,0.5539204836369744,50.526411367853306,46.970321632006886
31108,4th & M St SW,outgoing_trips,XGBoost,test,1.4441714802717878,2.218932971961977,0.526485987193734,49.23470836276962,47.371074395014
31108,4th & M St SW,outgoing_trips,XGBoost,test_forecast_weather,1.4587913645851158,2.2426812308232753,0.5162961262655705,49.550678833714,47.85062937647841
31108,4th & M St SW,outgoing_trips,LightGBM,val,1.3149903825944238,2.0186588554950564,0.5526136975898069,52.755538988260916,46.381914502738134
31108,4th & M St SW,outgoing_trips,LightGBM,test,1.4282585016197007,2.216008873525549,0.5277331535494021,52.256770314413046,46.849103904755864
31108,4th & M St SW,outgoing_trips,LightGBM,test_forecast_weather,1.4407415475553427,2.2354973590033946,0.519390013300687,52.65894171157862,47.25856725849997
31108,4th & M St SW,outgoing_trips,Poisson,val,1.4561556641555349,2.0681831800411086,0.5303927163185473,52.56816134307113,51.361050553303336
31108,4th & M St SW,outgoing_trips,Poisson,test,1.548342716780858,2.236435159085541,0.5189866930983245,52.32689798812442,50.78805323852576
31108,4th & M St SW,outgoing_trips,Poisson,test_forecast_weather,1.554692060422625,2.2447846403449665,0.5153883695661547,52.32862364996972,50.996321601474634
31108,4th & M St SW,outgoing_trips,Naive (same hour last week),val,1.805077991574633,2.721628930032641,0.18676765053879774,79.55229536201895,63.6681257780812
31108,4th & M St SW,outgoing_trips,Naive (same hour last week),test,1.8833200137001942,2.857221958358974,0.2148865330560531,77.00398800835713,61.77583043103772
31108,4th & M St SW,outgoing_trips,Naive (same hour last week),test_forecast_weather,1.8833200137001942,2.857221958358974,0.2148865330560531,77.00398800835713,61.77583043103772
31108,4th & M St SW,incoming_trips,Linear Regression,val,1.424008938208026,2.148727665400326,0.5827178175369918,55.68994217113211,49.228806204365476
31108,4th & M St SW,incoming_trips,Linear Regression,test,1.4664496334398551,2.2126202673866637,0.5870103208442305,53.5413423180018,47.25418416341583
31108,4th & M St SW,incoming_trips,Linear Regression,test_forecast_weather,1.4845799911444346,2.2164400068699237,0.5855831671021738,54.00332869099257,47.83840829384925
31108,4th & M St SW,incoming_trips,Polynomial Regression,val,1.4577250224020435,2.2003549414564687,0.5624249248642781,55.99159774656557,50.39439058394532
31108,4th & M St SW,incoming_trips,Polynomial Regression,test,1.537508562573063,2.353385936820173,0.5327904256855611,54.59710761083378,49.543953717818624
31108,4th & M St SW,incoming_trips,Polynomial Regression,test_forecast_weather,1.5363197759394542,2.396941364634624,0.5153365754974601,55.40056844431648,49.50564681573717
31108,4th & M St SW,incoming_trips,Random Forest,val,1.442629389482845,2.170848173771279,0.5740820031929408,57.78670214508024,49.872525890844
31108,4th & M St SW,incoming_trips,Random Forest,test,1.5270841847888004,2.308502767463737,0.5504414878199719,56.878769503107364,49.20804346466449
31108,4th & M St SW,incoming_trips,Random Forest,test_forecast_weather,1.5402528840645373,2.3306884682648734,0.5417590665641454,57.70950327646545,49.63238544449003
31108,4th & M St SW,incoming_trips,HistGradientBoosting,val,1.3721005321408328,2.1564351138658324,0.5797188808536036,53.882845297133855,47.43430281741689
31108,4th & M St SW,incoming_trips,HistGradientBoosting,test,1.4345338591606704,2.2455389226797187,0.5746302512959285,52.02685789197334,46.22574524460419
31108,4th & M St SW,incoming_trips,HistGradientBoosting,test_forecast_weather,1.4417329546313413,2.2541928254400045,0.5713453368641821,52.58041066835002,46.45772551547317
31108,4th & M St SW,incoming_trips,Soft Two-Stage,val,1.379912056521238,2.1469023507677822,0.5834264673777021,52.66597350042637,47.70435169812656
31108,4th & M St SW,incoming_trips,Soft Two-Stage,test,1.4505290686085928,2.2518023983077184,0.572253976469743,50.804338258254674,46.741167360542505
31108,4th & M St SW,incoming_trips,Soft Two-Stage,test_forecast_weather,1.4578941034129151,2.2624575654620998,0.5681963481906724,51.29632777712996,46.97849478255362
31108,4th & M St SW,incoming_trips,GAM,val,1.4084649723501141,2.140254815087747,0.5860021786112661,54.67303730433424,48.69144238428345
31108,4th & M St SW,incoming_trips,GAM,test,1.484458653109429,2.2669555986216907,0.5664776880024583,53.37429842980039,47.834498354004445
31108,4th & M St SW,incoming_trips,GAM,test_forecast_weather,1.4990003298757097,2.2829175551780754,0.5603512105464457,53.5376818402706,48.3030825155667
31108,4th & M St SW,incoming_trips,XGBoost,val,1.3934575166386352,2.155855099828358,0.5799449355714914,51.813941643586546,48.17262602785615
31108,4th & M St SW,incoming_trips,XGBoost,test,1.4540966939116446,2.24766627922585,0.5738239043169231,48.923732931405276,46.85612884251378
31108,4th & M St SW,incoming_trips,XGBoost,test_forecast_weather,1.4624517187435213,2.257846948583668,0.5699544829262189,49.645223302625844,47.1253572381521
31108,4th & M St SW,incoming_trips,LightGBM,val,1.3722340978375995,2.1545681048431566,0.5804463119358756,53.98006730642708,47.43892026020482
31108,4th & M St SW,incoming_trips,LightGBM,test,1.4383498365583007,2.2525730424681494,0.57196114759409,52.13574584492314,46.348709507814576
31108,4th & M St SW,incoming_trips,LightGBM,test_forecast_weather,1.444318895761869,2.259342905282312,0.569384433132329,52.74062746620124,46.541053667788276
31108,4th & M St SW,incoming_trips,Poisson,val,1.575744562001943,2.303039355899653,0.5206311504193275,54.395659336076186,54.47439379698915
31108,4th & M St SW,incoming_trips,Poisson,test,1.6264534186728397,2.4264880254073797,0.503314214692348,52.81567348321396,52.41007098136783
31108,4th & M St SW,incoming_trips,Poisson,test_forecast_weather,1.6428706753982012,2.4515400084442374,0.4930053265566816,53.60471526550802,52.93909295052919
31108,4th & M St SW,incoming_trips,Naive (same hour last week),val,1.894910622794034,2.9417085332918878,0.2178926437778842,80.11539787948827,65.50814768165
31108,4th & M St SW,incoming_trips,Naive (same hour last week),test,1.9469117479164288,3.0011034238218017,0.24022088600813207,79.55355169275045,62.73636965639026
31108,4th & M St SW,incoming_trips,Naive (same hour last week),test_forecast_weather,1.9469117479164288,3.0011034238218017,0.24022088600813207,79.55355169275045,62.73636965639026
31114,18th St & Wyoming Ave NW,outgoing_trips,Linear Regression,val,1.6787145437824877,2.407681380404099,0.48792239707553164,60.23405042695621,54.823194162421316
31114,18th St & Wyoming Ave NW,outgoing_trips,Linear Regression,test,1.6720835565513388,2.4125210735452267,0.48396823326694716,62.12903684240633,56.645832031843646
31114,18th St & Wyoming Ave NW,outgoing_trips,Linear Regression,test_forecast_weather,1.686530227192336,2.416789330122898,0.4821406808373071,62.73438451059158,57.135247572916924
31114,18th St & Wyoming Ave NW,outgoing_trips,Polynomial Regression,val,1.650286326922949,2.4303194872771474,0.4782475568723924,60.80173566486889,53.89478995078553
31114,18th St & Wyoming Ave NW,outgoing_trips,Polynomial Regression,test,1.6744944796315757,2.4845445042063465,0.4526970776984566,66.75542236859458,56.7275078208972
31114,18th St & Wyoming Ave NW,outgoing_trips,Polynomial Regression,test_forecast_weather,1.6906085347352706,2.4749917757535886,0.4568975943471938,66.38850802030699,57.273410000952374
31114,18th St & Wyoming Ave NW,outgoing_trips,Random Forest,val,1.8839321170456744,2.873821886963399,0.2704459899973838,72.10677905897145,61.525157224704984
31114,18th St & Wyoming Ave NW,outgoing_trips,Random Forest,test,2.0742623809041763,3.2197197282232466,0.0808839637124994,85.68153317002981,70.27060218271004
31114,18th St & Wyoming Ave NW,outgoing_trips,Random Forest,test_forecast_weather,2.0963782968962263,3.2567178814225692,0.05963927173608774,87.38117001136601,71.01983176373639
31114,18th St & Wyoming Ave NW,outgoing_trips,HistGradientBoosting,val,1.5906816853978232,2.4687939361251523,0.46159704250232014,54.03055032482618,51.94823099148167
31114,18th St & Wyoming Ave NW,outgoing_trips,HistGradientBoosting,test,1.566423383229926,2.4640423313346504,0.4616923702590793,55.67279706576356,53.06634079950076
31114,18th St & Wyoming Ave NW,outgoing_trips,HistGradientBoosting,test_forecast_weather,1.5804324057298627,2.4769950287945877,0.45601806670004785,56.65553673490121,53.54092996243616
31114,18th St & Wyoming Ave NW,outgoing_trips,Soft Two-Stage,val,1.60069174080121,2.441244273215912,0.47354624480529284,54.22621688275182,52.27513779823391
31114,18th St & Wyoming Ave NW,outgoing_trips,Soft Two-Stage,test,1.5705605290113123,2.4266219193189427,0.47791833844944276,55.7844642543423,53.20649651367273
31114,18th St & Wyoming Ave NW,outgoing_trips,Soft Two-Stage,test_forecast_weather,1.5859340728468518,2.4452598823431972,0.469867717200774,56.52690862830864,53.72731210236154
31114,18th St & Wyoming Ave NW,outgoing_trips,GAM,val,2.5229579926772634,3.698680054820976,-0.2084572278080341,99.56133418861161,82.3943632396981
31114,18th St & Wyoming Ave NW,outgoing_trips,GAM,test,3.7370821702662678,5.4684272630285315,-1.6513013067051219,163.57103863264015,126.60260193139523
31114,18th St & Wyoming Ave NW,outgoing_trips,GAM,test_forecast_weather,3.744653704484427,5.47590285911223,-1.6585551675263397,163.473312309413,126.85910577288375
31114,18th St & Wyoming Ave NW,outgoing_trips,XGBoost,val,1.6136769909762756,2.462316968448567,0.4644183748796403,52.89499376698499,52.699208045454846
31114,18th St & Wyoming Ave NW,outgoing_trips,XGBoost,test,1.588777453931548,2.454673780729958,0.46577799402200126,54.830850466587066,53.82363844125481
31114,18th St & Wyoming Ave NW,outgoing_trips,XGBoost,test_forecast_weather,1.6069795381875998,2.4694755344763277,0.45931582081281175,56.06712715190759,54.44027760582164
31114,18th St & Wyoming Ave NW,outgoing_trips,LightGBM,val,1.6038273070450852,2.484492687472074,0.4547279981136729,52.971795846954784,52.37753862488653
31114,18th St & Wyoming Ave NW,outgoing_trips,LightGBM,test,1.5683800828427228,2.470838719546566,0.4587187255817259,54.485576830482294,53.13262868156801
31114,18th St & Wyoming Ave NW,outgoing_trips,LightGBM,test_forecast_weather,1.5828396457030884,2.4837578375150944,0.45304360143172884,55.49715421761698,53.622480977425454
31114,18th St & Wyoming Ave NW,outgoing_trips,Poisson,val,1.8271916392620435,2.598939051593693,0.4033358525908832,62.25783424421768,59.67213567204034
31114,18th St & Wyoming Ave NW,outgoing_trips,Poisson,test,1.794240744157764,2.59633616030787,0.4023374407185062,63.58675589368098,60.78419910298919
31114,18th St & Wyoming Ave NW,outgoing_trips,Poisson,test_forecast_weather,1.8043781456718782,2.6047949808370587,0.39843674726867606,64.35045286350362,61.12762783964409
31114,18th St & Wyoming Ave NW,outgoing_trips,Naive (same hour last week),val,2.173858590458841,3.2964120931927727,0.04011158473152965,88.32549402764893,70.993530155425
31114,18th St & Wyoming Ave NW,outgoing_trips,Naive (same hour last week),test,2.1397419796780452,3.249667358072329,0.0637064699251495,89.74357316726433,72.488880293947
31114,18th St & Wyoming Ave NW,outgoing_trips,Naive (same hour last week),test_forecast_weather,2.1397419796780452,3.249667358072329,0.0637064699251495,89.74357316726433,72.488880293947
31114,18th St & Wyoming Ave NW,incoming_trips,Linear Regression,val,1.4749293194364328,2.2004543415618545,0.5911196250340285,56.52656314071319,53.444053849623295
31114,18th St & Wyoming Ave NW,incoming_trips,Linear Regression,test,1.4305354528326606,2.1595751968626016,0.5959698337153552,55.80414322037307,53.45588750580749
31114,18th St & Wyoming Ave NW,incoming_trips,Linear Regression,test_forecast_weather,1.4432344132511714,2.1603627687863094,0.5956750897877628,56.19882943625949,53.93041905148041
31114,18th St & Wyoming Ave NW,incoming_trips,Polynomial Regression,val,1.4833937017545844,2.238200445637386,0.5769716252168726,57.589315873849664,53.750760685302666
31114,18th St & Wyoming Ave NW,incoming_trips,Polynomial Regression,test,1.4795460046956277,2.1884213818136273,0.5851042088270049,59.85903605802334,55.28730142973124
31114,18th St & Wyoming Ave NW,incoming_trips,Polynomial Regression,test_forecast_weather,1.5194632688630723,2.249678037440616,0.5615522279726661,60.70841932307188,56.77891967564697
31114,18th St & Wyoming Ave NW,incoming_trips,Random Forest,val,1.6014311600672402,2.4888640090585974,0.47691305876678625,66.65003305897021,58.02784718375581
31114,18th St & Wyoming Ave NW,incoming_trips,Random Forest,test,1.712424356762587,2.7086658568480444,0.3643939866168727,75.47526943273827,63.989440874076365
31114,18th St & Wyoming Ave NW,incoming_trips,Random Forest,test_forecast_weather,1.7258846760718496,2.7286270259567793,0.354991432718761,76.25750426136932,64.49242268649033
31114,18th St & Wyoming Ave NW,incoming_trips,HistGradientBoosting,val,1.4018852254731657,2.257300769189375,0.5697207507468771,52.1261986511514,50.797301602090904
31114,18th St & Wyoming Ave NW,incoming_trips,HistGradientBoosting,test,1.3548523873694662,2.207325780408635,0.5779052000902407,51.11299942736104,50.62778183007318
31114,18th St & Wyoming Ave NW,incoming_trips,HistGradientBoosting,test_forecast_weather,1.3675401834998258,2.2215758558758285,0.5724376807270564,52.01104196449737,51.10189619144614
31114,18th St & Wyoming Ave NW,incoming_trips,Soft Two-Stage,val,1.4297852516351943,2.274551267929917,0.5631191550875252,51.24187048400833,51.80825886015064
31114,18th St & Wyoming Ave NW,incoming_trips,Soft Two-Stage,test,1.390812701005209,2.234494761143529,0.5674505022717196,50.73633879650372,51.97153774788662
31114,18th St & Wyoming Ave NW,incoming_trips,Soft Two-Stage,test_forecast_weather,1.4052074292248617,2.2581436280580953,0.5582462411370217,51.392055865285215,52.50943631646998
31114,18th St & Wyoming Ave NW,incoming_trips,GAM,val,2.1214768107808903,3.110374214332538,0.18304745733709216,89.41471627098973,76.87169779730418
31114,18th St & Wyoming Ave NW,incoming_trips,GAM,test,3.0523126296238874,4.421337289533792,-0.6934969728912679,140.63377807953376,114.05804745254109
31114,18th St & Wyoming Ave NW,incoming_trips,GAM,test_forecast_weather,3.063954472030259,4.4318991775410055,-0.7015976393914223,140.6963847107066,114.49307687932185
31114,18th St & Wyoming Ave NW,incoming_trips,XGBoost,val,1.434219985915997,2.2486083046927448,0.5730282282000243,51.44929472567017,51.96895142662734
31114,18th St & Wyoming Ave NW,incoming_trips,XGBoost,test,1.3886816183194735,2.202221062489979,0.5798552370349557,50.28644344768654,51.891903988311725
31114,18th St & Wyoming Ave NW,incoming_trips,XGBoost,test_forecast_weather,1.4126889305754171,2.237214625616119,0.5663968484031692,51.176281810528664,52.7890031694116
31114,18th St & Wyoming Ave NW,incoming_trips,LightGBM,val,1.4039285242615802,2.2617852590639558,0.5680094150881017,52.10807355342724,50.87134051977994
31114,18th St & Wyoming Ave NW,incoming_trips,LightGBM,test,1.3554189229310474,2.21152934353497,0.5762960206790184,51.03827194564061,50.64895198785428
31114,18th St & Wyoming Ave NW,incoming_trips,LightGBM,test_forecast_weather,1.366703008553512,2.2278220561684865,0.5700300255728683,51.69749095782509,51.07061284948895
31114,18th St & Wyoming Ave NW,incoming_trips,Poisson,val,1.594897198158463,2.411248254899582,0.5090295028797465,56.887974553124984,57.79108911846933
31114,18th St & Wyoming Ave NW,incoming_trips,Poisson,test,1.54859449966023,2.3658051848797745,0.515119086713413,55.554785527224674,57.86748815069947
31114,18th St & Wyoming Ave NW,incoming_trips,Poisson,test_forecast_weather,1.5573575839157245,2.39517842811998,0.5030040225419832,56.06657132891632,58.19494486995662
31114,18th St & Wyoming Ave NW,incoming_trips,Naive (same hour last week),val,1.9118752134805874,2.9836550448815826,0.24825808733172883,84.90591447604227,69.27678534593011
31114,18th St & Wyoming Ave NW,incoming_trips,Naive (same hour last week),test,1.8059139171138259,2.8801060476980678,0.28138862287679944,80.8676598045572,67.48293515358363
31114,18th St & Wyoming Ave NW,incoming_trips,Naive (same hour last week),test_forecast_weather,1.8059139171138259,2.8801060476980678,0.28138862287679944,80.8676598045572,67.48293515358363
31116,California St & Florida Ave NW,outgoing_trips,Linear Regression,val,1.4034178713574303,2.062232368412707,0.5397030471959977,55.750465485637655,54.439621783112415
31116,California St & Florida Ave NW,outgoing_trips,Linear Regression,test,1.4726775082362784,2.133298623414869,0.4817237915941345,57.50828023050572,55.619102684725604
31116,California St & Florida Ave NW,outgoing_trips,Linear Regression,test_forecast_weather,1.4835153185818868,2.137175601865091,0.4798382875914099,57.900489691618354,56.02841788314395
31116,California St & Florida Ave NW,outgoing_trips,Polynomial Regression,val,1.3993062072931248,2.0935207386382544,0.5256297589920185,56.135161009721635,54.28012727963747
31116,California St & Florida Ave NW,outgoing_trips,Polynomial Regression,test,1.5032676091073638,2.1903120418250976,0.4536512568930666,59.061479288206876,56.77440922805881
31116,California St & Florida Ave NW,outgoing_trips,Polynomial Regression,test_forecast_weather,1.5143774462184891,2.2026715923422855,0.447467958161219,59.197501123693804,57.19399815206858
31116,California St & Florida Ave NW,outgoing_trips,Random Forest,val,1.3695308630371539,2.0255844364363607,0.5559175560738496,56.200481114883296,53.12511955682061
31116,California St & Florida Ave NW,outgoing_trips,Random Forest,test,1.4434186759701348,2.1111329171692907,0.4924379749215526,59.1346415487959,54.51407460685759
31116,California St & Florida Ave NW,outgoing_trips,Random Forest,test_forecast_weather,1.4509650742143838,2.1176770177615327,0.48928641115173555,59.64460012634877,54.79908194654962
31116,California St & Florida Ave NW,outgoing_trips,HistGradientBoosting,val,1.3248543723549189,2.081739386476787,0.530953802271573,51.06118423865652,51.39208529455549
31116,California St & Florida Ave NW,outgoing_trips,HistGradientBoosting,test,1.402506159668637,2.1648940527548524,0.46625814407994237,53.71175153815966,52.968917956785056
31116,California St & Florida Ave NW,outgoing_trips,HistGradientBoosting,test_forecast_weather,1.4112980269107172,2.1745406315265736,0.46149093238786454,54.12598745331502,53.30096333956092
31116,California St & Florida Ave NW,outgoing_trips,Soft Two-Stage,val,1.3317824103725868,2.047005722589021,0.5464752265702879,50.92872252707944,51.66082903587329
31116,California St & Florida Ave NW,outgoing_trips,Soft Two-Stage,test,1.410630551199858,2.1397898108564735,0.4785649780046295,53.46399065128449,53.27575456174352
31116,California St & Florida Ave NW,outgoing_trips,Soft Two-Stage,test_forecast_weather,1.422292505587737,2.1563980665190163,0.4704391943806453,53.69435439938789,53.716195483110496
31116,California St & Florida Ave NW,outgoing_trips,GAM,val,1.4757901423282445,2.1058560156556063,0.520023196743781,60.87639556835111,57.24699593705932
31116,California St & Florida Ave NW,outgoing_trips,GAM,test,1.6186977573268575,2.230863970293647,0.4332335350106111,67.07402655968582,61.13389813912532
31116,California St & Florida Ave NW,outgoing_trips,GAM,test_forecast_weather,1.6306131418408913,2.2441105717599625,0.4264827697618008,67.21719908306143,61.583910440601784
31116,California St & Florida Ave NW,outgoing_trips,XGBoost,val,1.349456714572623,2.0775667769579376,0.5328322172195338,49.34190113132445,52.34642842545424
31116,California St & Florida Ave NW,outgoing_trips,XGBoost,test,1.4415351079133465,2.1809750123231084,0.4582993629022474,51.61528941973611,54.44293726376769
31116,California St & Florida Ave NW,outgoing_trips,XGBoost,test_forecast_weather,1.4547700812675184,2.1952553198626505,0.45118238366072805,51.97063205755016,54.942786917136054
31116,California St & Florida Ave NW,outgoing_trips,LightGBM,val,1.3206047342010596,2.070377545021984,0.5360598068726607,51.15791509588596,51.22723867365032
31116,California St & Florida Ave NW,outgoing_trips,LightGBM,test,1.4011019746317117,2.15561947651892,0.4708215322426126,53.86454730380839,52.915885632110914
31116,California St & Florida Ave NW,outgoing_trips,LightGBM,test_forecast_weather,1.4099246239798577,2.165871334297503,0.4657761493160514,54.23111481097641,53.24909357295435
31116,California St & Florida Ave NW,outgoing_trips,Poisson,val,1.5333254710285111,2.2347262467916202,0.45948025763979694,56.10722511325024,59.47883407845338
31116,California St & Florida Ave NW,outgoing_trips,Poisson,test,1.5743780737745043,2.2531784628571785,0.4218385254015673,56.707668153841674,59.46006186698381
31116,California St & Florida Ave NW,outgoing_trips,Poisson,test_forecast_weather,1.5825202484549747,2.2591610803797004,0.41876419190347713,57.21727292366761,59.767570094071765
31116,California St & Florida Ave NW,outgoing_trips,Naive (same hour last week),val,1.8240919959011728,2.8026881583807417,0.14981691783199336,84.25653121235631,70.75788357918911
31116,California St & Florida Ave NW,outgoing_trips,Naive (same hour last week),test,1.9245347642424935,2.8798483741847116,0.05551033154192031,85.43306827973947,72.68454639530873
31116,California St & Florida Ave NW,outgoing_trips,Naive (same hour last week),test_forecast_weather,1.9245347642424935,2.8798483741847116,0.05551033154192031,85.43306827973947,72.68454639530873
31116,California St & Florida Ave NW,incoming_trips,Linear Regression,val,1.314732896455545,1.941663902299625,0.6212954969084516,51.228143330635724,51.212076590247705
31116,California St & Florida Ave NW,incoming_trips,Linear Regression,test,1.3229128715304568,1.9589875526893252,0.5936295255931088,53.39999790535007,52.74669447257497
31116,California St & Florida Ave NW,incoming_trips,Linear Regression,test_forecast_weather,1.335108464797529,1.963617573112216,0.5917063617244607,53.78262256775939,53.232952672803876
31116,California St & Florida Ave NW,incoming_trips,Polynomial Regression,val,1.3088888773924192,1.9498803127585034,0.6180836380544041,52.475724496417875,50.98443768909712
31116,California St & Florida Ave NW,incoming_trips,Polynomial Regression,test,1.3776685814095349,2.0262458871789804,0.5652465013956558,58.37440843525591,54.929893957420404
31116,California St & Florida Ave NW,incoming_trips,Polynomial Regression,test_forecast_weather,1.3882778188711347,2.0412174625529373,0.5587981314912117,58.7320437010121,55.35290156360283
31116,California St & Florida Ave NW,incoming_trips,Random Forest,val,1.2724494444088033,1.8823295958029136,0.644087126164288,51.31582364568197,49.565032243403046
31116,California St & Florida Ave NW,incoming_trips,Random Forest,test,1.309352529615236,1.9277582862742384,0.6064825910078422,56.03178053870139,52.20602151720617
31116,California St & Florida Ave NW,incoming_trips,Random Forest,test_forecast_weather,1.3169123075812093,1.9394547713396373,0.6016928474385579,56.54977066241593,52.507442198214726
31116,California St & Florida Ave NW,incoming_trips,HistGradientBoosting,val,1.251817567625255,1.9564250826124998,0.6155155321542622,46.748549240826684,48.76136995056154
31116,California St & Florida Ave NW,incoming_trips,HistGradientBoosting,test,1.2595424562004964,1.965599251471264,0.5908818478756439,49.34535664871828,50.22001262682151
31116,California St & Florida Ave NW,incoming_trips,HistGradientBoosting,test_forecast_weather,1.2643414881511674,1.97038787011905,0.5888860217003378,49.76613155324794,50.41135786014237
31116,California St & Florida Ave NW,incoming_trips,Soft Two-Stage,val,1.2765544310337196,1.951831596182049,0.6173188732193235,49.138146950539465,49.7249315583163
31116,California St & Florida Ave NW,incoming_trips,Soft Two-Stage,test,1.2877220201470538,1.973153163694734,0.5877312758725375,51.701157537734076,51.34357781531338
31116,California St & Florida Ave NW,incoming_trips,Soft Two-Stage,test_forecast_weather,1.2942318243874185,1.982390401311914,0.5838622014776125,52.107117608970164,51.60313433088765
31116,California St & Florida Ave NW,incoming_trips,GAM,val,1.3563973337738235,1.9549985321109995,0.6160760305322297,54.97646992496127,52.835008792511495
31116,California St & Florida Ave NW,incoming_trips,GAM,test,1.495276248681863,2.092247800703935,0.5364623305046943,64.69818267297846,59.61910352423725
31116,California St & Florida Ave NW,incoming_trips,GAM,test_forecast_weather,1.502696325274455,2.1045372709919863,0.5310008714091472,64.77809934870007,59.91495408357134
31116,California St & Florida Ave NW,incoming_trips,XGBoost,val,1.2667358828288826,1.9404322793443423,0.6217757790316201,46.236621460588864,49.34247498175481
31116,California St & Florida Ave NW,incoming_trips,XGBoost,test,1.283644668875444,1.9711293615395509,0.5885765447184498,48.69704471009191,51.1810071680627
31116,California St & Florida Ave NW,incoming_trips,XGBoost,test_forecast_weather,1.2899095613320943,1.9753676242520264,0.5868053820831091,48.91656109845281,51.43079865125553
31116,California St & Florida Ave NW,incoming_trips,LightGBM,val,1.24533406835186,1.9429299853915223,0.6208014590990398,46.84512376155616,48.50882172403044
31116,California St & Florida Ave NW,incoming_trips,LightGBM,test,1.2562057129160986,1.9566063855026767,0.5946168192109267,49.485999524304056,50.08697122829619
31116,California St & Florida Ave NW,incoming_trips,LightGBM,test_forecast_weather,1.2620255454702896,1.9628606647897182,0.5920210679021336,49.836882089142364,50.31901744707877
31116,California St & Florida Ave NW,incoming_trips,Poisson,val,1.4143204340105409,2.076062432804782,0.567054554337854,49.99685516270392,55.09125586266889
31116,California St & Florida Ave NW,incoming_trips,Poisson,test,1.4316696243251565,2.0952907171307826,0.5351130332634209,52.19518254380448,57.0830036392209
31116,California St & Florida Ave NW,incoming_trips,Poisson,test_forecast_weather,1.4426023830668766,2.119096837671254,0.5244891841973647,52.86826413323605,57.518910566655
31116,California St & Florida Ave NW,incoming_trips,Naive (same hour last week),val,1.6878059888420813,2.634819699550689,0.3026446138760692,76.04562512959085,65.74419017207734
31116,California St & Florida Ave NW,incoming_trips,Naive (same hour last week),test,1.7167484872702363,2.665698438983495,0.2475444874038103,80.07264015534547,68.44956300072833
31116,California St & Florida Ave NW,incoming_trips,Naive (same hour last week),test_forecast_weather,1.7167484872702363,2.665698438983495,0.2475444874038103,80.07264015534547,68.44956300072833
31119,14th & Belmont St NW,outgoing_trips,Linear Regression,val,1.4919152815543866,2.104513193415334,0.48203710074054584,53.58568516244975,51.627169606761655
31119,14th & Belmont St NW,outgoing_trips,Linear Regression,test,1.7842090594691942,2.544984831267583,0.52046634433014,54.70447223892266,48.78835899066768
31119,14th & Belmont St NW,outgoing_trips,Linear Regression,test_forecast_weather,1.785014216632441,2.5386465333504633,0.522851932078296,54.884556736923564,48.81037563525084
31119,14th & Belmont St NW,outgoing_trips,Polynomial Regression,val,1.5259340962520997,2.2263601650005445,0.42032283422085237,58.50337615860974,52.80437794957721
31119,14th & Belmont St NW,outgoing_trips,Polynomial Regression,test,1.9868347774428887,2.8758508125220934,0.38767582993748984,65.10011873518422,54.329064109709854
31119,14th & Belmont St NW,outgoing_trips,Polynomial Regression,test_forecast_weather,1.988269388599048,2.890236080714934,0.38153470627577557,64.1462866611451,54.36829287818138
31119,14th & Belmont St NW,outgoing_trips,Random Forest,val,1.4853461968753372,2.11134031849542,0.47867106502803647,56.21855390133602,51.39984889151762
31119,14th & Belmont St NW,outgoing_trips,Random Forest,test,1.8206278895893484,2.674619578898134,0.4703698065075932,56.20051885035612,49.784214800552895
31119,14th & Belmont St NW,outgoing_trips,Random Forest,test_forecast_weather,1.8188892690239717,2.6714948655675044,0.47160659982064534,56.41046276796734,49.736673037528
31119,14th & Belmont St NW,outgoing_trips,HistGradientBoosting,val,1.4894109980873156,2.226905435090316,0.4200388556160316,51.69952301419699,51.54050981521963
31119,14th & Belmont St NW,outgoing_trips,HistGradientBoosting,test,1.9234719853092184,2.9356622801316377,0.3619409363793159,52.500034797014926,52.596438309576186
31119,14th & Belmont St NW,outgoing_trips,HistGradientBoosting,test_forecast_weather,1.925261209059385,2.9377109374768593,0.3610500842538771,52.67929147591892,52.64536379292942
31119,14th & Belmont St NW,outgoing_trips,Soft Two-Stage,val,1.5013804914156195,2.2268406628867696,0.42007259285011833,50.63134288207962,51.95470964935735
31119,14th & Belmont St NW,outgoing_trips,Soft Two-Stage,test,1.9571690985736716,2.9545885579891817,0.353687255025418,51.88788033939268,53.51787004997125
31119,14th & Belmont St NW,outgoing_trips,Soft Two-Stage,test_forecast_weather,1.9582236003119151,2.9561488108705176,0.35300446785376716,52.05413207619534,53.546704904882816
31119,14th & Belmont St NW,outgoing_trips,GAM,val,1.7442817004894062,2.553332807314144,0.23755205440499227,60.518474891909,60.360215024618626
31119,14th & Belmont St NW,outgoing_trips,GAM,test,2.687148859336722,4.016160856609874,-0.1941830285525865,72.24137286104437,73.47882386029704
31119,14th & Belmont St NW,outgoing_trips,GAM,test_forecast_weather,2.685461955013432,4.013805535348722,-0.1927827559975408,72.1945245405793,73.43269625362964
31119,14th & Belmont St NW,outgoing_trips,XGBoost,val,1.517519791367987,2.240062287586543,0.4131656368401301,49.42199531106618,52.5132040801585
31119,14th & Belmont St NW,outgoing_trips,XGBoost,test,1.9409685336979134,2.926022414165056,0.3661244592341574,50.26751698876426,53.07487321010247
31119,14th & Belmont St NW,outgoing_trips,XGBoost,test_forecast_weather,1.9347058491729703,2.912196191498117,0.37210076206939446,50.46539786032332,52.903623042289105
31119,14th & Belmont St NW,outgoing_trips,LightGBM,val,1.4835250897999488,2.224253096278381,0.4214195495295596,50.491304230587176,51.33683016316516
31119,14th & Belmont St NW,outgoing_trips,LightGBM,test,1.9195361198522112,2.9293795781624827,0.36466907398118864,51.33182872778323,52.48881391666308
31119,14th & Belmont St NW,outgoing_trips,LightGBM,test_forecast_weather,1.923039263442664,2.93317987956912,0.36301956760153553,51.51888563720737,52.58460573331136
31119,14th & Belmont St NW,outgoing_trips,Poisson,val,1.7274242745831334,2.5837686465438887,0.2192668941118633,62.239399118591265,59.776870114115525
31119,14th & Belmont St NW,outgoing_trips,Poisson,test,2.7663341994761725,5.320743540585787,-1.0960099972564659,81.71036306244552,75.64410980648037
31119,14th & Belmont St NW,outgoing_trips,Poisson,test_forecast_weather,2.780742487739883,5.35599748071047,-1.1238773084793943,82.25418391544291,76.0380976839212
31119,14th & Belmont St NW,outgoing_trips,Naive (same hour last week),val,1.919731299100535,2.813837572686197,0.07403750497790496,79.71525134126361,66.43158267995744
31119,14th & Belmont St NW,outgoing_trips,Naive (same hour last week),test,2.255051946569243,3.30954329708121,0.18906726674077612,79.52402949038209,61.663336663336665
31119,14th & Belmont St NW,outgoing_trips,Naive (same hour last week),test_forecast_weather,2.255051946569243,3.30954329708121,0.18906726674077612,79.52402949038209,61.663336663336665
31119,14th & Belmont St NW,incoming_trips,Linear Regression,val,1.4559634332121763,2.105187766136954,0.5643542163114823,51.57912067979,51.354270245783475
31119,14th & Belmont St NW,incoming_trips,Linear Regression,test,1.6535587653307464,2.3928093056551045,0.5801825001953265,52.6727732737227,48.662840525256215
31119,14th & Belmont St NW,incoming_trips,Linear Regression,test_forecast_weather,1.6571089975336606,2.3850938568178237,0.5828854806101686,52.87343215197509,48.76732086616716
31119,14th & Belmont St NW,incoming_trips,Polynomial Regression,val,1.4715452480375653,2.129695362571664,0.5541520126291208,55.161920001529076,51.90386696724604
31119,14th & Belmont St NW,incoming_trips,Polynomial Regression,test,1.7892318733651273,2.762961753731848,0.44024999468911374,59.26871116797098,52.65558572323069
31119,14th & Belmont St NW,incoming_trips,Polynomial Regression,test_forecast_weather,1.8151078466143056,2.8489384625628213,0.40487184487860184,59.37002902335035,53.41709380269026
31119,14th & Belmont St NW,incoming_trips,Random Forest,val,1.4646490227351248,2.105509821964763,0.564220914192199,51.547757220523906,51.66062554388419
31119,14th & Belmont St NW,incoming_trips,Random Forest,test,1.7491796144317717,2.5331306932767816,0.5295000796541214,51.24743433692457,51.47688150659506
31119,14th & Belmont St NW,incoming_trips,Random Forest,test_forecast_weather,1.7524324984156123,2.5315809840451275,0.5300755849269483,51.613796231664026,51.572611140081136
31119,14th & Belmont St NW,incoming_trips,HistGradientBoosting,val,1.4623937010230263,2.248763765775969,0.5029048683480986,49.73727850899103,51.58107656754846
31119,14th & Belmont St NW,incoming_trips,HistGradientBoosting,test,1.7665538161482728,2.739439494673426,0.44974020082048205,50.813219701745496,51.988189616781646
31119,14th & Belmont St NW,incoming_trips,HistGradientBoosting,test_forecast_weather,1.764860812833953,2.7369660845854367,0.4507333994048809,50.91372729016427,51.93836595643111
31119,14th & Belmont St NW,incoming_trips,Soft Two-Stage,val,1.4905864638867228,2.253039640100273,0.5010126846458356,49.935204392760504,52.575482560206765
31119,14th & Belmont St NW,incoming_trips,Soft Two-Stage,test,1.8121905806299945,2.7869265156008978,0.43049781448450974,50.151859885392824,53.33124112400672
31119,14th & Belmont St NW,incoming_trips,Soft Two-Stage,test_forecast_weather,1.8162680338198878,2.792143360974338,0.42836371763212333,50.343923020812845,53.45123713412087
31119,14th & Belmont St NW,incoming_trips,GAM,val,1.768868360660479,2.658118639444798,0.30545472401014195,62.5802443140054,62.39095141432467
31119,14th & Belmont St NW,incoming_trips,GAM,test,2.573962715847748,3.8901749944937367,-0.10964135952352216,75.56663286854925,75.7495528949045
31119,14th & Belmont St NW,incoming_trips,GAM,test_forecast_weather,2.5715005492922987,3.883449239158423,-0.10580774035142015,75.52786194737887,75.67709340876674
31119,14th & Belmont St NW,incoming_trips,XGBoost,val,1.5029206163559872,2.2583542086374755,0.4986558419600754,47.24106939697714,53.0105287878183
31119,14th & Belmont St NW,incoming_trips,XGBoost,test,1.8654150788232142,2.812637066309622,0.41994155834830527,47.97360514101062,54.89759323795496
31119,14th & Belmont St NW,incoming_trips,XGBoost,test_forecast_weather,1.8702734377223762,2.826768628380313,0.4140981280392082,48.265541147505644,55.04057064479486
31119,14th & Belmont St NW,incoming_trips,LightGBM,val,1.4601792400583153,2.249269592623292,0.5026812144930863,49.33539898996585,51.50296881824901
31119,14th & Belmont St NW,incoming_trips,LightGBM,test,1.7737568080864314,2.7573872494733327,0.44250640017367693,50.6061694330023,52.20016759745003
31119,14th & Belmont St NW,incoming_trips,LightGBM,test_forecast_weather,1.771090339753046,2.7537616869204684,0.44397148209805404,50.63702026719324,52.121695682212575
31119,14th & Belmont St NW,incoming_trips,Poisson,val,1.6921159457197412,2.7247623317945155,0.27019120350705117,57.35234337680383,59.68376511488087
31119,14th & Belmont St NW,incoming_trips,Poisson,test,2.5434125527623195,5.340091337937405,-1.0909407692059694,75.14012313829367,74.85048734887329
31119,14th & Belmont St NW,incoming_trips,Poisson,test_forecast_weather,2.5884671253206193,5.468159389129071,-1.192434816573996,76.33516660744026,76.17640543857577
31119,14th & Belmont St NW,incoming_trips,Naive (same hour last week),val,1.8539223499943072,2.7943885802242936,0.232416844397364,80.07172535978296,65.39094815469258
31119,14th & Belmont St NW,incoming_trips,Naive (same hour last week),test,2.0989839022719488,3.1449911428701336,0.274757555142765,79.16775861306435,61.7713268151732
31119,14th & Belmont St NW,incoming_trips,Naive (same hour last week),test_forecast_weather,2.0989839022719488,3.1449911428701336,0.274757555142765,79.16775861306435,61.7713268151732
31124,14th & Irving St NW,outgoing_trips,Linear Regression,val,1.7814214282589045,2.659114656662309,0.5487090155208298,57.9020787871946,46.62303526445352
31124,14th & Irving St NW,outgoing_trips,Linear Regression,test,1.9163162996837493,2.8219097194145433,0.5612805854774465,56.45685280611675,45.147706893673565
31124,14th & Irving St NW,outgoing_trips,Linear Regression,test_forecast_weather,1.9238529207834378,2.815991174825876,0.5631189557302728,56.6558222943232,45.32526691361055
31124,14th & Irving St NW,outgoing_trips,Polynomial Regression,val,1.9253066662268143,2.8205466588379897,0.49225096476328456,63.93648022059656,50.388773352811796
31124,14th & Irving St NW,outgoing_trips,Polynomial Regression,test,2.136476369441319,3.100587187425742,0.4703505582023113,65.82924497991715,50.3345971271626
31124,14th & Irving St NW,outgoing_trips,Polynomial Regression,test_forecast_weather,2.135797269542537,3.0767674192460337,0.47845719443968937,65.66514077853483,50.31859778342859
31124,14th & Irving St NW,outgoing_trips,Random Forest,val,1.8071927725632644,2.6422406981008955,0.5544183623299512,62.89514821707034,47.297518166283716
31124,14th & Irving St NW,outgoing_trips,Random Forest,test,1.9863503480136542,2.8858807115027365,0.5411641176122574,65.00582544468512,46.79768330262951
31124,14th & Irving St NW,outgoing_trips,Random Forest,test_forecast_weather,1.9968516287606082,2.895764343999396,0.5380158717767443,65.8814633241567,47.04508961298124
31124,14th & Irving St NW,outgoing_trips,HistGradientBoosting,val,1.7202985644845425,2.6374806317689603,0.5560223703494014,55.94629966608371,45.02333887144354
31124,14th & Irving St NW,outgoing_trips,HistGradientBoosting,test,1.8674450894720138,2.830275027453322,0.5586756383714365,55.97104604735927,43.9963191637134
31124,14th & Irving St NW,outgoing_trips,HistGradientBoosting,test_forecast_weather,1.8723355130382224,2.831687471329564,0.5582350441353165,56.88969172348519,44.11153574345524
31124,14th & Irving St NW,outgoing_trips,Soft Two-Stage,val,1.7426846128135556,2.652843876363337,0.5508349936448496,54.7769262840576,45.609222427192286
31124,14th & Irving St NW,outgoing_trips,Soft Two-Stage,test,1.891218177576261,2.8482371555132264,0.5530561992191327,54.50315494785766,44.55640437191476
31124,14th & Irving St NW,outgoing_trips,Soft Two-Stage,test_forecast_weather,1.8971673014199788,2.8514892870988384,0.5520349711469056,55.17155377504284,44.69656354063585
31124,14th & Irving St NW,outgoing_trips,GAM,val,1.9169595592542559,2.9282835831487035,0.4527209854013138,58.810520962626846,50.1703143983138
31124,14th & Irving St NW,outgoing_trips,GAM,test,2.179312666174792,3.270708333728322,0.4106351132456171,59.804824955722246,51.343804516178935
31124,14th & Irving St NW,outgoing_trips,GAM,test_forecast_weather,2.1841823585426896,3.279575983097636,0.40743497097493964,59.62394980181352,51.45853267651681
31124,14th & Irving St NW,outgoing_trips,XGBoost,val,1.795999087741049,2.710959300715591,0.5309398638626535,53.628567558750895,47.004559097796815
31124,14th & Irving St NW,outgoing_trips,XGBoost,test,1.9554462628612017,2.9042594284827605,0.5353013201940373,53.43602440684797,46.06959442789086
31124,14th & Irving St NW,outgoing_trips,XGBoost,test_forecast_weather,1.9643565769978668,2.9139080297987467,0.532208524719042,54.07964966097164,46.279518150315546
31124,14th & Irving St NW,outgoing_trips,LightGBM,val,1.7195617145687498,2.641740195577582,0.5545871536229161,56.08222087764535,45.004054170438124
31124,14th & Irving St NW,outgoing_trips,LightGBM,test,1.8634502222689402,2.8262253113145994,0.5599376780898004,56.01956763461481,43.90220156235851
31124,14th & Irving St NW,outgoing_trips,LightGBM,test_forecast_weather,1.87159098598252,2.831259401122121,0.5583685985084386,57.00033110381898,44.09399495997873
31124,14th & Irving St NW,outgoing_trips,Poisson,val,2.1141051303759513,3.0664346250757704,0.3998636254364172,66.09194472938063,55.32997216869388
31124,14th & Irving St NW,outgoing_trips,Poisson,test,2.450475872780305,3.6490559812619634,0.26639602664316697,71.12074755084257,57.732309886714425
31124,14th & Irving St NW,outgoing_trips,Poisson,test_forecast_weather,2.4634073234660336,3.6811104155204264,0.253451011214437,71.73089426031858,58.03697010661948
31124,14th & Irving St NW,outgoing_trips,Naive (same hour last week),val,2.3573949675509507,3.5766679741217313,0.18353084564929045,82.23237843146511,61.69730921660359
31124,14th & Irving St NW,outgoing_trips,Naive (same hour last week),test,2.4953761844959472,3.733363981955212,0.2321059733212807,80.57778850821859,58.79014470923665
31124,14th & Irving St NW,outgoing_trips,Naive (same hour last week),test_forecast_weather,2.4953761844959472,3.733363981955212,0.2321059733212807,80.57778850821859,58.79014470923665
31124,14th & Irving St NW,incoming_trips,Linear Regression,val,1.644195258066006,2.3496823883039206,0.5342305693836735,51.78381789310659,48.456368537661
31124,14th & Irving St NW,incoming_trips,Linear Regression,test,1.8318588115795824,2.597022838485506,0.5389477930935378,52.295890221587385,47.451503314087546
31124,14th & Irving St NW,incoming_trips,Linear Regression,test_forecast_weather,1.8357956338883035,2.5887103793777424,0.5418945089484446,52.559787697644545,47.55348068027341
31124,14th & Irving St NW,incoming_trips,Polynomial Regression,val,1.664001250413601,2.3952552773616755,0.5159878435698231,58.498422548641905,49.040074432530226
31124,14th & Irving St NW,incoming_trips,Polynomial Regression,test,1.8240367931747319,2.6223837890601454,0.5298991131390796,59.90740550114103,47.24888587986478
31124,14th & Irving St NW,incoming_trips,Polynomial Regression,test_forecast_weather,1.8134079416193893,2.6064336756607913,0.5356003071942561,59.60013453775465,46.973561721902854
31124,14th & Irving St NW,incoming_trips,Random Forest,val,1.6325950404636291,2.409130578699426,0.5103640035025359,53.02218443422372,48.114496478062065
31124,14th & Irving St NW,incoming_trips,Random Forest,test,1.8516424007001189,2.725919108060289,0.492045870499468,53.9012091153227,47.96396695963902
31124,14th & Irving St NW,incoming_trips,Random Forest,test_forecast_weather,1.8509960100566711,2.7227490367789997,0.4932266204957063,54.237422085135,47.94722319774763
31124,14th & Irving St NW,incoming_trips,HistGradientBoosting,val,1.6352732351838444,2.477965431906822,0.4819840342986299,50.54561465376264,48.19342602717839
31124,14th & Irving St NW,incoming_trips,HistGradientBoosting,test,1.8552914282442758,2.8117078075680735,0.4595706323481098,51.29024511720029,48.058489442218054
31124,14th & Irving St NW,incoming_trips,HistGradientBoosting,test_forecast_weather,1.8565656395157486,2.8095800234241572,0.46038827202708477,51.851721089508715,48.09149593812753
31124,14th & Irving St NW,incoming_trips,Soft Two-Stage,val,1.7025709820853865,2.5726950869831073,0.44162072253516726,49.89359771578313,50.176769799530064
31124,14th & Irving St NW,incoming_trips,Soft Two-Stage,test,1.966682081631681,2.9600688294253508,0.401033977664323,50.55862689616212,50.943894106026775
31124,14th & Irving St NW,incoming_trips,Soft Two-Stage,test_forecast_weather,1.9669906000685902,2.9598851539122712,0.40110830835358835,50.94629524429271,50.95188580469859
31124,14th & Irving St NW,incoming_trips,GAM,val,1.7266951610251349,2.5009361061444433,0.472335531242039,55.59165160479714,50.887737733319106
31124,14th & Irving St NW,incoming_trips,GAM,test,2.0711757694221604,2.9114314310368634,0.420555693574896,63.719821970174294,53.65064341506093
31124,14th & Irving St NW,incoming_trips,GAM,test_forecast_weather,2.079130095459015,2.9183129561021897,0.4178132810956443,63.792721665263166,53.85668807631606
31124,14th & Irving St NW,incoming_trips,XGBoost,val,1.7104404647438685,2.5678625672516633,0.4437164583169072,48.2454108902412,50.40869271137976
31124,14th & Irving St NW,incoming_trips,XGBoost,test,1.9790511825636399,2.946164507713762,0.4066478040285195,48.59834746306294,51.26429676487526
31124,14th & Irving St NW,incoming_trips,XGBoost,test_forecast_weather,1.9847415774502681,2.948526945870098,0.40569584097461175,49.204624639835046,51.41169774911841
31124,14th & Irving St NW,incoming_trips,LightGBM,val,1.6389576284631768,2.4831364731990426,0.47981977739388326,50.27528538901726,48.30200943155521
31124,14th & Irving St NW,incoming_trips,LightGBM,test,1.862184261580523,2.8201728061479963,0.4563116733467316,50.8623323272553,48.23703775709411
31124,14th & Irving St NW,incoming_trips,LightGBM,test_forecast_weather,1.8625068497605508,2.818205060955529,0.45707011400252584,51.39421889460566,48.24539391096192
31124,14th & Irving St NW,incoming_trips,Poisson,val,1.7914301794173249,2.666412127791542,0.4001989660533509,55.627604866054284,52.795554881626614
31124,14th & Irving St NW,incoming_trips,Poisson,test,2.119568776708355,3.2990226453688347,0.2560064666225955,60.37633447359212,54.904190321134685
31124,14th & Irving St NW,incoming_trips,Poisson,test_forecast_weather,2.1376223742219453,3.34463277935788,0.23529232147720236,60.97199579790244,55.37184117764836
31124,14th & Irving St NW,incoming_trips,Naive (same hour last week),val,2.120118410565866,3.11513843057554,0.18133285910713193,78.50254040161718,62.48238373263539
31124,14th & Irving St NW,incoming_trips,Naive (same hour last week),test,2.2637287361570957,3.3252022455395545,0.2441516007374166,77.93757895992417,58.63843378482285
31124,14th & Irving St NW,incoming_trips,Naive (same hour last week),test_forecast_weather,2.2637287361570957,3.3252022455395545,0.2441516007374166,77.93757895992417,58.63843378482285
31125,15th & W St NW,outgoing_trips,Linear Regression,val,1.663555589417831,2.430747682245687,0.6004609435621763,54.93682846714953,47.138368634200575
31125,15th & W St NW,outgoing_trips,Linear Regression,test,1.6991880807405912,2.4635093288259604,0.5598457897742732,56.30425178389735,48.03972886351905
31125,15th & W St NW,outgoing_trips,Linear Regression,test_forecast_weather,1.7029322679934842,2.4596661906135417,0.5612180224634203,56.3859708357985,48.1455851501079
31125,15th & W St NW,outgoing_trips,Polynomial Regression,val,1.6473160739603532,2.8925132507433617,0.43424266493812247,55.470801425912086,46.67820711573681
31125,15th & W St NW,outgoing_trips,Polynomial Regression,test,1.8659871488227184,5.875017475254388,-1.5033107449926275,68.14033966840712,52.75549994040926
31125,15th & W St NW,outgoing_trips,Polynomial Regression,test_forecast_weather,1.842099647911935,6.138324279461524,-1.732726031173569,65.20040228133152,52.08014852993976
31125,15th & W St NW,outgoing_trips,Random Forest,val,1.6468298455721992,2.3879298103789717,0.6144128134588749,56.55703485515636,46.66442938979426
31125,15th & W St NW,outgoing_trips,Random Forest,test,1.717277517771917,2.450062733581478,0.5646376716103871,60.588538596017685,48.551156444802366
31125,15th & W St NW,outgoing_trips,Random Forest,test_forecast_weather,1.7158207616830192,2.452737999328411,0.5636863932679197,60.67157204137532,48.509970793652776
31125,15th & W St NW,outgoing_trips,HistGradientBoosting,val,1.6361940651903129,2.5050762166332383,0.575652774953102,50.70075119851227,46.363054828256935
31125,15th & W St NW,outgoing_trips,HistGradientBoosting,test,1.702004944672728,2.551723190711876,0.5277591420536176,53.41588557440093,48.1193677104949
31125,15th & W St NW,outgoing_trips,HistGradientBoosting,test_forecast_weather,1.7064734530582337,2.5596574250431527,0.5248178396186325,54.01829078444261,48.245702124970364
31125,15th & W St NW,outgoing_trips,Soft Two-Stage,val,1.6487633797962935,2.4991121995198933,0.5776709183124135,49.640037771493624,46.71921784988658
31125,15th & W St NW,outgoing_trips,Soft Two-Stage,test,1.7127711403534231,2.5420137280709407,0.5313461153522039,52.704443447614125,48.42375139070925
31125,15th & W St NW,outgoing_trips,Soft Two-Stage,test_forecast_weather,1.7153526175588478,2.5470337255114037,0.529493281682027,53.208225617813746,48.49673534488218
31125,15th & W St NW,outgoing_trips,GAM,val,1.7016666851544213,2.426876002565687,0.6017326965469134,57.42099293799507,48.21828137731089
31125,15th & W St NW,outgoing_trips,GAM,test,1.7564967486804526,2.4639090224781346,0.5597029519831367,59.844585866787824,49.65996908328357
31125,15th & W St NW,outgoing_trips,GAM,test_forecast_weather,1.7626400409006027,2.4675985591104443,0.5583833347762673,59.91045871658105,49.83365326570601
31125,15th & W St NW,outgoing_trips,XGBoost,val,1.6672137768216406,2.512589748372114,0.5731034490985574,48.17526662908028,47.24202671901042
31125,15th & W St NW,outgoing_trips,XGBoost,test,1.7339545804809267,2.5599984003314993,0.5246912319215453,50.849203413163494,49.02265314364429
31125,15th & W St NW,outgoing_trips,XGBoost,test_forecast_weather,1.739062147081037,2.569381601123455,0.521200533560049,51.24514080253063,49.16705511856558
31125,15th & W St NW,outgoing_trips,LightGBM,val,1.6299798645366093,2.496144233289801,0.5786734456450275,50.4029970744417,46.186969771018966
31125,15th & W St NW,outgoing_trips,LightGBM,test,1.6983138397395796,2.545486302792341,0.5300648105249661,53.11331586604552,48.01501217610464
31125,15th & W St NW,outgoing_trips,LightGBM,test_forecast_weather,1.7028448113871544,2.556833387266648,0.5258657861836531,53.541503621480125,48.14311256234494
31125,15th & W St NW,outgoing_trips,Poisson,val,1.872187924097952,2.796316289515647,0.4712479499180714,57.719094025395954,53.05015659230969
31125,15th & W St NW,outgoing_trips,Poisson,test,1.8837787203309206,2.755531423997623,0.4493100203614179,59.88516553716586,53.2585062179353
31125,15th & W St NW,outgoing_trips,Poisson,test_forecast_weather,1.891948861826853,2.7733292678175956,0.4421732869085545,60.19524911903359,53.48949382118526
31125,15th & W St NW,outgoing_trips,Naive (same hour last week),val,2.18797677331208,3.2735366737747964,0.2753740204413123,81.12534332621078,61.99832236417602
31125,15th & W St NW,outgoing_trips,Naive (same hour last week),test,2.2202306199337825,3.275474951376603,0.2218828218260015,82.3383831784651,62.770730447693744
31125,15th & W St NW,outgoing_trips,Naive (same hour last week),test_forecast_weather,2.2202306199337825,3.275474951376603,0.2218828218260015,82.3383831784651,62.770730447693744
31125,15th & W St NW,incoming_trips,Linear Regression,val,1.5941658959968916,2.398339788776794,0.6632065995728866,53.21169920784278,45.330092801543316
31125,15th & W St NW,incoming_trips,Linear Regression,test,1.6513296608092538,2.4893709465131706,0.6413114037792075,53.854104127327176,46.25666474472562
31125,15th & W St NW,incoming_trips,Linear Regression,test_forecast_weather,1.656115143397157,2.4808277576358977,0.6437691220388022,53.94137771377717,46.39071457678755
31125,15th & W St NW,incoming_trips,Polynomial Regression,val,1.566649951431566,2.3349405410365325,0.6807772759163606,54.7036657756898,44.54767716726057
31125,15th & W St NW,incoming_trips,Polynomial Regression,test,1.646677257105567,2.4602066301165184,0.6496666311503149,55.65000433235194,46.12634268760645
31125,15th & W St NW,incoming_trips,Polynomial Regression,test_forecast_weather,1.653780528735716,2.472111113627365,0.6462680320318419,56.63896956293516,46.32531789055018
31125,15th & W St NW,incoming_trips,Random Forest,val,1.6323917063430977,2.436653586497774,0.6523600093489587,57.10115799463428,46.41704337222037
31125,15th & W St NW,incoming_trips,Random Forest,test,1.7091212078281284,2.5510862116505084,0.6233060829991848,59.79608734859091,47.87550820098684
31125,15th & W St NW,incoming_trips,Random Forest,test_forecast_weather,1.7113157875458462,2.5539877503512693,0.6224487120928137,60.15821231892499,47.93698226075048
31125,15th & W St NW,incoming_trips,HistGradientBoosting,val,1.566047322250434,2.442080065505129,0.6508098819806518,50.51695689628827,44.53054141195792
31125,15th & W St NW,incoming_trips,HistGradientBoosting,test,1.6241373348712371,2.5362623036691105,0.6276711663127235,51.410916320165676,45.494959596204446
31125,15th & W St NW,incoming_trips,HistGradientBoosting,test_forecast_weather,1.629637570704932,2.541793116198832,0.626045525063702,51.93594205958475,45.649030930968365
31125,15th & W St NW,incoming_trips,Soft Two-Stage,val,1.5718973447337143,2.416268301088557,0.658152458699802,48.97644054569999,44.696886748239486
31125,15th & W St NW,incoming_trips,Soft Two-Stage,test,1.6278153523671877,2.5057609541603316,0.6365726466256689,50.044029286289316,45.59798737210719
31125,15th & W St NW,incoming_trips,Soft Two-Stage,test_forecast_weather,1.6392346568307938,2.5272646971984662,0.6303082168985769,50.43958482551971,45.917862289107184
31125,15th & W St NW,incoming_trips,GAM,val,1.7171073060345956,2.446579634981778,0.6495219203749065,61.45197533545973,48.82593068150043
31125,15th & W St NW,incoming_trips,GAM,test,1.8416685664838925,2.5789259189374274,0.6150395882739832,65.97475838482123,51.588394172606776
31125,15th & W St NW,incoming_trips,GAM,test_forecast_weather,1.854095919680089,2.5884393879930543,0.6121941680681657,66.06715303445833,51.93650631768813
31125,15th & W St NW,incoming_trips,XGBoost,val,1.6226921832251753,2.475970922898662,0.6410506030493043,47.75729685115667,46.141237520288506
31125,15th & W St NW,incoming_trips,XGBoost,test,1.6998351065247748,2.591095624094095,0.6113978331043421,48.97311105553431,47.615388077810294
31125,15th & W St NW,incoming_trips,XGBoost,test_forecast_weather,1.7099267779474565,2.6030044747974093,0.6078175406610942,49.38599315544583,47.898073644957535
31125,15th & W St NW,incoming_trips,LightGBM,val,1.5761671374291863,2.450229201803223,0.6484755230572612,49.4864141302879,44.81829826482952
31125,15th & W St NW,incoming_trips,LightGBM,test,1.6341636485741806,2.5463277459053826,0.6247100444627491,50.580509931685334,45.77581437801416
31125,15th & W St NW,incoming_trips,LightGBM,test_forecast_weather,1.6410280287188759,2.554766371060029,0.622218472882178,51.047417973052355,45.968097807888434
31125,15th & W St NW,incoming_trips,Poisson,val,1.7687622940059695,2.7304734050719204,0.5634660256277231,52.99423502991206,50.29473979621352
31125,15th & W St NW,incoming_trips,Poisson,test,1.8232394950080715,2.7752123186126316,0.5542095450089055,54.63557929193039,51.072163282406535
31125,15th & W St NW,incoming_trips,Poisson,test_forecast_weather,1.8400492514735818,2.8148423607665114,0.5413868613999696,55.080177126893616,51.543034294851466
31125,15th & W St NW,incoming_trips,Naive (same hour last week),val,2.1017875441193214,3.2317239396330004,0.38848000968055096,78.61429997421149,59.764309764309765
31125,15th & W St NW,incoming_trips,Naive (same hour last week),test,2.1633748144765383,3.304416568002907,0.3679842251632891,79.76217168049979,60.59995522722185
31125,15th & W St NW,incoming_trips,Naive (same hour last week),test_forecast_weather,2.1633748144765383,3.304416568002907,0.3679842251632891,79.76217168049979,60.59995522722185
31128,23rd & M St NW,outgoing_trips,Linear Regression,val,1.3328800741968594,1.9342840894255169,0.5006118097146589,54.51814172271887,50.52954804761316
31128,23rd & M St NW,outgoing_trips,Linear Regression,test,1.2906312358017147,1.870571518637534,0.5250753405064332,54.691464940284185,50.62760980960732
31128,23rd & M St NW,outgoing_trips,Linear Regression,test_forecast_weather,1.3066715496398797,1.8773524949845941,0.5216258171340927,55.22319123050613,51.2568234282579
31128,23rd & M St NW,outgoing_trips,Polynomial Regression,val,1.353335346409399,1.963044879477354,0.4856506373559929,57.46115093908517,51.30500840605037
31128,23rd & M St NW,outgoing_trips,Polynomial Regression,test,1.3113970014419174,1.9121225568969724,0.5037419843184823,58.029900660228364,51.44218879318265
31128,23rd & M St NW,outgoing_trips,Polynomial Regression,test_forecast_weather,1.3292374285116606,1.9391674818976137,0.48960463162217915,58.57729636708443,52.14201547912417
31128,23rd & M St NW,outgoing_trips,Random Forest,val,1.3225135038648885,1.927600588547205,0.5040569035791682,54.649736485372834,50.13655086518178
31128,23rd & M St NW,outgoing_trips,Random Forest,test,1.291914883502595,1.8771479550101113,0.5217300504234288,55.338567160691795,50.67796347619342
31128,23rd & M St NW,outgoing_trips,Random Forest,test_forecast_weather,1.2961784692448843,1.8767144857540385,0.5219509082222629,55.77965580989843,50.84521121463542
31128,23rd & M St NW,outgoing_trips,HistGradientBoosting,val,1.305757740189284,1.9828927871615027,0.4751971138404335,54.511625210517735,49.50133905422341
31128,23rd & M St NW,outgoing_trips,HistGradientBoosting,test,1.2584990513194012,1.9114825119885457,0.5040741536716804,54.584347246591314,49.36716015274592
31128,23rd & M St NW,outgoing_trips,HistGradientBoosting,test_forecast_weather,1.266102876941839,1.9207355003515867,0.49926123737373207,54.963670263504085,49.66543552838715
31128,23rd & M St NW,outgoing_trips,Soft Two-Stage,val,1.3095901519096724,1.95633064300395,0.4891630963085417,52.0088169178291,49.64662596781187
31128,23rd & M St NW,outgoing_trips,Soft Two-Stage,test,1.2641682092073496,1.8906903890133469,0.5148043281132706,51.749126416650526,49.58954428970028
31128,23rd & M St NW,outgoing_trips,Soft Two-Stage,test_forecast_weather,1.2728313531877962,1.898199991804444,0.51094239193972,52.205452779710704,49.92937356161004
31128,23rd & M St NW,outgoing_trips,GAM,val,1.354821668356343,1.925456214046748,0.5051597214484873,55.93597802225126,51.36135494291161
31128,23rd & M St NW,outgoing_trips,GAM,test,1.355527123220108,1.8793026261917736,0.5206314626332849,58.2916140288046,53.173281706681564
31128,23rd & M St NW,outgoing_trips,GAM,test_forecast_weather,1.371427205979135,1.8953802910995916,0.512394264098768,58.50887255688521,53.79699447879997
31128,23rd & M St NW,outgoing_trips,XGBoost,val,1.3240186699933922,1.9702032321027998,0.4818925905939021,51.746501531755044,50.193611785876925
31128,23rd & M St NW,outgoing_trips,XGBoost,test,1.280820198613433,1.9071606259238238,0.5063142075954985,52.1111589516385,50.24275211453742
31128,23rd & M St NW,outgoing_trips,XGBoost,test_forecast_weather,1.2903997209711755,1.9172355440812092,0.501084462918876,52.48298664826101,50.618528174062995
31128,23rd & M St NW,outgoing_trips,LightGBM,val,1.3011324287840746,1.9759680130284942,0.4788562080626336,54.02396783251311,49.32599327525262
31128,23rd & M St NW,outgoing_trips,LightGBM,test,1.257386215170676,1.9065577787870938,0.5066262631449554,54.25003279423094,49.323506913341184
31128,23rd & M St NW,outgoing_trips,LightGBM,test_forecast_weather,1.2659435029900417,1.9169543162349334,0.5012308180726379,54.7356349285086,49.6591837641174
31128,23rd & M St NW,outgoing_trips,Poisson,val,1.4382394890003272,2.038533711573386,0.4453314466789301,54.83654827972572,54.523728556154495
31128,23rd & M St NW,outgoing_trips,Poisson,test,1.3791065323901115,1.9498034275104166,0.48399044445108863,53.83539780255189,54.09823152494507
31128,23rd & M St NW,outgoing_trips,Poisson,test_forecast_weather,1.3910748019321553,1.9672746448264056,0.47470160453183186,54.49464265474921,54.567711004181774
31128,23rd & M St NW,outgoing_trips,Naive (same hour last week),val,1.7891381077080724,2.678831035493932,0.042170094889876775,81.08657781381027,67.82631215469614
31128,23rd & M St NW,outgoing_trips,Naive (same hour last week),test,1.6971115424135175,2.5573231738041473,0.11233864432237806,80.89680816369422,66.5726185677818
31128,23rd & M St NW,outgoing_trips,Naive (same hour last week),test_forecast_weather,1.6971115424135175,2.5573231738041473,0.11233864432237806,80.89680816369422,66.5726185677818
31128,23rd & M St NW,incoming_trips,Linear Regression,val,1.4509692954996771,2.073461542293127,0.5074107773746577,56.9062822206858,50.42082422304121
31128,23rd & M St NW,incoming_trips,Linear Regression,test,1.3751806589965148,1.9645674296302413,0.5194010658024758,56.59144012417299,50.238602736697004
31128,23rd & M St NW,incoming_trips,Linear Regression,test_forecast_weather,1.3938507796477027,1.9697601958387219,0.5168570593037378,57.11049886449773,50.92066641197125
31128,23rd & M St NW,incoming_trips,Polynomial Regression,val,1.466321816536123,2.120387340491087,0.4848622916046067,59.78203306794207,50.954320532687504
31128,23rd & M St NW,incoming_trips,Polynomial Regression,test,1.4181498403460429,2.0790473677324175,0.4617578651458445,60.778560104971405,51.808368583546006
31128,23rd & M St NW,incoming_trips,Polynomial Regression,test_forecast_weather,1.4265308575647113,2.072823680675808,0.4649755279309161,60.51811262141859,52.11454696950828
31128,23rd & M St NW,incoming_trips,Random Forest,val,1.4590564878822994,2.084613716892189,0.502097715885973,60.12380693819611,50.701852158537044
31128,23rd & M St NW,incoming_trips,Random Forest,test,1.409250236790475,2.0027497822527964,0.5005381626646432,62.86440033398038,51.483245011877585
31128,23rd & M St NW,incoming_trips,Random Forest,test_forecast_weather,1.4183315692223792,2.0122163762360676,0.49580529279198426,63.78931806359176,51.815007569314396
31128,23rd & M St NW,incoming_trips,HistGradientBoosting,val,1.398574197665504,2.0813801888483714,0.503641150367517,55.84230493695049,48.60010752955933
31128,23rd & M St NW,incoming_trips,HistGradientBoosting,test,1.3231649646973422,1.9659260309729818,0.5187361172551266,55.76938978912261,48.33834637047055
31128,23rd & M St NW,incoming_trips,HistGradientBoosting,test_forecast_weather,1.329770937029813,1.969818854870432,0.5168282830911525,56.35110150161785,48.57967816751807
31128,23rd & M St NW,incoming_trips,Soft Two-Stage,val,1.4101935305982665,2.0769136690034697,0.5057691785783456,54.18607857543667,49.00387647574511
31128,23rd & M St NW,incoming_trips,Soft Two-Stage,test,1.3406029089619744,1.9640978280854302,0.5196307988465632,54.35936085211114,48.97539572738545
31128,23rd & M St NW,incoming_trips,Soft Two-Stage,test_forecast_weather,1.3478690970674316,1.9713761800137928,0.5160639966650372,54.78191865673251,49.24084676849197
31128,23rd & M St NW,incoming_trips,GAM,val,1.5784784646487628,2.1673349002598585,0.46179839917668297,64.46645772508808,54.851736320514675
31128,23rd & M St NW,incoming_trips,GAM,test,1.6802109080099055,2.224343714119483,0.3838978590699269,74.132036813382,61.3820793429211
31128,23rd & M St NW,incoming_trips,GAM,test_forecast_weather,1.6967133299481456,2.237672333259695,0.3764921744989054,74.43539858046731,61.98495185608862
31128,23rd & M St NW,incoming_trips,XGBoost,val,1.4146159692522213,2.0814177942369265,0.5036232142536583,53.433903546630745,49.15755512538975
31128,23rd & M St NW,incoming_trips,XGBoost,test,1.3394524991624643,1.9657961537681736,0.5187997037199326,53.72328538730656,48.93336853588599
31128,23rd & M St NW,incoming_trips,XGBoost,test_forecast_weather,1.3468215059300601,1.9690324649707158,0.5172139891301559,54.19867515023805,49.202575785958444
31128,23rd & M St NW,incoming_trips,LightGBM,val,1.3953375184289283,2.080303252786521,0.5041546639068137,55.73420686567366,48.48763372645411
31128,23rd & M St NW,incoming_trips,LightGBM,test,1.3194055507231561,1.964269379034279,0.5195468810396546,55.723806334879754,48.20100608435154
31128,23rd & M St NW,incoming_trips,LightGBM,test_forecast_weather,1.325774028342322,1.969489570866261,0.5169898080143684,56.249588045741326,48.43366163768101
31128,23rd & M St NW,incoming_trips,Poisson,val,1.5534756065292898,2.1656225587521636,0.4626484947324696,56.648128052353776,53.98289318356777
31128,23rd & M St NW,incoming_trips,Poisson,test,1.472047021417242,2.0328223644627066,0.48542606468235294,55.97465245810035,53.77736011258602
31128,23rd & M St NW,incoming_trips,Poisson,test_forecast_weather,1.4775078544069877,2.0389853847591675,0.48230121028204875,56.30584373341492,53.97685726038874
31128,23rd & M St NW,incoming_trips,Naive (same hour last week),val,1.954229762040305,2.8780282825130086,0.05096320387869502,83.58092024945168,67.90900098911969
31128,23rd & M St NW,incoming_trips,Naive (same hour last week),test,1.84461696540701,2.724579967125201,0.0756253173790522,81.36647427775729,67.38822155488822
31128,23rd & M St NW,incoming_trips,Naive (same hour last week),test_forecast_weather,1.84461696540701,2.724579967125201,0.0756253173790522,81.36647427775729,67.38822155488822
31201,15th & P St NW,outgoing_trips,Linear Regression,val,1.9387985478985466,2.758015091474724,0.6943525393181582,55.820894840072356,39.09377759812878
31201,15th & P St NW,outgoing_trips,Linear Regression,test,2.053674849237093,2.9492377437633612,0.6525890928413128,54.499994039245216,40.461880028944144
31201,15th & P St NW,outgoing_trips,Linear Regression,test_forecast_weather,2.0693479954013956,2.950114136011139,0.6523825896767628,55.11796193778701,40.770675240616384
31201,15th & P St NW,outgoing_trips,Polynomial Regression,val,1.886018704917746,2.748942946472985,0.6963600102517307,52.958891522393316,38.02952909980385
31201,15th & P St NW,outgoing_trips,Polynomial Regression,test,2.0959152535173757,3.125758504739272,0.6097573557802651,55.30471497030025,41.29410825192589
31201,15th & P St NW,outgoing_trips,Polynomial Regression,test_forecast_weather,2.1099270041743363,3.1216745293511488,0.6107764365548105,55.92098815956699,41.570170343394764
31201,15th & P St NW,outgoing_trips,Random Forest,val,1.87098643200801,2.7087722722398664,0.7051694341307525,53.55657788420506,37.72641956087597
31201,15th & P St NW,outgoing_trips,Random Forest,test,2.016632506311586,2.9300840092926737,0.6570869387540627,54.145646263273804,39.73206496790873
31201,15th & P St NW,outgoing_trips,Random Forest,test_forecast_weather,2.038052335409081,2.967552021357048,0.6482609676575922,55.28763879816579,40.15408238488458
31201,15th & P St NW,outgoing_trips,HistGradientBoosting,val,1.8380999977458823,2.721024626900069,0.7024962390071101,51.26377814983757,37.06330015198605
31201,15th & P St NW,outgoing_trips,HistGradientBoosting,test,1.9689221602286355,2.9122699597961947,0.6612438849487552,51.41037974944543,38.79206694433412
31201,15th & P St NW,outgoing_trips,HistGradientBoosting,test_forecast_weather,1.989010701023931,2.947856205936839,0.6529144982070317,52.326034138759425,39.187855074045956
31201,15th & P St NW,outgoing_trips,Soft Two-Stage,val,1.8488259131396265,2.718079553824039,0.7031398907777602,50.13324003507616,37.27957664517503
31201,15th & P St NW,outgoing_trips,Soft Two-Stage,test,1.9793036816634055,2.910811613816749,0.6615830704856591,50.34593930660226,38.99660559122246
31201,15th & P St NW,outgoing_trips,Soft Two-Stage,test_forecast_weather,2.0033064721766083,2.9529303955875155,0.6517185827288794,51.34643428841655,39.46951298961899
31201,15th & P St NW,outgoing_trips,GAM,val,1.9765058812584742,2.728561930633196,0.7008457710883735,59.833582628123125,39.85410522772666
31201,15th & P St NW,outgoing_trips,GAM,test,2.1402632387617566,2.9534213742196815,0.6516027568022351,60.63408000207568,42.16786042313747
31201,15th & P St NW,outgoing_trips,GAM,test_forecast_weather,2.1583839252071373,2.9746706377847367,0.6465714279763837,60.93447120529315,42.524877524100404
31201,15th & P St NW,outgoing_trips,XGBoost,val,1.857235354791808,2.728464584041129,0.7008671164900484,48.95142935639244,37.44914394861208
31201,15th & P St NW,outgoing_trips,XGBoost,test,1.9930162060979184,2.920725208284117,0.6592739954057929,49.10324750317906,39.26677227255925
31201,15th & P St NW,outgoing_trips,XGBoost,test_forecast_weather,2.016869608702102,2.960108419484071,0.6500233102475232,50.41436523494818,39.73673640286504
31201,15th & P St NW,outgoing_trips,LightGBM,val,1.8356829892532858,2.714105027990779,0.7040074264831375,51.064060564909965,37.014563787620204
31201,15th & P St NW,outgoing_trips,LightGBM,test,1.966114607562123,2.911351040882194,0.661457629068994,51.02593994977646,38.73675202473544
31201,15th & P St NW,outgoing_trips,LightGBM,test_forecast_weather,1.9932029497714032,2.9589422063460598,0.6502990211036914,52.10768049263422,39.270451530799924
31201,15th & P St NW,outgoing_trips,Poisson,val,2.158124092331741,3.0294371572460577,0.6312335424941965,55.02801546313441,43.51624019227164
31201,15th & P St NW,outgoing_trips,Poisson,test,2.2843094440063902,3.266791316391872,0.5737477664692048,55.7476369184896,45.00588528252462
31201,15th & P St NW,outgoing_trips,Poisson,test_forecast_weather,2.2986974266653273,3.2931457469771956,0.5668425516692934,56.56963304549759,45.28935996617316
31201,15th & P St NW,outgoing_trips,Naive (same hour last week),val,2.5621086189229194,3.7534605839757273,0.4339025029207031,74.40663477446589,51.66215161394003
31201,15th & P St NW,outgoing_trips,Naive (same hour last week),test,2.724626098869734,4.007399822755687,0.35857005358099947,75.70286095672583,53.6810850934611
31201,15th & P St NW,outgoing_trips,Naive (same hour last week),test_forecast_weather,2.724626098869734,4.007399822755687,0.35857005358099947,75.70286095672583,53.6810850934611
31201,15th & P St NW,incoming_trips,Linear Regression,val,1.8778218551295682,2.754699145481593,0.7299428319805479,52.648129171469094,37.84166059472053
31201,15th & P St NW,incoming_trips,Linear Regression,test,1.9986136626373365,2.9441312004975497,0.7026615139607086,53.88350524370454,38.98420458977938
31201,15th & P St NW,incoming_trips,Linear Regression,test_forecast_weather,2.0153561884171594,2.9364738932201973,0.704206181062873,54.75731137141909,39.31077798540451
31201,15th & P St NW,incoming_trips,Polynomial Regression,val,1.8429558079964672,2.7556688462514694,0.729752669119152,50.09873585357947,37.13904382716816
31201,15th & P St NW,incoming_trips,Polynomial Regression,test,2.034931935325048,3.0892404717534796,0.6726289751300432,53.800849906947704,39.69261512417792
31201,15th & P St NW,incoming_trips,Polynomial Regression,test_forecast_weather,2.046592095841609,3.0789910240221223,0.67479766742219,53.66985595872834,39.92005381912182
31201,15th & P St NW,incoming_trips,Random Forest,val,1.810517304651828,2.6458758346529248,0.7508583822642135,52.262194501009176,36.48534665647257
31201,15th & P St NW,incoming_trips,Random Forest,test,1.9421409030331915,2.848928091215933,0.7215804152944647,54.784191809214974,37.882668232196245
31201,15th & P St NW,incoming_trips,Random Forest,test_forecast_weather,1.9612797460803624,2.876845631806701,0.7160970378191842,55.90691846879112,38.255983288983174
31201,15th & P St NW,incoming_trips,HistGradientBoosting,val,1.7798233015661875,2.6778710730301283,0.7447964635084637,49.70425972639958,35.86680446415158
31201,15th & P St NW,incoming_trips,HistGradientBoosting,test,1.9042766551632881,2.874088663454058,0.71664092270841,51.12409921097303,37.14410248875457
31201,15th & P St NW,incoming_trips,HistGradientBoosting,test_forecast_weather,1.9209664609634263,2.900080851654247,0.7114925594915817,52.31408792383099,37.46964754833237
31201,15th & P St NW,incoming_trips,Soft Two-Stage,val,1.7895515578877097,2.662120288067757,0.7477897626233223,48.44093888201305,36.062847221291655
31201,15th & P St NW,incoming_trips,Soft Two-Stage,test,1.9208840887948864,2.869270733879334,0.7175901347684227,50.10985459155063,37.468040827868634
31201,15th & P St NW,incoming_trips,Soft Two-Stage,test_forecast_weather,1.9411444586133288,2.903468261022871,0.7108181896272361,51.29111817198433,37.86323196302004
31201,15th & P St NW,incoming_trips,GAM,val,1.9780631626750593,2.761939967731634,0.728521256836997,58.2012760872702,39.8617124581843
31201,15th & P St NW,incoming_trips,GAM,test,2.17548188907991,3.003475234630783,0.6905539688792359,63.95180799498424,42.43412953223679
31201,15th & P St NW,incoming_trips,GAM,test_forecast_weather,2.1948287460967713,3.021148081687615,0.6869016118580545,64.4698965634632,42.81150203109146
31201,15th & P St NW,incoming_trips,XGBoost,val,1.8023580047489087,2.6900482679818754,0.7424701909324923,48.69846070799898,36.32092133743958
31201,15th & P St NW,incoming_trips,XGBoost,test,1.9427017042658217,2.9092398482906248,0.7096673611817093,49.826167984473024,37.89360700960769
31201,15th & P St NW,incoming_trips,XGBoost,test_forecast_weather,1.9698256917827548,2.9568546993633555,0.7000859760986695,51.22006695522202,38.422677283877405
31201,15th & P St NW,incoming_trips,LightGBM,val,1.7748428138212902,2.6724190522422373,0.7458345706920084,49.653632557194314,35.76643821997153
31201,15th & P St NW,incoming_trips,LightGBM,test,1.90183587672277,2.8740953812769576,0.7166395980740331,51.07574178238733,37.096493584711595
31201,15th & P St NW,incoming_trips,LightGBM,test_forecast_weather,1.9220819291161024,2.9076387211094605,0.7099868477719933,52.329390194774426,37.491405449566734
31201,15th & P St NW,incoming_trips,Poisson,val,2.045805377667684,2.934458707244174,0.6935473608914737,50.93762382096896,41.22684616385662
31201,15th & P St NW,incoming_trips,Poisson,test,2.18234706952616,3.1920315802184094,0.6504806974634609,53.072271293744855,42.56803915372372
31201,15th & P St NW,incoming_trips,Poisson,test_forecast_weather,2.1960484168497407,3.216131891122697,0.645182928270603,54.061031445471606,42.83529246896087
31201,15th & P St NW,incoming_trips,Naive (same hour last week),val,2.5083684390299443,3.7688990162988762,0.49448230425119,71.98194659158197,50.548366372980915
31201,15th & P St NW,incoming_trips,Naive (same hour last week),test,2.624614682041329,3.952437282859788,0.46412094738979914,73.34709512916363,51.19474446052779
31201,15th & P St NW,incoming_trips,Naive (same hour last week),test_forecast_weather,2.624614682041329,3.952437282859788,0.46412094738979914,73.34709512916363,51.19474446052779
31202,14th & R St NW,outgoing_trips,Linear Regression,val,1.7815925527164287,2.541142022315146,0.5737808292283482,57.88620562528652,47.23271873738535
31202,14th & R St NW,outgoing_trips,Linear Regression,test,1.8734007255047351,2.6833656411151665,0.5912281596057382,55.69369721558605,46.02321465949395
31202,14th & R St NW,outgoing_trips,Linear Regression,test_forecast_weather,1.8860645763324813,2.6789894209047174,0.5925603797477469,56.245589168843715,46.33432328517475
31202,14th & R St NW,outgoing_trips,Polynomial Regression,val,1.713763282194407,2.4876779995163516,0.5915269253576607,56.96865040898172,45.43446197444377
31202,14th & R St NW,outgoing_trips,Polynomial Regression,test,1.8752053506556483,2.7665017264510747,0.5655066315727666,56.687092292230915,46.06754828740905
31202,14th & R St NW,outgoing_trips,Polynomial Regression,test_forecast_weather,1.9022893347744496,2.819006079520621,0.5488579734227919,57.037033482272804,46.73291154790319
31202,14th & R St NW,outgoing_trips,Random Forest,val,1.7157749154775546,2.5071380138730035,0.5851113183163976,55.560151358853226,45.48779342159245
31202,14th & R St NW,outgoing_trips,Random Forest,test,1.8503772845088577,2.714837374345539,0.5815834060288663,54.73613188877273,45.457605415978804
31202,14th & R St NW,outgoing_trips,Random Forest,test_forecast_weather,1.8628346758612744,2.7262591965905036,0.5780552881077222,55.3941662256176,45.76364202016296
31202,14th & R St NW,outgoing_trips,HistGradientBoosting,val,1.6903918660564767,2.5612962682753566,0.5669931795591778,53.002060748564425,44.81485031112933
31202,14th & R St NW,outgoing_trips,HistGradientBoosting,test,1.8546566936958713,2.8273327349251898,0.5461889106498657,52.292641868500546,45.56273624300818
31202,14th & R St NW,outgoing_trips,HistGradientBoosting,test_forecast_weather,1.877030678043609,2.853478037575425,0.5377570143287704,53.3597678996441,46.11239050031966
31202,14th & R St NW,outgoing_trips,Soft Two-Stage,val,1.7104576045597761,2.5889031796399578,0.5576085534970402,50.661687504860076,45.34682345029585
31202,14th & R St NW,outgoing_trips,Soft Two-Stage,test,1.8874338505808912,2.8705113169110024,0.5322220051274476,50.14643407068117,46.36796179177098
31202,14th & R St NW,outgoing_trips,Soft Two-Stage,test_forecast_weather,1.9109708968535333,2.8982229220081868,0.5231466532171386,51.0772833465758,46.946188605878994
31202,14th & R St NW,outgoing_trips,GAM,val,1.911935723190477,2.629395853700161,0.5436615623909158,67.00051894266309,50.68831373353243
31202,14th & R St NW,outgoing_trips,GAM,test,2.181843281995572,2.9829129348012837,0.49487086816737447,72.73667417680532,53.60062070735181
31202,14th & R St NW,outgoing_trips,GAM,test_forecast_weather,2.1992581280228243,3.0018287248503532,0.4884441218945471,72.96240854604062,54.02844545731732
31202,14th & R St NW,outgoing_trips,XGBoost,val,1.7135438519818142,2.580023574409355,0.5606380408237728,50.55923182442018,45.42864454694158
31202,14th & R St NW,outgoing_trips,XGBoost,test,1.8973574789988643,2.8603261975928698,0.5355356462972474,49.6342871682574,46.611752281794615
31202,14th & R St NW,outgoing_trips,XGBoost,test_forecast_weather,1.9201412868263217,2.8928643013514894,0.5249083630617275,50.38707193708145,47.17147453669084
31202,14th & R St NW,outgoing_trips,LightGBM,val,1.6914931980388817,2.5751760331866254,0.5622875020089164,52.64592321122409,44.84404829115125
31202,14th & R St NW,outgoing_trips,LightGBM,test,1.863292330382891,2.8476933952052703,0.5396292558641276,51.91584775676931,45.77488506709974
31202,14th & R St NW,outgoing_trips,LightGBM,test_forecast_weather,1.8814964360928474,2.868736422164046,0.5328002993280387,52.91318792161883,46.22209929807946
31202,14th & R St NW,outgoing_trips,Poisson,val,2.0555315186845897,2.9387914633402303,0.4299504031241408,61.79416020758034,54.49525590451493
31202,14th & R St NW,outgoing_trips,Poisson,test,2.32194363332494,3.5584529490690233,0.28114099602488063,65.2267957732858,57.04241960030614
31202,14th & R St NW,outgoing_trips,Poisson,test_forecast_weather,2.336105371666974,3.5734663304741403,0.27506235918294253,65.97872196727373,57.39032633205539
31202,14th & R St NW,outgoing_trips,Naive (same hour last week),val,2.3143572811112376,3.4356033162858957,0.22092166005473513,82.11950138782626,61.35711914033023
31202,14th & R St NW,outgoing_trips,Naive (same hour last week),test,2.391254709441717,3.5583791084157905,0.2811708294769225,77.85786357366312,58.7451618331744
31202,14th & R St NW,outgoing_trips,Naive (same hour last week),test_forecast_weather,2.391254709441717,3.5583791084157905,0.2811708294769225,77.85786357366312,58.7451618331744
31202,14th & R St NW,incoming_trips,Linear Regression,val,1.6668392767460796,2.512479245110435,0.6742942256623871,56.40947222805921,44.51967329905369
31202,14th & R St NW,incoming_trips,Linear Regression,test,1.7914300207226035,2.7206154739333543,0.6702975811168106,55.57918822591748,43.75787264427141
31202,14th & R St NW,incoming_trips,Linear Regression,test_forecast_weather,1.8055958886274106,2.719569981261381,0.6705509320473738,55.94396036435004,44.10389132013578
31202,14th & R St NW,incoming_trips,Polynomial Regression,val,1.642936328548335,2.480996190324356,0.6824057089044879,54.59528946069503,43.88124855139285
31202,14th & R St NW,incoming_trips,Polynomial Regression,test,1.8631158525671137,2.9865097559856784,0.6027026381329729,56.594566194668175,45.50888689766962
31202,14th & R St NW,incoming_trips,Polynomial Regression,test_forecast_weather,1.884639182461024,2.932147177610689,0.6170347774109537,56.69308982675763,46.034620595042
31202,14th & R St NW,incoming_trips,Random Forest,val,1.617120666217676,2.4303439347230587,0.6952414010849999,53.39273903845901,43.191737049598125
31202,14th & R St NW,incoming_trips,Random Forest,test,1.7802646245917828,2.7170168158131767,0.6711692232829293,51.793065707632266,43.48514416687422
31202,14th & R St NW,incoming_trips,Random Forest,test_forecast_weather,1.7896809408715888,2.734463951914291,0.6669325357102095,52.4658674346452,43.71514922639852
31202,14th & R St NW,incoming_trips,HistGradientBoosting,val,1.5995488325852207,2.5218310243163984,0.671865073527115,51.26059147977779,42.722410280367335
31202,14th & R St NW,incoming_trips,HistGradientBoosting,test,1.7859625677424664,2.84838941561537,0.638601344711351,50.150771758264476,43.62432340794853
31202,14th & R St NW,incoming_trips,HistGradientBoosting,test_forecast_weather,1.7975472341599563,2.87420990142823,0.6320195314912418,50.71653042700054,43.90729307567712
31202,14th & R St NW,incoming_trips,Soft Two-Stage,val,1.6152730964834703,2.517063421718108,0.6731045999844643,49.610032746599906,43.14239023967376
31202,14th & R St NW,incoming_trips,Soft Two-Stage,test,1.8121177140796365,2.8667346394977304,0.6339311339126195,48.830293753648206,44.263194895628814
31202,14th & R St NW,incoming_trips,Soft Two-Stage,test_forecast_weather,1.8296786840636088,2.898949235299678,0.6256575948984202,49.44730192032488,44.692143098561445
31202,14th & R St NW,incoming_trips,GAM,val,1.7759865650196032,2.568101544681148,0.6597133772830326,62.16097592338462,47.43489235058745
31202,14th & R St NW,incoming_trips,GAM,test,2.054366901612786,2.9439483032878933,0.613945904178619,67.85978830646935,50.18042804101172
31202,14th & R St NW,incoming_trips,GAM,test_forecast_weather,2.0778947862670574,2.9670307719010798,0.6078683410121035,68.26403399142909,50.75512544385832
31202,14th & R St NW,incoming_trips,XGBoost,val,1.6336793366859135,2.5249899330575083,0.6710424985959014,49.0115656801964,43.63400320554792
31202,14th & R St NW,incoming_trips,XGBoost,test,1.8381264259624714,2.8775333496080053,0.6311680480459011,47.681035235051134,44.89848954238904
31202,14th & R St NW,incoming_trips,XGBoost,test_forecast_weather,1.8605331831207113,2.918404186109028,0.6206162850361104,48.505525831368615,45.44580203283502
31202,14th & R St NW,incoming_trips,LightGBM,val,1.5994702356906185,2.5248179878931603,0.6710872993493762,51.193072953710036,42.72031103293609
31202,14th & R St NW,incoming_trips,LightGBM,test,1.78843987512318,2.860121342338545,0.6356181611907872,50.130817554232095,43.684834675266835
31202,14th & R St NW,incoming_trips,LightGBM,test_forecast_weather,1.8047375530393839,2.8920808442541905,0.6274293293891996,50.76047550544243,44.08292542199159
31202,14th & R St NW,incoming_trips,Poisson,val,1.865655471323694,2.828815903831677,0.5871142803294949,55.364316598859475,49.82986256123343
31202,14th & R St NW,incoming_trips,Poisson,test,2.1392009068542857,3.4622637275846757,0.46604077081020534,58.16538293801633,52.252602535309656
31202,14th & R St NW,incoming_trips,Poisson,test_forecast_weather,2.1751063084126327,3.536960214431381,0.44275246629874343,59.03904395010453,53.12963595021124
31202,14th & R St NW,incoming_trips,Naive (same hour last week),val,2.164750085392235,3.3758962359128706,0.4119710998285677,77.87261342673953,57.81839192312371
31202,14th & R St NW,incoming_trips,Naive (same hour last week),test,2.2874757392396394,3.587982122245857,0.4265595208316145,76.5705159768308,55.87439694358459
31202,14th & R St NW,incoming_trips,Naive (same hour last week),test_forecast_weather,2.2874757392396394,3.587982122245857,0.4265595208316145,76.5705159768308,55.87439694358459
31203,14th St & Rhode Island Ave NW,outgoing_trips,Linear Regression,val,1.6429366320830738,2.3463245732709903,0.5185155105539274,57.47565502236365,49.32797470203274
31203,14th St & Rhode Island Ave NW,outgoing_trips,Linear Regression,test,1.7357975510907837,2.468027324172001,0.5090947656204348,59.23846404248481,50.68795049176254
31203,14th St & Rhode Island Ave NW,outgoing_trips,Linear Regression,test_forecast_weather,1.7484194427574893,2.4684601717452157,0.5089225586351163,59.97580173548982,51.0565290852237
31203,14th St & Rhode Island Ave NW,outgoing_trips,Polynomial Regression,val,1.668043964500848,2.6238312536000032,0.39788710966778684,57.968148216560564,50.08180405500615
31203,14th St & Rhode Island Ave NW,outgoing_trips,Polynomial Regression,test,1.7985334424032742,2.6786092186209354,0.42174891804531267,62.489432075126295,52.51993472915578
31203,14th St & Rhode Island Ave NW,outgoing_trips,Polynomial Regression,test_forecast_weather,1.806345404858216,2.810588445322514,0.36336245261245714,63.502115640751335,52.748056013179244
31203,14th St & Rhode Island Ave NW,outgoing_trips,Random Forest,val,1.6224068755310241,2.322943457132328,0.5280636810832845,57.95868709580788,48.71158372744329
31203,14th St & Rhode Island Ave NW,outgoing_trips,Random Forest,test,1.740577912203723,2.488119615394901,0.5010692790217944,61.51545410049775,50.827544367369256
31203,14th St & Rhode Island Ave NW,outgoing_trips,Random Forest,test_forecast_weather,1.7558328725293613,2.5038818763516715,0.4947277942264604,62.60569464568119,51.273012603716204
31203,14th St & Rhode Island Ave NW,outgoing_trips,HistGradientBoosting,val,1.6008686367104128,2.4029642632537698,0.4949891053046084,54.01626351156893,48.06491380790878
31203,14th St & Rhode Island Ave NW,outgoing_trips,HistGradientBoosting,test,1.6993918505739887,2.5411373976138334,0.4795799367695033,55.66177877909968,49.62484820529277
31203,14th St & Rhode Island Ave NW,outgoing_trips,HistGradientBoosting,test_forecast_weather,1.7105939561251435,2.5501929743049474,0.47586419839566607,56.535522056860785,49.951966866811574
31203,14th St & Rhode Island Ave NW,outgoing_trips,Soft Two-Stage,val,1.6145444303703447,2.3980852290707646,0.4970377949247421,53.35795850167986,48.475519543098955
31203,14th St & Rhode Island Ave NW,outgoing_trips,Soft Two-Stage,test,1.708890533907208,2.5274113793384365,0.48518687715758924,55.0279238073347,49.902224325698405
31203,14th St & Rhode Island Ave NW,outgoing_trips,Soft Two-Stage,test_forecast_weather,1.7221813303134548,2.540680699872381,0.479766981602301,55.8656795350848,50.290335963379064
31203,14th St & Rhode Island Ave NW,outgoing_trips,GAM,val,1.7704163503648658,2.4312462963692294,0.48303155236302686,65.95245939808126,53.155460312633295
31203,14th St & Rhode Island Ave NW,outgoing_trips,GAM,test,2.007098720242993,2.6799524529715817,0.4211688248666442,76.95453216256686,58.61036069547717
31203,14th St & Rhode Island Ave NW,outgoing_trips,GAM,test_forecast_weather,2.017299577693046,2.694075592093492,0.41505195978496556,77.22285526686018,58.90824137694079
31203,14th St & Rhode Island Ave NW,outgoing_trips,XGBoost,val,1.6287109481513897,2.4010476669734246,0.495794374046552,52.96242658471185,48.900858912295
31203,14th St & Rhode Island Ave NW,outgoing_trips,XGBoost,test,1.7196940859356955,2.528563429594919,0.48471744367557323,54.150894827717664,50.21770461313805
31203,14th St & Rhode Island Ave NW,outgoing_trips,XGBoost,test_forecast_weather,1.736755165058215,2.5449946083354495,0.4779988389901517,55.127096815554864,50.715914288197716
31203,14th St & Rhode Island Ave NW,outgoing_trips,LightGBM,val,1.5970732412299313,2.386226109853288,0.5020000375138263,54.0778652776941,47.95095982539393
31203,14th St & Rhode Island Ave NW,outgoing_trips,LightGBM,test,1.6938270774538924,2.526865174505158,0.4854093680694719,55.54521407393317,49.4623482961115
31203,14th St & Rhode Island Ave NW,outgoing_trips,LightGBM,test_forecast_weather,1.7087412935171447,2.5421751376617303,0.47915479563716723,56.41950994466926,49.897866277435135
31203,14th St & Rhode Island Ave NW,outgoing_trips,Poisson,val,1.8070710867798105,2.5148744855830873,0.44685530339637725,58.52274544222576,54.25599205273672
31203,14th St & Rhode Island Ave NW,outgoing_trips,Poisson,test,1.9088722281081552,2.6623303135210645,0.42875605471523903,62.25151734753219,55.74199648607878
31203,14th St & Rhode Island Ave NW,outgoing_trips,Poisson,test_forecast_weather,1.923143844128427,2.6766391141088253,0.42259920715363586,63.04581865810375,56.15874956066308
31203,14th St & Rhode Island Ave NW,outgoing_trips,Naive (same hour last week),val,2.1755664351588297,3.197687881543762,0.10571022468389402,83.97364869610226,65.31979626021263
31203,14th St & Rhode Island Ave NW,outgoing_trips,Naive (same hour last week),test,2.2536819271606348,3.3216295655383896,0.11079861461067575,83.24095365807305,65.81096849474912
31203,14th St & Rhode Island Ave NW,outgoing_trips,Naive (same hour last week),test_forecast_weather,2.2536819271606348,3.3216295655383896,0.11079861461067575,83.24095365807305,65.81096849474912
31203,14th St & Rhode Island Ave NW,incoming_trips,Linear Regression,val,1.5393904079842633,2.3451375858361843,0.6422600626812134,56.1131205904447,47.142489377007614
31203,14th St & Rhode Island Ave NW,incoming_trips,Linear Regression,test,1.6348386757796065,2.5315684017573457,0.6376665358939227,57.22746070479903,47.46760354411633
31203,14th St & Rhode Island Ave NW,incoming_trips,Linear Regression,test_forecast_weather,1.6428149225205089,2.5227303399962575,0.6401920340372713,57.516010119786166,47.69919417362395
31203,14th St & Rhode Island Ave NW,incoming_trips,Polynomial Regression,val,1.5729329630427953,2.6701898755341187,0.5362167476037157,56.08287969194928,48.16970088704627
31203,14th St & Rhode Island Ave NW,incoming_trips,Polynomial Regression,test,1.7275567096667948,3.108724080290469,0.45362166795341097,59.20369410915667,50.159675207914134
31203,14th St & Rhode Island Ave NW,incoming_trips,Polynomial Regression,test_forecast_weather,1.720357602684926,3.266551501452015,0.39673499475153784,58.653435329198224,49.9506488610643
31203,14th St & Rhode Island Ave NW,incoming_trips,Random Forest,val,1.5475319059268415,2.3227631530166395,0.6490537322447123,56.91023674934688,47.39181565465638
31203,14th St & Rhode Island Ave NW,incoming_trips,Random Forest,test,1.6149963263308191,2.4725169886838163,0.6543729837678418,56.6782829094076,46.89148016816934
31203,14th St & Rhode Island Ave NW,incoming_trips,Random Forest,test_forecast_weather,1.6236753998309943,2.4869759496887447,0.6503187995734772,57.44904856062016,47.14347739954148
31203,14th St & Rhode Island Ave NW,incoming_trips,HistGradientBoosting,val,1.4924666800686046,2.373327799723035,0.6336077956079543,52.43619650417255,45.70549111242174
31203,14th St & Rhode Island Ave NW,incoming_trips,HistGradientBoosting,test,1.5961285765647273,2.5804477752361503,0.6235396328801521,52.7226283639999,46.34365433132378
31203,14th St & Rhode Island Ave NW,incoming_trips,HistGradientBoosting,test_forecast_weather,1.6009779398531132,2.5879772137571067,0.6213394948772226,53.28306832436041,46.48445578006901
31203,14th St & Rhode Island Ave NW,incoming_trips,Soft Two-Stage,val,1.5144491581066013,2.3721327626782234,0.6339766801942217,51.2750828231457,46.37868534048214
31203,14th St & Rhode Island Ave NW,incoming_trips,Soft Two-Stage,test,1.614870485709365,2.568580140695658,0.626994397980907,51.43076086084674,46.88782638090738
31203,14th St & Rhode Island Ave NW,incoming_trips,Soft Two-Stage,test_forecast_weather,1.62411328761508,2.584536957683092,0.6223455495278722,51.9931997693905,47.15619148811776
31203,14th St & Rhode Island Ave NW,incoming_trips,GAM,val,1.5909204549551823,2.342321262849837,0.6431187809452759,58.924754302484175,48.7205521473897
31203,14th St & Rhode Island Ave NW,incoming_trips,GAM,test,1.6953800156750929,2.513337008519073,0.642866519804919,61.13199976114792,49.22542366592017
31203,14th St & Rhode Island Ave NW,incoming_trips,GAM,test_forecast_weather,1.7039592128626775,2.519510830038367,0.6411098223019993,61.34478350982883,49.474520984732294
31203,14th St & Rhode Island Ave NW,incoming_trips,XGBoost,val,1.5092377744671541,2.372819115263292,0.6337648392721364,50.54717819660305,46.21909125922251
31203,14th St & Rhode Island Ave NW,incoming_trips,XGBoost,test,1.616635360564608,2.5594548425241372,0.6296400161031812,50.68720402946255,46.93906958990089
31203,14th St & Rhode Island Ave NW,incoming_trips,XGBoost,test_forecast_weather,1.6265721028587283,2.574349502084756,0.6253168790099377,51.422101769838044,47.22758328285743
31203,14th St & Rhode Island Ave NW,incoming_trips,LightGBM,val,1.4921007324237652,2.3695498511366533,0.6347733397796775,52.28839985037632,45.69428428479055
31203,14th St & Rhode Island Ave NW,incoming_trips,LightGBM,test,1.5901418623438326,2.561270657080852,0.6291143232139103,52.6094284543435,46.16982985470756
31203,14th St & Rhode Island Ave NW,incoming_trips,LightGBM,test_forecast_weather,1.5974869273456418,2.573578964975255,0.6255411407442744,53.17215371170242,46.38309409825464
31203,14th St & Rhode Island Ave NW,incoming_trips,Poisson,val,1.7023794690959149,2.5171069291289063,0.587870120144514,54.63383285562221,52.13388729801053
31203,14th St & Rhode Island Ave NW,incoming_trips,Poisson,test,1.7977093078187178,2.7010620555173226,0.5875244241856897,54.298748760537244,52.1965585811786
31203,14th St & Rhode Island Ave NW,incoming_trips,Poisson,test_forecast_weather,1.8060434724199066,2.7269409311544397,0.5795827037493995,54.90319768670416,52.438541369463195
31203,14th St & Rhode Island Ave NW,incoming_trips,Naive (same hour last week),val,2.016053740179893,3.164023397889665,0.3488063679645792,79.36706301376807,61.739888423988845
31203,14th St & Rhode Island Ave NW,incoming_trips,Naive (same hour last week),test,2.1657723484416027,3.4431431303133078,0.3297462282185547,83.40930901594291,62.88328305764577
31203,14th St & Rhode Island Ave NW,incoming_trips,Naive (same hour last week),test_forecast_weather,2.1657723484416027,3.4431431303133078,0.3297462282185547,83.40930901594291,62.88328305764577
31212,New Hampshire Ave & Ward Pl NW,outgoing_trips,Linear Regression,val,1.4855550524155923,2.1428237708051125,0.5297880152503585,56.565588931760225,51.46994092846606
31212,New Hampshire Ave & Ward Pl NW,outgoing_trips,Linear Regression,test,1.3358792762690845,1.891073629906893,0.49758990211918885,57.34335297791584,52.75458332209608
31212,New Hampshire Ave & Ward Pl NW,outgoing_trips,Linear Regression,test_forecast_weather,1.3564230787224656,1.9037457745149386,0.4908340098562285,57.883779679165016,53.56586901050531
31212,New Hampshire Ave & Ward Pl NW,outgoing_trips,Polynomial Regression,val,1.484401101225755,2.2659871400697686,0.474181738466123,57.33171419845634,51.429960047596865
31212,New Hampshire Ave & Ward Pl NW,outgoing_trips,Polynomial Regression,test,1.378083739860144,1.9368039549170157,0.4729973380811535,62.01222661701786,54.421260042538336
31212,New Hampshire Ave & Ward Pl NW,outgoing_trips,Polynomial Regression,test_forecast_weather,1.3940924044160181,1.9670123366347996,0.4564297871265711,61.846485670812356,55.05345072263257
31212,New Hampshire Ave & Ward Pl NW,outgoing_trips,Random Forest,val,1.448792358418591,2.1176214598704814,0.5407835444298135,56.937501481826814,50.196225972349055
31212,New Hampshire Ave & Ward Pl NW,outgoing_trips,Random Forest,test,1.3321658049093166,1.8809429312889943,0.5029584208012305,59.656899262951704,52.607936362491905
31212,New Hampshire Ave & Ward Pl NW,outgoing_trips,Random Forest,test_forecast_weather,1.338780164364167,1.8893424661969738,0.49850933329469516,59.89480317886132,52.86914093627474
31212,New Hampshire Ave & Ward Pl NW,outgoing_trips,HistGradientBoosting,val,1.4026245272836524,2.1633925465416133,0.5207176438844411,54.78670633732611,48.596651767780344
31212,New Hampshire Ave & Ward Pl NW,outgoing_trips,HistGradientBoosting,test,1.2807626399500978,1.89857829402587,0.49359439357059476,58.03314728919802,50.57799803121238
31212,New Hampshire Ave & Ward Pl NW,outgoing_trips,HistGradientBoosting,test_forecast_weather,1.2875219866252074,1.906747739118118,0.4892269639748068,58.33182937566701,50.84492822745804
31212,New Hampshire Ave & Ward Pl NW,outgoing_trips,Soft Two-Stage,val,1.4270423067145541,2.1703588619066516,0.5176260110559905,52.54386141452392,49.44265317504509
31212,New Hampshire Ave & Ward Pl NW,outgoing_trips,Soft Two-Stage,test,1.290005128785034,1.884499105414738,0.5010771969913485,55.12471516692889,50.94298883240809
31212,New Hampshire Ave & Ward Pl NW,outgoing_trips,Soft Two-Stage,test_forecast_weather,1.2989864253413719,1.895890068855471,0.49502743274166094,55.360856646649026,51.29766501156481
31212,New Hampshire Ave & Ward Pl NW,outgoing_trips,GAM,val,1.4672739132129358,2.1217057694413324,0.5390104315847528,56.47017972508935,50.83655534417836
31212,New Hampshire Ave & Ward Pl NW,outgoing_trips,GAM,test,1.3679341644905547,1.8787659034754793,0.504108319739172,59.01344576848575,54.02044791150933
31212,New Hampshire Ave & Ward Pl NW,outgoing_trips,GAM,test_forecast_weather,1.3803026111505332,1.8934621676485777,0.4963199533312108,58.57313549699247,54.508884450259345
31212,New Hampshire Ave & Ward Pl NW,outgoing_trips,XGBoost,val,1.4431172336957059,2.183017031363397,0.511982909622424,51.910115688829805,49.99960025068791
31212,New Hampshire Ave & Ward Pl NW,outgoing_trips,XGBoost,test,1.3001592761699057,1.8913070951540873,0.497465842922053,55.72776006426,51.34398151475295
31212,New Hampshire Ave & Ward Pl NW,outgoing_trips,XGBoost,test_forecast_weather,1.3107668798586232,1.905520817488842,0.48988407959685476,55.919372220708375,51.762881427780336
31212,New Hampshire Ave & Ward Pl NW,outgoing_trips,LightGBM,val,1.404727851403825,2.1697028565188594,0.5179175684737014,54.70934688821368,48.6695255182635
31212,New Hampshire Ave & Ward Pl NW,outgoing_trips,LightGBM,test,1.2792135093640096,1.9016520207322785,0.49195336307790916,57.68372007986902,50.516822040213526
31212,New Hampshire Ave & Ward Pl NW,outgoing_trips,LightGBM,test_forecast_weather,1.2871149124465546,1.911764505774767,0.4865356797159571,57.97914333280515,50.82885265157516
31212,New Hampshire Ave & Ward Pl NW,outgoing_trips,Poisson,val,1.609141572718854,2.311840502179607,0.45268604771263166,57.22632281828446,55.75183602836171
31212,New Hampshire Ave & Ward Pl NW,outgoing_trips,Poisson,test,1.397117390810591,1.9533963883437995,0.4639290870487697,53.98667423185628,55.17290904467974
31212,New Hampshire Ave & Ward Pl NW,outgoing_trips,Poisson,test_forecast_weather,1.4112617828790017,1.9719740212388368,0.45368407429468993,54.60363436276656,55.731478612430905
31212,New Hampshire Ave & Ward Pl NW,outgoing_trips,Naive (same hour last week),val,1.9919162017533871,2.989544953277519,0.08476849851491486,83.33272170435828,69.0138067061144
31212,New Hampshire Ave & Ward Pl NW,outgoing_trips,Naive (same hour last week),test,1.7708642539102637,2.6279127333193983,0.02979532974647492,82.47510717976189,69.93237150586114
31212,New Hampshire Ave & Ward Pl NW,outgoing_trips,Naive (same hour last week),test_forecast_weather,1.7708642539102637,2.6279127333193983,0.02979532974647492,82.47510717976189,69.93237150586114
31212,New Hampshire Ave & Ward Pl NW,incoming_trips,Linear Regression,val,1.5239872935767185,2.1825605596053412,0.51640206946056,58.85832241718286,50.84782099788907
31212,New Hampshire Ave & Ward Pl NW,incoming_trips,Linear Regression,test,1.3731147482223687,1.9543370636692086,0.456055091454141,59.337900842502634,52.563751932519246
31212,New Hampshire Ave & Ward Pl NW,incoming_trips,Linear Regression,test_forecast_weather,1.3896872756585519,1.9663712530327733,0.44933558532957496,59.821651765624665,53.19815937893123
31212,New Hampshire Ave & Ward Pl NW,incoming_trips,Polynomial Regression,val,1.5028263811711569,2.197421389267635,0.5097941125135677,56.96900764988217,50.141787364482106
31212,New Hampshire Ave & Ward Pl NW,incoming_trips,Polynomial Regression,test,1.4203043739974555,1.9871553865620348,0.4376332490857945,63.08050925260896,54.37020240305805
31212,New Hampshire Ave & Ward Pl NW,incoming_trips,Polynomial Regression,test_forecast_weather,1.4238362137380716,1.9944475752113207,0.43349828420537373,62.70143390538112,54.50540359307622
31212,New Hampshire Ave & Ward Pl NW,incoming_trips,Random Forest,val,1.4930657695604215,2.157585879395118,0.5274062104709935,56.47482718310928,49.81612465449469
31212,New Hampshire Ave & Ward Pl NW,incoming_trips,Random Forest,test,1.3551582246734353,1.9222314986257143,0.473779990338015,59.36971769231923,51.87636418825497
31212,New Hampshire Ave & Ward Pl NW,incoming_trips,Random Forest,test_forecast_weather,1.3615615967207457,1.9292574743438458,0.4699261716137103,59.71968377543801,52.12148955761117
31212,New Hampshire Ave & Ward Pl NW,incoming_trips,HistGradientBoosting,val,1.469327552628168,2.199146930043253,0.5090239349188168,53.76837447706764,49.02409928101047
31212,New Hampshire Ave & Ward Pl NW,incoming_trips,HistGradientBoosting,test,1.313635340725986,1.9377477278520299,0.4652504204200607,55.9131516419262,50.28684038905167
31212,New Hampshire Ave & Ward Pl NW,incoming_trips,HistGradientBoosting,test_forecast_weather,1.3202468341951203,1.944175672951832,0.46169676675632665,56.20206427105422,50.539932785783215
31212,New Hampshire Ave & Ward Pl NW,incoming_trips,Soft Two-Stage,val,1.4841351401383684,2.20470457563608,0.5065392270062301,52.98907370454957,49.518154292034986
31212,New Hampshire Ave & Ward Pl NW,incoming_trips,Soft Two-Stage,test,1.3286598740151427,1.9338833966767164,0.46738113015601745,55.059485698030166,50.86198958305421
31212,New Hampshire Ave & Ward Pl NW,incoming_trips,Soft Two-Stage,test_forecast_weather,1.3365985830829163,1.941300052510821,0.4632879922980305,55.39134958345571,51.16588868154043
31212,New Hampshire Ave & Ward Pl NW,incoming_trips,GAM,val,1.5331681820452994,2.1833511068623217,0.5160516771164174,58.829610086084884,51.15414125096438
31212,New Hampshire Ave & Ward Pl NW,incoming_trips,GAM,test,1.427151145242592,1.9462168196347955,0.4605658682949427,62.4404461063747,54.63230139058548
31212,New Hampshire Ave & Ward Pl NW,incoming_trips,GAM,test_forecast_weather,1.4443537201482406,1.9600427111698513,0.45287438291316495,62.44674729487754,55.29082747597762
31212,New Hampshire Ave & Ward Pl NW,incoming_trips,XGBoost,val,1.4880949054640167,2.2084813877978813,0.5048471136948613,52.4400903082724,49.65027182301496
31212,New Hampshire Ave & Ward Pl NW,incoming_trips,XGBoost,test,1.3190223477599508,1.9297588341280119,0.46965063324187106,54.7959812548937,50.493058625188624
31212,New Hampshire Ave & Ward Pl NW,incoming_trips,XGBoost,test_forecast_weather,1.3308058960174272,1.941484214157108,0.46318615697884813,55.331091287918056,50.94414074217318
31212,New Hampshire Ave & Ward Pl NW,incoming_trips,LightGBM,val,1.4695943939208542,2.1972224684851214,0.5098828599204891,53.9521715375022,49.03300243810539
31212,New Hampshire Ave & Ward Pl NW,incoming_trips,LightGBM,test,1.3143688970609892,1.9311137151869904,0.46890565666857154,56.08232206734122,50.31492141670908
31212,New Hampshire Ave & Ward Pl NW,incoming_trips,LightGBM,test_forecast_weather,1.3217153180117427,1.9392747004085176,0.4644073079276365,56.413908389411624,50.59614732950857
31212,New Hampshire Ave & Ward Pl NW,incoming_trips,Poisson,val,1.6479406327569341,2.2920486542430156,0.46666572771571757,58.282380954079905,54.98352293535995
31212,New Hampshire Ave & Ward Pl NW,incoming_trips,Poisson,test,1.4483173557426678,1.9839374514721277,0.43945313137706343,56.20833657627367,55.44255810038909
31212,New Hampshire Ave & Ward Pl NW,incoming_trips,Poisson,test_forecast_weather,1.45565893429048,1.9942554125891951,0.43360744246273963,56.58342260741143,55.72359864276174
31212,New Hampshire Ave & Ward Pl NW,incoming_trips,Naive (same hour last week),val,2.035295457133098,3.0295895502513446,0.0682070588156023,84.29608339510874,67.90761282479866
31212,New Hampshire Ave & Ward Pl NW,incoming_trips,Naive (same hour last week),test,1.8265783765270007,2.675274856693,-0.019278338924530125,82.34444494765418,69.92264324111709
31212,New Hampshire Ave & Ward Pl NW,incoming_trips,Naive (same hour last week),test_forecast_weather,1.8265783765270007,2.675274856693,-0.019278338924530125,82.34444494765418,69.92264324111709
31213,17th & K St NW,outgoing_trips,Linear Regression,val,1.210090642554227,1.8770412018460667,0.6140432165358152,55.90367949163952,54.046407900095474
31213,17th & K St NW,outgoing_trips,Linear Regression,test,1.3675052192821597,2.071693981139852,0.6338614127721005,57.44918829857703,52.664343192457075
31213,17th & K St NW,outgoing_trips,Linear Regression,test_forecast_weather,1.3835577822682628,2.0763686169265894,0.6322072152192482,57.652899341989475,53.28254755050877
31213,17th & K St NW,outgoing_trips,Polynomial Regression,val,1.212857902150441,1.8483599417696768,0.625747971820525,58.64745263770269,54.17000231165687
31213,17th & K St NW,outgoing_trips,Polynomial Regression,test,1.4020628979656298,2.164429939299781,0.600348582076244,60.4684663086227,53.99520279318041
31213,17th & K St NW,outgoing_trips,Polynomial Regression,test_forecast_weather,1.4274921556459579,2.215142512306291,0.5814015297686336,60.64856181121204,54.97451543837032
31213,17th & K St NW,outgoing_trips,Random Forest,val,1.182428070246621,1.838662409885986,0.6296647416750736,57.4112295598995,52.81091147203698
31213,17th & K St NW,outgoing_trips,Random Forest,test,1.3497365330296818,2.0751276529438982,0.6326467144525245,58.77467595710848,51.980048772454204
31213,17th & K St NW,outgoing_trips,Random Forest,test_forecast_weather,1.3555213537671928,2.085922444975893,0.6288148378307561,59.259264349712936,52.20282948314651
31213,17th & K St NW,outgoing_trips,HistGradientBoosting,val,1.1221262188138503,1.8715585122006715,0.6162946224237287,54.169212251635834,50.11764342660589
31213,17th & K St NW,outgoing_trips,HistGradientBoosting,test,1.2853638545277146,2.1126911157419994,0.6192268603964335,54.72348188445969,49.5009760895544
31213,17th & K St NW,outgoing_trips,HistGradientBoosting,test_forecast_weather,1.28896669083349,2.1192221337191866,0.6168690334403356,55.047531202180636,49.63972583982826
31213,17th & K St NW,outgoing_trips,Soft Two-Stage,val,1.150771954122096,1.8790627031161358,0.6132114476258496,51.71954198865387,51.397050969002635
31213,17th & K St NW,outgoing_trips,Soft Two-Stage,test,1.3111997114996834,2.1170236401104394,0.6176635457839883,52.27418827372578,50.495947384038544
31213,17th & K St NW,outgoing_trips,Soft Two-Stage,test_forecast_weather,1.3188756143776548,2.129217955107669,0.6132462507970176,52.59896001214125,50.7915560426217
31213,17th & K St NW,outgoing_trips,GAM,val,1.2150440960499707,1.916834924793819,0.5975049957422907,55.24484671852098,54.26764452380826
31213,17th & K St NW,outgoing_trips,GAM,test,1.3635632412438705,2.149107096326486,0.6059871286896352,56.28490383323958,52.512532668198475
31213,17th & K St NW,outgoing_trips,GAM,test_forecast_weather,1.374258466809921,2.161094537492408,0.6015793643323644,56.10561046960033,52.92441923491074
31213,17th & K St NW,outgoing_trips,XGBoost,val,1.1468760278616974,1.8720352630639752,0.6160991113901522,52.174270088160746,51.22304679740294
31213,17th & K St NW,outgoing_trips,XGBoost,test,1.3272938547752666,2.126441171067382,0.614254349907517,52.53294054722305,51.11575305125115
31213,17th & K St NW,outgoing_trips,XGBoost,test_forecast_weather,1.334706758902686,2.136757411681009,0.6105024493534226,52.747849813510264,51.40123329769886
31213,17th & K St NW,outgoing_trips,LightGBM,val,1.1272776146512598,1.8831412790646196,0.6115305473066646,54.25917217478726,50.34772077031281
31213,17th & K St NW,outgoing_trips,LightGBM,test,1.2916643935352488,2.1308089094758804,0.6126680690805437,54.77190429363343,49.743617758420875
31213,17th & K St NW,outgoing_trips,LightGBM,test_forecast_weather,1.2943388070165984,2.135165098862233,0.6110827406414929,54.961702719019044,49.8466127798909
31213,17th & K St NW,outgoing_trips,Poisson,val,1.3221551430873475,2.0484644144850273,0.5403281435245466,53.103325979807025,59.051556683123174
31213,17th & K St NW,outgoing_trips,Poisson,test,1.5539666610030352,2.6152609652432868,0.41652217389963186,57.87528204227696,59.84520745570517
31213,17th & K St NW,outgoing_trips,Poisson,test_forecast_weather,1.5768643746465123,2.699898919139275,0.3781447533132647,58.613943025979054,60.72702716113613
31213,17th & K St NW,outgoing_trips,Naive (same hour last week),val,1.5433223272230445,2.562861069165256,0.2804827752841099,79.99581656584785,68.92957030256801
31213,17th & K St NW,outgoing_trips,Naive (same hour last week),test,1.7241694257335312,2.758416114157241,0.35089664285986266,81.63572882323359,66.39992965177629
31213,17th & K St NW,outgoing_trips,Naive (same hour last week),test_forecast_weather,1.7241694257335312,2.758416114157241,0.35089664285986266,81.63572882323359,66.39992965177629
31213,17th & K St NW,incoming_trips,Linear Regression,val,1.2187846778229388,1.8282142923882203,0.6444305289008475,56.30237085573815,51.48910930889308
31213,17th & K St NW,incoming_trips,Linear Regression,test,1.3395877088648123,2.046424926627109,0.6707703429774741,56.695360042483166,49.61708703461981
31213,17th & K St NW,incoming_trips,Linear Regression,test_forecast_weather,1.3524739898119282,2.049852454929053,0.6696665751724137,56.94614156899688,50.094382936242724
31213,17th & K St NW,incoming_trips,Polynomial Regression,val,1.2153194271975476,1.819262763925225,0.6479039707444156,56.47356006024039,51.342715387571246
31213,17th & K St NW,incoming_trips,Polynomial Regression,test,1.380722659431113,2.221133001216308,0.6121565646174727,56.601553710774,51.140687474446544
31213,17th & K St NW,incoming_trips,Polynomial Regression,test_forecast_weather,1.3733986086720629,2.1353329186122365,0.6415418113923184,56.06261646340105,50.869411423201115
31213,17th & K St NW,incoming_trips,Random Forest,val,1.1844504084472605,1.790198851556456,0.6590640369051772,55.93340962946806,50.03861441747133
31213,17th & K St NW,incoming_trips,Random Forest,test,1.2877109875753598,1.9866587357541414,0.6897199463316768,55.56690459278123,47.695621364058596
31213,17th & K St NW,incoming_trips,Random Forest,test_forecast_weather,1.2929132474002736,1.992458191688398,0.687905762594797,55.81865836258041,47.88830824585164
31213,17th & K St NW,incoming_trips,HistGradientBoosting,val,1.1331189845226037,1.7890968707165154,0.6594836430998339,52.86377534405331,47.87005310756146
31213,17th & K St NW,incoming_trips,HistGradientBoosting,test,1.2262052159872654,2.0045045843313134,0.6841205137677324,51.304550326330144,45.41750459587474
31213,17th & K St NW,incoming_trips,HistGradientBoosting,test_forecast_weather,1.2316592491513005,2.0111410433550945,0.6820254409952966,51.720053681271935,45.61951692877301
31213,17th & K St NW,incoming_trips,Soft Two-Stage,val,1.1485050537373707,1.7774417740984847,0.6639057891136433,51.68234849987753,48.5200571764085
31213,17th & K St NW,incoming_trips,Soft Two-Stage,test,1.2479562862256368,2.0063311617736006,0.6835445697361091,50.57538527633135,46.22314407582186
31213,17th & K St NW,incoming_trips,Soft Two-Stage,test_forecast_weather,1.257036480455972,2.017480552670566,0.6800176456818703,50.903650149492684,46.55946605342464
31213,17th & K St NW,incoming_trips,GAM,val,1.2259963096810214,1.8772937998610324,0.6250833241419482,56.73974516598235,51.793773871709526
31213,17th & K St NW,incoming_trips,GAM,test,1.3496412520777685,2.1478024060102823,0.6373430836753377,55.596943119934195,49.98946095631416
31213,17th & K St NW,incoming_trips,GAM,test_forecast_weather,1.362297707386401,2.1629029819143772,0.6322256859903045,55.68848441488525,50.458244329319555
31213,17th & K St NW,incoming_trips,XGBoost,val,1.1458382509481637,1.7850742420254708,0.6610131644847385,51.082696348078095,48.407394699748544
31213,17th & K St NW,incoming_trips,XGBoost,test,1.2624564495817105,2.0364209764227366,0.6739813542153041,49.26538782325402,46.76021668591933
31213,17th & K St NW,incoming_trips,XGBoost,test_forecast_weather,1.2708108415821968,2.046193978288963,0.6708446489055525,49.488328705963994,47.06965562169512
31213,17th & K St NW,incoming_trips,LightGBM,val,1.1297309691340194,1.7873309750543385,0.6601555123632347,53.43990643839921,47.72692208708077
31213,17th & K St NW,incoming_trips,LightGBM,test,1.2262019570681761,2.0116394108485056,0.6818678311459656,52.07919331871088,45.417383888532456
31213,17th & K St NW,incoming_trips,LightGBM,test_forecast_weather,1.2309314907293696,2.0182226397060425,0.6797822050698347,52.36421765501178,45.592561431404555
31213,17th & K St NW,incoming_trips,Poisson,val,1.3478627481511432,2.00675283907419,0.5715915401857699,53.86286148026136,56.94217660900187
31213,17th & K St NW,incoming_trips,Poisson,test,1.524178806739155,2.4231077209595164,0.5384138617381844,56.9877792564524,56.45417019717633
31213,17th & K St NW,incoming_trips,Poisson,test_forecast_weather,1.5294298490014546,2.418683081580756,0.5400980522510545,57.35959194338049,56.64866393523232
31213,17th & K St NW,incoming_trips,Naive (same hour last week),val,1.5516338380963224,2.4812171558569713,0.34506256163589766,78.37595064886905,65.55074555074555
31213,17th & K St NW,incoming_trips,Naive (same hour last week),test,1.69585569128896,2.7376850643125015,0.4107843295119533,82.16326233418923,62.81292286874154
31213,17th & K St NW,incoming_trips,Naive (same hour last week),test_forecast_weather,1.69585569128896,2.7376850643125015,0.4107843295119533,82.16326233418923,62.81292286874154
31214,17th & Corcoran St NW,outgoing_trips,Linear Regression,val,1.561710192728133,2.253273943563943,0.5959247333473601,55.379881138588104,46.93895223711995
31214,17th & Corcoran St NW,outgoing_trips,Linear Regression,test,1.7226079638330967,2.451854808058523,0.5572403731687714,56.78103151880286,48.74749016287831
31214,17th & Corcoran St NW,outgoing_trips,Linear Regression,test_forecast_weather,1.731438265874302,2.4535281786436394,0.5566358073822864,57.08221431048586,48.9973758425724
31214,17th & Corcoran St NW,outgoing_trips,Polynomial Regression,val,1.5388672085001678,2.316219666116919,0.5730335324717242,55.336752760666585,46.2523807140407
31214,17th & Corcoran St NW,outgoing_trips,Polynomial Regression,test,1.7284064180781802,2.631348585673344,0.4900409724357072,56.219752928045295,48.91157862479575
31214,17th & Corcoran St NW,outgoing_trips,Polynomial Regression,test_forecast_weather,1.7431770196896286,2.6861520402763155,0.4685777957729671,56.46170220241877,49.32956679846684
31214,17th & Corcoran St NW,outgoing_trips,Random Forest,val,1.5208478739985756,2.2153259754399075,0.6094203980378737,54.36294300529889,45.71078939610393
31214,17th & Corcoran St NW,outgoing_trips,Random Forest,test,1.6991581173842902,2.4633300470247295,0.5530862429225017,56.288609613747056,48.08389102535861
31214,17th & Corcoran St NW,outgoing_trips,Random Forest,test_forecast_weather,1.7039559205217167,2.469628378759723,0.5507979506102005,56.78962007443017,48.219662405821005
31214,17th & Corcoran St NW,outgoing_trips,HistGradientBoosting,val,1.4890993688702352,2.280835622021145,0.5859791112980843,50.0380020931507,44.75655244948079
31214,17th & Corcoran St NW,outgoing_trips,HistGradientBoosting,test,1.677308654598956,2.5440853160888066,0.5233036160288665,51.7188180215086,47.46558059457306
31214,17th & Corcoran St NW,outgoing_trips,HistGradientBoosting,test_forecast_weather,1.6843928697684805,2.5519165124319803,0.5203643682222642,52.232399923335215,47.66605436256823
31214,17th & Corcoran St NW,outgoing_trips,Soft Two-Stage,val,1.5222538381640658,2.30230640113539,0.5781476032525428,49.731349823617876,45.75304722672982
31214,17th & Corcoran St NW,outgoing_trips,Soft Two-Stage,test,1.7139680022544606,2.576933722851268,0.5109142462493939,50.97183680395146,48.50299086245419
31214,17th & Corcoran St NW,outgoing_trips,Soft Two-Stage,test_forecast_weather,1.7221142754059644,2.5895240937485897,0.5061234254453885,51.366930552286846,48.733519443915874
31214,17th & Corcoran St NW,outgoing_trips,GAM,val,1.6585183606692362,2.466651894248335,0.5157718788586171,57.132146534750426,49.848630353014514
31214,17th & Corcoran St NW,outgoing_trips,GAM,test,2.0015906949533724,2.9675994529894836,0.3513818762101403,61.938667604229394,56.64232649617662
31214,17th & Corcoran St NW,outgoing_trips,GAM,test_forecast_weather,2.007661685585141,2.9738537568695396,0.3486450313812878,61.941258216364524,56.81412737154384
31214,17th & Corcoran St NW,outgoing_trips,XGBoost,val,1.5298461165445132,2.2801469585772436,0.586229088108633,49.00826329603645,45.981241672748126
31214,17th & Corcoran St NW,outgoing_trips,XGBoost,test,1.717489391078941,2.529837964308939,0.5286278429705362,49.831063014228995,48.60264143338215
31214,17th & Corcoran St NW,outgoing_trips,XGBoost,test_forecast_weather,1.721423200195608,2.5337508680693133,0.5271685714235075,50.26212977083975,48.7139629442793
31214,17th & Corcoran St NW,outgoing_trips,LightGBM,val,1.4861165226740822,2.2751184597475294,0.5880520866413214,49.957799782693016,44.666899660004326
31214,17th & Corcoran St NW,outgoing_trips,LightGBM,test,1.6738201218290225,2.537251637397442,0.525861089072365,51.69769489055851,47.3668598058297
31214,17th & Corcoran St NW,outgoing_trips,LightGBM,test_forecast_weather,1.6804115755613038,2.545569725486969,0.5227471731886988,52.10257673636026,47.55338908743041
31214,17th & Corcoran St NW,outgoing_trips,Poisson,val,1.715293885720678,2.4464004516242657,0.5236903554310598,56.84575658839044,51.55508246624022
31214,17th & Corcoran St NW,outgoing_trips,Poisson,test,1.9285598540507982,2.7537999007810945,0.4414741543133218,61.179761282431166,54.57565185329201
31214,17th & Corcoran St NW,outgoing_trips,Poisson,test_forecast_weather,1.937644977062751,2.77016577124064,0.4348157740352845,61.45743865987319,54.83274862397466
31214,17th & Corcoran St NW,outgoing_trips,Naive (same hour last week),val,2.0578390071729475,3.105602727716855,0.23241570930014255,79.01300772579043,61.85066046129628
31214,17th & Corcoran St NW,outgoing_trips,Naive (same hour last week),test,2.2032195456102293,3.275631797325825,0.20974241774787616,80.12895189141189,62.34815197725511
31214,17th & Corcoran St NW,outgoing_trips,Naive (same hour last week),test_forecast_weather,2.2032195456102293,3.275631797325825,0.20974241774787616,80.12895189141189,62.34815197725511
31214,17th & Corcoran St NW,incoming_trips,Linear Regression,val,1.495509485379936,2.218750889740935,0.6517296573375977,55.12629894971995,45.720560444470664
31214,17th & Corcoran St NW,incoming_trips,Linear Regression,test,1.6344712100231689,2.4208710824515594,0.6442659954981189,54.04461705343023,46.0747081893439
31214,17th & Corcoran St NW,incoming_trips,Linear Regression,test_forecast_weather,1.649387060651141,2.4221152390947367,0.643900257266288,54.53298409981363,46.49517657132899
31214,17th & Corcoran St NW,incoming_trips,Polynomial Regression,val,1.497513326065511,2.2422490640365176,0.6443137252564657,54.45541668059736,45.78182165349779
31214,17th & Corcoran St NW,incoming_trips,Polynomial Regression,test,1.6277139097839894,2.4379079506258847,0.6392414247296727,52.86515005475682,45.884224175456886
31214,17th & Corcoran St NW,incoming_trips,Polynomial Regression,test_forecast_weather,1.6444253660209251,2.470269280798147,0.629600278796601,53.35433411269914,46.35530954228014
31214,17th & Corcoran St NW,incoming_trips,Random Forest,val,1.4598624509531462,2.1681635378594795,0.6674296884455679,52.89498880060959,44.630763015494736
31214,17th & Corcoran St NW,incoming_trips,Random Forest,test,1.607955657870279,2.3879802797340215,0.6538665845883994,51.583239859943255,45.327251568247206
31214,17th & Corcoran St NW,incoming_trips,Random Forest,test_forecast_weather,1.6154146113954166,2.397704139109039,0.6510419336814567,52.06799363939534,45.53751474386088
31214,17th & Corcoran St NW,incoming_trips,HistGradientBoosting,val,1.4306261820132726,2.2231038136070764,0.6503617873408408,49.83162011412595,43.736954842224144
31214,17th & Corcoran St NW,incoming_trips,HistGradientBoosting,test,1.5836377520157972,2.475543928379927,0.6280167964938361,48.81098224459207,44.64174520438455
31214,17th & Corcoran St NW,incoming_trips,HistGradientBoosting,test_forecast_weather,1.5909188410439046,2.484817946707232,0.6252244881992415,49.25534275911425,44.846994492480555
31214,17th & Corcoran St NW,incoming_trips,Soft Two-Stage,val,1.461819338861326,2.2405439752639396,0.6448544734630313,49.01672110421295,44.69058878909473
31214,17th & Corcoran St NW,incoming_trips,Soft Two-Stage,test,1.6290856182275613,2.5151714765174225,0.6160123521379292,48.17264493625363,45.9228917676854
31214,17th & Corcoran St NW,incoming_trips,Soft Two-Stage,test_forecast_weather,1.6412058622204893,2.535365639556027,0.6098215705683407,48.529837286046885,46.26455376927544
31214,17th & Corcoran St NW,incoming_trips,GAM,val,1.536290616956431,2.316488319196582,0.6203707793442481,55.215057366707796,46.967316957528396
31214,17th & Corcoran St NW,incoming_trips,GAM,test,1.8083179753089043,2.733363672395936,0.5465004170412284,58.05161085867764,50.975338393829475
31214,17th & Corcoran St NW,incoming_trips,GAM,test_forecast_weather,1.8127566283286307,2.7347215293179348,0.5460497338724366,58.04885694813162,51.100461211156265
31214,17th & Corcoran St NW,incoming_trips,XGBoost,val,1.4585059691998705,2.227513836874947,0.6489732403841979,48.361692360321605,44.58929279641639
31214,17th & Corcoran St NW,incoming_trips,XGBoost,test,1.6348534604391278,2.4924247612782886,0.6229263628965083,47.71382753058446,46.08548358646473
31214,17th & Corcoran St NW,incoming_trips,XGBoost,test_forecast_weather,1.6415221729283966,2.504871811367332,0.6191507834166876,48.161584486961175,46.27347036779038
31214,17th & Corcoran St NW,incoming_trips,LightGBM,val,1.4352621892995936,2.225949956562024,0.6494659611232341,49.63116335605442,43.878686374807096
31214,17th & Corcoran St NW,incoming_trips,LightGBM,test,1.5870210235054885,2.4819445297571456,0.6260907598386557,48.683193560697504,44.73711748482419
31214,17th & Corcoran St NW,incoming_trips,LightGBM,test_forecast_weather,1.5966807067246256,2.4948609142028326,0.6221888818757664,49.176418610753366,45.009417836640694
31214,17th & Corcoran St NW,incoming_trips,Poisson,val,1.6445871656682591,2.4208313135534,0.5854007990305625,53.80364749486532,50.278147781211736
31214,17th & Corcoran St NW,incoming_trips,Poisson,test,1.8275814381951168,2.745132287830252,0.5425868860892717,54.242968464643006,51.51836321173734
31214,17th & Corcoran St NW,incoming_trips,Poisson,test_forecast_weather,1.84872520836916,2.796884230473212,0.5251777777329854,54.7399136013283,52.11439270116335
31214,17th & Corcoran St NW,incoming_trips,Naive (same hour last week),val,1.9658431060002277,3.020895765535861,0.3543890540952417,78.5386612265122,60.09955097636534
31214,17th & Corcoran St NW,incoming_trips,Naive (same hour last week),test,2.1183925105605663,3.2531260489072316,0.3576320887327602,76.59467204487906,59.71614315139032
31214,17th & Corcoran St NW,incoming_trips,Naive (same hour last week),test_forecast_weather,2.1183925105605663,3.2531260489072316,0.3576320887327602,76.59467204487906,59.71614315139032
31228,8th & H St NW,outgoing_trips,Linear Regression,val,1.466833898539194,2.1832297681084616,0.5073546720399009,58.28981450621821,52.997663955200714
31228,8th & H St NW,outgoing_trips,Linear Regression,test,1.4828109384771497,2.200059117701701,0.5219979647678865,57.8293423697319,51.67478718119421
31228,8th & H St NW,outgoing_trips,Linear Regression,test_forecast_weather,1.500851671805693,2.2040745486786677,0.5202515246446507,58.18560045894024,52.30349245383172
31228,8th & H St NW,outgoing_trips,Polynomial Regression,val,1.4921956899857267,2.254783818487315,0.47453317924764926,60.824630462687054,53.914001995740826
31228,8th & H St NW,outgoing_trips,Polynomial Regression,test,1.5576344801080897,2.5283988140539577,0.3686761448202934,64.0736275880226,54.282328365030466
31228,8th & H St NW,outgoing_trips,Polynomial Regression,test_forecast_weather,1.5650865691417295,2.3838034848930856,0.4388203102268886,63.208993726091244,54.54202776761522
31228,8th & H St NW,outgoing_trips,Random Forest,val,1.4552114907667246,2.1748107185239935,0.5111468595879736,58.49009466998947,52.577738793879405
31228,8th & H St NW,outgoing_trips,Random Forest,test,1.478066109961529,2.1828584383744274,0.5294430546440311,59.454298577897966,51.50943366417218
31228,8th & H St NW,outgoing_trips,Random Forest,test_forecast_weather,1.4884293429709408,2.1928609810555937,0.5251206947635123,60.27453687846981,51.87058412939631
31228,8th & H St NW,outgoing_trips,HistGradientBoosting,val,1.401189327086373,2.1926662535717223,0.5030867866425901,55.825287006971934,50.62588284092152
31228,8th & H St NW,outgoing_trips,HistGradientBoosting,test,1.4300880512548402,2.212553489947968,0.5165532982298258,57.20312308180734,49.83743630516888
31228,8th & H St NW,outgoing_trips,HistGradientBoosting,test_forecast_weather,1.4350346012179114,2.217606357593793,0.5143426565039286,57.65072616150568,50.00981965492037
31228,8th & H St NW,outgoing_trips,Soft Two-Stage,val,1.416781542286197,2.1817198639245876,0.5080358555170814,54.02786577677941,51.189239729728364
31228,8th & H St NW,outgoing_trips,Soft Two-Stage,test,1.445910759591652,2.2028359176018593,0.5207905848138239,55.40815508578502,50.38884516297954
31228,8th & H St NW,outgoing_trips,Soft Two-Stage,test_forecast_weather,1.4526293737424627,2.210034888211649,0.5176533093175821,55.75261267485415,50.622983546630984
31228,8th & H St NW,outgoing_trips,GAM,val,1.536887265217616,2.1899485376954666,0.5043178285329606,62.37901333408548,55.52873771198455
31228,8th & H St NW,outgoing_trips,GAM,test,1.6335581509210846,2.270945717964818,0.4906989741765472,66.6575880570867,56.928208179827244
31228,8th & H St NW,outgoing_trips,GAM,test_forecast_weather,1.6443909415838318,2.2804086189215105,0.48644567446604436,66.94888077195155,57.30572235749496
31228,8th & H St NW,outgoing_trips,XGBoost,val,1.4203268975044316,2.206565631290468,0.4967669232412315,54.20309447301005,51.31733572249547
31228,8th & H St NW,outgoing_trips,XGBoost,test,1.4503105373407346,2.2285182978266835,0.509551452562357,54.883920861998526,50.542173933983825
31228,8th & H St NW,outgoing_trips,XGBoost,test_forecast_weather,1.4594794079302023,2.238106059564058,0.5053222575940222,55.613783416203724,50.861701814516756
31228,8th & H St NW,outgoing_trips,LightGBM,val,1.3981822852512544,2.1928700127131444,0.5029944284790652,55.55153066003691,50.51723646123561
31228,8th & H St NW,outgoing_trips,LightGBM,test,1.429109467516793,2.2168464844443814,0.5146754249843066,57.16946183967402,49.80333343669766
31228,8th & H St NW,outgoing_trips,LightGBM,test_forecast_weather,1.4350959135134524,2.224832100659314,0.5111726147763316,57.495919653864966,50.01195633987558
31228,8th & H St NW,outgoing_trips,Poisson,val,1.5979037059561434,2.2788491547069594,0.4632566935901229,55.214655375845076,57.73330144972153
31228,8th & H St NW,outgoing_trips,Poisson,test,1.615536644924721,2.277039121999305,0.4879621932899598,56.05070219692955,56.300172964492845
31228,8th & H St NW,outgoing_trips,Poisson,test_forecast_weather,1.6292888889610908,2.2931776602385754,0.4806783257340822,56.682529040683484,56.779427780736036
31228,8th & H St NW,outgoing_trips,Naive (same hour last week),val,1.9628828418535809,3.0122146872524724,0.06220627274237567,84.85350019872708,70.92023530379696
31228,8th & H St NW,outgoing_trips,Naive (same hour last week),test,2.0142710355063365,3.0523274431090477,0.07992488049998958,85.50093917047893,70.19575077584149
31228,8th & H St NW,outgoing_trips,Naive (same hour last week),test_forecast_weather,2.0142710355063365,3.0523274431090477,0.07992488049998958,85.50093917047893,70.19575077584149
31228,8th & H St NW,incoming_trips,Linear Regression,val,1.5130045682119628,2.264479180319642,0.5381808482739601,57.836901120202675,49.93506359013103
31228,8th & H St NW,incoming_trips,Linear Regression,test,1.5058416425923793,2.235292978861049,0.5423248849657485,55.63015373570228,49.03404196240251
31228,8th & H St NW,incoming_trips,Linear Regression,test_forecast_weather,1.531467837940716,2.2473280122914243,0.5373832835485368,56.332744747840025,49.868496198827955
31228,8th & H St NW,incoming_trips,Polynomial Regression,val,1.575149315869296,2.30656636247901,0.5208547540075441,60.17843209132864,51.986083125206775
31228,8th & H St NW,incoming_trips,Polynomial Regression,test,1.6239295865125503,2.3719939116711424,0.48463427569003537,60.70964846445036,52.87928639824317
31228,8th & H St NW,incoming_trips,Polynomial Regression,test_forecast_weather,1.6394102821678476,2.374799261848692,0.48341451177772066,61.20190128242962,53.3833773058782
31228,8th & H St NW,incoming_trips,Random Forest,val,1.5144332959716458,2.2478872265281624,0.5449235998917419,59.837686456241016,49.98221718968497
31228,8th & H St NW,incoming_trips,Random Forest,test,1.560032856769842,2.2687773772519493,0.528510356753821,61.21203312381597,50.798646018242486
31228,8th & H St NW,incoming_trips,Random Forest,test_forecast_weather,1.5783656509527293,2.291459629377366,0.5190357328516425,62.091859627058696,51.395608523346425
31228,8th & H St NW,incoming_trips,HistGradientBoosting,val,1.4392360930923351,2.2314704194487307,0.5515463704415351,56.02299281146015,47.500415623139865
31228,8th & H St NW,incoming_trips,HistGradientBoosting,test,1.4586123481641702,2.208348283126938,0.5532922087712209,56.630275024087574,47.49613575809497
31228,8th & H St NW,incoming_trips,HistGradientBoosting,test_forecast_weather,1.4689552292091095,2.223916080794716,0.5469718573551353,57.142768015565025,47.83292632678757
31228,8th & H St NW,incoming_trips,Soft Two-Stage,val,1.4565104431309528,2.2263459569385797,0.553603709023087,54.66170741142696,48.070536682771525
31228,8th & H St NW,incoming_trips,Soft Two-Stage,test,1.4665254211418783,2.202885436382183,0.5554995398436935,54.298368198393554,47.75380558303919
31228,8th & H St NW,incoming_trips,Soft Two-Stage,test_forecast_weather,1.4788602736911858,2.21970926705184,0.5486841544146079,54.96959430517771,48.15545982103831
31228,8th & H St NW,incoming_trips,GAM,val,1.6761490437889843,2.3765171428935705,0.4913521913782908,66.9670361750515,55.319468854646956
31228,8th & H St NW,incoming_trips,GAM,test,1.8639592614300076,2.559551041264617,0.39991056564489846,75.58057706252659,60.695264399663316
31228,8th & H St NW,incoming_trips,GAM,test_forecast_weather,1.886605490726954,2.580305637638866,0.3901392353798463,75.90736365459566,61.432683346137
31228,8th & H St NW,incoming_trips,XGBoost,val,1.4603557687239466,2.2360678327077665,0.5496966031374761,53.55297315262422,48.19744745491666
31228,8th & H St NW,incoming_trips,XGBoost,test,1.4777145171762522,2.2165372833949193,0.549973101257442,52.77572843681023,48.11815106861517
31228,8th & H St NW,incoming_trips,XGBoost,test_forecast_weather,1.4900545199069124,2.23362076948406,0.5430093968908667,53.38187668175899,48.51997300964588
31228,8th & H St NW,incoming_trips,LightGBM,val,1.438148801882943,2.230385151734199,0.5519824720280593,55.81387105462869,47.46453076408345
31228,8th & H St NW,incoming_trips,LightGBM,test,1.457712037374232,2.2106584588128118,0.5523571087556373,56.14553118021095,47.46681934406817
31228,8th & H St NW,incoming_trips,LightGBM,test_forecast_weather,1.46859871501169,2.2259453042030644,0.5461447445630183,56.63798659550405,47.82131731583847
31228,8th & H St NW,incoming_trips,Poisson,val,1.6522803204449998,2.3702051587359727,0.49405052099389457,56.114716143112794,54.53170770505199
31228,8th & H St NW,incoming_trips,Poisson,test,1.6298913613158026,2.3291291445927644,0.5030925237841691,54.1865542811952,53.07341698117073
31228,8th & H St NW,incoming_trips,Poisson,test_forecast_weather,1.6443760664396359,2.341474424160895,0.49781096245043344,55.05184267671913,53.545075898526974
31228,8th & H St NW,incoming_trips,Naive (same hour last week),val,2.0357508823864285,3.109303342823847,0.1293141981965037,83.79828190952989,67.18773485645573
31228,8th & H St NW,incoming_trips,Naive (same hour last week),test,2.042813106519009,3.127554327683378,0.10402041107704263,79.56202792561417,66.51920145730324
31228,8th & H St NW,incoming_trips,Naive (same hour last week),test_forecast_weather,2.042813106519009,3.127554327683378,0.10402041107704263,79.56202792561417,66.51920145730324
31229,New Hampshire Ave & T St NW,outgoing_trips,Linear Regression,val,2.295059711583264,3.2589137792891605,0.6754180340194473,55.258955275318364,39.76938295946772
31229,New Hampshire Ave & T St NW,outgoing_trips,Linear Regression,test,2.390848595026454,3.431543669200592,0.6600696325053653,58.52070804982454,40.2921515446891
31229,New Hampshire Ave & T St NW,outgoing_trips,Linear Regression,test_forecast_weather,2.406873731785048,3.4253619771644295,0.6612932521548401,59.33987670014026,40.5622176794267
31229,New Hampshire Ave & T St NW,outgoing_trips,Polynomial Regression,val,2.244296166737006,3.3536889665916214,0.6562646405782004,54.679034280945,38.88973924249521
31229,New Hampshire Ave & T St NW,outgoing_trips,Polynomial Regression,test,2.4029422935845366,3.4321481010770514,0.6599498713337337,58.0900147680086,40.495962499532375
31229,New Hampshire Ave & T St NW,outgoing_trips,Polynomial Regression,test_forecast_weather,2.428274644754503,3.4914311797931896,0.6481011271553083,59.432263266004625,40.922879927280356
31229,New Hampshire Ave & T St NW,outgoing_trips,Random Forest,val,2.270758120484084,3.236435774012297,0.6798801303532563,57.293182820469156,39.348278759838436
31229,New Hampshire Ave & T St NW,outgoing_trips,Random Forest,test,2.4030932416279485,3.4602079605611276,0.6543669166750994,61.80304020899767,40.49850637514758
31229,New Hampshire Ave & T St NW,outgoing_trips,Random Forest,test_forecast_weather,2.4094131262689173,3.4574547256647583,0.6549167278348649,62.418284599109455,40.60501322389934
31229,New Hampshire Ave & T St NW,outgoing_trips,HistGradientBoosting,val,2.2073561911772717,3.2935477647001523,0.6684824091403889,48.93583774755291,38.24963387742173
31229,New Hampshire Ave & T St NW,outgoing_trips,HistGradientBoosting,test,2.343689536631994,3.5389168912290105,0.6384639314112979,51.90419227307167,39.49739610451309
31229,New Hampshire Ave & T St NW,outgoing_trips,HistGradientBoosting,test_forecast_weather,2.354922213014781,3.5371029504879408,0.6388344611250607,52.82158040937757,39.68669654788253
31229,New Hampshire Ave & T St NW,outgoing_trips,Soft Two-Stage,val,2.225400743331905,3.3056817482709575,0.6660351763631303,48.6149427603365,38.56231450239538
31229,New Hampshire Ave & T St NW,outgoing_trips,Soft Two-Stage,test,2.364429025827406,3.5570714279646607,0.6347450787962485,50.83831979728143,39.84691160430647
31229,New Hampshire Ave & T St NW,outgoing_trips,Soft Two-Stage,test_forecast_weather,2.3731908135559854,3.5550951436416254,0.635150832272127,51.61009372467685,39.994571008459765
31229,New Hampshire Ave & T St NW,outgoing_trips,GAM,val,2.3904337693260684,3.4748982523818706,0.6309690165055117,55.11687654034285,41.422049078623004
31229,New Hampshire Ave & T St NW,outgoing_trips,GAM,test,2.7518349343486066,3.968545862357803,0.5453536478217704,63.16712559573067,46.375730538268066
31229,New Hampshire Ave & T St NW,outgoing_trips,GAM,test_forecast_weather,2.7666492821534896,3.9765858382803345,0.5435096230430891,63.42305156930493,46.62539166195101
31229,New Hampshire Ave & T St NW,outgoing_trips,XGBoost,val,2.24139871918106,3.3207917909572076,0.6629751384686126,46.87570781189396,38.83953152856262
31229,New Hampshire Ave & T St NW,outgoing_trips,XGBoost,test,2.3962781853949533,3.583488184827298,0.6292997682584192,49.406838600214655,40.383654569350824
31229,New Hampshire Ave & T St NW,outgoing_trips,XGBoost,test_forecast_weather,2.4067952151412246,3.5821988184381266,0.629566481810286,50.38777130320147,40.56089446535188
31229,New Hampshire Ave & T St NW,outgoing_trips,LightGBM,val,2.206621976563406,3.3003522111053862,0.667111168115438,48.84581782452819,38.236911218396386
31229,New Hampshire Ave & T St NW,outgoing_trips,LightGBM,test,2.3500948157719868,3.5507981266182247,0.6360322801938347,51.718876293923444,39.60534207747495
31229,New Hampshire Ave & T St NW,outgoing_trips,LightGBM,test_forecast_weather,2.356336269407387,3.542855755123006,0.6376586941595097,52.661880519384574,39.71052715538404
31229,New Hampshire Ave & T St NW,outgoing_trips,Poisson,val,2.684746860067958,4.02949428580058,0.5037737506474473,59.19132923585696,46.52198175428496
31229,New Hampshire Ave & T St NW,outgoing_trips,Poisson,test,2.88435990417158,4.345143935562607,0.4549714675681972,65.0807978114464,48.60912841158824
31229,New Hampshire Ave & T St NW,outgoing_trips,Poisson,test_forecast_weather,2.894197046863744,4.36025308158035,0.4511744779966086,65.70751895111638,48.77491040420121
31229,New Hampshire Ave & T St NW,outgoing_trips,Naive (same hour last week),val,2.9594671524536036,4.364511222890028,0.41782992948964415,75.94203740669754,51.28240539794026
31229,New Hampshire Ave & T St NW,outgoing_trips,Naive (same hour last week),test,3.0855120447539672,4.579996415413609,0.39446230974911967,77.2982638770006,51.99907646130758
31229,New Hampshire Ave & T St NW,outgoing_trips,Naive (same hour last week),test_forecast_weather,3.0855120447539672,4.579996415413609,0.39446230974911967,77.2982638770006,51.99907646130758
31229,New Hampshire Ave & T St NW,incoming_trips,Linear Regression,val,2.1358038485511113,3.090761034443507,0.7174651322914436,51.574994962116904,37.77287503891187
31229,New Hampshire Ave & T St NW,incoming_trips,Linear Regression,test,2.307253319213127,3.379950298306299,0.7014030338679419,53.51359487150571,38.864654749106286
31229,New Hampshire Ave & T St NW,incoming_trips,Linear Regression,test_forecast_weather,2.322147281298346,3.3750998553173512,0.7022594300940519,54.32591579892132,39.1155369081948
31229,New Hampshire Ave & T St NW,incoming_trips,Polynomial Regression,val,2.1058908934208356,3.0626615622895876,0.7225790778325196,50.231227554555026,37.24384784526438
31229,New Hampshire Ave & T St NW,incoming_trips,Polynomial Regression,test,2.30955077934922,3.41880604977622,0.6944982585272816,53.483067849896784,38.90335444204661
31229,New Hampshire Ave & T St NW,incoming_trips,Polynomial Regression,test_forecast_weather,2.332434435341068,3.489804010067494,0.6816778662089635,54.34078545228963,39.28881943720536
31229,New Hampshire Ave & T St NW,incoming_trips,Random Forest,val,2.2288593742196112,3.231816051523649,0.6910882254220436,58.41548781624062,39.418613595446914
31229,New Hampshire Ave & T St NW,incoming_trips,Random Forest,test,2.400392964618821,3.5141811870822837,0.6772152103916769,60.09274975870939,40.433550601158196
31229,New Hampshire Ave & T St NW,incoming_trips,Random Forest,test_forecast_weather,2.4037808188009206,3.5183009006745176,0.6764579584045289,60.8519382873826,40.49061749625428
31229,New Hampshire Ave & T St NW,incoming_trips,HistGradientBoosting,val,2.110688017597874,3.197643032518988,0.6975865137953804,46.94090027278424,37.32868764560857
31229,New Hampshire Ave & T St NW,incoming_trips,HistGradientBoosting,test,2.316312788458248,3.5896795373178945,0.6631968680217974,48.289427963133974,39.017257474385644
31229,New Hampshire Ave & T St NW,incoming_trips,HistGradientBoosting,test_forecast_weather,2.3209624572675263,3.5906922397976637,0.663006806777896,49.01550987701787,39.095579074994255
31229,New Hampshire Ave & T St NW,incoming_trips,Soft Two-Stage,val,2.1473943765038785,3.236713050936229,0.6901513609208241,46.24996640999897,37.97785995093545
31229,New Hampshire Ave & T St NW,incoming_trips,Soft Two-Stage,test,2.348670891741594,3.6215391999019557,0.6571918460080958,47.62405879450361,39.56231531522649
31229,New Hampshire Ave & T St NW,incoming_trips,Soft Two-Stage,test_forecast_weather,2.3492134345482607,3.617331515176538,0.6579879664480479,48.31175954575194,39.57145420721209
31229,New Hampshire Ave & T St NW,incoming_trips,GAM,val,2.298864026189178,3.2824954178630006,0.6813239304454706,56.724802797997555,40.65668467242469
31229,New Hampshire Ave & T St NW,incoming_trips,GAM,test,2.8824412686677032,4.102894117998329,0.5600073907904325,70.36764168193434,48.55343962818595
31229,New Hampshire Ave & T St NW,incoming_trips,GAM,test_forecast_weather,2.8925724032812545,4.106917627615207,0.5591440087608563,70.67469794655473,48.72409407938712
31229,New Hampshire Ave & T St NW,incoming_trips,XGBoost,val,2.191905008194281,3.3023207045165415,0.6774628902528976,45.37530799872544,38.76505514673265
31229,New Hampshire Ave & T St NW,incoming_trips,XGBoost,test,2.4108604018939355,3.701611187765383,0.6418653341373771,46.79045795378342,40.60986992093883
31229,New Hampshire Ave & T St NW,incoming_trips,XGBoost,test_forecast_weather,2.4192147055146136,3.711484393944247,0.6399523006658621,47.57103542773301,40.7505944452826
31229,New Hampshire Ave & T St NW,incoming_trips,LightGBM,val,2.1026683067866565,3.177957692531218,0.7012984903657845,46.96500109084674,37.186854614206446
31229,New Hampshire Ave & T St NW,incoming_trips,LightGBM,test,2.296211814038822,3.556888129696405,0.669322097058406,48.005195959085974,38.67866551119453
31229,New Hampshire Ave & T St NW,incoming_trips,LightGBM,test_forecast_weather,2.3036262092023314,3.560969692554023,0.6685627495703451,48.79287710600894,38.80355769611574
31229,New Hampshire Ave & T St NW,incoming_trips,Poisson,val,2.5188472101898896,3.9289490688196436,0.5434440645656935,54.088185175352386,44.54720922858081
31229,New Hampshire Ave & T St NW,incoming_trips,Poisson,test,2.7475757599111454,4.364644205321218,0.5020766917935505,56.885270281970136,46.28169018839156
31229,New Hampshire Ave & T St NW,incoming_trips,Poisson,test_forecast_weather,2.7893296531616,4.471592457108969,0.47737618911742574,57.87588243956255,46.98501592731101
31229,New Hampshire Ave & T St NW,incoming_trips,Naive (same hour last week),val,2.8171467607878857,4.185293293175906,0.48192457728197313,72.31627465344245,49.822802142483184
31229,New Hampshire Ave & T St NW,incoming_trips,Naive (same hour last week),test,2.983103093960498,4.499686026265582,0.4707886073552465,73.39692323134834,50.24904325083175
31229,New Hampshire Ave & T St NW,incoming_trips,Naive (same hour last week),test_forecast_weather,2.983103093960498,4.499686026265582,0.4707886073552465,73.39692323134834,50.24904325083175
31230,Metro Center / 12th & G St NW,outgoing_trips,Linear Regression,val,1.1873223675593756,1.897400325699015,0.6073909729092778,60.197113037160385,59.29186009935181
31230,Metro Center / 12th & G St NW,outgoing_trips,Linear Regression,test,1.09542968513524,1.7651407280710008,0.5485095439839514,60.50080018143147,59.536290717917396
31230,Metro Center / 12th & G St NW,outgoing_trips,Linear Regression,test_forecast_weather,1.1173309816313859,1.7819940575148399,0.5398468433890361,61.63496069976766,60.726619931182114
31230,Metro Center / 12th & G St NW,outgoing_trips,Polynomial Regression,val,1.2168612450287484,1.952028544607666,0.5844582470455402,61.283749687575316,60.7669565333608
31230,Metro Center / 12th & G St NW,outgoing_trips,Polynomial Regression,test,1.1779928419249281,1.9895240153596572,0.4264275613706793,63.63446950069582,64.02357472338326
31230,Metro Center / 12th & G St NW,outgoing_trips,Polynomial Regression,test_forecast_weather,1.182128130247667,2.008948596606702,0.41517281549402696,65.63104104118761,64.24832646338618
31230,Metro Center / 12th & G St NW,outgoing_trips,Random Forest,val,1.1892518617743177,1.9054660264861667,0.6040459776302687,59.16996298954806,59.388214134431614
31230,Metro Center / 12th & G St NW,outgoing_trips,Random Forest,test,1.1376819057856777,1.8111049248582751,0.5246898092361286,61.49048125578188,61.83268685019082
31230,Metro Center / 12th & G St NW,outgoing_trips,Random Forest,test_forecast_weather,1.1412922954490083,1.819852314514881,0.5200873546708308,61.35022597214006,62.02891049787704
31230,Metro Center / 12th & G St NW,outgoing_trips,HistGradientBoosting,val,1.11497674790303,1.9146665315915816,0.6002130339043258,57.145138413441245,55.679103802776396
31230,Metro Center / 12th & G St NW,outgoing_trips,HistGradientBoosting,test,1.0528651456102318,1.7920598308610336,0.534633718298122,58.70215698648228,57.22292014395644
31230,Metro Center / 12th & G St NW,outgoing_trips,HistGradientBoosting,test_forecast_weather,1.0571186619226607,1.799343240814352,0.5308432854434614,58.7800529654382,57.45409754145312
31230,Metro Center / 12th & G St NW,outgoing_trips,Soft Two-Stage,val,1.133088772309681,1.8904705734483103,0.6102535369815122,53.61784511760077,56.58357224923771
31230,Metro Center / 12th & G St NW,outgoing_trips,Soft Two-Stage,test,1.0673699304006665,1.7722296173187253,0.544875847700661,55.05835704140433,58.011251057206735
31230,Metro Center / 12th & G St NW,outgoing_trips,Soft Two-Stage,test_forecast_weather,1.0721772924179,1.7799994045228744,0.5408764003362332,55.03385643279572,58.272529810675024
31230,Metro Center / 12th & G St NW,outgoing_trips,GAM,val,1.3326982215031866,2.0122995839795554,0.55840147496232,65.63454543502431,66.55156060645035
31230,Metro Center / 12th & G St NW,outgoing_trips,GAM,test,1.412038279545565,2.069689424930255,0.37927353236405614,76.48526661970831,76.74387745432864
31230,Metro Center / 12th & G St NW,outgoing_trips,GAM,test_forecast_weather,1.4259957574011222,2.0891331491346383,0.367555903249273,77.35652779389076,77.50246239188651
31230,Metro Center / 12th & G St NW,outgoing_trips,XGBoost,val,1.1191976286283667,1.9214679103775771,0.5973677007723887,57.03653835261622,55.88988385400809
31230,Metro Center / 12th & G St NW,outgoing_trips,XGBoost,test,1.0585343514118575,1.7881256788439146,0.5366747350554057,58.269160434983135,57.53103986110983
31230,Metro Center / 12th & G St NW,outgoing_trips,XGBoost,test_forecast_weather,1.0647281697820954,1.7984412007460868,0.5313135593380306,58.26694903178653,57.86767212162679
31230,Metro Center / 12th & G St NW,outgoing_trips,LightGBM,val,1.1058372318560916,1.900972444442919,0.6059112997005168,58.63275491053004,55.22269960991615
31230,Metro Center / 12th & G St NW,outgoing_trips,LightGBM,test,1.0506373421499031,1.7881987894948792,0.5366368465505558,60.580716344395405,57.10183966177092
31230,Metro Center / 12th & G St NW,outgoing_trips,LightGBM,test_forecast_weather,1.0550041596725785,1.7950680401316141,0.5330700493699208,60.566322238888795,57.33917494770486
31230,Metro Center / 12th & G St NW,outgoing_trips,Poisson,val,1.2638714887580207,1.9608781685626149,0.5806819456407053,53.57151177863189,63.114528574947094
31230,Metro Center / 12th & G St NW,outgoing_trips,Poisson,test,1.1681914402952553,1.7875928952133988,0.5369507954510405,51.803781888019316,63.490871342430765
31230,Metro Center / 12th & G St NW,outgoing_trips,Poisson,test_forecast_weather,1.1825355111902434,1.8068097940242343,0.526941582330634,53.21367435075752,64.2704675013362
31230,Metro Center / 12th & G St NW,outgoing_trips,Naive (same hour last week),val,1.55197540703632,2.6062528267817857,0.25924357669099074,88.16121891954012,77.50170570843757
31230,Metro Center / 12th & G St NW,outgoing_trips,Naive (same hour last week),test,1.4501655440118735,2.4187209866633013,0.15226239513491968,84.65117704454994,78.81608339538347
31230,Metro Center / 12th & G St NW,outgoing_trips,Naive (same hour last week),test_forecast_weather,1.4501655440118735,2.4187209866633013,0.15226239513491968,84.65117704454994,78.81608339538347
31230,Metro Center / 12th & G St NW,incoming_trips,Linear Regression,val,1.322168573453437,2.116355530634325,0.5928297107598682,63.2370157176543,56.21904812471698
31230,Metro Center / 12th & G St NW,incoming_trips,Linear Regression,test,1.2043586265577177,1.9450717627565262,0.5844090065467302,62.626497310588455,59.07805337152246
31230,Metro Center / 12th & G St NW,incoming_trips,Linear Regression,test_forecast_weather,1.2319972480490287,1.9601827064463822,0.5779266070201777,62.960056198738755,60.43382558054123
31230,Metro Center / 12th & G St NW,incoming_trips,Polynomial Regression,val,1.3361979060087312,2.1362989938988513,0.5851196197188977,63.472358875897314,56.81558001778993
31230,Metro Center / 12th & G St NW,incoming_trips,Polynomial Regression,test,1.2934822109812336,2.052898775414365,0.537054421916546,66.88469194440944,63.44988063387448
31230,Metro Center / 12th & G St NW,incoming_trips,Polynomial Regression,test_forecast_weather,1.283843293265299,2.0345158055880335,0.54530832249087,66.65147519535644,62.97705760366685
31230,Metro Center / 12th & G St NW,incoming_trips,Random Forest,val,1.447077248254734,2.344635025812072,0.5002540047196586,73.70405795671701,61.530206581241906
31230,Metro Center / 12th & G St NW,incoming_trips,Random Forest,test,1.6422566338920246,2.841859131594394,0.1128440656424563,95.77619779772144,80.55850053909185
31230,Metro Center / 12th & G St NW,incoming_trips,Random Forest,test_forecast_weather,1.64535129740635,2.841669640668489,0.11296237016568844,95.58804879464029,80.71030473780365
31230,Metro Center / 12th & G St NW,incoming_trips,HistGradientBoosting,val,1.222175317605816,2.0650409047836975,0.6123354016209466,58.80811061735454,51.96730158080888
31230,Metro Center / 12th & G St NW,incoming_trips,HistGradientBoosting,test,1.114927246035712,1.8912265308111258,0.6071000511558953,60.316209822194764,54.69112762111784
31230,Metro Center / 12th & G St NW,incoming_trips,HistGradientBoosting,test_forecast_weather,1.1239107385064773,1.9099332622147704,0.5992890103556079,60.115223776603536,55.1317997232204
31230,Metro Center / 12th & G St NW,incoming_trips,Soft Two-Stage,val,1.2424739808038139,2.0508522378972915,0.6176443011858095,57.04563347339116,52.830407500967745
31230,Metro Center / 12th & G St NW,incoming_trips,Soft Two-Stage,test,1.1385816672494282,1.870863894129633,0.6155151284872955,58.61293423549993,55.85146070473645
31230,Metro Center / 12th & G St NW,incoming_trips,Soft Two-Stage,test_forecast_weather,1.1476332468151407,1.8883066624206413,0.6083123126464568,58.4337248729116,56.29547271983544
31230,Metro Center / 12th & G St NW,incoming_trips,GAM,val,1.7975883721251888,2.676806051438058,0.3486226748341841,84.03811977580102,76.43405631475375
31230,Metro Center / 12th & G St NW,incoming_trips,GAM,test,2.244854311296794,3.278885877333621,-0.18099340187222812,119.64006022925622,110.11804946599808
31230,Metro Center / 12th & G St NW,incoming_trips,GAM,test_forecast_weather,2.266272527485269,3.298723019139112,-0.1953265640082773,119.98985300200793,111.16868877824527
31230,Metro Center / 12th & G St NW,incoming_trips,XGBoost,val,1.2389627809168782,2.0408536749008834,0.6213634266075918,56.50625575712519,52.68111011228186
31230,Metro Center / 12th & G St NW,incoming_trips,XGBoost,test,1.1426279041850982,1.8817967190150828,0.6110083465000342,57.99142392897989,56.0499429477894
31230,Metro Center / 12th & G St NW,incoming_trips,XGBoost,test_forecast_weather,1.151106028960616,1.900202401744487,0.6033617491145662,57.659587318096136,56.46582497572825
31230,Metro Center / 12th & G St NW,incoming_trips,LightGBM,val,1.2180669294470392,2.0566361750506226,0.6154845747811993,58.992689299214454,51.79261154789575
31230,Metro Center / 12th & G St NW,incoming_trips,LightGBM,test,1.114074147019622,1.8909417502659802,0.6072183678520595,60.64013244802551,54.649280094897335
31230,Metro Center / 12th & G St NW,incoming_trips,LightGBM,test_forecast_weather,1.1227514206279443,1.9074894416344723,0.6003137993172987,60.528012670899365,55.07493107795791
31230,Metro Center / 12th & G St NW,incoming_trips,Poisson,val,1.4687642505162386,2.2298022379607603,0.5480071970726015,60.858151163391526,62.4523451408023
31230,Metro Center / 12th & G St NW,incoming_trips,Poisson,test,1.358882000372305,2.0327129269226383,0.5461138121425182,62.043262405761205,66.65797178125571
31230,Metro Center / 12th & G St NW,incoming_trips,Poisson,test_forecast_weather,1.3747985587998004,2.0533508615347813,0.5368505011799148,62.92586119993613,67.43873530761341
31230,Metro Center / 12th & G St NW,incoming_trips,Naive (same hour last week),val,1.7089832631219402,2.894241987896685,0.23850245944651216,86.5811647996384,72.66653756777691
31230,Metro Center / 12th & G St NW,incoming_trips,Naive (same hour last week),test,1.5501769608402787,2.6509890405326684,0.22801167303144543,86.52151221134291,76.04166666666666
31230,Metro Center / 12th & G St NW,incoming_trips,Naive (same hour last week),test_forecast_weather,1.5501769608402787,2.6509890405326684,0.22801167303144543,86.52151221134291,76.04166666666666
31232,9th & F St NW,outgoing_trips,Linear Regression,val,1.351408231574152,2.1399076059530726,0.4823220849441582,62.44122862411871,59.29372813425806
31232,9th & F St NW,outgoing_trips,Linear Regression,test,1.1711777626310511,1.921097133060496,0.460101305113379,62.42374837635797,63.18271755903779
31232,9th & F St NW,outgoing_trips,Linear Regression,test_forecast_weather,1.1925492734311713,1.9322736215221652,0.4538010258399622,63.36032570000295,64.33566818171735
31232,9th & F St NW,outgoing_trips,Polynomial Regression,val,1.4209933557712513,2.293068312892054,0.40556608616183343,63.412216340019256,62.34681108871466
31232,9th & F St NW,outgoing_trips,Polynomial Regression,test,1.2974132535415732,2.066405451746243,0.3753385459636672,64.12082397479752,69.99287193748854
31232,9th & F St NW,outgoing_trips,Polynomial Regression,test_forecast_weather,1.3162057094526782,2.074011237573097,0.37073172035663104,65.26423352019675,71.00668766380888
31232,9th & F St NW,outgoing_trips,Random Forest,val,1.3630693866383548,2.1452315441690013,0.4797429888186622,61.88394130845777,59.805367283668055
31232,9th & F St NW,outgoing_trips,Random Forest,test,1.237646665475734,1.95249709595652,0.4423079891886028,64.80641169312891,66.76858304324928
31232,9th & F St NW,outgoing_trips,Random Forest,test_forecast_weather,1.246828479654035,1.957754392900133,0.43930066098299136,65.48730659770077,67.26392370836224
31232,9th & F St NW,outgoing_trips,HistGradientBoosting,val,1.2894599405636984,2.1750897825803808,0.46515988984283374,55.312190021870244,56.57571514622322
31232,9th & F St NW,outgoing_trips,HistGradientBoosting,test,1.1264978262207963,1.9331086226773775,0.45332886153314567,57.2418535197102,60.772323601059085
31232,9th & F St NW,outgoing_trips,HistGradientBoosting,test_forecast_weather,1.1346177274170675,1.9386036017046302,0.45021655231702506,57.79414109845602,61.21037616682739
31232,9th & F St NW,outgoing_trips,Soft Two-Stage,val,1.3179657788062946,2.1784206248203195,0.4635205717071742,55.04702289147747,57.826423395222726
31232,9th & F St NW,outgoing_trips,Soft Two-Stage,test,1.1494679935347214,1.932514801315477,0.45366466795005833,56.244988246417385,62.01151857212752
31232,9th & F St NW,outgoing_trips,Soft Two-Stage,test_forecast_weather,1.159546682459114,1.9399807979753205,0.449435135570768,56.91346274237631,62.55524385106788
31232,9th & F St NW,outgoing_trips,GAM,val,1.3424169123490537,2.1255258462160436,0.48925705823370613,61.84382179526193,58.89922939934928
31232,9th & F St NW,outgoing_trips,GAM,test,1.1713883762575639,1.9154615296260107,0.4632642811246288,62.0864121106775,63.194079746489294
31232,9th & F St NW,outgoing_trips,GAM,test_forecast_weather,1.1836471310325634,1.9280260845061876,0.4561997031439793,62.968357370807205,63.8554152544606
31232,9th & F St NW,outgoing_trips,XGBoost,val,1.311386202479813,2.1786715588567738,0.4633969695888043,54.044239082918345,57.53774111489759
31232,9th & F St NW,outgoing_trips,XGBoost,test,1.1525744617419684,1.9315173245633717,0.4542285095839501,55.54477539647663,62.17910637101443
31232,9th & F St NW,outgoing_trips,XGBoost,test_forecast_weather,1.161268006374856,1.94178525570634,0.4484104521701112,55.89042567177675,62.64810586251147
31232,9th & F St NW,outgoing_trips,LightGBM,val,1.2886783899668626,2.172628312847257,0.4663697229636107,55.32443033784037,56.54142421360253
31232,9th & F St NW,outgoing_trips,LightGBM,test,1.1284930516077487,1.9345457481821549,0.4525157390238166,56.99487321554898,60.87996205366021
31232,9th & F St NW,outgoing_trips,LightGBM,test_forecast_weather,1.1364374088631575,1.9406771824994506,0.44903979798195026,57.55412629358084,61.30854437196598
31232,9th & F St NW,outgoing_trips,Poisson,val,1.4718340714401676,2.219711651041823,0.44299035391850305,56.7452158955608,64.57747352112595
31232,9th & F St NW,outgoing_trips,Poisson,test,1.3018863697318517,1.9699060499939354,0.4323186091212923,55.62126148834854,70.23418768465933
31232,9th & F St NW,outgoing_trips,Poisson,test_forecast_weather,1.311332809321423,1.9773753384320518,0.42800549501867935,56.28138877635238,70.74380436589273
31232,9th & F St NW,outgoing_trips,Naive (same hour last week),val,1.7589661846749403,2.9150365748906166,0.03936676159037833,91.26942625591693,77.17554201218903
31232,9th & F St NW,outgoing_trips,Naive (same hour last week),test,1.5739239639228222,2.6758082453634486,-0.047426615248270076,90.95233983026124,84.91007637349101
31232,9th & F St NW,outgoing_trips,Naive (same hour last week),test_forecast_weather,1.5739239639228222,2.6758082453634486,-0.047426615248270076,90.95233983026124,84.91007637349101
31232,9th & F St NW,incoming_trips,Linear Regression,val,1.420169976269325,2.2375951891898285,0.46543703419739024,65.3844779340024,58.57959377059822
31232,9th & F St NW,incoming_trips,Linear Regression,test,1.2184148098167864,1.9595878170505845,0.454628120719762,64.42011643984702,62.315165941756575
31232,9th & F St NW,incoming_trips,Linear Regression,test_forecast_weather,1.2458498841995584,1.9715917078764196,0.447926062541395,64.5328957290131,63.71831797094437
31232,9th & F St NW,incoming_trips,Polynomial Regression,val,1.466607954787,2.2979855676534706,0.43619305381508333,66.17682323897203,60.49508132669994
31232,9th & F St NW,incoming_trips,Polynomial Regression,test,1.3349176957180247,2.0283020424444875,0.4157098898850301,66.55317283788473,68.27364298022994
31232,9th & F St NW,incoming_trips,Polynomial Regression,test_forecast_weather,1.3557835836773484,2.0612834477398647,0.3965535855907848,67.46129560906996,69.34081752557452
31232,9th & F St NW,incoming_trips,Random Forest,val,1.4389213604417754,2.2285324465755245,0.469758455465515,66.2051231857,59.35305644465371
31232,9th & F St NW,incoming_trips,Random Forest,test,1.2915481131112196,1.9714470350813345,0.44800708048129234,67.87869840516814,66.05552915299062
31232,9th & F St NW,incoming_trips,Random Forest,test_forecast_weather,1.3008659060188583,1.982184740186385,0.4419777238823941,68.47196712542659,66.53208262769579
31232,9th & F St NW,incoming_trips,HistGradientBoosting,val,1.362539885712403,2.235991254149622,0.46620312180551604,61.42203032941899,56.20245064674793
31232,9th & F St NW,incoming_trips,HistGradientBoosting,test,1.1785187714661733,1.9413814803374985,0.464715036205099,62.079524409961095,60.274704655332314
31232,9th & F St NW,incoming_trips,HistGradientBoosting,test_forecast_weather,1.1889124927126222,1.954443079222749,0.4574880202556706,62.41927217006326,60.806285902545
31232,9th & F St NW,incoming_trips,Soft Two-Stage,val,1.3762400635261898,2.221613466583242,0.47304585246420905,60.22661526522346,56.767559657871246
31232,9th & F St NW,incoming_trips,Soft Two-Stage,test,1.1903522522550047,1.9268011857867575,0.47272511063431233,61.135985973781345,60.87992162502386
31232,9th & F St NW,incoming_trips,Soft Two-Stage,test_forecast_weather,1.1993264799711072,1.9408914165249007,0.4649852465512707,61.112253541197425,61.33890364397365
31232,9th & F St NW,incoming_trips,GAM,val,1.4170098994812197,2.2152380312499855,0.47606594720183026,65.16376601486643,58.44924598292187
31232,9th & F St NW,incoming_trips,GAM,test,1.2326597466986204,1.9484702348861254,0.46079882356971347,65.35842702285005,63.04371552804634
31232,9th & F St NW,incoming_trips,GAM,test_forecast_weather,1.243501434583585,1.9591223872952686,0.4548871569862104,64.48765631027655,63.59820778650953
31232,9th & F St NW,incoming_trips,XGBoost,val,1.3696004744032706,2.237329366870073,0.46556403690795345,58.67244149736091,56.49368791003582
31232,9th & F St NW,incoming_trips,XGBoost,test,1.2005594452477406,1.938822258598212,0.4661253823813897,59.276942292574496,61.40196298566484
31232,9th & F St NW,incoming_trips,XGBoost,test_forecast_weather,1.2113481776370303,1.9548052368129911,0.45728694708377027,59.234780504474585,61.9537468639656
31232,9th & F St NW,incoming_trips,LightGBM,val,1.3632935671726931,2.2366567701353475,0.4658853180369068,61.393750183419506,56.233538723889374
31232,9th & F St NW,incoming_trips,LightGBM,test,1.1796250257962153,1.943595187603812,0.46349359691767855,62.13259179883356,60.331283434246465
31232,9th & F St NW,incoming_trips,LightGBM,test_forecast_weather,1.1891118620296943,1.9571385009053308,0.4559906045312586,62.38483209317176,60.81648253835159
31232,9th & F St NW,incoming_trips,Poisson,val,1.5378554770574588,2.3213184320803664,0.42468556846741967,61.10413413584935,63.433920325908325
31232,9th & F St NW,incoming_trips,Poisson,test,1.344923718588843,2.0037631599139942,0.4297621314681035,58.630506048377285,68.78539560387526
31232,9th & F St NW,incoming_trips,Poisson,test_forecast_weather,1.355829092702485,2.007611814909903,0.4275695006109621,59.09858872530124,69.3431450600319
31232,9th & F St NW,incoming_trips,Naive (same hour last week),val,1.8519867926676534,3.015803379140076,0.028949367396566283,90.97103175887057,76.39130230592214
31232,9th & F St NW,incoming_trips,Naive (same hour last week),test,1.6218746432241122,2.7235112290521912,-0.0534686591923228,88.41009681655586,82.94990073572346
31232,9th & F St NW,incoming_trips,Naive (same hour last week),test_forecast_weather,1.6218746432241122,2.7235112290521912,-0.0534686591923228,88.41009681655586,82.94990073572346
31234,20th & O St NW / Dupont South,outgoing_trips,Linear Regression,val,1.3378442130484123,1.9707516579145024,0.5213790814416928,55.711527640872184,53.996993351427804
31234,20th & O St NW / Dupont South,outgoing_trips,Linear Regression,test,1.576019415609779,2.3508382202205547,0.5267652612507489,55.9077668332144,53.432761994681854
31234,20th & O St NW / Dupont South,outgoing_trips,Linear Regression,test_forecast_weather,1.5915310179495237,2.351852144727196,0.5263569577190055,56.50251985812886,53.958661452370336
31234,20th & O St NW / Dupont South,outgoing_trips,Polynomial Regression,val,1.303381187542893,2.0011826791065426,0.5064838772387865,56.68249316791852,52.606024402321715
31234,20th & O St NW / Dupont South,outgoing_trips,Polynomial Regression,test,1.5932574690918406,2.488040815750943,0.4699142460515051,57.44301816785726,54.01719439433107
31234,20th & O St NW / Dupont South,outgoing_trips,Polynomial Regression,test_forecast_weather,1.590524524144738,2.45814784333174,0.48257533064033253,57.91948680694171,53.924537669764895
31234,20th & O St NW / Dupont South,outgoing_trips,Random Forest,val,1.2997748277277728,1.9308491475648981,0.5405644844272643,55.46425187792151,52.46046740468282
31234,20th & O St NW / Dupont South,outgoing_trips,Random Forest,test,1.5268994976610175,2.335390397311196,0.5329642648073125,53.76299061349397,51.767419005275215
31234,20th & O St NW / Dupont South,outgoing_trips,Random Forest,test_forecast_weather,1.5298494639895432,2.3332522072731425,0.5338190717923346,54.41374122659796,51.867433540098354
31234,20th & O St NW / Dupont South,outgoing_trips,HistGradientBoosting,val,1.272922129107687,1.9858005763532203,0.5140415484525642,54.49265031921795,51.376660355465354
31234,20th & O St NW / Dupont South,outgoing_trips,HistGradientBoosting,test,1.5258598759348765,2.446253320484394,0.4875706601744232,54.24337668353814,51.73217206624186
31234,20th & O St NW / Dupont South,outgoing_trips,HistGradientBoosting,test_forecast_weather,1.5333269637811153,2.4543883576483427,0.48415681656359144,54.66851418782195,51.985333368526376
31234,20th & O St NW / Dupont South,outgoing_trips,Soft Two-Stage,val,1.2895459384699421,1.9809398573773116,0.5164176345361922,51.74026106729026,52.04761719397777
31234,20th & O St NW / Dupont South,outgoing_trips,Soft Two-Stage,test,1.5531443033518624,2.451672437146018,0.48529780465246786,51.67256936963096,52.657212901331384
31234,20th & O St NW / Dupont South,outgoing_trips,Soft Two-Stage,test_forecast_weather,1.5578572916894222,2.458024491413443,0.4826272589442452,52.02615119527195,52.817000262851366
31234,20th & O St NW / Dupont South,outgoing_trips,GAM,val,1.3457374531553596,1.9960155561142037,0.5090291384604689,56.18800628824131,54.31557396748092
31234,20th & O St NW / Dupont South,outgoing_trips,GAM,test,1.6942599560860232,2.6436746950542056,0.401523420449602,58.224019588767675,57.44154424369064
31234,20th & O St NW / Dupont South,outgoing_trips,GAM,test_forecast_weather,1.7025522809346902,2.6485371350395415,0.39931987199445707,58.24344763626971,57.722684066990325
31234,20th & O St NW / Dupont South,outgoing_trips,XGBoost,val,1.30217976077787,1.9764680229000695,0.518598477573027,51.792208522759275,52.55753338041465
31234,20th & O St NW / Dupont South,outgoing_trips,XGBoost,test,1.582916534798236,2.4601261054779946,0.481742172028243,50.79933258972934,53.66659929668182
31234,20th & O St NW / Dupont South,outgoing_trips,XGBoost,test_forecast_weather,1.5919318180057027,2.4702339839832126,0.4774747088363297,51.2082853562418,53.97225002481885
31234,20th & O St NW / Dupont South,outgoing_trips,LightGBM,val,1.2735133322151486,1.992447274981364,0.5107829886239101,54.48361559300429,51.400522020337526
31234,20th & O St NW / Dupont South,outgoing_trips,LightGBM,test,1.5334934342278213,2.4628817826849856,0.48058048267992726,54.18523127659676,51.99097731914646
31234,20th & O St NW / Dupont South,outgoing_trips,LightGBM,test_forecast_weather,1.5387815341382467,2.468477917410779,0.47821736159729034,54.63408751811758,52.170263044385145
31234,20th & O St NW / Dupont South,outgoing_trips,Poisson,val,1.5080589329259866,2.2897418457445626,0.353898250668508,59.00894411371376,60.86706313077956
31234,20th & O St NW / Dupont South,outgoing_trips,Poisson,test,1.9198203649190053,3.116847678736124,0.16811692411232437,65.07763487611733,65.08885843361938
31234,20th & O St NW / Dupont South,outgoing_trips,Poisson,test_forecast_weather,1.9419971242442924,3.1652105656976204,0.14210063753364177,66.01810467297398,65.84073083512969
31234,20th & O St NW / Dupont South,outgoing_trips,Naive (same hour last week),val,1.7401798929750654,2.6981424488867893,0.10286536407209035,81.77070665736818,70.23574284270025
31234,20th & O St NW / Dupont South,outgoing_trips,Naive (same hour last week),test,2.0360771777600184,3.1579784591405837,0.14601654222192162,83.06434163153472,69.0303851364428
31234,20th & O St NW / Dupont South,outgoing_trips,Naive (same hour last week),test_forecast_weather,2.0360771777600184,3.1579784591405837,0.14601654222192162,83.06434163153472,69.0303851364428
31234,20th & O St NW / Dupont South,incoming_trips,Linear Regression,val,1.351323891880664,1.9884287224018016,0.5286054545726123,57.24140063649491,53.604976028128235
31234,20th & O St NW / Dupont South,incoming_trips,Linear Regression,test,1.592058794218968,2.3828234239981043,0.5419396751788739,56.846458872455294,52.66776061700321
31234,20th & O St NW / Dupont South,incoming_trips,Linear Regression,test_forecast_weather,1.6077490591934354,2.383816871918218,0.54155764608337,57.38207422241288,53.18681878413454
31234,20th & O St NW / Dupont South,incoming_trips,Polynomial Regression,val,1.3279746896851716,1.9895307165267575,0.5280828127892798,58.330837966404026,52.67874847344232
31234,20th & O St NW / Dupont South,incoming_trips,Polynomial Regression,test,1.6626885033135828,2.547284948660668,0.4765273279620177,60.929583917395725,55.00430033811864
31234,20th & O St NW / Dupont South,incoming_trips,Polynomial Regression,test_forecast_weather,1.649721597406068,2.5288104858192373,0.4840928787955384,60.66633126402434,54.57533508962401
31234,20th & O St NW / Dupont South,incoming_trips,Random Forest,val,1.3299747072746737,1.955652242223377,0.5440179383471553,57.31770767362505,52.75808614784092
31234,20th & O St NW / Dupont South,incoming_trips,Random Forest,test,1.6219162155716709,2.4118371982178246,0.5307168795436534,58.54097231740051,53.65549016955193
31234,20th & O St NW / Dupont South,incoming_trips,Random Forest,test_forecast_weather,1.6222934377972695,2.412516757605185,0.5304523918099684,59.021575660391726,53.667969262629015
31234,20th & O St NW / Dupont South,incoming_trips,HistGradientBoosting,val,1.2835762920523444,2.0009788625596605,0.522636181010467,54.54654021871021,50.917531155303465
31234,20th & O St NW / Dupont South,incoming_trips,HistGradientBoosting,test,1.5808424068392526,2.524478964709769,0.48585872780351946,55.04075542038239,52.296705221531944
31234,20th & O St NW / Dupont South,incoming_trips,HistGradientBoosting,test_forecast_weather,1.5801057396981646,2.51792637187013,0.4885242965760842,55.58214453963689,52.27233513621719
31234,20th & O St NW / Dupont South,incoming_trips,Soft Two-Stage,val,1.3076918967940452,2.0189065601265965,0.5140440144108696,52.36220735292334,51.874160740445774
31234,20th & O St NW / Dupont South,incoming_trips,Soft Two-Stage,test,1.6104766503714054,2.551311465359826,0.47487110387647447,52.82268817140034,53.2770517075316
31234,20th & O St NW / Dupont South,incoming_trips,Soft Two-Stage,test_forecast_weather,1.611499628835411,2.5503695948680285,0.4752587571455613,53.01968327542384,53.31089341303533
31234,20th & O St NW / Dupont South,incoming_trips,GAM,val,1.3522712227005265,2.006680133315865,0.5199120566818214,57.74793306794693,53.6425552096957
31234,20th & O St NW / Dupont South,incoming_trips,GAM,test,1.6976666557794573,2.6497226418139834,0.4335784229191836,58.54879752368903,56.16143157446941
31234,20th & O St NW / Dupont South,incoming_trips,GAM,test_forecast_weather,1.7083516861041537,2.655719184222496,0.431011803820606,58.562419590259175,56.5149088589579
31234,20th & O St NW / Dupont South,incoming_trips,XGBoost,val,1.3029306411147137,2.0004904698428296,0.5228691795340067,52.84461067684283,51.68528892511869
31234,20th & O St NW / Dupont South,incoming_trips,XGBoost,test,1.6133933184366773,2.517973209055881,0.48850526797730887,53.50488690608854,53.37353958600618
31234,20th & O St NW / Dupont South,incoming_trips,XGBoost,test_forecast_weather,1.6153399100546142,2.5145755212446965,0.48988473212093786,54.105374826914996,53.43793583928831
31234,20th & O St NW / Dupont South,incoming_trips,LightGBM,val,1.2883643884789717,2.0104555272659743,0.5181038699788821,53.83572655145644,51.107467702501275
31234,20th & O St NW / Dupont South,incoming_trips,LightGBM,test,1.5893057439944531,2.539524931513218,0.4797118711449495,54.11011843446032,52.57668546907661
31234,20th & O St NW / Dupont South,incoming_trips,LightGBM,test_forecast_weather,1.5897844438838165,2.536784509913876,0.48083415941837937,54.58704586167048,52.59252159979736
31234,20th & O St NW / Dupont South,incoming_trips,Poisson,val,1.4975748852280342,2.253052583230519,0.39478852647977725,58.630829447167976,59.40653185022278
31234,20th & O St NW / Dupont South,incoming_trips,Poisson,test,1.8594822896460041,2.93943402228769,0.3029460565959079,62.995437689229426,61.514542338668846
31234,20th & O St NW / Dupont South,incoming_trips,Poisson,test_forecast_weather,1.8830699025092477,2.9820254268103286,0.28259955828483574,64.00844959464115,62.29485695538959
31234,20th & O St NW / Dupont South,incoming_trips,Naive (same hour last week),val,1.7784356142548103,2.7077465083283654,0.12586098100508913,83.33389492552963,70.54785240052391
31234,20th & O St NW / Dupont South,incoming_trips,Naive (same hour last week),test,2.0278570613083686,3.1239566131194976,0.21268424458856416,81.65092349508028,67.0846394984326
31234,20th & O St NW / Dupont South,incoming_trips,Naive (same hour last week),test_forecast_weather,2.0278570613083686,3.1239566131194976,0.21268424458856416,81.65092349508028,67.0846394984326
31236,37th & O St NW / Georgetown University,outgoing_trips,Linear Regression,val,1.6318065337188805,2.4970093135516307,0.6366169111051693,57.036407027761726,50.90086580833515
31236,37th & O St NW / Georgetown University,outgoing_trips,Linear Regression,test,1.737750373317676,2.6132121977691556,0.6255075634609528,61.22215839410676,53.12539010816211
31236,37th & O St NW / Georgetown University,outgoing_trips,Linear Regression,test_forecast_weather,1.7515793447870824,2.6125799766184734,0.6256887453788453,61.61996154671214,53.54816055631585
31236,37th & O St NW / Georgetown University,outgoing_trips,Polynomial Regression,val,1.6226677476619653,2.49082470685513,0.6384147404598683,59.738960476870105,50.615800077121285
31236,37th & O St NW / Georgetown University,outgoing_trips,Polynomial Regression,test,1.738317552393037,2.6760347508228497,0.6072852663504991,63.44324166841755,53.14272954315944
31236,37th & O St NW / Georgetown University,outgoing_trips,Polynomial Regression,test_forecast_weather,1.7373573336003707,2.652060872707176,0.6142901995970964,63.62383092408162,53.11337434995514
31236,37th & O St NW / Georgetown University,outgoing_trips,Random Forest,val,1.6233927431686184,2.5078034281250297,0.6334684433919564,57.25835764192754,50.638414828461755
31236,37th & O St NW / Georgetown University,outgoing_trips,Random Forest,test,1.7556700885461307,2.642920816013986,0.6169442370646283,62.81895642345947,53.67322015139283
31236,37th & O St NW / Georgetown University,outgoing_trips,Random Forest,test_forecast_weather,1.7586232003314084,2.647285334553197,0.6156780361112806,63.152623094679605,53.76350079125618
31236,37th & O St NW / Georgetown University,outgoing_trips,HistGradientBoosting,val,1.8685209945138668,3.177892209577051,0.4114237785982784,64.71908747007524,58.28468904647261
31236,37th & O St NW / Georgetown University,outgoing_trips,HistGradientBoosting,test,1.957678704854571,3.281455193391591,0.40949081849774294,67.10695749750997,59.848898034348494
31236,37th & O St NW / Georgetown University,outgoing_trips,HistGradientBoosting,test_forecast_weather,1.9641357016168461,3.2920596823070456,0.40566802278711467,67.20342185398968,60.046297198917856
31236,37th & O St NW / Georgetown University,outgoing_trips,Soft Two-Stage,val,1.6411518618874208,2.7042376312664826,0.5737993656167447,52.953707776952776,51.1923741980936
31236,37th & O St NW / Georgetown University,outgoing_trips,Soft Two-Stage,test,1.7486811836772613,2.840568199721037,0.5575093084785002,56.469622831606195,53.45955983326631
31236,37th & O St NW / Georgetown University,outgoing_trips,Soft Two-Stage,test_forecast_weather,1.7585503225523382,2.8626344897208065,0.5506078349670822,56.62542615591687,53.761272818526166
31236,37th & O St NW / Georgetown University,outgoing_trips,GAM,val,1.8821885861265055,3.0246059471774482,0.4668345589758933,63.54024512419685,58.71102160013175
31236,37th & O St NW / Georgetown University,outgoing_trips,GAM,test,1.9900190595245402,3.1476923260279954,0.4566517808102837,66.91811382004259,60.83758661957853
31236,37th & O St NW / Georgetown University,outgoing_trips,GAM,test_forecast_weather,1.991866972943014,3.1387195868999616,0.45974507747479676,67.17630732476228,60.89407984366291
31236,37th & O St NW / Georgetown University,outgoing_trips,XGBoost,val,1.6790268387118275,2.8042524457135785,0.5416907713131143,53.86347369423968,52.3738066001562
31236,37th & O St NW / Georgetown University,outgoing_trips,XGBoost,test,1.775419620656734,2.918186216341766,0.5329969670753112,56.2437302517189,54.276990183003505
31236,37th & O St NW / Georgetown University,outgoing_trips,XGBoost,test_forecast_weather,1.7865149507162073,2.938354740009257,0.5265194436633667,56.62284237014712,54.616189498877034
31236,37th & O St NW / Georgetown University,outgoing_trips,LightGBM,val,1.6007127474674678,2.6976810625717556,0.5758635526556783,56.308974060568815,49.930958770489646
31236,37th & O St NW / Georgetown University,outgoing_trips,LightGBM,test,1.6982093726333383,2.8212105507065437,0.5635196507252438,59.0134162630231,51.916567990281
31236,37th & O St NW / Georgetown University,outgoing_trips,LightGBM,test_forecast_weather,1.7056475006468068,2.8318293446195515,0.5602277180846691,59.425361139040625,52.14396167032697
31236,37th & O St NW / Georgetown University,outgoing_trips,Poisson,val,2.1259547929418985,4.222583384315302,-0.03915625642626486,61.84236555938705,66.31480962605637
31236,37th & O St NW / Georgetown University,outgoing_trips,Poisson,test,2.2107176847794987,4.2282230153345495,0.01958607899888909,67.50097269414587,67.58464347137492
31236,37th & O St NW / Georgetown University,outgoing_trips,Poisson,test_forecast_weather,2.258397726581235,4.403542621550853,-0.06340355021113875,68.94475543525415,69.04228713526591
31236,37th & O St NW / Georgetown University,outgoing_trips,Naive (same hour last week),val,2.097005578959353,3.343924121805416,0.3483157633806915,82.23974451323214,65.41179813190325
31236,37th & O St NW / Georgetown University,outgoing_trips,Naive (same hour last week),test,2.1842676104578147,3.475880390833421,0.33744285101191396,87.66602959484449,66.77602875990367
31236,37th & O St NW / Georgetown University,outgoing_trips,Naive (same hour last week),test_forecast_weather,2.1842676104578147,3.475880390833421,0.33744285101191396,87.66602959484449,66.77602875990367
31236,37th & O St NW / Georgetown University,incoming_trips,Linear Regression,val,1.6961046733386964,2.495820284051807,0.5765380737451611,58.09826668537591,52.370846707448656
31236,37th & O St NW / Georgetown University,incoming_trips,Linear Regression,test,1.806041790843018,2.6616652873032383,0.5570969239244175,62.10834804716113,54.71282829866839
31236,37th & O St NW / Georgetown University,incoming_trips,Linear Regression,test_forecast_weather,1.8199310532508202,2.66690114161312,0.5553527099844202,62.27184918972254,55.133594215141756
31236,37th & O St NW / Georgetown University,incoming_trips,Polynomial Regression,val,1.6567583990093802,2.504163222474212,0.573702275309468,61.23349934380151,51.15594662857931
31236,37th & O St NW / Georgetown University,incoming_trips,Polynomial Regression,test,1.7926055707682345,2.770285971218514,0.5202101891990517,67.26852969943556,54.3057869967107
31236,37th & O St NW / Georgetown University,incoming_trips,Polynomial Regression,test_forecast_weather,1.7767840156352928,2.6958028956515734,0.5456630208261086,65.75564916955656,53.826483564312
31236,37th & O St NW / Georgetown University,incoming_trips,Random Forest,val,1.6736047528224653,2.507824273372298,0.5724548817588616,60.855196900791555,51.676113707293766
31236,37th & O St NW / Georgetown University,incoming_trips,Random Forest,test,1.8021842481906742,2.6759104197015033,0.5523434364565764,65.22842823907604,54.59596662367141
31236,37th & O St NW / Georgetown University,incoming_trips,Random Forest,test_forecast_weather,1.803495982484286,2.680162400778342,0.550919667199137,65.14831262571789,54.63570473689987
31236,37th & O St NW / Georgetown University,incoming_trips,HistGradientBoosting,val,1.912722241562407,3.1162837941483534,0.33982093067735963,67.44557726620035,59.0593758046849
31236,37th & O St NW / Georgetown University,incoming_trips,HistGradientBoosting,test,2.0308776061398084,3.2743628832520604,0.3297212785311592,70.78805460806112,61.52407896855595
31236,37th & O St NW / Georgetown University,incoming_trips,HistGradientBoosting,test_forecast_weather,2.0350476818276295,3.282967611237713,0.32619378655890086,70.56380193548858,61.65040862286239
31236,37th & O St NW / Georgetown University,incoming_trips,Soft Two-Stage,val,1.6780557093447181,2.68912210238631,0.5084034874854613,53.24566670469465,51.813546476268804
31236,37th & O St NW / Georgetown University,incoming_trips,Soft Two-Stage,test,1.8041967776747168,2.88049205052564,0.4812773913536068,56.718021795478215,54.656934858550976
31236,37th & O St NW / Georgetown University,incoming_trips,Soft Two-Stage,test_forecast_weather,1.8049374796480426,2.8810459925919427,0.48107786301069866,56.691884257641924,54.67937392950301
31236,37th & O St NW / Georgetown University,incoming_trips,GAM,val,1.9246541150259473,2.88261714505328,0.43511287092278184,66.55556403300092,59.42779782834556
31236,37th & O St NW / Georgetown University,incoming_trips,GAM,test,2.0796034772578325,3.1052083632231247,0.3971860283748134,70.24190101341581,63.00019664960866
31236,37th & O St NW / Georgetown University,incoming_trips,GAM,test_forecast_weather,2.0920476772989036,3.1167112355122053,0.39271165205362935,70.31629155451128,63.37718536803892
31236,37th & O St NW / Georgetown University,incoming_trips,XGBoost,val,1.6856905665455388,2.7173069322579324,0.49804458670858254,54.6677369200396,52.04928896456133
31236,37th & O St NW / Georgetown University,incoming_trips,XGBoost,test,1.808440183935138,2.888480196332121,0.4783963715187264,57.58210914674719,54.78548601351597
31236,37th & O St NW / Georgetown University,incoming_trips,XGBoost,test_forecast_weather,1.8155270162501522,2.899333418265767,0.47446924370604304,57.65818446647304,55.00017685931963
31236,37th & O St NW / Georgetown University,incoming_trips,LightGBM,val,1.6206682043547318,2.6277752403321895,0.5305771981836029,58.25282042108031,50.04158494936759
31236,37th & O St NW / Georgetown University,incoming_trips,LightGBM,test,1.7394301125688543,2.8062484944165424,0.5076725328768346,61.363745058904094,52.69487205060213
31236,37th & O St NW / Georgetown University,incoming_trips,LightGBM,test_forecast_weather,1.7458748040703773,2.818684966403311,0.5032991610736555,61.381820128653544,52.890109669880104
31236,37th & O St NW / Georgetown University,incoming_trips,Poisson,val,2.2923444199514695,4.204854082502907,-0.20195887240782717,70.59000674419299,70.7810196534848
31236,37th & O St NW / Georgetown University,incoming_trips,Poisson,test,2.3126710827065007,3.921913393961555,0.038392563210025044,75.75250783516326,70.06082389729961
31236,37th & O St NW / Georgetown University,incoming_trips,Poisson,test_forecast_weather,2.3124524144110694,3.9305214431303663,0.03416674417222909,75.63147013697021,70.05419948751965
31236,37th & O St NW / Georgetown University,incoming_trips,Naive (same hour last week),val,2.1205738358191963,3.295686684590571,0.26162058032882796,83.63676927929909,65.47723677271928
31236,37th & O St NW / Georgetown University,incoming_trips,Naive (same hour last week),test,2.2797122959241922,3.5661510760166264,0.20493746246497302,89.7259773527248,69.0623594922699
31236,37th & O St NW / Georgetown University,incoming_trips,Naive (same hour last week),test_forecast_weather,2.2797122959241922,3.5661510760166264,0.20493746246497302,89.7259773527248,69.0623594922699
31241,Thomas Circle,outgoing_trips,Linear Regression,val,1.4143894848303522,2.009815274471702,0.5099566085908684,59.45776107417474,51.625245585608546
31241,Thomas Circle,outgoing_trips,Linear Regression,test,1.3126383653838802,1.8815831402817706,0.43989312801462443,63.26252186482717,58.68714941757648
31241,Thomas Circle,outgoing_trips,Linear Regression,test_forecast_weather,1.32693457022278,1.8917090728851227,0.4338483612699974,63.563186497928406,59.32632280425363
31241,Thomas Circle,outgoing_trips,Polynomial Regression,val,1.4527426292889727,2.0700152150893416,0.4801604392490608,60.07041031617655,53.02513615528008
31241,Thomas Circle,outgoing_trips,Polynomial Regression,test,1.4434759545251077,2.0837498284656273,0.3130656569490816,68.19955247572226,64.53680713432402
31241,Thomas Circle,outgoing_trips,Polynomial Regression,test_forecast_weather,1.4472475671354146,2.0923459831775504,0.30738630539563117,67.83873537998927,64.70543331396608
31241,Thomas Circle,outgoing_trips,Random Forest,val,1.4131218778714991,1.99961060069549,0.5149202861996949,59.263122575522154,51.57897790527106
31241,Thomas Circle,outgoing_trips,Random Forest,test,1.3304031109471266,1.855941883018729,0.45505481408794834,64.54053661492819,59.48139885042051
31241,Thomas Circle,outgoing_trips,Random Forest,test_forecast_weather,1.3420234829709115,1.8693515349531604,0.44715163059127117,65.2695222905755,60.000937610853015
31241,Thomas Circle,outgoing_trips,HistGradientBoosting,val,1.370735842146951,2.0106562745145835,0.5095464089622156,56.76434622312291,50.03188672059458
31241,Thomas Circle,outgoing_trips,HistGradientBoosting,test,1.2461674547173491,1.8390947774710986,0.46490326951131944,60.05106928518421,55.715281179466395
31241,Thomas Circle,outgoing_trips,HistGradientBoosting,test_forecast_weather,1.2556819399132084,1.8475374874181414,0.45997906860248117,60.51958458688718,56.140667202796145
31241,Thomas Circle,outgoing_trips,Soft Two-Stage,val,1.3803936049617762,1.996274041149492,0.5165377481525234,55.421388704523345,50.384395264012305
31241,Thomas Circle,outgoing_trips,Soft Two-Stage,test,1.2596344615705841,1.8272126787794956,0.47179528290033745,59.15621467328213,56.31738170025392
31241,Thomas Circle,outgoing_trips,Soft Two-Stage,test_forecast_weather,1.2699000668881153,1.834373988199533,0.4676468331686989,59.67833874145793,56.7763497824154
31241,Thomas Circle,outgoing_trips,GAM,val,1.5338532341303797,2.1031373695918205,0.4633915191762239,67.09994568851279,55.98567491737158
31241,Thomas Circle,outgoing_trips,GAM,test,1.5999886148842297,2.1694437756188236,0.2554037003845946,83.26467139911587,71.53437944857826
31241,Thomas Circle,outgoing_trips,GAM,test_forecast_weather,1.6104446803020003,2.1844964818334764,0.24503507637407673,83.09889359394857,72.00186286950753
31241,Thomas Circle,outgoing_trips,XGBoost,val,1.3798249310184179,2.000384093412972,0.5145449349240754,54.92144090251657,50.363638653263365
31241,Thomas Circle,outgoing_trips,XGBoost,test,1.2916188776824298,1.8437278810054583,0.4622038095710289,57.65151469734246,57.74738272482468
31241,Thomas Circle,outgoing_trips,XGBoost,test_forecast_weather,1.305250911546826,1.8551961258267138,0.4554926673913291,58.22375776510829,58.35686148863585
31241,Thomas Circle,outgoing_trips,LightGBM,val,1.3712911653674427,2.0090341731689234,0.5103374387647839,56.69353637554406,50.05215602968145
31241,Thomas Circle,outgoing_trips,LightGBM,test,1.2460323924442478,1.8390863305479574,0.4649081848758031,59.972651608708574,55.709242639064705
31241,Thomas Circle,outgoing_trips,LightGBM,test_forecast_weather,1.2570746327866296,1.84792499176377,0.4597525157944108,60.51886773345919,56.20293353365366
31241,Thomas Circle,outgoing_trips,Poisson,val,1.5062020617862126,2.0835627584604066,0.47333382803961244,55.83717678459872,54.97640655225161
31241,Thomas Circle,outgoing_trips,Poisson,test,1.429498484471417,1.9379415738896675,0.40583723179583264,61.35291390557873,63.91188415846635
31241,Thomas Circle,outgoing_trips,Poisson,test_forecast_weather,1.439719977217924,1.9489070481096264,0.3990942945139013,61.82754356919619,64.36887999822264
31241,Thomas Circle,outgoing_trips,Naive (same hour last week),val,1.905271547307298,2.784367807499873,0.05946392158033298,82.82979982456084,69.54245106595187
31241,Thomas Circle,outgoing_trips,Naive (same hour last week),test,1.734216234729992,2.5775338572902964,-0.05107288495616502,85.16603722661262,77.53560308304834
31241,Thomas Circle,outgoing_trips,Naive (same hour last week),test_forecast_weather,1.734216234729992,2.5775338572902964,-0.05107288495616502,85.16603722661262,77.53560308304834
31241,Thomas Circle,incoming_trips,Linear Regression,val,1.3440506001546098,1.9102416997575211,0.4750261134786071,58.73185162403315,53.63866058323309
31241,Thomas Circle,incoming_trips,Linear Regression,test,1.2670337717272198,1.8589347494197774,0.42828800194714955,60.30266802620902,58.50571356718181
31241,Thomas Circle,incoming_trips,Linear Regression,test_forecast_weather,1.2843096810371504,1.8656152849712848,0.4241714451947991,60.88017165386843,59.303434531100216
31241,Thomas Circle,incoming_trips,Polynomial Regression,val,1.3587324938805054,2.1278665779571564,0.34859686410879787,58.63514455571113,54.22458875750854
31241,Thomas Circle,incoming_trips,Polynomial Regression,test,1.3201570976650456,2.0923692126968736,0.27568803884557214,63.78394398749707,60.95870113579068
31241,Thomas Circle,incoming_trips,Polynomial Regression,test_forecast_weather,1.3190333212115455,2.069528304611117,0.29141532406366377,63.89219754114765,60.9068103774154
31241,Thomas Circle,incoming_trips,Random Forest,val,1.35020737158899,1.9108306844174092,0.47470233326368627,59.226196454200576,53.88436634253952
31241,Thomas Circle,incoming_trips,Random Forest,test,1.2842601964958729,1.8416400142898401,0.4388764451838961,62.64537896295978,59.301149565645794
31241,Thomas Circle,incoming_trips,Random Forest,test_forecast_weather,1.2936810728242343,1.848932195365315,0.4344239837517403,63.21709334760899,59.73616172105787
31241,Thomas Circle,incoming_trips,HistGradientBoosting,val,1.2924627227381262,1.9221530603943697,0.4684587255547087,54.109586697197386,51.57988046986988
31241,Thomas Circle,incoming_trips,HistGradientBoosting,test,1.1930158853786164,1.831266928457697,0.44517972971142683,56.05487352719031,55.087912594397714
31241,Thomas Circle,incoming_trips,HistGradientBoosting,test_forecast_weather,1.1987716200585532,1.8338199862115883,0.4436316478142631,56.426849640839684,55.353685592771726
31241,Thomas Circle,incoming_trips,Soft Two-Stage,val,1.303746424414718,1.9115693552395294,0.4742961255745838,54.2508678892481,52.03019286456957
31241,Thomas Circle,incoming_trips,Soft Two-Stage,test,1.2081134453768623,1.823643398007481,0.4497895275516334,56.1131318473412,55.78504754101922
31241,Thomas Circle,incoming_trips,Soft Two-Stage,test_forecast_weather,1.2136054714581974,1.8271204712052864,0.44768939555385234,56.309728160043704,56.03864370553193
31241,Thomas Circle,incoming_trips,GAM,val,1.3857044888166072,1.9096208206768868,0.4753673188178468,61.09514353622901,55.30099293564278
31241,Thomas Circle,incoming_trips,GAM,test,1.3582141255474967,1.889211619223497,0.4095131495985419,67.00957160757642,62.71599728857885
31241,Thomas Circle,incoming_trips,GAM,test_forecast_weather,1.3717575138374638,1.9026685792319387,0.4010710478097672,67.08349630225166,63.341367830156294
31241,Thomas Circle,incoming_trips,XGBoost,val,1.3005442876519093,1.916421832771426,0.47162376213829327,52.972135784308136,51.902401301557255
31241,Thomas Circle,incoming_trips,XGBoost,test,1.2311877129271944,1.832894196777432,0.4441932622898589,54.631267102145074,56.850509660653145
31241,Thomas Circle,incoming_trips,XGBoost,test_forecast_weather,1.2380957545965392,1.835639490682965,0.44252704985127855,55.05249544819873,57.169490824561585
31241,Thomas Circle,incoming_trips,LightGBM,val,1.2896366439594773,1.9167435605558647,0.471446340254823,54.12219203543811,51.46709670981502
31241,Thomas Circle,incoming_trips,LightGBM,test,1.1973112673517234,1.83025763769312,0.44579113229052025,56.13519474523437,55.28625331189701
31241,Thomas Circle,incoming_trips,LightGBM,test_forecast_weather,1.204323098028923,1.833926899694334,0.44356677229470787,56.57332474218689,55.610026968397584
31241,Thomas Circle,incoming_trips,Poisson,val,1.4446934740329396,1.9883221968884481,0.43123275170233066,54.72784817412523,57.655138051759856
31241,Thomas Circle,incoming_trips,Poisson,test,1.3671937494998556,1.9044207140122318,0.39996745315467996,55.666812845515146,63.1306344660722
31241,Thomas Circle,incoming_trips,Poisson,test_forecast_weather,1.3753829909805375,1.9097189667398327,0.3966241305947732,56.102461434145226,63.508775465224986
31241,Thomas Circle,incoming_trips,Naive (same hour last week),val,1.7742229306615052,2.615933103163709,0.015503161593076409,82.80784932625829,70.80607051981099
31241,Thomas Circle,incoming_trips,Naive (same hour last week),test,1.678159607261103,2.5444333128739136,-0.07110281489205605,86.0281503605426,77.48958827560757
31241,Thomas Circle,incoming_trips,Naive (same hour last week),test_forecast_weather,1.678159607261103,2.5444333128739136,-0.07110281489205605,86.0281503605426,77.48958827560757
31247,Jefferson Dr & 14th St SW,outgoing_trips,Linear Regression,val,1.934546961028448,3.254642744167466,0.5765512606489942,80.96713492534369,59.546947356532065
31247,Jefferson Dr & 14th St SW,outgoing_trips,Linear Regression,test,1.6949838741632874,3.0392642069320592,0.5235606809772724,76.5930233579645,65.70350395555069
31247,Jefferson Dr & 14th St SW,outgoing_trips,Linear Regression,test_forecast_weather,1.7626176503029027,3.080455082979108,0.5105588889613399,78.52305828624255,68.32522569925263
31247,Jefferson Dr & 14th St SW,outgoing_trips,Polynomial Regression,val,1.9665787256048939,3.232934134680338,0.5821812648661127,76.60227234584703,60.532911428428484
31247,Jefferson Dr & 14th St SW,outgoing_trips,Polynomial Regression,test,1.920696975070364,3.261575541553905,0.4513118666316819,76.70772361210928,74.45293328306478
31247,Jefferson Dr & 14th St SW,outgoing_trips,Polynomial Regression,test_forecast_weather,1.9222598041517505,3.2986843909419408,0.4387553487228514,76.93435258774352,74.51351400497957
31247,Jefferson Dr & 14th St SW,outgoing_trips,Random Forest,val,1.9194190827440634,3.1561473958472357,0.6017931278312131,79.89904361766303,59.08129881454093
31247,Jefferson Dr & 14th St SW,outgoing_trips,Random Forest,test,1.9035970599983496,3.142803390983247,0.49054584286817215,86.0632724485022,73.79008075998205
31247,Jefferson Dr & 14th St SW,outgoing_trips,Random Forest,test_forecast_weather,1.9216987381897577,3.1772694830579677,0.47931053922306055,85.91314406778085,74.49176512570406
31247,Jefferson Dr & 14th St SW,outgoing_trips,HistGradientBoosting,val,1.7592347032846922,3.1226681406679098,0.6101963860391875,71.91555678105667,54.15069180258446
31247,Jefferson Dr & 14th St SW,outgoing_trips,HistGradientBoosting,test,1.5657357170073651,2.891407571023311,0.5687895152623378,72.63271342572727,60.69339327875514
31247,Jefferson Dr & 14th St SW,outgoing_trips,HistGradientBoosting,test_forecast_weather,1.5841133856694745,2.935837881339181,0.5554354546712503,72.3856867333294,61.40577600052632
31247,Jefferson Dr & 14th St SW,outgoing_trips,Soft Two-Stage,val,1.7776493067791146,3.080001705410078,0.6207757417887187,69.10185501470814,54.71750845111434
31247,Jefferson Dr & 14th St SW,outgoing_trips,Soft Two-Stage,test,1.635811252870824,2.9130623643495066,0.5623063469964101,72.14979218465545,63.409766170541445
31247,Jefferson Dr & 14th St SW,outgoing_trips,Soft Two-Stage,test_forecast_weather,1.649449198433985,2.9423726019930085,0.5534541884085977,71.46135324302381,63.93842064561548
31247,Jefferson Dr & 14th St SW,outgoing_trips,GAM,val,1.9597976458850856,3.192811113191007,0.5924877677868778,80.24808586224059,60.324184214651666
31247,Jefferson Dr & 14th St SW,outgoing_trips,GAM,test,1.9247536684211446,3.185388623984845,0.4766460169719803,84.39157056309075,74.6101849075093
31247,Jefferson Dr & 14th St SW,outgoing_trips,GAM,test_forecast_weather,1.971430929109165,3.224327078065658,0.4637727683531887,86.11484682686216,76.41955880716577
31247,Jefferson Dr & 14th St SW,outgoing_trips,XGBoost,val,1.7792526010270246,3.1092568935786593,0.6135374560871165,68.48072280660912,54.766859167380524
31247,Jefferson Dr & 14th St SW,outgoing_trips,XGBoost,test,1.7034460539560654,2.9904384650015823,0.5387457032402125,73.43595169500419,66.0315276447211
31247,Jefferson Dr & 14th St SW,outgoing_trips,XGBoost,test_forecast_weather,1.7197140569678162,3.0359625343325165,0.5245952683685657,72.98212285415147,66.66213234634935
31247,Jefferson Dr & 14th St SW,outgoing_trips,LightGBM,val,1.7589245377551614,3.122987156669316,0.6101167362418201,72.90513785610952,54.141144652357134
31247,Jefferson Dr & 14th St SW,outgoing_trips,LightGBM,test,1.5815886406690336,2.9189953388518908,0.5605216480037667,74.46879547884167,61.3079080528415
31247,Jefferson Dr & 14th St SW,outgoing_trips,LightGBM,test_forecast_weather,1.6000087460728631,2.9604756162007493,0.5479425185914815,74.05165502306225,62.02193577116396
31247,Jefferson Dr & 14th St SW,outgoing_trips,Poisson,val,2.1117588428520446,3.3851873728551256,0.5419007075138296,71.93796988064388,65.00167490281596
31247,Jefferson Dr & 14th St SW,outgoing_trips,Poisson,test,1.9749846258915065,3.216230700755417,0.4664623510622492,71.83723461864436,76.55731252515359
31247,Jefferson Dr & 14th St SW,outgoing_trips,Poisson,test_forecast_weather,2.0162327127658872,3.282553396469605,0.44423104573593253,73.60305642136251,78.15623265673752
31247,Jefferson Dr & 14th St SW,outgoing_trips,Naive (same hour last week),val,2.6181259250825457,4.664357794290116,0.13028309745084232,108.14249588967103,80.58807037218757
31247,Jefferson Dr & 14th St SW,outgoing_trips,Naive (same hour last week),test,2.3342847357004226,4.392283761198235,0.004934970410705564,103.69748035508637,90.48504160028324
31247,Jefferson Dr & 14th St SW,outgoing_trips,Naive (same hour last week),test_forecast_weather,2.3342847357004226,4.392283761198235,0.004934970410705564,103.69748035508637,90.48504160028324
31247,Jefferson Dr & 14th St SW,incoming_trips,Linear Regression,val,2.032014423559358,3.376536142399487,0.53902288375189,80.92521040536089,60.449744892703706
31247,Jefferson Dr & 14th St SW,incoming_trips,Linear Regression,test,1.8353378048832625,3.218074937969866,0.4793728095993067,80.32466154399071,67.83005836697255
31247,Jefferson Dr & 14th St SW,incoming_trips,Linear Regression,test_forecast_weather,1.912807122620383,3.265881783415183,0.46378931931240097,81.54683963939785,70.69315437566217
31247,Jefferson Dr & 14th St SW,incoming_trips,Polynomial Regression,val,2.055695317242531,3.410771619362503,0.529627587340984,78.80099794886603,61.15422019828325
31247,Jefferson Dr & 14th St SW,incoming_trips,Polynomial Regression,test,2.07127864434692,3.5202636858902103,0.3770044695945921,85.94526645360425,76.54991411744588
31247,Jefferson Dr & 14th St SW,incoming_trips,Polynomial Regression,test_forecast_weather,2.0426006938458183,3.488843506638395,0.3880759552041715,84.39958575069649,75.49003998901064
31247,Jefferson Dr & 14th St SW,incoming_trips,Random Forest,val,2.014501096354269,3.2724571719137883,0.5670033820942887,80.86557296364809,59.92874654274335
31247,Jefferson Dr & 14th St SW,incoming_trips,Random Forest,test,2.0202763707392473,3.317176388325024,0.44681337579542824,88.83115268812848,74.66498198862897
31247,Jefferson Dr & 14th St SW,incoming_trips,Random Forest,test_forecast_weather,2.029032125168587,3.333761593799977,0.441267906636852,88.50606437542818,74.98857546139939
31247,Jefferson Dr & 14th St SW,incoming_trips,HistGradientBoosting,val,1.8542093700633584,3.265841417573846,0.5687523453344611,74.28241630418086,55.16027942442242
31247,Jefferson Dr & 14th St SW,incoming_trips,HistGradientBoosting,test,1.7180583981495032,3.1132905235876063,0.5127253265084614,78.25531979423113,63.49566881599789
31247,Jefferson Dr & 14th St SW,incoming_trips,HistGradientBoosting,test_forecast_weather,1.7374855294490503,3.1595308385335237,0.49814328792664153,77.9948544470685,64.21365296389972
31247,Jefferson Dr & 14th St SW,incoming_trips,Soft Two-Stage,val,1.8774767502601688,3.2188002709057733,0.5810862459513291,71.69864923301165,55.85245325001714
31247,Jefferson Dr & 14th St SW,incoming_trips,Soft Two-Stage,test,1.763278840845454,3.0955409342676714,0.5182656193358025,75.27979704509903,65.16691716019128
31247,Jefferson Dr & 14th St SW,incoming_trips,Soft Two-Stage,test_forecast_weather,1.7761757793438446,3.1344137493678663,0.5060907188544275,74.58890043194566,65.64355971001154
31247,Jefferson Dr & 14th St SW,incoming_trips,GAM,val,2.085461703303752,3.3536354669010207,0.5452546476697799,82.6123605104185,62.03973086342249
31247,Jefferson Dr & 14th St SW,incoming_trips,GAM,test,2.093720248040541,3.415085463960865,0.41367597125416633,89.81037785141332,77.37930655100041
31247,Jefferson Dr & 14th St SW,incoming_trips,GAM,test_forecast_weather,2.1520784685251524,3.4621878774122368,0.3973907379039058,90.67060727926807,79.53609833675868
31247,Jefferson Dr & 14th St SW,incoming_trips,XGBoost,val,1.8799461731277978,3.245545607304252,0.5740957303144005,71.7903865474372,55.925915318322204
31247,Jefferson Dr & 14th St SW,incoming_trips,XGBoost,test,1.8531722473692116,3.16649695654857,0.49592786593144,82.1712549487073,68.4891802308309
31247,Jefferson Dr & 14th St SW,incoming_trips,XGBoost,test_forecast_weather,1.8665082874667929,3.2084836992320516,0.4824715679878494,80.7020998545756,68.98205101232759
31247,Jefferson Dr & 14th St SW,incoming_trips,LightGBM,val,1.8508398962081691,3.2548883066036307,0.5716401661903456,75.07243780710361,55.0600420281681
31247,Jefferson Dr & 14th St SW,incoming_trips,LightGBM,test,1.720907406475312,3.124541264657394,0.5091971579235159,78.76181437098175,63.600961912731044
31247,Jefferson Dr & 14th St SW,incoming_trips,LightGBM,test_forecast_weather,1.7368354067814968,3.16307165317211,0.49701781873836426,78.3395771168651,64.18962585653641
31247,Jefferson Dr & 14th St SW,incoming_trips,Poisson,val,2.248644958047506,3.549077855473474,0.4907071088669014,75.99321078564265,66.89421713362432
31247,Jefferson Dr & 14th St SW,incoming_trips,Poisson,test,2.1680186022696386,3.4516897702811917,0.40103968216800023,80.85589371440066,80.12521070582179
31247,Jefferson Dr & 14th St SW,incoming_trips,Poisson,test_forecast_weather,2.211901861936376,3.5173964061191767,0.37801892485310273,81.81134335169472,81.74703969915916
31247,Jefferson Dr & 14th St SW,incoming_trips,Naive (same hour last week),val,2.7320960947284525,4.784862654538167,0.07428880962985074,106.76612338841176,81.27624983064625
31247,Jefferson Dr & 14th St SW,incoming_trips,Naive (same hour last week),test,2.4855577120675876,4.576118533086937,-0.052759260215528014,106.1704921054104,91.86075949367088
31247,Jefferson Dr & 14th St SW,incoming_trips,Naive (same hour last week),test_forecast_weather,2.4855577120675876,4.576118533086937,-0.052759260215528014,106.1704921054104,91.86075949367088
31248,Smithsonian-National Mall / Jefferson Dr & 12th St SW,outgoing_trips,Linear Regression,val,1.7355681301452832,3.163017310086861,0.5703030588200788,82.25436964573497,61.74705264740966
31248,Smithsonian-National Mall / Jefferson Dr & 12th St SW,outgoing_trips,Linear Regression,test,1.519644490221473,2.859054944989163,0.5246522503191002,79.96220428717832,69.250122729566
31248,Smithsonian-National Mall / Jefferson Dr & 12th St SW,outgoing_trips,Linear Regression,test_forecast_weather,1.5682752743707897,2.879461269609038,0.517842505418914,80.88143288760834,71.46622510906688
31248,Smithsonian-National Mall / Jefferson Dr & 12th St SW,outgoing_trips,Polynomial Regression,val,1.728179598603915,3.1119796977950362,0.5840581348844835,73.68832897624019,61.484187688006585
31248,Smithsonian-National Mall / Jefferson Dr & 12th St SW,outgoing_trips,Polynomial Regression,test,1.6632258989370081,2.987533873374514,0.4809704130918119,76.02294148756299,75.79312027880576
31248,Smithsonian-National Mall / Jefferson Dr & 12th St SW,outgoing_trips,Polynomial Regression,test_forecast_weather,1.640443476557253,3.035550945683991,0.46415215182501,76.23369101445024,74.75492644068976
31248,Smithsonian-National Mall / Jefferson Dr & 12th St SW,outgoing_trips,Random Forest,val,1.7221513010985225,3.0918084559935273,0.5894327667102806,78.3319335605318,61.26971635900807
31248,Smithsonian-National Mall / Jefferson Dr & 12th St SW,outgoing_trips,Random Forest,test,1.6301305868453098,2.8739119468839944,0.5196991508298947,85.58442228987552,74.28496857696305
31248,Smithsonian-National Mall / Jefferson Dr & 12th St SW,outgoing_trips,Random Forest,test_forecast_weather,1.630280553533303,2.881679076231025,0.517099488727662,85.28836756259871,74.29180255136674
31248,Smithsonian-National Mall / Jefferson Dr & 12th St SW,outgoing_trips,HistGradientBoosting,val,1.5633059888440881,3.0519708041388856,0.59994484194102,71.4989104625515,55.61840847416707
31248,Smithsonian-National Mall / Jefferson Dr & 12th St SW,outgoing_trips,HistGradientBoosting,test,1.3980382487857215,2.7419041249332485,0.5628092458307754,74.39546927352478,63.70853244427519
31248,Smithsonian-National Mall / Jefferson Dr & 12th St SW,outgoing_trips,HistGradientBoosting,test_forecast_weather,1.4000401198306784,2.757118862600446,0.5579438694469969,73.76711214000925,63.799757606768196
31248,Smithsonian-National Mall / Jefferson Dr & 12th St SW,outgoing_trips,Soft Two-Stage,val,1.582928729928152,3.024037086226042,0.607234483887662,66.53288578464294,56.316535160039535
31248,Smithsonian-National Mall / Jefferson Dr & 12th St SW,outgoing_trips,Soft Two-Stage,test,1.4154302957331248,2.721228852383687,0.5693776437373148,70.13879780506255,64.50108714596765
31248,Smithsonian-National Mall / Jefferson Dr & 12th St SW,outgoing_trips,Soft Two-Stage,test_forecast_weather,1.4189734629577657,2.7403572739500115,0.5633023908554506,69.11404722515131,64.66254909758634
31248,Smithsonian-National Mall / Jefferson Dr & 12th St SW,outgoing_trips,GAM,val,1.8568466038533606,3.1453037569041893,0.5751023665692259,84.74969982150091,66.06182898547442
31248,Smithsonian-National Mall / Jefferson Dr & 12th St SW,outgoing_trips,GAM,test,1.891243464995368,3.071003980088028,0.4515624304489144,94.13553511230724,86.1838692570336
31248,Smithsonian-National Mall / Jefferson Dr & 12th St SW,outgoing_trips,GAM,test_forecast_weather,1.93210617708047,3.095109674225847,0.442918771829126,94.05283496413281,88.04598098458892
31248,Smithsonian-National Mall / Jefferson Dr & 12th St SW,outgoing_trips,XGBoost,val,1.561670006209058,3.064450795146278,0.5966663749865899,68.80800019761791,55.56020441744302
31248,Smithsonian-National Mall / Jefferson Dr & 12th St SW,outgoing_trips,XGBoost,test,1.3861516445899242,2.7093001450903698,0.5731446987107472,71.3042478404487,63.16686049093776
31248,Smithsonian-National Mall / Jefferson Dr & 12th St SW,outgoing_trips,XGBoost,test_forecast_weather,1.3876225958364352,2.7286545999010445,0.5670242541232628,70.39734144624985,63.23389166500878
31248,Smithsonian-National Mall / Jefferson Dr & 12th St SW,outgoing_trips,LightGBM,val,1.5484463465689877,3.030884777263064,0.6054536975093392,71.30857086801073,55.08974059997335
31248,Smithsonian-National Mall / Jefferson Dr & 12th St SW,outgoing_trips,LightGBM,test,1.3761224167397503,2.718440895014677,0.5702595554311889,74.87434425897469,62.7098290839367
31248,Smithsonian-National Mall / Jefferson Dr & 12th St SW,outgoing_trips,LightGBM,test_forecast_weather,1.3816669414965779,2.734667043496611,0.5651140744306462,74.042311643824,62.96249279729735
31248,Smithsonian-National Mall / Jefferson Dr & 12th St SW,outgoing_trips,Poisson,val,1.880282004734087,3.2664192209140976,0.5417494764782232,71.00036433655954,66.89560030615095
31248,Smithsonian-National Mall / Jefferson Dr & 12th St SW,outgoing_trips,Poisson,test,1.7274846760636933,2.932548077550232,0.49990015412635014,73.27597936644051,78.72138950960871
31248,Smithsonian-National Mall / Jefferson Dr & 12th St SW,outgoing_trips,Poisson,test_forecast_weather,1.7447003438296058,2.9585786127893603,0.4909825559445131,73.37465851739026,79.5059066209017
31248,Smithsonian-National Mall / Jefferson Dr & 12th St SW,outgoing_trips,Naive (same hour last week),val,2.32597062507116,4.516255256220285,0.12397583784258503,106.19925452951935,82.75205573783772
31248,Smithsonian-National Mall / Jefferson Dr & 12th St SW,outgoing_trips,Naive (same hour last week),test,1.9997716634318987,3.9530293920721284,0.09128745023151041,102.47694265704675,91.12949378284169
31248,Smithsonian-National Mall / Jefferson Dr & 12th St SW,outgoing_trips,Naive (same hour last week),test_forecast_weather,1.9997716634318987,3.9530293920721284,0.09128745023151041,102.47694265704675,91.12949378284169
31248,Smithsonian-National Mall / Jefferson Dr & 12th St SW,incoming_trips,Linear Regression,val,1.8186108671456394,3.151728151918657,0.5297105404012891,79.58311537862755,61.61655381761428
31248,Smithsonian-National Mall / Jefferson Dr & 12th St SW,incoming_trips,Linear Regression,test,1.6017990443056624,2.8211713209204623,0.4766379636589032,83.40265481300968,70.80931578214039
31248,Smithsonian-National Mall / Jefferson Dr & 12th St SW,incoming_trips,Linear Regression,test_forecast_weather,1.664531310452615,2.8593207723778673,0.462387875427141,85.09443566361946,73.58246567202208
31248,Smithsonian-National Mall / Jefferson Dr & 12th St SW,incoming_trips,Polynomial Regression,val,1.8194544353443853,3.1129557219402813,0.541210330788517,74.15922859497329,61.64513484407566
31248,Smithsonian-National Mall / Jefferson Dr & 12th St SW,incoming_trips,Polynomial Regression,test,1.7345665438408404,2.9180781313191884,0.44006562802038074,80.31052005810908,76.67845138539377
31248,Smithsonian-National Mall / Jefferson Dr & 12th St SW,incoming_trips,Polynomial Regression,test_forecast_weather,1.7258934137810418,2.951099656969893,0.42732127785166807,81.87427562878673,76.29504598419373
31248,Smithsonian-National Mall / Jefferson Dr & 12th St SW,incoming_trips,Random Forest,val,1.8005249624006257,3.0806835926114777,0.5506736017473473,77.40381587745442,61.00378329963622
31248,Smithsonian-National Mall / Jefferson Dr & 12th St SW,incoming_trips,Random Forest,test,1.7476976882496813,2.8748365915927137,0.4565374477644982,90.30956634507812,77.25892828999172
31248,Smithsonian-National Mall / Jefferson Dr & 12th St SW,incoming_trips,Random Forest,test_forecast_weather,1.7644512635815337,2.8900387911668513,0.4507745667963766,91.11919913562045,77.99953879938757
31248,Smithsonian-National Mall / Jefferson Dr & 12th St SW,incoming_trips,HistGradientBoosting,val,1.6624329393540351,3.0709368861481523,0.5535122734215987,69.5354532397852,56.325072354073555
31248,Smithsonian-National Mall / Jefferson Dr & 12th St SW,incoming_trips,HistGradientBoosting,test,1.4785299383847113,2.7191797264233672,0.5137953331201971,78.28526465633536,65.36006727723674
31248,Smithsonian-National Mall / Jefferson Dr & 12th St SW,incoming_trips,HistGradientBoosting,test_forecast_weather,1.481804179576041,2.720385155013227,0.513364162714083,78.15446075556272,65.50480876605705
31248,Smithsonian-National Mall / Jefferson Dr & 12th St SW,incoming_trips,Soft Two-Stage,val,1.684244814301852,3.0532286075461825,0.5586466888824786,66.32662806335803,57.064082876261104
31248,Smithsonian-National Mall / Jefferson Dr & 12th St SW,incoming_trips,Soft Two-Stage,test,1.5004587917976093,2.7006161853346753,0.5204112044876235,74.33555831370496,66.32945673440628
31248,Smithsonian-National Mall / Jefferson Dr & 12th St SW,incoming_trips,Soft Two-Stage,test_forecast_weather,1.5085558726321728,2.704958034505395,0.5188678707029464,74.18715156273126,66.68739723622288
31248,Smithsonian-National Mall / Jefferson Dr & 12th St SW,incoming_trips,GAM,val,1.8646608212874034,3.115057976306697,0.5405904580089825,80.19387805571667,63.17677735357506
31248,Smithsonian-National Mall / Jefferson Dr & 12th St SW,incoming_trips,GAM,test,1.8006951730582017,2.9109046486713512,0.4428152065025288,90.57453114933509,79.60174129815681
31248,Smithsonian-National Mall / Jefferson Dr & 12th St SW,incoming_trips,GAM,test_forecast_weather,1.8498714256559585,2.947930027636854,0.42855078867144913,91.45723499978544,81.77563246856032
31248,Smithsonian-National Mall / Jefferson Dr & 12th St SW,incoming_trips,XGBoost,val,1.6764582755927628,3.0588457467833243,0.557021246567815,65.66817430207561,56.800266306103595
31248,Smithsonian-National Mall / Jefferson Dr & 12th St SW,incoming_trips,XGBoost,test,1.525976546427,2.702502481090219,0.5197410150339413,74.6457741348273,67.45749757824818
31248,Smithsonian-National Mall / Jefferson Dr & 12th St SW,incoming_trips,XGBoost,test_forecast_weather,1.529738584268339,2.711217018147084,0.5166387180766019,73.98271501005837,67.62380266279591
31248,Smithsonian-National Mall / Jefferson Dr & 12th St SW,incoming_trips,LightGBM,val,1.6651341982518124,3.0585230446147036,0.557114708399981,69.5045184797731,56.41659400241357
31248,Smithsonian-National Mall / Jefferson Dr & 12th St SW,incoming_trips,LightGBM,test,1.4966507962910744,2.714940851628459,0.5153100210184737,79.26708541020645,66.16112003993904
31248,Smithsonian-National Mall / Jefferson Dr & 12th St SW,incoming_trips,LightGBM,test_forecast_weather,1.4978769931486446,2.712565776510233,0.516157679688414,79.09546191440869,66.21532544155131
31248,Smithsonian-National Mall / Jefferson Dr & 12th St SW,incoming_trips,Poisson,val,1.9941563069820598,3.270320172610834,0.49365294331013543,72.77996904776539,67.56422807631614
31248,Smithsonian-National Mall / Jefferson Dr & 12th St SW,incoming_trips,Poisson,test,1.8476296769199856,2.931551737903847,0.4348829342849685,78.8418876398432,81.6765334619065
31248,Smithsonian-National Mall / Jefferson Dr & 12th St SW,incoming_trips,Poisson,test_forecast_weather,1.8758708803516928,2.9671693715115017,0.4210674465595169,79.86950276008162,82.9249674018395
31248,Smithsonian-National Mall / Jefferson Dr & 12th St SW,incoming_trips,Naive (same hour last week),val,2.4685187293635433,4.519405449577466,0.03299136269056058,107.26479099204442,83.63615322300659
31248,Smithsonian-National Mall / Jefferson Dr & 12th St SW,incoming_trips,Naive (same hour last week),test,2.086653727594474,3.945527599087837,-0.02365465861396676,106.00972940859003,92.242858584839
31248,Smithsonian-National Mall / Jefferson Dr & 12th St SW,incoming_trips,Naive (same hour last week),test_forecast_weather,2.086653727594474,3.945527599087837,-0.02365465861396676,106.00972940859003,92.242858584839
31249,Jefferson Memorial,outgoing_trips,Linear Regression,val,1.5516002265986508,3.048611030943459,0.4806970602786891,81.15169229576597,70.08694090833136
31249,Jefferson Memorial,outgoing_trips,Linear Regression,test,1.430391035878039,2.787525384206446,0.47111158846778367,80.47515757318139,73.9860345060573
31249,Jefferson Memorial,outgoing_trips,Linear Regression,test_forecast_weather,1.471221102907429,2.8095195362808885,0.4627325843180433,81.78573266491048,76.09794283905852
31249,Jefferson Memorial,outgoing_trips,Polynomial Regression,val,1.6101007431245455,2.968924061123277,0.5074901434289655,74.11242357573012,72.72945292564742
31249,Jefferson Memorial,outgoing_trips,Polynomial Regression,test,1.541594125030959,2.874444986608874,0.4376141411405786,76.45749641475376,79.73794107208084
31249,Jefferson Memorial,outgoing_trips,Polynomial Regression,test_forecast_weather,1.5431718433628958,2.9251843673753934,0.41758456350147155,76.67307016825993,79.81954751396955
31249,Jefferson Memorial,outgoing_trips,Random Forest,val,1.5273090039608166,2.8061554634721713,0.560012637221303,73.92092798833967,68.98968824206877
31249,Jefferson Memorial,outgoing_trips,Random Forest,test,1.4516243447153616,2.6087902828645446,0.5367614156126608,75.1894549551896,75.08431342483674
31249,Jefferson Memorial,outgoing_trips,Random Forest,test_forecast_weather,1.4719766129082523,2.656286211468861,0.5197403220950314,75.7036845550951,76.13702109639414
31249,Jefferson Memorial,outgoing_trips,HistGradientBoosting,val,1.420924411495762,3.022746693144941,0.4894711876287132,72.87547927528647,64.18421675667186
31249,Jefferson Memorial,outgoing_trips,HistGradientBoosting,test,1.2861109568782865,2.708961703995585,0.5005038782521545,73.74261285396437,66.52324241937471
31249,Jefferson Memorial,outgoing_trips,HistGradientBoosting,test_forecast_weather,1.3021167898601902,2.7563011267793684,0.48289383591034896,73.53250442293707,67.35113359150469
31249,Jefferson Memorial,outgoing_trips,Soft Two-Stage,val,1.4215461520707444,2.9014878442401866,0.5296098072175495,64.76452911022164,64.21230124273477
31249,Jefferson Memorial,outgoing_trips,Soft Two-Stage,test,1.3104284426043824,2.6333382017834905,0.5280025324957793,66.3863523136072,67.78104835698467
31249,Jefferson Memorial,outgoing_trips,Soft Two-Stage,test_forecast_weather,1.3311030319624435,2.6949156435101567,0.5056702589719122,66.42684147159942,68.85042787858181
31249,Jefferson Memorial,outgoing_trips,GAM,val,1.651999509881554,3.010790822809411,0.49350179005032024,81.9258448115513,74.62205150838145
31249,Jefferson Memorial,outgoing_trips,GAM,test,1.6515892012353885,2.886141476990303,0.4330279868967719,88.12663210400376,85.42736396374613
31249,Jefferson Memorial,outgoing_trips,GAM,test_forecast_weather,1.6689383289809654,2.928200298995931,0.41638297726334705,87.81895133197,86.32473617304993
31249,Jefferson Memorial,outgoing_trips,XGBoost,val,1.4099868573608065,2.9269493500098034,0.5213179282845333,69.75579272978493,63.69015926866881
31249,Jefferson Memorial,outgoing_trips,XGBoost,test,1.296285130620515,2.6511909635907904,0.5215810086556195,70.16443492223048,67.04949485712231
31249,Jefferson Memorial,outgoing_trips,XGBoost,test_forecast_weather,1.3147764558612478,2.710364612754294,0.49998638925732386,70.82305431672718,68.0059464797961
31249,Jefferson Memorial,outgoing_trips,LightGBM,val,1.3870711271963716,2.926684190543274,0.521404654304207,70.50980281655983,62.65503862459233
31249,Jefferson Memorial,outgoing_trips,LightGBM,test,1.2719171165106438,2.648600233416096,0.522515568964361,71.88514538691221,65.78907537213138
31249,Jefferson Memorial,outgoing_trips,LightGBM,test_forecast_weather,1.2844901362971615,2.6987911613625277,0.5042474602502616,72.10709174296413,66.43940654202692
31249,Jefferson Memorial,outgoing_trips,Poisson,val,1.7022898214811641,3.081869753904757,0.46930461758339015,70.66898797699533,76.89370243812522
31249,Jefferson Memorial,outgoing_trips,Poisson,test,1.5973808155907199,2.7877179124203284,0.47103852763882137,70.66692468751837,82.62347090917159
31249,Jefferson Memorial,outgoing_trips,Poisson,test_forecast_weather,1.618186500005309,2.80883415838759,0.46299468343501315,71.16393889361443,83.69963123624957
31249,Jefferson Memorial,outgoing_trips,Naive (same hour last week),val,2.097347147899351,4.17783277432175,0.024743501837412363,110.77534389278088,94.73873688541453
31249,Jefferson Memorial,outgoing_trips,Naive (same hour last week),test,1.9739696312364425,4.02112244697065,-0.10057840090239445,111.09525625440817,102.1022794378174
31249,Jefferson Memorial,outgoing_trips,Naive (same hour last week),test_forecast_weather,1.9739696312364425,4.02112244697065,-0.10057840090239445,111.09525625440817,102.1022794378174
31249,Jefferson Memorial,incoming_trips,Linear Regression,val,1.5391654128628631,2.969351196215252,0.4937027300973519,79.78817314720735,69.55386818879671
31249,Jefferson Memorial,incoming_trips,Linear Regression,test,1.426942431500328,2.752254015602457,0.4867304769387276,80.38341552620889,73.28401499566915
31249,Jefferson Memorial,incoming_trips,Linear Regression,test_forecast_weather,1.4675167187023817,2.776448332256773,0.4776667874445444,81.40755161479436,75.36780380600504
31249,Jefferson Memorial,incoming_trips,Polynomial Regression,val,1.624000199578641,2.9443372003199895,0.5021969590799089,72.38105715289082,73.38749615609798
31249,Jefferson Memorial,incoming_trips,Polynomial Regression,test,1.5509528574364304,2.818849767779496,0.4615910006087742,75.24228433629587,79.65286472169858
31249,Jefferson Memorial,incoming_trips,Polynomial Regression,test_forecast_weather,1.5503597630109152,2.892349796331982,0.4331474837581013,75.59083838375302,79.622404949942
31249,Jefferson Memorial,incoming_trips,Random Forest,val,1.5107611495789128,2.7405583676217415,0.5687187624595768,70.89561463357354,68.27029829569659
31249,Jefferson Memorial,incoming_trips,Random Forest,test,1.451920362958959,2.5587832268989654,0.5563551547235583,74.71436743593327,74.56681594346246
31249,Jefferson Memorial,incoming_trips,Random Forest,test_forecast_weather,1.4675200785117244,2.5943901214279106,0.5439221156210443,75.08991228013271,75.36797635698736
31249,Jefferson Memorial,incoming_trips,HistGradientBoosting,val,1.3983490696567409,2.938780135554142,0.5040742666079414,71.80671003416904,63.19047066677894
31249,Jefferson Memorial,incoming_trips,HistGradientBoosting,test,1.2867844251947311,2.644461341712346,0.526147807266089,74.05909348823695,66.08586795825651
31249,Jefferson Memorial,incoming_trips,HistGradientBoosting,test_forecast_weather,1.3029459155817722,2.705473254498189,0.5040305350652403,73.8403667875896,66.91587965160213
31249,Jefferson Memorial,incoming_trips,Soft Two-Stage,val,1.4057377174845966,2.812857047781751,0.5456633453523742,63.935137652703645,63.52435878095911
31249,Jefferson Memorial,incoming_trips,Soft Two-Stage,test,1.3154941925967663,2.6100008586505523,0.538417059152349,66.07196419970977,67.5603261973326
31249,Jefferson Memorial,incoming_trips,Soft Two-Stage,test_forecast_weather,1.333214604632688,2.6688765971927473,0.5173576395543943,66.04553034122468,68.4704000115961
31249,Jefferson Memorial,incoming_trips,GAM,val,1.577087924156612,2.919863684952884,0.5104381058348503,79.01475142714577,71.2675614214217
31249,Jefferson Memorial,incoming_trips,GAM,test,1.491725706244538,2.7645119411894314,0.4821483196819295,80.90659273326901,76.61111381410676
31249,Jefferson Memorial,incoming_trips,GAM,test_forecast_weather,1.5205263115462555,2.816919410775292,0.4623281564016557,81.43293510322336,78.09023724909794
31249,Jefferson Memorial,incoming_trips,XGBoost,val,1.372183029997239,2.803402439033099,0.5487124559665768,68.23605768025055,62.00804462063054
31249,Jefferson Memorial,incoming_trips,XGBoost,test,1.2948467912992314,2.5892811622316882,0.545716594441829,70.59688696793218,66.49992990319535
31249,Jefferson Memorial,incoming_trips,XGBoost,test_forecast_weather,1.3121663981167242,2.6525448900408657,0.5232464515877326,70.89945193803194,67.38941941427375
31249,Jefferson Memorial,incoming_trips,LightGBM,val,1.376766752494691,2.8803376876492885,0.5236027268613845,69.4530773444655,62.215180012146895
31249,Jefferson Memorial,incoming_trips,LightGBM,test,1.283684173050893,2.631248185776285,0.5308712198871957,71.9667334772117,65.92664715187787
31249,Jefferson Memorial,incoming_trips,LightGBM,test_forecast_weather,1.2990820756314212,2.6972267371789083,0.5070494430558823,71.70979331116334,66.71744298127012
31249,Jefferson Memorial,incoming_trips,Poisson,val,1.6805082957165567,2.9772770731950886,0.4909962765876963,68.90539679070963,75.94105968964044
31249,Jefferson Memorial,incoming_trips,Poisson,test,1.5958380097530211,2.6873965882369717,0.5106360507488372,70.759318841204,81.95804824055534
31249,Jefferson Memorial,incoming_trips,Poisson,test_forecast_weather,1.6145415616126848,2.72516240364943,0.4967854070214276,71.06795993505905,82.91861353365879
31249,Jefferson Memorial,incoming_trips,Naive (same hour last week),val,2.0776500056928158,4.084137315988384,0.042181714359009304,107.85934424127208,93.88763119983535
31249,Jefferson Memorial,incoming_trips,Naive (same hour last week),test,1.9896106861513871,3.971484728216272,-0.06874536220280847,111.49345972667109,102.18117854001758
31249,Jefferson Memorial,incoming_trips,Naive (same hour last week),test_forecast_weather,1.9896106861513871,3.971484728216272,-0.06874536220280847,111.49345972667109,102.18117854001758
31257,22nd & I St NW / Foggy Bottom,outgoing_trips,Linear Regression,val,1.1510430737093416,1.7045048973013128,0.5099167442358088,58.04778077637223,57.427921588213735
31257,22nd & I St NW / Foggy Bottom,outgoing_trips,Linear Regression,test,1.3499044806349243,2.02547955847074,0.5613439033641554,54.76910857710355,53.332491411282376
31257,22nd & I St NW / Foggy Bottom,outgoing_trips,Linear Regression,test_forecast_weather,1.3676467197165436,2.031713929647405,0.5586394044228995,55.09103346486069,54.033457907069035
31257,22nd & I St NW / Foggy Bottom,outgoing_trips,Polynomial Regression,val,1.2113950047327984,1.787329056918278,0.46113200594213255,61.78828896840387,60.4390043545113
31257,22nd & I St NW / Foggy Bottom,outgoing_trips,Polynomial Regression,test,1.4287369513599377,2.283590763401982,0.44242281355847646,60.94913265396376,56.44703183113078
31257,22nd & I St NW / Foggy Bottom,outgoing_trips,Polynomial Regression,test_forecast_weather,1.428155319916383,2.281027239145875,0.44367396623837785,60.3468078337895,56.424052535622906
31257,22nd & I St NW / Foggy Bottom,outgoing_trips,Random Forest,val,1.1489051160456765,1.702169819597513,0.5112585985360305,60.77961485309464,57.321254454835135
31257,22nd & I St NW / Foggy Bottom,outgoing_trips,Random Forest,test,1.328121361265051,2.007665119943132,0.5690260816330932,56.04305106766425,52.471876424540284
31257,22nd & I St NW / Foggy Bottom,outgoing_trips,Random Forest,test_forecast_weather,1.3342220319304594,2.0150244627124945,0.5658607152000349,56.33792366969572,52.712903823540344
31257,22nd & I St NW / Foggy Bottom,outgoing_trips,HistGradientBoosting,val,1.0867122198133683,1.7075679713200933,0.5081537570854283,56.47339138920656,54.218322123499284
31257,22nd & I St NW / Foggy Bottom,outgoing_trips,HistGradientBoosting,test,1.3012796963449742,2.1049911497047433,0.5262284376799639,53.803940813096084,51.41140667697622
31257,22nd & I St NW / Foggy Bottom,outgoing_trips,HistGradientBoosting,test_forecast_weather,1.3080596718867912,2.1128740986619525,0.5226733537682271,54.096887243470526,51.679272287128576
31257,22nd & I St NW / Foggy Bottom,outgoing_trips,Soft Two-Stage,val,1.1183478213274356,1.7108186326871744,0.5062793398643942,54.78403525815507,55.79668776822806
31257,22nd & I St NW / Foggy Bottom,outgoing_trips,Soft Two-Stage,test,1.3302326184754054,2.1112940096457153,0.5233870134930738,52.10562349806322,52.555288701966965
31257,22nd & I St NW / Foggy Bottom,outgoing_trips,Soft Two-Stage,test_forecast_weather,1.3380965631896602,2.1204982611704564,0.5192223371133216,52.40297935792031,52.86598013973042
31257,22nd & I St NW / Foggy Bottom,outgoing_trips,GAM,val,1.2947217545711882,1.8197547449337914,0.4414023827954576,66.74234156588756,64.59634838899538
31257,22nd & I St NW / Foggy Bottom,outgoing_trips,GAM,test,1.5777086201310435,2.224633639148516,0.470841909483101,68.21598964871043,62.33265585804154
31257,22nd & I St NW / Foggy Bottom,outgoing_trips,GAM,test_forecast_weather,1.5902280963292887,2.238176087720882,0.4643798045392974,68.07868818180809,62.82727963801642
31257,22nd & I St NW / Foggy Bottom,outgoing_trips,XGBoost,val,1.110299305970611,1.7117163818456713,0.5057610457650561,55.0723644393729,55.39513067677729
31257,22nd & I St NW / Foggy Bottom,outgoing_trips,XGBoost,test,1.348338949087815,2.124053587571174,0.5176087970192794,51.129860313445505,53.27063985142162
31257,22nd & I St NW / Foggy Bottom,outgoing_trips,XGBoost,test_forecast_weather,1.3607499057371941,2.137752625947594,0.5113663880030975,51.363303952958596,53.76097620366298
31257,22nd & I St NW / Foggy Bottom,outgoing_trips,LightGBM,val,1.0883382083549682,1.7092460059889585,0.5071866031080188,56.708404814431255,54.299446057610126
31257,22nd & I St NW / Foggy Bottom,outgoing_trips,LightGBM,test,1.3002761851878313,2.1020161256690466,0.5275666720585921,54.15559481256976,51.371759612360016
31257,22nd & I St NW / Foggy Bottom,outgoing_trips,LightGBM,test_forecast_weather,1.3085388143815067,2.1147941923190916,0.5218054096624585,54.29815862592483,51.69820241392701
31257,22nd & I St NW / Foggy Bottom,outgoing_trips,Poisson,val,1.2225868770980208,1.7721870170419582,0.47022378141278565,54.916193768454356,60.99739003381003
31257,22nd & I St NW / Foggy Bottom,outgoing_trips,Poisson,test,1.463689401004743,2.1969381205135665,0.48393537535906406,57.132535150542154,57.82794525665559
31257,22nd & I St NW / Foggy Bottom,outgoing_trips,Poisson,test_forecast_weather,1.4800743189170593,2.23894885507631,0.4640098772053064,57.72765838465547,58.47528623993921
31257,22nd & I St NW / Foggy Bottom,outgoing_trips,Naive (same hour last week),val,1.5229420471365138,2.35788120566529,0.06218494690056109,85.4516061193402,75.98273119745512
31257,22nd & I St NW / Foggy Bottom,outgoing_trips,Naive (same hour last week),test,1.7779426875214066,2.7933957310077924,0.16567862374418751,83.85446560121372,70.24357239512855
31257,22nd & I St NW / Foggy Bottom,outgoing_trips,Naive (same hour last week),test_forecast_weather,1.7779426875214066,2.7933957310077924,0.16567862374418751,83.85446560121372,70.24357239512855
31257,22nd & I St NW / Foggy Bottom,incoming_trips,Linear Regression,val,1.200347760118051,1.7056265784282119,0.4440282411402263,56.660377911567636,58.17278804346323
31257,22nd & I St NW / Foggy Bottom,incoming_trips,Linear Regression,test,1.3761582074381795,2.0162719157480606,0.5026460532289161,54.47833433743512,53.463007801610104
31257,22nd & I St NW / Foggy Bottom,incoming_trips,Linear Regression,test_forecast_weather,1.3992266675420777,2.029632695690738,0.49603280510861536,55.370261092229256,54.35920509625236
31257,22nd & I St NW / Foggy Bottom,incoming_trips,Polynomial Regression,val,1.2524242660550606,1.7874254039593558,0.38942267191372526,61.70139984712847,60.69658626475527
31257,22nd & I St NW / Foggy Bottom,incoming_trips,Polynomial Regression,test,1.38698705282791,2.0489337037390767,0.48640217072616965,59.43930448531791,53.88370263337028
31257,22nd & I St NW / Foggy Bottom,incoming_trips,Polynomial Regression,test_forecast_weather,1.4014733878904666,2.06748359764427,0.4770604217811941,60.335519280281524,54.44648897601614
31257,22nd & I St NW / Foggy Bottom,incoming_trips,Random Forest,val,1.2075090268817803,1.7051315966460445,0.4443508861597977,59.022475380548286,58.51984651052627
31257,22nd & I St NW / Foggy Bottom,incoming_trips,Random Forest,test,1.3996556729457783,2.0585348228365477,0.48157754678028863,56.247382237871925,54.37587172594728
31257,22nd & I St NW / Foggy Bottom,incoming_trips,Random Forest,test_forecast_weather,1.403516299224256,2.063811275882746,0.4789164915069418,56.75607999979938,54.525854984943045
31257,22nd & I St NW / Foggy Bottom,incoming_trips,HistGradientBoosting,val,1.1422609840631077,1.7181729960813894,0.4358188131829267,55.71433681577723,55.35771242634374
31257,22nd & I St NW / Foggy Bottom,incoming_trips,HistGradientBoosting,test,1.3494631239531627,2.1339145020443726,0.4429150876860871,52.09356196735359,52.42591813494967
31257,22nd & I St NW / Foggy Bottom,incoming_trips,HistGradientBoosting,test_forecast_weather,1.3543254864659235,2.138791425087264,0.440365815119684,52.378305831005775,52.61481830903497
31257,22nd & I St NW / Foggy Bottom,incoming_trips,Soft Two-Stage,val,1.1654960876314207,1.7136375577631229,0.43879340509191556,54.44579870872679,56.483761726351965
31257,22nd & I St NW / Foggy Bottom,incoming_trips,Soft Two-Stage,test,1.382262646161999,2.1512952949365096,0.43380318568042797,50.512159430359546,53.700161969896875
31257,22nd & I St NW / Foggy Bottom,incoming_trips,Soft Two-Stage,test_forecast_weather,1.3870355320602812,2.151728794014016,0.433574978491315,50.87134329295376,53.88558602553004
31257,22nd & I St NW / Foggy Bottom,incoming_trips,GAM,val,1.2817829330951547,1.7597175221328603,0.4082057531393585,62.291654169759745,62.11940352797408
31257,22nd & I St NW / Foggy Bottom,incoming_trips,GAM,test,1.4705207733694763,2.114547709232943,0.45298108552595706,61.26608868389275,57.12894284548587
31257,22nd & I St NW / Foggy Bottom,incoming_trips,GAM,test_forecast_weather,1.4847091047352314,2.129712824148412,0.4451067284001119,61.44399409567928,57.68015190444377
31257,22nd & I St NW / Foggy Bottom,incoming_trips,XGBoost,val,1.160502352984229,1.7157876111123984,0.43738426104929407,54.476671063244666,56.24174897235824
31257,22nd & I St NW / Foggy Bottom,incoming_trips,XGBoost,test,1.3860361810198705,2.1397348561932024,0.4398719916096393,50.57609048420487,53.84676177394236
31257,22nd & I St NW / Foggy Bottom,incoming_trips,XGBoost,test_forecast_weather,1.3938752193819726,2.1480692089231863,0.4355000517888039,50.798145214089544,54.1513042072505
31257,22nd & I St NW / Foggy Bottom,incoming_trips,LightGBM,val,1.1456589436369031,1.7221562399117143,0.4331998962713467,55.553590743896244,55.5223886882024
31257,22nd & I St NW / Foggy Bottom,incoming_trips,LightGBM,test,1.3575295019337852,2.1422779750050323,0.4385397531052283,51.69503494195769,52.73929259042857
31257,22nd & I St NW / Foggy Bottom,incoming_trips,LightGBM,test_forecast_weather,1.3617853642231075,2.146305621908372,0.4364265918631369,51.950141422429354,52.90463055633017
31257,22nd & I St NW / Foggy Bottom,incoming_trips,Poisson,val,1.2769839573721387,1.7729950975343942,0.39924154549177493,55.82847629368872,61.886829430003274
31257,22nd & I St NW / Foggy Bottom,incoming_trips,Poisson,test,1.487853272565531,2.136013993365233,0.44181835180366114,59.08774217221726,57.80230113723713
31257,22nd & I St NW / Foggy Bottom,incoming_trips,Poisson,test_forecast_weather,1.4991101744315134,2.1526398201123493,0.43309523660191085,59.72997414003434,58.23962573337012
31257,22nd & I St NW / Foggy Bottom,incoming_trips,Naive (same hour last week),val,1.5544802459296367,2.351377560440505,-0.0566461149263191,81.22136867509198,75.33520940241681
31257,22nd & I St NW / Foggy Bottom,incoming_trips,Naive (same hour last week),test,1.8134490238611713,2.7531132156388622,0.07271014368146467,84.30814743252058,70.45152133416127
31257,22nd & I St NW / Foggy Bottom,incoming_trips,Naive (same hour last week),test_forecast_weather,1.8134490238611713,2.7531132156388622,0.07271014368146467,84.30814743252058,70.45152133416127
31258,Lincoln Memorial,outgoing_trips,Linear Regression,val,2.1901475905446532,3.731896455563566,0.5638082138760958,82.32407324398004,59.800622649776756
31258,Lincoln Memorial,outgoing_trips,Linear Regression,test,1.883395549676047,3.3001074555642256,0.5354475439562334,80.6733201427739,65.10897746225874
31258,Lincoln Memorial,outgoing_trips,Linear Regression,test_forecast_weather,1.9286923414778974,3.317157817757259,0.53063482222323,81.61055112181937,66.67488739394918
31258,Lincoln Memorial,outgoing_trips,Polynomial Regression,val,2.2797095307746793,3.7168736285925505,0.5673129437219546,76.33182303459319,62.24605592313244
31258,Lincoln Memorial,outgoing_trips,Polynomial Regression,test,2.1908473789904224,3.4957446973036617,0.47873566308139837,79.82640776894064,75.73758610955169
31258,Lincoln Memorial,outgoing_trips,Polynomial Regression,test_forecast_weather,2.1769873183376296,3.573010329629349,0.45543823969707686,77.96133723704077,75.2584438620172
31258,Lincoln Memorial,outgoing_trips,Random Forest,val,2.2013457880698026,3.598829030841733,0.5943600292668911,78.28798002501628,60.1063824932915
31258,Lincoln Memorial,outgoing_trips,Random Forest,test,2.1011346134431057,3.387825859236437,0.5104232834940065,83.89566543476515,72.63621612325122
31258,Lincoln Memorial,outgoing_trips,Random Forest,test_forecast_weather,2.123661241324924,3.426947178955038,0.49905110961683763,85.2775542539476,73.41496156910846
31258,Lincoln Memorial,outgoing_trips,HistGradientBoosting,val,2.0094158652024525,3.5768138697419767,0.599307702372285,72.34060106024806,54.8658548949953
31258,Lincoln Memorial,outgoing_trips,HistGradientBoosting,test,1.7612181886987812,3.172465353766299,0.5706886466674836,75.00707851065962,60.885306527263
31258,Lincoln Memorial,outgoing_trips,HistGradientBoosting,test_forecast_weather,1.7748360178037772,3.2109428009838856,0.5602116341417975,74.84791674831374,61.35607483105058
31258,Lincoln Memorial,outgoing_trips,Soft Two-Stage,val,2.0234286451639374,3.526355082790287,0.6105332429166559,68.99239727937034,55.24846516764031
31258,Lincoln Memorial,outgoing_trips,Soft Two-Stage,test,1.7751486674586816,3.131492318966488,0.5817063232301173,72.01678289934527,61.366883128510054
31258,Lincoln Memorial,outgoing_trips,Soft Two-Stage,test_forecast_weather,1.7878490152834055,3.1706390075216992,0.5711828020960377,71.80934335159405,61.805934107697624
31258,Lincoln Memorial,outgoing_trips,GAM,val,2.2826989553701074,3.6836289567042866,0.575018457086955,85.79577815317855,62.32768030906101
31258,Lincoln Memorial,outgoing_trips,GAM,test,2.2837922640262396,3.5476360664270628,0.46314534793186724,95.60312567176116,78.95069045508873
31258,Lincoln Memorial,outgoing_trips,GAM,test_forecast_weather,2.3103718965009006,3.5718242877708684,0.4557997084786385,94.86755215780268,79.86954825532379
31258,Lincoln Memorial,outgoing_trips,XGBoost,val,2.0371977110266353,3.575459106235095,0.5996111794430498,69.8275704392878,55.624420977856005
31258,Lincoln Memorial,outgoing_trips,XGBoost,test,1.8518059287719355,3.201448594507114,0.5628085464993977,73.46809085850614,64.01692437981364
31258,Lincoln Memorial,outgoing_trips,XGBoost,test_forecast_weather,1.864604329745212,3.2504968959553238,0.54930980564926,73.42081383724735,64.45936505599839
31258,Lincoln Memorial,outgoing_trips,LightGBM,val,2.01106422017995,3.5839884964512114,0.5976986161732107,72.57196727841388,54.91086220611341
31258,Lincoln Memorial,outgoing_trips,LightGBM,test,1.755248044136397,3.1587084658290236,0.5744038538233651,75.44191893758003,60.67891865094802
31258,Lincoln Memorial,outgoing_trips,LightGBM,test_forecast_weather,1.7634927233825146,3.192162004105141,0.5653412308733885,75.14740750727573,60.963937183200244
31258,Lincoln Memorial,outgoing_trips,Poisson,val,2.4119131531563345,3.8461705505359802,0.5366860370003752,74.68231693544281,65.85579390111633
31258,Lincoln Memorial,outgoing_trips,Poisson,test,2.1814873654830707,3.4065238313390456,0.5050042604136119,73.46598572851656,75.4140104758504
31258,Lincoln Memorial,outgoing_trips,Poisson,test_forecast_weather,2.2174663552969736,3.461391986210524,0.4889302621535554,74.26237168659127,76.65780402591542
31258,Lincoln Memorial,outgoing_trips,Naive (same hour last week),val,2.995104178526699,5.301756211192597,0.11964503059785325,110.27762448293177,81.77946342524947
31258,Lincoln Memorial,outgoing_trips,Naive (same hour last week),test,2.559310423564334,4.64441741057857,0.07988716936957296,108.32592604655626,88.47535225164779
31258,Lincoln Memorial,outgoing_trips,Naive (same hour last week),test_forecast_weather,2.559310423564334,4.64441741057857,0.07988716936957296,108.32592604655626,88.47535225164779
31258,Lincoln Memorial,incoming_trips,Linear Regression,val,2.139923423228205,3.617504585934024,0.572027430447112,81.55284239340082,59.54363195378845
31258,Lincoln Memorial,incoming_trips,Linear Regression,test,1.9073140356530789,3.266188676502294,0.5255898964045166,80.59565812668839,65.42200672887421
31258,Lincoln Memorial,incoming_trips,Linear Regression,test_forecast_weather,1.9705760464760147,3.296616345458425,0.5167095567610613,82.64753157492747,67.59193135605973
31258,Lincoln Memorial,incoming_trips,Polynomial Regression,val,2.2638782356560956,3.8679230227860546,0.5107245800275817,77.71356046490119,62.9926898266038
31258,Lincoln Memorial,incoming_trips,Polynomial Regression,test,2.189854832491448,3.773060560561082,0.36691948920781003,80.76856336596731,75.11332423947601
31258,Lincoln Memorial,incoming_trips,Polynomial Regression,test_forecast_weather,2.187877556267014,3.8109743478205393,0.3541324827577853,79.74293210011402,75.0455024880278
31258,Lincoln Memorial,incoming_trips,Random Forest,val,2.1538170002224013,3.5306481441035857,0.592331991759351,77.81888484991015,59.93022243926295
31258,Lincoln Memorial,incoming_trips,Random Forest,test,2.1043722892105827,3.3691519676698873,0.49520784937352014,84.0495922289022,72.18122212247609
31258,Lincoln Memorial,incoming_trips,Random Forest,test_forecast_weather,2.129414586145129,3.4038719319056563,0.48475021944034724,85.24958624594838,73.04018781346015
31258,Lincoln Memorial,incoming_trips,HistGradientBoosting,val,1.9569489195443739,3.4845059437845,0.602918025371157,71.47117021083784,54.45234392636855
31258,Lincoln Memorial,incoming_trips,HistGradientBoosting,test,1.772262953775905,3.13636463472173,0.5625539610562842,76.13402670513476,60.78967423293841
31258,Lincoln Memorial,incoming_trips,HistGradientBoosting,test_forecast_weather,1.7976085593058786,3.1867384115853183,0.5483893006919613,76.38106922933683,61.659043589286455
31258,Lincoln Memorial,incoming_trips,Soft Two-Stage,val,1.991710052271074,3.449195672259352,0.6109249171585164,67.25427658006078,55.419576711854404
31258,Lincoln Memorial,incoming_trips,Soft Two-Stage,test,1.8062301327381756,3.0812506273778633,0.5777929876439267,71.9418602019895,61.9547686899032
31258,Lincoln Memorial,incoming_trips,Soft Two-Stage,test_forecast_weather,1.826411620298975,3.1351518636826405,0.5628921993529984,71.76028298752108,62.64700572602882
31258,Lincoln Memorial,incoming_trips,GAM,val,2.2595775526961326,3.5946642958897432,0.5774146572018795,84.68130809596059,62.87302279528
31258,Lincoln Memorial,incoming_trips,GAM,test,2.3321773889209485,3.5664457947883648,0.4343566997882752,95.24124495826871,79.99507264081528
31258,Lincoln Memorial,incoming_trips,GAM,test_forecast_weather,2.3848830650859676,3.6127969168022913,0.4195584525301356,96.38201993461291,81.80290870570173
31258,Lincoln Memorial,incoming_trips,XGBoost,val,1.9816478153905246,3.4761254080013804,0.6048257609164686,67.43930494336179,55.13959373538723
31258,Lincoln Memorial,incoming_trips,XGBoost,test,1.8535476171836287,3.1489047519755715,0.5590488895235202,71.18942547969588,63.577786571551556
31258,Lincoln Memorial,incoming_trips,XGBoost,test_forecast_weather,1.8806705989809736,3.203605195669505,0.5435960748928552,71.5067610065638,64.5081209918325
31258,Lincoln Memorial,incoming_trips,LightGBM,val,1.9512764037199186,3.4733739729842585,0.6054510927451213,70.83355194593476,54.294505477180564
31258,Lincoln Memorial,incoming_trips,LightGBM,test,1.7677426778870635,3.1211781194797266,0.5667799985710126,75.57201958233064,60.63462607931073
31258,Lincoln Memorial,incoming_trips,LightGBM,test_forecast_weather,1.78759395532279,3.1645999753361846,0.5546422309520762,75.4902917887049,61.31553671159272
31258,Lincoln Memorial,incoming_trips,Poisson,val,2.374332740484716,3.7387982806705145,0.5428467388832527,74.36948751414451,66.06609998313722
31258,Lincoln Memorial,incoming_trips,Poisson,test,2.2088003106683436,3.3979439836120426,0.4865433035957075,75.32438460449785,75.76316541801387
31258,Lincoln Memorial,incoming_trips,Poisson,test_forecast_weather,2.255402691059496,3.453201651316101,0.46970776007007264,76.74834536632625,77.36165480494253
31258,Lincoln Memorial,incoming_trips,Naive (same hour last week),val,2.906637823067289,5.143184921123323,0.13490852455327307,108.3486807118043,80.87755425312847
31258,Lincoln Memorial,incoming_trips,Naive (same hour last week),test,2.5453818929101497,4.534715957847665,0.08552556152599133,105.20363584587207,87.30811403508771
31258,Lincoln Memorial,incoming_trips,Naive (same hour last week),test_forecast_weather,2.5453818929101497,4.534715957847665,0.08552556152599133,105.20363584587207,87.30811403508771
31265,5th St & Massachusetts Ave NW,outgoing_trips,Linear Regression,val,1.3213036062162622,1.9125900468278139,0.5312775456008981,56.34465843716302,53.96925811932024
31265,5th St & Massachusetts Ave NW,outgoing_trips,Linear Regression,test,1.2956904157885618,1.8910252819115632,0.49390123007347886,59.170750931073016,54.75707976402592
31265,5th St & Massachusetts Ave NW,outgoing_trips,Linear Regression,test_forecast_weather,1.3095879398688939,1.890904334837684,0.4939659666038848,59.39597326136404,55.344402032768706
31265,5th St & Massachusetts Ave NW,outgoing_trips,Polynomial Regression,val,1.3137351729941535,1.9451963904867562,0.5151595044637817,57.59418859178464,53.66012195697182
31265,5th St & Massachusetts Ave NW,outgoing_trips,Polynomial Regression,test,1.3466846497255416,2.017253214744528,0.42408095030508497,60.10759131442558,56.912143428283414
31265,5th St & Massachusetts Ave NW,outgoing_trips,Polynomial Regression,test_forecast_weather,1.3411512037260398,1.9977194005902101,0.4351806249894651,59.6945890656673,56.678294863632075
31265,5th St & Massachusetts Ave NW,outgoing_trips,Random Forest,val,1.2933818127549954,1.869648319626928,0.5520889017167789,57.70408163578386,52.828779525773726
31265,5th St & Massachusetts Ave NW,outgoing_trips,Random Forest,test,1.3117829220459785,1.8832869506316507,0.49803480442817394,61.534248243974545,55.437164017179995
31265,5th St & Massachusetts Ave NW,outgoing_trips,Random Forest,test_forecast_weather,1.3201296816372365,1.8908457207473481,0.4939973381167527,62.25013887012884,55.789905825825315
31265,5th St & Massachusetts Ave NW,outgoing_trips,HistGradientBoosting,val,1.2506297504689956,1.9007575276542588,0.5370592460215595,54.25493919019871,51.08255172938283
31265,5th St & Massachusetts Ave NW,outgoing_trips,HistGradientBoosting,test,1.25092261861518,1.8994689776764557,0.48937153433174274,56.739590113526006,52.86515109741562
31265,5th St & Massachusetts Ave NW,outgoing_trips,HistGradientBoosting,test_forecast_weather,1.257482060008929,1.9045362680772935,0.4866434517508913,56.950018323212056,53.142359179862055
31265,5th St & Massachusetts Ave NW,outgoing_trips,Soft Two-Stage,val,1.2644669129499382,1.8956143224121096,0.5395611726894478,52.420270785294434,51.64773704338608
31265,5th St & Massachusetts Ave NW,outgoing_trips,Soft Two-Stage,test,1.2726620318160322,1.8988065141521946,0.4897276483283489,54.911504732878846,53.78387888003776
31265,5th St & Massachusetts Ave NW,outgoing_trips,Soft Two-Stage,test_forecast_weather,1.2791874881485505,1.9064902381364202,0.48558954912762053,54.959294422354674,54.059650722248165
31265,5th St & Massachusetts Ave NW,outgoing_trips,GAM,val,1.334499102147303,1.8871203541144113,0.5436782449806017,57.996938196875156,54.50823426572925
31265,5th St & Massachusetts Ave NW,outgoing_trips,GAM,test,1.3296079847610132,1.8738364427239407,0.5030599797684143,61.30455742014611,56.19046771456969
31265,5th St & Massachusetts Ave NW,outgoing_trips,GAM,test_forecast_weather,1.3374354325581759,1.8762013405879028,0.5018048499598227,60.70913683923137,56.521262924718044
31265,5th St & Massachusetts Ave NW,outgoing_trips,XGBoost,val,1.260534577204144,1.8912618627723157,0.5416731431266653,52.27519113211066,51.487118967511506
31265,5th St & Massachusetts Ave NW,outgoing_trips,XGBoost,test,1.2729171657683076,1.8983140953076043,0.4899922725954825,54.681231879130706,53.79466107770243
31265,5th St & Massachusetts Ave NW,outgoing_trips,XGBoost,test_forecast_weather,1.281468383173578,1.905378594043153,0.4861892633165559,54.807556015353775,54.15604346336664
31265,5th St & Massachusetts Ave NW,outgoing_trips,LightGBM,val,1.2491370765778727,1.900359905835024,0.53725291206117,54.67454717366211,51.02158277255943
31265,5th St & Massachusetts Ave NW,outgoing_trips,LightGBM,test,1.2520429852318404,1.9000664353899703,0.4890502583342933,57.158833652698384,52.912498830674956
31265,5th St & Massachusetts Ave NW,outgoing_trips,LightGBM,test_forecast_weather,1.2575500314343457,1.9031645342560546,0.4873826710107674,57.39630880828523,53.14523171539821
31265,5th St & Massachusetts Ave NW,outgoing_trips,Poisson,val,1.411719541058214,1.976247291493659,0.49955707724804477,53.38310277955017,57.662338878827576
31265,5th St & Massachusetts Ave NW,outgoing_trips,Poisson,test,1.3909618625150928,1.9529081723499417,0.4602355755273497,55.237957415350955,58.783339543422265
31265,5th St & Massachusetts Ave NW,outgoing_trips,Poisson,test_forecast_weather,1.3953019620555178,1.9536041607077588,0.4598507784310366,55.39006162842539,58.966756178926374
31265,5th St & Massachusetts Ave NW,outgoing_trips,Naive (same hour last week),val,1.7852669930547649,2.656809364889825,0.0955329224444944,82.19284802078256,72.92005766637213
31265,5th St & Massachusetts Ave NW,outgoing_trips,Naive (same hour last week),test,1.7310195227765726,2.583064624915619,0.055697466126021666,84.29819476121233,73.1544919424877
31265,5th St & Massachusetts Ave NW,outgoing_trips,Naive (same hour last week),test_forecast_weather,1.7310195227765726,2.583064624915619,0.055697466126021666,84.29819476121233,73.1544919424877
31265,5th St & Massachusetts Ave NW,incoming_trips,Linear Regression,val,1.337080731360583,1.998112233995013,0.5761358092924993,57.40414961391378,53.72423287222655
31265,5th St & Massachusetts Ave NW,incoming_trips,Linear Regression,test,1.2991607981705533,1.9488437803496232,0.5558140378156199,57.789467910337876,54.11522461088014
31265,5th St & Massachusetts Ave NW,incoming_trips,Linear Regression,test_forecast_weather,1.3108761146705366,1.9499009719880442,0.5553319909124219,58.03813834041317,54.60321423054608
31265,5th St & Massachusetts Ave NW,incoming_trips,Polynomial Regression,val,1.3383189537316391,1.9688031483540638,0.5884794188618118,59.10299236331213,53.77398495185043
31265,5th St & Massachusetts Ave NW,incoming_trips,Polynomial Regression,test,1.3616430514467421,2.0185670431315557,0.5234624462935014,61.121849093254355,56.71785946177484
31265,5th St & Massachusetts Ave NW,incoming_trips,Polynomial Regression,test_forecast_weather,1.3621746583757393,2.0189425747517156,0.5232851209314422,61.40702522732777,56.74000300890765
31265,5th St & Massachusetts Ave NW,incoming_trips,Random Forest,val,1.3187055548910327,1.9571777198457687,0.5933249804564427,59.140405406268535,52.98591375912869
31265,5th St & Massachusetts Ave NW,incoming_trips,Random Forest,test,1.3148440719896595,1.9366737472559674,0.5613443723896757,59.92622640656583,54.76849546584282
31265,5th St & Massachusetts Ave NW,incoming_trips,Random Forest,test_forecast_weather,1.3189767040796667,1.9434885163754096,0.5582518574322668,59.755918658969065,54.94063606160263
31265,5th St & Massachusetts Ave NW,incoming_trips,HistGradientBoosting,val,1.2635111033790951,1.987979206140408,0.5804239937997344,54.83564597435699,50.76818711276175
31265,5th St & Massachusetts Ave NW,incoming_trips,HistGradientBoosting,test,1.259622196168278,1.9488148266555836,0.5558272361325294,55.95057836262703,52.46828426972583
31265,5th St & Massachusetts Ave NW,incoming_trips,HistGradientBoosting,test_forecast_weather,1.2700753151903725,1.9598817793154149,0.5507681649705566,56.542485667368794,52.90369833437547
31265,5th St & Massachusetts Ave NW,incoming_trips,Soft Two-Stage,val,1.2762733566177393,1.9699811612878522,0.5879868133943524,53.49878155629193,51.28097758897297
31265,5th St & Massachusetts Ave NW,incoming_trips,Soft Two-Stage,test,1.2712207876835515,1.934850977284265,0.5621696967747062,54.424599661868534,52.95141182861056
31265,5th St & Massachusetts Ave NW,incoming_trips,Soft Two-Stage,test_forecast_weather,1.2849001153363668,1.9526873650373895,0.5540602287641103,54.90867524270181,53.52121033969583
31265,5th St & Massachusetts Ave NW,incoming_trips,GAM,val,1.373323769355067,1.9807400255580148,0.5834741828369638,59.908193447604816,55.18048705908575
31265,5th St & Massachusetts Ave NW,incoming_trips,GAM,test,1.3720313006036573,1.956841342985901,0.5521609034010944,61.447158167593194,57.1505714380228
31265,5th St & Massachusetts Ave NW,incoming_trips,GAM,test_forecast_weather,1.3866304748041558,1.9664170200515043,0.547767236030168,61.4492577318126,57.75868522355716
31265,5th St & Massachusetts Ave NW,incoming_trips,XGBoost,val,1.27736862419256,1.976100520395472,0.5854231619345955,53.62554830790598,51.32498570969969
31265,5th St & Massachusetts Ave NW,incoming_trips,XGBoost,test,1.2694931282477717,1.9414067811248648,0.5591976928863784,54.056523237181,52.879447928106494
31265,5th St & Massachusetts Ave NW,incoming_trips,XGBoost,test_forecast_weather,1.280594416420677,1.9525416054136013,0.5541268012103372,54.73770940319037,53.341860820946884
31265,5th St & Massachusetts Ave NW,incoming_trips,LightGBM,val,1.2619908782565674,1.9859994294547914,0.5812592673002297,55.03904382186361,50.70710409317641
31265,5th St & Massachusetts Ave NW,incoming_trips,LightGBM,test,1.2609250276132289,1.9491880224262697,0.555657102709476,56.191767737612366,52.52255239140323
31265,5th St & Massachusetts Ave NW,incoming_trips,LightGBM,test_forecast_weather,1.2703779138963676,1.9590640884880846,0.5511429387211721,56.77679831146598,52.916302776385216
31265,5th St & Massachusetts Ave NW,incoming_trips,Poisson,val,1.4277248266835338,2.066635207246826,0.5465654408930138,53.23427925220432,57.36633493188836
31265,5th St & Massachusetts Ave NW,incoming_trips,Poisson,test,1.4027690538201418,2.0356700850148655,0.515352961192731,53.40188560140554,58.43092135443515
31265,5th St & Massachusetts Ave NW,incoming_trips,Poisson,test_forecast_weather,1.4073760696242863,2.0396179074834286,0.513471363838294,53.80623120714275,58.62282192238503
31265,5th St & Massachusetts Ave NW,incoming_trips,Naive (same hour last week),val,1.7931230786747125,2.7931659740316164,0.17171374291959163,83.90585558110784,72.04812662976349
31265,5th St & Massachusetts Ave NW,incoming_trips,Naive (same hour last week),test,1.7263386231304942,2.6871124138721725,0.1555334626236068,83.2540682168951,71.90888339357048
31265,5th St & Massachusetts Ave NW,incoming_trips,Naive (same hour last week),test_forecast_weather,1.7263386231304942,2.6871124138721725,0.1555334626236068,83.2540682168951,71.90888339357048
31266,11th & M St NW,outgoing_trips,Linear Regression,val,1.57664079039105,2.2350790985759947,0.5642366848707316,53.49985631436163,45.83336994672688
31266,11th & M St NW,outgoing_trips,Linear Regression,test,1.558645380363934,2.230527854398496,0.5190564253971368,54.56746217576664,48.49967987000496
31266,11th & M St NW,outgoing_trips,Linear Regression,test_forecast_weather,1.5669879198713532,2.2290901580635185,0.5196762140936773,54.869712659866444,48.759270987080114
31266,11th & M St NW,outgoing_trips,Polynomial Regression,val,1.6034456600389129,2.2882089543872985,0.5432734763406699,52.822295415217944,46.61259468481042
31266,11th & M St NW,outgoing_trips,Polynomial Regression,test,1.6101885310075807,2.5368259954459504,0.3779000253194472,58.28317387619851,50.10352532273047
31266,11th & M St NW,outgoing_trips,Polynomial Regression,test_forecast_weather,1.6100295187873195,2.442018077631333,0.42353018188190417,57.09250974056489,50.09857740970596
31266,11th & M St NW,outgoing_trips,Random Forest,val,1.578912766042094,2.2135660351560476,0.5725849242361905,54.05737087620055,45.8994168872595
31266,11th & M St NW,outgoing_trips,Random Forest,test,1.5452381905444972,2.1824542335710895,0.5395641663692918,55.01198394437709,48.082494266152445
31266,11th & M St NW,outgoing_trips,Random Forest,test_forecast_weather,1.5527531344006869,2.1893944727426886,0.5366311236643453,55.551297552761035,48.31633345488513
31266,11th & M St NW,outgoing_trips,HistGradientBoosting,val,1.5597068036853716,2.286192226980573,0.5440781991701624,50.801533034871206,45.34109441885486
31266,11th & M St NW,outgoing_trips,HistGradientBoosting,test,1.5268105881983811,2.2355468227383537,0.5168896232279219,51.91410487594108,47.50909070314974
31266,11th & M St NW,outgoing_trips,HistGradientBoosting,test_forecast_weather,1.5390036376591454,2.2495220912514915,0.5108305234212555,52.57860454763092,47.88849643772942
31266,11th & M St NW,outgoing_trips,Soft Two-Stage,val,1.5677856555445788,2.2752972751399496,0.5484132766736496,50.51151101373941,45.575948805640074
31266,11th & M St NW,outgoing_trips,Soft Two-Stage,test,1.5362909306465702,2.2282017394424094,0.5200590102369967,51.89385025141506,47.804086331781974
31266,11th & M St NW,outgoing_trips,Soft Two-Stage,test_forecast_weather,1.5490858207364142,2.2413535371856645,0.5143766565889093,52.53209968483296,48.202219275392565
31266,11th & M St NW,outgoing_trips,GAM,val,1.5844303082721611,2.248986016673289,0.5587970759260562,53.264751009707524,46.05981331729517
31266,11th & M St NW,outgoing_trips,GAM,test,1.5789799117472723,2.21746228292184,0.5246742871891434,55.91061895502366,49.13242050159635
31266,11th & M St NW,outgoing_trips,GAM,test_forecast_weather,1.591022130194715,2.2284117084499897,0.5199685539021267,55.99939294404099,49.50713289415435
31266,11th & M St NW,outgoing_trips,XGBoost,val,1.5771350539907096,2.2778416120131615,0.5474027439499505,49.19425781566724,45.84773832191574
31266,11th & M St NW,outgoing_trips,XGBoost,test,1.5384815941325773,2.229193516860339,0.5196316696059584,50.450037265315075,47.87225223989216
31266,11th & M St NW,outgoing_trips,XGBoost,test_forecast_weather,1.5538953204819843,2.248634882419553,0.511216303047935,51.14767239229451,48.35187435469005
31266,11th & M St NW,outgoing_trips,LightGBM,val,1.5526609885386091,2.271343634579917,0.5499813006911326,51.229227250254574,45.13627068591204
31266,11th & M St NW,outgoing_trips,LightGBM,test,1.5237090259132888,2.2297462667641055,0.5193934162053955,52.51960187086512,47.412580759439045
31266,11th & M St NW,outgoing_trips,LightGBM,test_forecast_weather,1.5342052726989202,2.2400329470949423,0.514948739874262,53.183950339932416,47.73918783462944
31266,11th & M St NW,outgoing_trips,Poisson,val,1.7065902234515105,2.3691212454139556,0.5104022126587684,54.90072009776229,49.61103476177346
31266,11th & M St NW,outgoing_trips,Poisson,test,1.6866938825400841,2.330347524117978,0.47504725729656017,55.34796375533644,52.4841085550769
31266,11th & M St NW,outgoing_trips,Poisson,test_forecast_weather,1.6925213834376633,2.334516755472968,0.4731671881038354,55.8292121266433,52.66544032658529
31266,11th & M St NW,outgoing_trips,Naive (same hour last week),val,2.0803825572127974,3.0136128963896676,0.20779094310735713,78.20107193244993,60.47727799291695
31266,11th & M St NW,outgoing_trips,Naive (same hour last week),test,2.061993378239525,3.0154869125541506,0.12099019227069341,78.31920492688691,64.16213719847951
31266,11th & M St NW,outgoing_trips,Naive (same hour last week),test_forecast_weather,2.061993378239525,3.0154869125541506,0.12099019227069341,78.31920492688691,64.16213719847951
31266,11th & M St NW,incoming_trips,Linear Regression,val,1.533349707963545,2.231360928714381,0.6246519838193065,53.36657449077813,45.06713009083364
31266,11th & M St NW,incoming_trips,Linear Regression,test,1.4783648899254618,2.1831939070005144,0.5975907256530747,52.06902424453661,46.706817453675946
31266,11th & M St NW,incoming_trips,Linear Regression,test_forecast_weather,1.4871480127889278,2.1796714704217974,0.5988881987303902,52.297804400289664,46.98430761801406
31266,11th & M St NW,incoming_trips,Polynomial Regression,val,1.5304176452684843,2.246759510706719,0.6194535684751707,53.19188085997699,44.98095297792423
31266,11th & M St NW,incoming_trips,Polynomial Regression,test,1.505920274094876,2.2104692573668,0.5874730568865328,54.35434603643829,47.57739027844835
31266,11th & M St NW,incoming_trips,Polynomial Regression,test_forecast_weather,1.5194637867945335,2.2217412663495737,0.5832550715372111,54.9677248912319,48.00527812917804
31266,11th & M St NW,incoming_trips,Random Forest,val,1.523271717293522,2.2263850796279305,0.6263241406072018,52.62561398564847,44.770924917140185
31266,11th & M St NW,incoming_trips,Random Forest,test,1.4846722151063545,2.1869034387576725,0.5962220719879798,52.04189329162885,46.90608834265098
31266,11th & M St NW,incoming_trips,Random Forest,test_forecast_weather,1.4905314997688284,2.188991207499371,0.5954507555116539,52.90681390346956,47.09120403432105
31266,11th & M St NW,incoming_trips,HistGradientBoosting,val,1.4984767491233477,2.2833375324447163,0.606961849785625,49.20006647613892,44.04216874995938
31266,11th & M St NW,incoming_trips,HistGradientBoosting,test,1.4379652143480983,2.2008366008453932,0.5910605956755821,49.0071249966461,45.430447671602195
31266,11th & M St NW,incoming_trips,HistGradientBoosting,test_forecast_weather,1.444015159204063,2.2024909288618106,0.5904455802972837,49.637725317983005,45.621586998515326
31266,11th & M St NW,incoming_trips,Soft Two-Stage,val,1.513441759701816,2.2686935759753304,0.6119871050459287,49.48117044814395,44.482009756252886
31266,11th & M St NW,incoming_trips,Soft Two-Stage,test,1.454761322228036,2.193935936208119,0.5936210125686456,49.51316496893417,45.961096600041
31266,11th & M St NW,incoming_trips,Soft Two-Stage,test_forecast_weather,1.4635564977676825,2.1985222865923544,0.5919201930536394,50.295950875820786,46.238967551389166
31266,11th & M St NW,incoming_trips,GAM,val,1.5326403127838044,2.2368140056843187,0.6228151652045729,53.29962174678581,45.04628004946007
31266,11th & M St NW,incoming_trips,GAM,test,1.4740963901107074,2.1763056373706826,0.6001260301998292,51.62681416736496,46.571960326719406
31266,11th & M St NW,incoming_trips,GAM,test_forecast_weather,1.4840052948414404,2.184240916099709,0.5972046608151194,51.75052717560411,46.88501795381683
31266,11th & M St NW,incoming_trips,XGBoost,val,1.5306778787460351,2.3039276923878917,0.5998413898489494,48.54148870596259,44.9886015762354
31266,11th & M St NW,incoming_trips,XGBoost,test,1.469021398336897,2.2234568894785385,0.5826112042239346,47.8520754574159,46.411623243517816
31266,11th & M St NW,incoming_trips,XGBoost,test_forecast_weather,1.475837607637211,2.2245206556647736,0.5822117269039377,48.62464172378262,46.62697159606958
31266,11th & M St NW,incoming_trips,LightGBM,val,1.4963214071284159,2.2805495143794925,0.6079210846320768,49.15093599133538,43.9788204625
31266,11th & M St NW,incoming_trips,LightGBM,test,1.4388680923203832,2.2043260109893628,0.5897628268904809,49.12222494906968,45.45897280563496
31266,11th & M St NW,incoming_trips,LightGBM,test_forecast_weather,1.4449267381488964,2.204775291732642,0.5895955826225009,49.75939302629207,45.6503870272911
31266,11th & M St NW,incoming_trips,Poisson,val,1.723205284987111,2.454595619026948,0.5457924114728958,52.77759570700859,50.64723092742294
31266,11th & M St NW,incoming_trips,Poisson,test,1.6538690350055614,2.3826533854527954,0.5207025738970961,51.18910720193958,52.2516190939753
31266,11th & M St NW,incoming_trips,Poisson,test_forecast_weather,1.66522506789272,2.393963848886484,0.5161413204829177,51.77076686653551,52.610396658751746
31266,11th & M St NW,incoming_trips,Naive (same hour last week),val,2.0442901058863714,3.077373323804496,0.2860712920109564,77.75717797532901,60.0843288826423
31266,11th & M St NW,incoming_trips,Naive (same hour last week),test,1.9683753853179586,2.98071971730131,0.2498888155622967,77.86694591823418,62.18799596017891
31266,11th & M St NW,incoming_trips,Naive (same hour last week),test_forecast_weather,1.9683753853179586,2.98071971730131,0.2498888155622967,77.86694591823418,62.18799596017891
31271,Constitution Ave & 2nd St NW/DOL,outgoing_trips,Linear Regression,val,1.2921052367841288,2.262707168449801,0.46584265161731153,68.8341741365795,67.41051556088509
31271,Constitution Ave & 2nd St NW/DOL,outgoing_trips,Linear Regression,test,1.1893590214792147,2.0822139124554613,0.4808792968007002,67.56646449411261,68.12002660783654
31271,Constitution Ave & 2nd St NW/DOL,outgoing_trips,Linear Regression,test_forecast_weather,1.2187984144388397,2.1026753323453033,0.4706266169130645,68.74295195255846,69.80615518256586
31271,Constitution Ave & 2nd St NW/DOL,outgoing_trips,Polynomial Regression,val,1.301150507738011,2.2612321821064083,0.46653882477652175,70.29942753137914,67.88241704462698
31271,Constitution Ave & 2nd St NW/DOL,outgoing_trips,Polynomial Regression,test,1.2596191211865335,2.2491854698175104,0.39428517946444563,70.14819126144741,72.14414361127866
31271,Constitution Ave & 2nd St NW/DOL,outgoing_trips,Polynomial Regression,test_forecast_weather,1.2576328039542064,2.2022195212684674,0.4193173130636024,70.19498985672786,72.03037814578495
31271,Constitution Ave & 2nd St NW/DOL,outgoing_trips,Random Forest,val,1.2888860040698735,2.2433299173563483,0.4749522541959942,70.13477385662398,67.24256473861419
31271,Constitution Ave & 2nd St NW/DOL,outgoing_trips,Random Forest,test,1.2404953133313947,2.1098905991538586,0.46698732604273985,70.72536223104667,71.04883573837499
31271,Constitution Ave & 2nd St NW/DOL,outgoing_trips,Random Forest,test_forecast_weather,1.2540314254204499,2.1299658753593085,0.4567960082057805,71.31584181621542,71.82411073862369
31271,Constitution Ave & 2nd St NW/DOL,outgoing_trips,HistGradientBoosting,val,1.238812115130114,2.3861708019307515,0.40596018208299667,71.95194753536565,64.63015626485173
31271,Constitution Ave & 2nd St NW/DOL,outgoing_trips,HistGradientBoosting,test,1.128422791561547,2.142827769828229,0.4502158774673233,71.68814149677209,64.62993023793625
31271,Constitution Ave & 2nd St NW/DOL,outgoing_trips,HistGradientBoosting,test_forecast_weather,1.1422183861132753,2.1730819318654073,0.4345816963109116,71.53087579262522,65.4200669846739
31271,Constitution Ave & 2nd St NW/DOL,outgoing_trips,Soft Two-Stage,val,1.2018810193233673,2.232906628925472,0.4798200268456081,62.45735503388076,62.70342140016118
31271,Constitution Ave & 2nd St NW/DOL,outgoing_trips,Soft Two-Stage,test,1.1274888879261127,2.0544362032793626,0.4946375366858684,62.4804955327506,64.57644130873484
31271,Constitution Ave & 2nd St NW/DOL,outgoing_trips,Soft Two-Stage,test_forecast_weather,1.1440449922998965,2.087330298995949,0.47832501039153397,62.57789952895553,65.52468506869022
31271,Constitution Ave & 2nd St NW/DOL,outgoing_trips,GAM,val,1.4773397797137493,2.363019740754377,0.41743122748678363,77.0041362450259,77.07440026864188
31271,Constitution Ave & 2nd St NW/DOL,outgoing_trips,GAM,test,1.5869988051224848,2.384337193892328,0.3193042976931132,87.3088801136747,90.89467425663928
31271,Constitution Ave & 2nd St NW/DOL,outgoing_trips,GAM,test_forecast_weather,1.607811602610462,2.410243772438122,0.30443198943239114,88.0076060261467,92.08671828460758
31271,Constitution Ave & 2nd St NW/DOL,outgoing_trips,XGBoost,val,1.1849486074450564,2.2725598025687987,0.4611807005108963,65.90859278181595,61.82003931802751
31271,Constitution Ave & 2nd St NW/DOL,outgoing_trips,XGBoost,test,1.1115161230632984,2.0830518254121952,0.48046140939592874,66.0236732570063,63.661608068472056
31271,Constitution Ave & 2nd St NW/DOL,outgoing_trips,XGBoost,test_forecast_weather,1.1262960188386362,2.1215892010164024,0.4610602036608106,66.1880415824087,64.50812024460612
31271,Constitution Ave & 2nd St NW/DOL,outgoing_trips,LightGBM,val,1.171483857573074,2.264999660419716,0.4647597260101136,66.83515534891089,61.117568880690875
31271,Constitution Ave & 2nd St NW/DOL,outgoing_trips,LightGBM,test,1.0960835698505074,2.0819395192094006,0.4810161067878428,67.45549269038005,62.7777152182083
31271,Constitution Ave & 2nd St NW/DOL,outgoing_trips,LightGBM,test_forecast_weather,1.1104102070208268,2.11529849181069,0.4642514786155759,67.30086292884498,63.598267202611794
31271,Constitution Ave & 2nd St NW/DOL,outgoing_trips,Poisson,val,1.3781677327780142,2.2987845799681956,0.44867326557036813,63.01820552179649,71.9004882506047
31271,Constitution Ave & 2nd St NW/DOL,outgoing_trips,Poisson,test,1.2942151004089766,2.118543040326304,0.4626067034764457,61.46551430571334,74.12561344721261
31271,Constitution Ave & 2nd St NW/DOL,outgoing_trips,Poisson,test_forecast_weather,1.3149220985253252,2.14711831663903,0.448012026916631,62.88905459970776,75.31159786165777
31271,Constitution Ave & 2nd St NW/DOL,outgoing_trips,Naive (same hour last week),val,1.6939542297620402,3.18602350255806,-0.05903533866104249,99.60728544876537,88.37540837540837
31271,Constitution Ave & 2nd St NW/DOL,outgoing_trips,Naive (same hour last week),test,1.5724397762301632,2.944379161960837,-0.038018592705180154,95.18062021721578,90.0608121362715
31271,Constitution Ave & 2nd St NW/DOL,outgoing_trips,Naive (same hour last week),test_forecast_weather,1.5724397762301632,2.944379161960837,-0.038018592705180154,95.18062021721578,90.0608121362715
31271,Constitution Ave & 2nd St NW/DOL,incoming_trips,Linear Regression,val,1.368888771686457,2.2393641639039923,0.42308075382247934,69.72091238651682,70.85243727810804
31271,Constitution Ave & 2nd St NW/DOL,incoming_trips,Linear Regression,test,1.2435349186085733,2.02856411521187,0.4341016211905395,68.8484250560291,70.42624047648063
31271,Constitution Ave & 2nd St NW/DOL,incoming_trips,Linear Regression,test_forecast_weather,1.2750938155479765,2.0461798465303405,0.424230602483319,68.36095771533529,72.21354409921587
31271,Constitution Ave & 2nd St NW/DOL,incoming_trips,Polynomial Regression,val,1.3488516813379416,2.2204413327820087,0.43278959979757403,69.60301426567128,69.81533571330745
31271,Constitution Ave & 2nd St NW/DOL,incoming_trips,Polynomial Regression,test,1.307677089077144,2.1421001090686826,0.3689838143564822,69.65936312580605,74.05886217009379
31271,Constitution Ave & 2nd St NW/DOL,incoming_trips,Polynomial Regression,test_forecast_weather,1.2982562569873164,2.159788519317057,0.35851954434023836,70.22932406723737,73.52532364510476
31271,Constitution Ave & 2nd St NW/DOL,incoming_trips,Random Forest,val,1.375955730148921,2.2215663398875334,0.4322146894185014,70.90306656057408,71.21821661793842
31271,Constitution Ave & 2nd St NW/DOL,incoming_trips,Random Forest,test,1.3249853342479432,2.090696710295119,0.39890509860953616,72.95341075369595,75.03909571109358
31271,Constitution Ave & 2nd St NW/DOL,incoming_trips,Random Forest,test_forecast_weather,1.3281216444045447,2.0979044794665933,0.39475335186181415,72.06976316288693,75.21671720767753
31271,Constitution Ave & 2nd St NW/DOL,incoming_trips,HistGradientBoosting,val,1.3116283501419896,2.3506824086979834,0.36429812267420414,73.00108987504717,67.88868995990981
31271,Constitution Ave & 2nd St NW/DOL,incoming_trips,HistGradientBoosting,test,1.1838804894732868,2.1000548383575057,0.3935119564185541,72.32051867422352,67.0477771065338
31271,Constitution Ave & 2nd St NW/DOL,incoming_trips,HistGradientBoosting,test_forecast_weather,1.1941980094059936,2.127558138075606,0.3775222313545237,71.7085271998464,67.6320985670962
31271,Constitution Ave & 2nd St NW/DOL,incoming_trips,Soft Two-Stage,val,1.2705613865499605,2.196845288076472,0.4447807369276817,61.82570011557621,65.76310129099124
31271,Constitution Ave & 2nd St NW/DOL,incoming_trips,Soft Two-Stage,test,1.1864264508982125,2.01450815219521,0.4419166949698682,62.96013763259627,67.19196484816659
31271,Constitution Ave & 2nd St NW/DOL,incoming_trips,Soft Two-Stage,test_forecast_weather,1.197388088171317,2.0393041641855576,0.42809356320023884,62.357479649531165,67.81276519004633
31271,Constitution Ave & 2nd St NW/DOL,incoming_trips,GAM,val,1.614203089889859,2.4240812997825927,0.3239793816774972,81.58422802555481,83.54968317816389
31271,Constitution Ave & 2nd St NW/DOL,incoming_trips,GAM,test,1.7685275597553427,2.55636741770864,0.10131494471089364,95.52074186301613,100.1586246986748
31271,Constitution Ave & 2nd St NW/DOL,incoming_trips,GAM,test_forecast_weather,1.7879489832495323,2.5725902824479543,0.08987253123797745,94.25177119397105,101.25853578354231
31271,Constitution Ave & 2nd St NW/DOL,incoming_trips,XGBoost,val,1.247097240899448,2.222618029495292,0.4316769829890664,63.895078260872765,64.5486184620181
31271,Constitution Ave & 2nd St NW/DOL,incoming_trips,XGBoost,test,1.152107043181936,2.0288572634228017,0.43393805319421797,64.45837728058143,65.248322715832
31271,Constitution Ave & 2nd St NW/DOL,incoming_trips,XGBoost,test_forecast_weather,1.161497104281257,2.0589300237206998,0.4170327659747626,64.13013198800279,65.78011855941763
31271,Constitution Ave & 2nd St NW/DOL,incoming_trips,LightGBM,val,1.2396335572052788,2.2277096165305705,0.42907016483060323,66.13085141217856,64.16230498517275
31271,Constitution Ave & 2nd St NW/DOL,incoming_trips,LightGBM,test,1.1502679579670496,2.042830446581311,0.4261140181801679,66.97603381455284,65.14416813548033
31271,Constitution Ave & 2nd St NW/DOL,incoming_trips,LightGBM,test_forecast_weather,1.1625786045720214,2.0779096014801675,0.40623544023565394,66.40816258935524,65.84136814590931
31271,Constitution Ave & 2nd St NW/DOL,incoming_trips,Poisson,val,1.4831914002830513,2.2985370718116105,0.3921889313032998,66.61092437846585,76.7686373309331
31271,Constitution Ave & 2nd St NW/DOL,incoming_trips,Poisson,test,1.3965611500238668,2.1065525284355195,0.38975313283226953,66.56603189516039,79.09271377899294
31271,Constitution Ave & 2nd St NW/DOL,incoming_trips,Poisson,test_forecast_weather,1.4067463222265295,2.1243119574777882,0.3794203075278335,66.23780601765233,79.66953987056881
31271,Constitution Ave & 2nd St NW/DOL,incoming_trips,Naive (same hour last week),val,1.7800296026414664,3.166846934031778,-0.1537712818407464,102.13331489702423,92.13271259355295
31271,Constitution Ave & 2nd St NW/DOL,incoming_trips,Naive (same hour last week),test,1.56364881835826,2.783959074962344,-0.0658268726765936,96.25823218338134,88.55554118712014
31271,Constitution Ave & 2nd St NW/DOL,incoming_trips,Naive (same hour last week),test_forecast_weather,1.56364881835826,2.783959074962344,-0.0658268726765936,96.25823218338134,88.55554118712014
31278,18th & R St NW,outgoing_trips,Linear Regression,val,1.3222721485192044,1.9280788346198245,0.5338205602233723,55.11380255002254,54.17510043590135
31278,18th & R St NW,outgoing_trips,Linear Regression,test,1.3737680906873573,2.0033475487450976,0.48491257891499706,55.36242521883378,56.27553412370481
31278,18th & R St NW,outgoing_trips,Linear Regression,test_forecast_weather,1.3810041493482907,2.001103346063942,0.48606596151545056,55.588820538965514,56.57195465410943
31278,18th & R St NW,outgoing_trips,Polynomial Regression,val,1.3321081164250237,2.1098186080168393,0.4417949284488454,56.49104407810107,54.57809202108962
31278,18th & R St NW,outgoing_trips,Polynomial Regression,test,1.4431352516270861,2.3846516501253467,0.2701758355433618,57.819039846527986,59.117115653361
31278,18th & R St NW,outgoing_trips,Polynomial Regression,test_forecast_weather,1.4477721337409433,2.2868820221573083,0.32879394295628583,57.743689767200735,59.30706257336508
31278,18th & R St NW,outgoing_trips,Random Forest,val,1.3232296963805006,1.928933691940214,0.5334070862042721,54.824897763225145,54.21433233806007
31278,18th & R St NW,outgoing_trips,Random Forest,test,1.4266350652351143,2.05480483796332,0.4581120354362145,57.9839163201309,58.44119603589172
31278,18th & R St NW,outgoing_trips,Random Forest,test_forecast_weather,1.4294792191793815,2.057884390337228,0.4564865546722717,58.254287967060606,58.55770498920682
31278,18th & R St NW,outgoing_trips,HistGradientBoosting,val,1.2714870017593711,1.9937338134324223,0.5015313033839779,51.11685810758624,52.09437111747239
31278,18th & R St NW,outgoing_trips,HistGradientBoosting,test,1.3428130229621116,2.0925612037558623,0.4380150508900119,52.8059162627766,55.00747950671189
31278,18th & R St NW,outgoing_trips,HistGradientBoosting,test_forecast_weather,1.351210680737422,2.1058090180234177,0.4308767753161049,53.09827928621929,55.3514842043732
31278,18th & R St NW,outgoing_trips,Soft Two-Stage,val,1.301246525969627,1.9937164564170642,0.5015399824675181,49.66991289034483,53.3136550710978
31278,18th & R St NW,outgoing_trips,Soft Two-Stage,test,1.3705932642368492,2.0905836030984797,0.43907677050929506,51.143480312775914,56.14547938195942
31278,18th & R St NW,outgoing_trips,Soft Two-Stage,test_forecast_weather,1.3800761255301146,2.1055967285808204,0.4309915176893666,51.352820357626946,56.53393874996855
31278,18th & R St NW,outgoing_trips,GAM,val,1.355509744817063,1.95232947985002,0.5220199554302298,56.89501507936646,55.53688523920448
31278,18th & R St NW,outgoing_trips,GAM,test,1.4713118904903244,2.0497126809504334,0.4607944892075172,60.14053441552366,60.27135370313699
31278,18th & R St NW,outgoing_trips,GAM,test_forecast_weather,1.4740156884231606,2.04990152881853,0.46069512649876454,59.80282660975346,60.382113061914055
31278,18th & R St NW,outgoing_trips,XGBoost,val,1.2876358972470647,1.995972738614413,0.5004111330259127,49.11668216820371,52.75601103475752
31278,18th & R St NW,outgoing_trips,XGBoost,test,1.354748727230367,2.0728080026644093,0.44857493940543947,50.37749878825547,55.49641802362167
31278,18th & R St NW,outgoing_trips,XGBoost,test_forecast_weather,1.3619493106628828,2.0853531637268983,0.44188001148274025,50.686379639860654,55.79138533390792
31278,18th & R St NW,outgoing_trips,LightGBM,val,1.2704165606202351,1.9955391698299243,0.5006281526352699,51.03037684125597,52.050513840217974
31278,18th & R St NW,outgoing_trips,LightGBM,test,1.346728782519962,2.098220614739886,0.43497112110235947,53.09099473137498,55.16788610089023
31278,18th & R St NW,outgoing_trips,LightGBM,test_forecast_weather,1.352869128446663,2.105463186175321,0.43106369138797396,53.37167303036205,55.419421457601345
31278,18th & R St NW,outgoing_trips,Poisson,val,1.466533246290388,2.1572817022268627,0.4163973423781321,58.050766763284635,60.08565331981377
31278,18th & R St NW,outgoing_trips,Poisson,test,1.5053393726115518,2.180590885715776,0.38973743339947564,58.283391812863826,61.66526781734441
31278,18th & R St NW,outgoing_trips,Poisson,test_forecast_weather,1.5131986378365103,2.1972577788465357,0.3803729517813744,58.69737029070154,61.98721760738001
31278,18th & R St NW,outgoing_trips,Naive (same hour last week),val,1.7131959467152453,2.6198473498712813,0.13929264250713425,81.60442187898359,70.19172458832858
31278,18th & R St NW,outgoing_trips,Naive (same hour last week),test,1.7898161890626785,2.706206369994657,0.060081559697024556,82.96091702917637,73.31867926293144
31278,18th & R St NW,outgoing_trips,Naive (same hour last week),test_forecast_weather,1.7898161890626785,2.706206369994657,0.060081559697024556,82.96091702917637,73.31867926293144
31278,18th & R St NW,incoming_trips,Linear Regression,val,1.2814758289518537,1.8886879849294906,0.5781661966349068,53.827231423645614,52.31328006360274
31278,18th & R St NW,incoming_trips,Linear Regression,test,1.3278825649487092,1.984708157461192,0.5622187780667407,53.65940636483286,53.06562362617823
31278,18th & R St NW,incoming_trips,Linear Regression,test_forecast_weather,1.3371280824348772,1.9839083221305016,0.562571557725023,53.93781924130737,53.43509843072858
31278,18th & R St NW,incoming_trips,Polynomial Regression,val,1.2576466349719668,1.8913913028713472,0.576957773642798,55.24573382640096,51.340508459022935
31278,18th & R St NW,incoming_trips,Polynomial Regression,test,1.3384921755327075,2.0065187960659134,0.5525440531564216,54.91375266291253,53.48961112095532
31278,18th & R St NW,incoming_trips,Polynomial Regression,test_forecast_weather,1.357638973147864,2.033870009140003,0.5402622093027936,56.006769457032036,54.25476670226361
31278,18th & R St NW,incoming_trips,Random Forest,val,1.2466924346865855,1.8653097535755137,0.5885445057634467,52.92509455482648,50.89332862585303
31278,18th & R St NW,incoming_trips,Random Forest,test,1.3071669761577889,1.9617350840573065,0.5722947925022647,53.58535611404801,52.237775089725666
31278,18th & R St NW,incoming_trips,Random Forest,test_forecast_weather,1.3109681825249948,1.9664522140867984,0.5702354250023329,53.900042859881346,52.38968113302504
31278,18th & R St NW,incoming_trips,HistGradientBoosting,val,1.2231723421462015,1.9348554176693449,0.5572913788518145,50.52921944514486,49.93317537099739
31278,18th & R St NW,incoming_trips,HistGradientBoosting,test,1.2802828607348586,2.027262573460678,0.543244458510284,51.04416928009461,51.16341626597604
31278,18th & R St NW,incoming_trips,HistGradientBoosting,test_forecast_weather,1.2869596593392243,2.035681498159994,0.5394429034160645,51.47301786050967,51.43023841660857
31278,18th & R St NW,incoming_trips,Soft Two-Stage,val,1.2643724433484562,1.9670386792512495,0.5424413780659862,49.659846157772506,51.615073994559566
31278,18th & R St NW,incoming_trips,Soft Two-Stage,test,1.3159794581500803,2.051967584605613,0.5320442248363997,49.81509266320982,52.58994467531962
31278,18th & R St NW,incoming_trips,Soft Two-Stage,test_forecast_weather,1.3220576502508645,2.056348857047459,0.5300437736101002,50.48870345194759,52.83284496097874
31278,18th & R St NW,incoming_trips,GAM,val,1.3677036917369014,1.9326875194074626,0.5582828840255307,59.96139475152164,55.833332672671176
31278,18th & R St NW,incoming_trips,GAM,test,1.5180241321122376,2.085044511030732,0.5168360968901935,65.18406350515214,60.66417270358194
31278,18th & R St NW,incoming_trips,GAM,test_forecast_weather,1.5236822244877917,2.0893254839848328,0.51485001457689,65.3488767033917,60.89028471707532
31278,18th & R St NW,incoming_trips,XGBoost,val,1.2492725323303089,1.948403746883634,0.551069764888557,49.20823949866007,50.998655131104364
31278,18th & R St NW,incoming_trips,XGBoost,test,1.3164332733262218,2.0381909373418683,0.5383067213752435,49.52552418910585,52.60808030415356
31278,18th & R St NW,incoming_trips,XGBoost,test_forecast_weather,1.3241764198696302,2.0504901646620777,0.5327178400605007,49.868466803816176,52.91751647795461
31278,18th & R St NW,incoming_trips,LightGBM,val,1.231085671322845,1.9435177037271647,0.553318520751845,50.303531887661904,50.25621869034882
31278,18th & R St NW,incoming_trips,LightGBM,test,1.2832402465915085,2.03034848206633,0.5418528493000674,50.37394113639242,51.28160105801178
31278,18th & R St NW,incoming_trips,LightGBM,test_forecast_weather,1.2918601615371,2.041008830453518,0.5370292143138866,50.92716756349509,51.62607516608932
31278,18th & R St NW,incoming_trips,Poisson,val,1.4264854269066465,2.111505623303809,0.4727635485345322,55.64028902679341,58.232960746089134
31278,18th & R St NW,incoming_trips,Poisson,test,1.4631825709539907,2.1611390102131356,0.4809260606575101,55.0203623619434,58.47256199920615
31278,18th & R St NW,incoming_trips,Poisson,test_forecast_weather,1.483381869222384,2.2024835999984163,0.46087535367318355,55.86261645392733,59.27977823030779
31278,18th & R St NW,incoming_trips,Naive (same hour last week),val,1.6684504155755437,2.5749385527831787,0.21593027844044876,81.78105118028871,68.11062049732745
31278,18th & R St NW,incoming_trips,Naive (same hour last week),test,1.7278228108231533,2.6662765631622705,0.20991428425713854,80.89898568187441,69.04827082763025
31278,18th & R St NW,incoming_trips,Naive (same hour last week),test_forecast_weather,1.7278228108231533,2.6662765631622705,0.20991428425713854,80.89898568187441,69.04827082763025
31281,8th & O St NW,outgoing_trips,Linear Regression,val,1.5856228506543073,2.2921326252915977,0.5890631311459384,56.77951795984898,46.55832273768649
31281,8th & O St NW,outgoing_trips,Linear Regression,test,1.6363275610124248,2.3803481323555404,0.5668691716513046,55.617803575515865,48.095950023180635
31281,8th & O St NW,outgoing_trips,Linear Regression,test_forecast_weather,1.6426303835925966,2.367176829583848,0.5716492402486726,55.778993314629425,48.28120647613273
31281,8th & O St NW,outgoing_trips,Polynomial Regression,val,1.6127911990743253,2.7892676791446607,0.39147838274588387,57.27720781967955,47.35606145182468
31281,8th & O St NW,outgoing_trips,Polynomial Regression,test,1.7155292844657926,2.8971697306447575,0.35836799708440237,58.131367708847804,50.42389598199959
31281,8th & O St NW,outgoing_trips,Polynomial Regression,test_forecast_weather,1.7288969687253446,2.986777814485625,0.31806344286783717,58.97038374259792,50.8168072116285
31281,8th & O St NW,outgoing_trips,Random Forest,val,1.559229139300736,2.2482771515183715,0.6046376442752701,57.03583254279702,45.783329534896914
31281,8th & O St NW,outgoing_trips,Random Forest,test,1.6344679170423477,2.3634617716571498,0.5729926964124006,56.90738739878432,48.04129021937558
31281,8th & O St NW,outgoing_trips,Random Forest,test_forecast_weather,1.6398726727134356,2.3700831966120783,0.5705967554772093,57.42426536101258,48.200150135224774
31281,8th & O St NW,outgoing_trips,HistGradientBoosting,val,1.518974062126812,2.2874618172630683,0.5907362032560621,53.580865840608915,44.60132785390409
31281,8th & O St NW,outgoing_trips,HistGradientBoosting,test,1.5793832678909692,2.389908580853548,0.5633829246252087,52.92724070572519,46.422208199520135
31281,8th & O St NW,outgoing_trips,HistGradientBoosting,test_forecast_weather,1.5845314387128464,2.3919063557853266,0.5626526647095591,53.44150979722101,46.57352641505309
31281,8th & O St NW,outgoing_trips,Soft Two-Stage,val,1.5395911535734255,2.291231997448697,0.5893859994401661,51.76279189687065,45.206703335903306
31281,8th & O St NW,outgoing_trips,Soft Two-Stage,test,1.6013829178897379,2.391212333845712,0.5629064243185984,51.297110657114374,47.06883549596045
31281,8th & O St NW,outgoing_trips,Soft Two-Stage,test_forecast_weather,1.608521009595492,2.3956245111056758,0.5612919181217437,51.85389398582521,47.2786426947883
31281,8th & O St NW,outgoing_trips,GAM,val,1.608193230341502,2.2835387867877683,0.5921387862940495,58.334062680775276,47.22105222683008
31281,8th & O St NW,outgoing_trips,GAM,test,1.706485446014404,2.3973271015546027,0.5606681094948571,59.39267224385073,50.15807389812136
31281,8th & O St NW,outgoing_trips,GAM,test_forecast_weather,1.713353064398708,2.3960991080814305,0.5611180760591672,59.46733012257719,50.35993117808148
31281,8th & O St NW,outgoing_trips,XGBoost,val,1.5453177156606195,2.2997842936490045,0.5863149473023075,51.72425967937878,45.37485121906666
31281,8th & O St NW,outgoing_trips,XGBoost,test,1.6141962379989439,2.405673914090526,0.5576035258660696,51.064727825095645,47.445452512190435
31281,8th & O St NW,outgoing_trips,XGBoost,test_forecast_weather,1.6232905247414124,2.4138791103000385,0.554580555620387,51.57562779701895,47.71275740338937
31281,8th & O St NW,outgoing_trips,LightGBM,val,1.5166633305604547,2.288946373412758,0.590204808817949,53.15095562487356,44.53347831075312
31281,8th & O St NW,outgoing_trips,LightGBM,test,1.5807298793800328,2.3932501064398948,0.5621611313810603,52.638720033865184,46.46178863587151
31281,8th & O St NW,outgoing_trips,LightGBM,test_forecast_weather,1.5872798711053415,2.398020156618112,0.5604140555503123,53.21811797053726,46.65431003695197
31281,8th & O St NW,outgoing_trips,Poisson,val,1.7151916523207371,2.425406322459587,0.5398868637013923,55.20986218694216,50.362825228446894
31281,8th & O St NW,outgoing_trips,Poisson,test,1.7670867281372755,2.507582435233777,0.5193282735342117,54.50790770774797,51.93930420051811
31281,8th & O St NW,outgoing_trips,Poisson,test_forecast_weather,1.7711513174953675,2.506872418902386,0.5196004372358116,54.89843247801913,52.05877312061048
31281,8th & O St NW,outgoing_trips,Naive (same hour last week),val,2.1085050666059435,3.1476077927944925,0.2250800430737987,80.72865068236032,61.91160738165284
31281,8th & O St NW,outgoing_trips,Naive (same hour last week),test,2.165087338737299,3.220446437954348,0.207187844920109,80.76282516140138,63.63758389261744
31281,8th & O St NW,outgoing_trips,Naive (same hour last week),test_forecast_weather,2.165087338737299,3.220446437954348,0.207187844920109,80.76282516140138,63.63758389261744
31281,8th & O St NW,incoming_trips,Linear Regression,val,1.5072102680222847,2.266471016698292,0.674294015559354,53.531871804553866,44.499891703777486
31281,8th & O St NW,incoming_trips,Linear Regression,test,1.549876261687401,2.3652889823921357,0.6617151488580306,53.67308977357372,45.340390020774
31281,8th & O St NW,incoming_trips,Linear Regression,test_forecast_weather,1.5626545231027482,2.3593705539204155,0.6634059442430632,54.068344547231376,45.71420783493194
31281,8th & O St NW,incoming_trips,Polynomial Regression,val,1.5562028658712683,2.3631971256010673,0.645900512457469,55.31019609600276,45.946382180137654
31281,8th & O St NW,incoming_trips,Polynomial Regression,test,1.655081755238297,2.605890169881293,0.5893930013681212,55.36698675378043,48.41809256248036
31281,8th & O St NW,incoming_trips,Polynomial Regression,test_forecast_weather,1.668824731442315,2.587461566506939,0.5951800121694215,55.825013693062374,48.82013233593814
31281,8th & O St NW,incoming_trips,Random Forest,val,1.4778961535151067,2.2021087497499097,0.6925298754084488,51.809195881034974,43.634402031475
31281,8th & O St NW,incoming_trips,Random Forest,test,1.5304019582032866,2.292121317054977,0.6823203960588882,52.14946183773216,44.770684853219954
31281,8th & O St NW,incoming_trips,Random Forest,test_forecast_weather,1.5392162506552394,2.3013281265399272,0.6797632105804925,53.03871910244003,45.028539926820216
31281,8th & O St NW,incoming_trips,HistGradientBoosting,val,1.4411982246768333,2.23821012921245,0.6823659058513234,49.52651767282574,42.550907648704545
31281,8th & O St NW,incoming_trips,HistGradientBoosting,test,1.4878646351373357,2.328690986439749,0.6721026878970093,49.484822417912575,43.52628949990957
31281,8th & O St NW,incoming_trips,HistGradientBoosting,test_forecast_weather,1.4999231025591104,2.343586587913014,0.6678944448704698,50.12135669057454,43.87905031667362
31281,8th & O St NW,incoming_trips,Soft Two-Stage,val,1.4539913630398411,2.2257994809995516,0.6858786375932493,48.822253589988065,42.928620887383765
31281,8th & O St NW,incoming_trips,Soft Two-Stage,test,1.5014761623164428,2.318890765699454,0.6748567709191519,48.8459641553377,43.92448383731246
31281,8th & O St NW,incoming_trips,Soft Two-Stage,test_forecast_weather,1.517219142711855,2.338928821564329,0.6692132209051882,49.47996002900984,44.385032133239164
31281,8th & O St NW,incoming_trips,GAM,val,1.55126432009757,2.2670534529110293,0.6741265946362398,56.00926427244624,45.800573226492396
31281,8th & O St NW,incoming_trips,GAM,test,1.6893434231186002,2.4179249661875817,0.6464915727174642,60.34058017240129,49.42039024446685
31281,8th & O St NW,incoming_trips,GAM,test_forecast_weather,1.7011076715718687,2.4262058436744867,0.6440660443741011,60.484387479982914,49.76454392070404
31281,8th & O St NW,incoming_trips,XGBoost,val,1.4611197562681821,2.2366687893812967,0.6828032316409773,47.926268642250484,43.139084373078674
31281,8th & O St NW,incoming_trips,XGBoost,test,1.5215267562023074,2.3396202087908744,0.6690176308951119,47.824750068276465,44.51104791949504
31281,8th & O St NW,incoming_trips,XGBoost,test_forecast_weather,1.5438544639030245,2.3682158761972576,0.6608774191345147,48.60987827277582,45.16422714447277
31281,8th & O St NW,incoming_trips,LightGBM,val,1.4389586445108298,2.238359000215502,0.6823236505883562,49.379458383961264,42.48478477456843
31281,8th & O St NW,incoming_trips,LightGBM,test,1.4869345776260907,2.3272154869462547,0.6725180792432661,49.48206270197666,43.499081411532444
31281,8th & O St NW,incoming_trips,LightGBM,test_forecast_weather,1.4980139151703906,2.3406502780135416,0.6687261222114476,50.19517808057853,43.823198567106814
31281,8th & O St NW,incoming_trips,Poisson,val,1.6370888330140307,2.4028408695115346,0.6339204919616288,50.52391394262682,48.33451398535105
31281,8th & O St NW,incoming_trips,Poisson,test,1.6988379321484726,2.5224218108213323,0.6152757530331572,51.42095521059464,49.698144509830904
31281,8th & O St NW,incoming_trips,Poisson,test_forecast_weather,1.720554131523861,2.5492242443189714,0.6070564063985062,52.22738175967756,50.33343454800273
31281,8th & O St NW,incoming_trips,Naive (same hour last week),val,1.9923716270067175,3.100337326884918,0.39054268092545763,75.59863494183593,58.82412263009278
31281,8th & O St NW,incoming_trips,Naive (same hour last week),test,2.056855805457244,3.2139168208281608,0.3754267245174422,77.93816120710548,60.17167095287399
31281,8th & O St NW,incoming_trips,Naive (same hour last week),test_forecast_weather,2.056855805457244,3.2139168208281608,0.3754267245174422,77.93816120710548,60.17167095287399
31288,4th St & Madison Dr NW,outgoing_trips,Linear Regression,val,1.8509108518409583,3.339161612298989,0.641448215639306,75.85506718595246,54.89110619840335
31288,4th St & Madison Dr NW,outgoing_trips,Linear Regression,test,1.6855444917808446,3.0996940930123063,0.6274277290633709,77.69778066698811,58.35448301781984
31288,4th St & Madison Dr NW,outgoing_trips,Linear Regression,test_forecast_weather,1.7356204624875085,3.1261838083338223,0.6210325788791841,79.53393087970503,60.08814083370785
31288,4th St & Madison Dr NW,outgoing_trips,Polynomial Regression,val,1.966914483097279,3.440924591897801,0.619261039031473,75.16885790763351,58.33134084631079
31288,4th St & Madison Dr NW,outgoing_trips,Polynomial Regression,test,2.0560490066698547,3.3616477145727965,0.5617950728914108,83.72149728029638,71.18155434553857
31288,4th St & Madison Dr NW,outgoing_trips,Polynomial Regression,test_forecast_weather,2.045806430594369,3.4348249074119406,0.5425095164125014,83.07899659113944,70.82695069397658
31288,4th St & Madison Dr NW,outgoing_trips,Random Forest,val,1.8209775943432989,3.26954751810015,0.656242393115928,70.57948148550818,54.003397525382205
31288,4th St & Madison Dr NW,outgoing_trips,Random Forest,test,1.7654822930370355,3.137272512646308,0.6183393844117016,80.7185866275587,61.12197393166559
31288,4th St & Madison Dr NW,outgoing_trips,Random Forest,test_forecast_weather,1.7805166503729342,3.177061905134823,0.6085969442944887,81.36940662918568,61.642471702041625
31288,4th St & Madison Dr NW,outgoing_trips,HistGradientBoosting,val,1.6933447222793847,3.2640295196611504,0.6574017298574173,65.56855413775673,50.218283008440835
31288,4th St & Madison Dr NW,outgoing_trips,HistGradientBoosting,test,1.566759695152414,3.0352369986314702,0.6427616518120108,70.60902623609061,54.242087627826066
31288,4th St & Madison Dr NW,outgoing_trips,HistGradientBoosting,test_forecast_weather,1.580187237452612,3.0911791837534137,0.6294718415734194,70.09868389765292,54.70695657251948
31288,4th St & Madison Dr NW,outgoing_trips,Soft Two-Stage,val,1.7064568221419658,3.2263425655342752,0.6652674346745544,61.878365481140044,50.60713894135901
31288,4th St & Madison Dr NW,outgoing_trips,Soft Two-Stage,test,1.5861051546040719,2.9989751795419086,0.6512464793923602,67.1928949972007,54.91183813903978
31288,4th St & Madison Dr NW,outgoing_trips,Soft Two-Stage,test_forecast_weather,1.6020542174872063,3.052742823602971,0.6386290016399798,67.3724578565652,55.464003521622296
31288,4th St & Madison Dr NW,outgoing_trips,GAM,val,2.028043329752214,3.322933012975859,0.6449249286665406,80.13277203479274,60.14419423694521
31288,4th St & Madison Dr NW,outgoing_trips,GAM,test,1.9986095916220596,3.1962969267673302,0.6038432209039388,87.37456503158954,69.19297001192736
31288,4th St & Madison Dr NW,outgoing_trips,GAM,test_forecast_weather,2.0310060055277144,3.243826330580505,0.5919738034706887,87.1799733121587,70.31455178821047
31288,4th St & Madison Dr NW,outgoing_trips,XGBoost,val,1.6896322243097628,3.2320673949826606,0.6640784803461288,61.89331820149615,50.10818417785199
31288,4th St & Madison Dr NW,outgoing_trips,XGBoost,test,1.577339344053685,3.0072155503626963,0.6493272860316962,67.64911532416299,54.60836092713923
31288,4th St & Madison Dr NW,outgoing_trips,XGBoost,test_forecast_weather,1.5875413912110545,3.074972996833732,0.6333468079655605,66.74577041050496,54.96156144512896
31288,4th St & Madison Dr NW,outgoing_trips,LightGBM,val,1.700616956553163,3.277559785116051,0.6545555220733352,65.57551770393405,50.43395032889799
31288,4th St & Madison Dr NW,outgoing_trips,LightGBM,test,1.5701532519315626,3.0435454260190262,0.6408032207650007,70.486679931017,54.35957444137769
31288,4th St & Madison Dr NW,outgoing_trips,LightGBM,test_forecast_weather,1.5816468482509412,3.097609150506387,0.6279287659365409,69.79347290648977,54.75748910604741
31288,4th St & Madison Dr NW,outgoing_trips,Poisson,val,1.9942220709409064,3.4734800892679942,0.6120224130238875,62.83531785097139,59.14118195932597
31288,4th St & Madison Dr NW,outgoing_trips,Poisson,test,1.8627938612953543,3.168132295809996,0.6107940463729782,67.56294785382345,64.49095427306723
31288,4th St & Madison Dr NW,outgoing_trips,Poisson,test_forecast_weather,1.8939707836649708,3.2135314850747516,0.5995595172470436,68.94282367273676,65.57031657755526
31288,4th St & Madison Dr NW,outgoing_trips,Naive (same hour last week),val,2.5560742343162928,4.8584190283317445,0.2409560059595779,104.96837809740363,75.80361966504591
31288,4th St & Madison Dr NW,outgoing_trips,Naive (same hour last week),test,2.268866308939377,4.430856835155118,0.2387132111314354,101.25194334399386,78.5494071146245
31288,4th St & Madison Dr NW,outgoing_trips,Naive (same hour last week),test_forecast_weather,2.268866308939377,4.430856835155118,0.2387132111314354,101.25194334399386,78.5494071146245
31288,4th St & Madison Dr NW,incoming_trips,Linear Regression,val,1.9233226395371492,3.304236732135382,0.5923185451951516,76.38526866877456,56.95587424746209
31288,4th St & Madison Dr NW,incoming_trips,Linear Regression,test,1.7314226279581069,3.0353077208888877,0.5708379691768606,80.5157289630633,59.80098895222814
31288,4th St & Madison Dr NW,incoming_trips,Linear Regression,test_forecast_weather,1.8025878948913037,3.0831720397023696,0.5571961826611374,81.41499498580654,62.25894073877338
31288,4th St & Madison Dr NW,incoming_trips,Polynomial Regression,val,1.9757669714009651,3.2414934678280254,0.6076542541198666,74.85474795691603,58.508922451244736
31288,4th St & Madison Dr NW,incoming_trips,Polynomial Regression,test,1.9914417211577224,3.195409422278135,0.5243704141793379,83.80713657717197,68.78169572405557
31288,4th St & Madison Dr NW,incoming_trips,Polynomial Regression,test_forecast_weather,1.9872107828938395,3.2370893482253558,0.511881563040526,83.98997222385388,68.63556485554867
31288,4th St & Madison Dr NW,incoming_trips,Random Forest,val,1.894535821696841,3.246539612603674,0.6064317469681404,74.09593218646278,56.10340241398346
31288,4th St & Madison Dr NW,incoming_trips,Random Forest,test,1.784097131888666,3.060663855833947,0.5636378144989678,82.8954762546721,61.62029486676982
31288,4th St & Madison Dr NW,incoming_trips,Random Forest,test_forecast_weather,1.7992608221293707,3.0875658219536586,0.5559332172220816,83.03411246637057,62.14402815864021
31288,4th St & Madison Dr NW,incoming_trips,HistGradientBoosting,val,1.7504744574597921,3.2199706851462175,0.6128471307666661,67.24697158372908,51.83727421649197
31288,4th St & Madison Dr NW,incoming_trips,HistGradientBoosting,test,1.5984982935875192,2.942458532465995,0.5966922748702195,73.85199168837542,55.20996275052477
31288,4th St & Madison Dr NW,incoming_trips,HistGradientBoosting,test_forecast_weather,1.6131066213561873,2.9959109652077993,0.5819062806863775,71.84289262770615,55.714514575941806
31288,4th St & Madison Dr NW,incoming_trips,Soft Two-Stage,val,1.7700378412487872,3.196496424166692,0.6184714057678619,64.12373847363068,52.416609999285534
31288,4th St & Madison Dr NW,incoming_trips,Soft Two-Stage,test,1.6207637848717242,2.9367819752903257,0.5982468871064754,70.16991529599275,55.97898261707979
31288,4th St & Madison Dr NW,incoming_trips,Soft Two-Stage,test_forecast_weather,1.6389893543552476,2.978008988754625,0.5868879651841652,69.23741286125559,56.60846906465936
31288,4th St & Madison Dr NW,incoming_trips,GAM,val,2.0674981352831074,3.2746650926142826,0.5995830740907538,80.2464343366942,61.225382252238894
31288,4th St & Madison Dr NW,incoming_trips,GAM,test,1.9812994198830283,3.119289519824388,0.5467610647120538,87.75111058351354,68.43139439572336
31288,4th St & Madison Dr NW,incoming_trips,GAM,test_forecast_weather,2.04229898594133,3.1765230844976298,0.5299761775082676,88.36196647841494,70.53823666348624
31288,4th St & Madison Dr NW,incoming_trips,XGBoost,val,1.7564212073846024,3.1940554138218684,0.6190538932926608,64.32466758210408,52.0133769326645
31288,4th St & Madison Dr NW,incoming_trips,XGBoost,test,1.614263015913843,2.941353274282272,0.5969952021263969,70.10518858907591,55.75445487535233
31288,4th St & Madison Dr NW,incoming_trips,XGBoost,test_forecast_weather,1.6304561022537727,3.004647321531805,0.579464324676607,68.18739335692938,56.31374211214825
31288,4th St & Madison Dr NW,incoming_trips,LightGBM,val,1.7441536789890295,3.2178844778296276,0.6133486381284047,66.75850165611821,51.650095291684295
31288,4th St & Madison Dr NW,incoming_trips,LightGBM,test,1.599404992247244,2.948967556992893,0.594905983993339,73.3594546577111,55.241278892324964
31288,4th St & Madison Dr NW,incoming_trips,LightGBM,test_forecast_weather,1.6150926953529339,2.999871578181865,0.5808001049766909,71.6091716929945,55.78311087774585
31288,4th St & Madison Dr NW,incoming_trips,Poisson,val,2.120040448120573,3.4663737247546003,0.5513275382015552,69.30760808321934,62.781331993131914
31288,4th St & Madison Dr NW,incoming_trips,Poisson,test,1.9651295063720986,3.1660371221917836,0.5330742296948521,74.30087479616458,67.87290751700793
31288,4th St & Madison Dr NW,incoming_trips,Poisson,test_forecast_weather,2.0162331107153717,3.21991178902811,0.51704820248557,75.63192755535259,69.637956690678
31288,4th St & Madison Dr NW,incoming_trips,Naive (same hour last week),val,2.558465216896277,4.6234382508313905,0.20180542838153126,103.60929944047925,75.76452341616373
31288,4th St & Madison Dr NW,incoming_trips,Naive (same hour last week),test,2.316017810252312,4.28134865911508,0.14615894680756658,107.52520297113679,79.99211356466877
31288,4th St & Madison Dr NW,incoming_trips,Naive (same hour last week),test_forecast_weather,2.316017810252312,4.28134865911508,0.14615894680756658,107.52520297113679,79.99211356466877
31289,Henry Bacon Dr & Lincoln Memorial Circle NW,outgoing_trips,Linear Regression,val,1.8107264468902873,2.98707597155724,0.5148960946658407,82.61968905342685,66.1878241344989
31289,Henry Bacon Dr & Lincoln Memorial Circle NW,outgoing_trips,Linear Regression,test,1.5928747902728324,2.7217709047564864,0.44471762897110645,81.31234599362985,77.61454321317167
31289,Henry Bacon Dr & Lincoln Memorial Circle NW,outgoing_trips,Linear Regression,test_forecast_weather,1.646326545215191,2.7518599860805515,0.4323725126248569,83.05574547270389,80.21903765876644
31289,Henry Bacon Dr & Lincoln Memorial Circle NW,outgoing_trips,Polynomial Regression,val,1.8311505504905359,2.969357857326207,0.5206339032125008,74.87715549588772,66.93439023205585
31289,Henry Bacon Dr & Lincoln Memorial Circle NW,outgoing_trips,Polynomial Regression,test,1.7441322856006698,2.951347696938652,0.34709272995913953,78.34208055265567,84.98472791264055
31289,Henry Bacon Dr & Lincoln Memorial Circle NW,outgoing_trips,Polynomial Regression,test_forecast_weather,1.7151920929643742,2.904723565741918,0.36755848899967636,77.7928812717457,83.5745857936969
31289,Henry Bacon Dr & Lincoln Memorial Circle NW,outgoing_trips,Random Forest,val,1.8263730537800553,2.946703806370209,0.5279204339175819,78.79278652980216,66.75975749687957
31289,Henry Bacon Dr & Lincoln Memorial Circle NW,outgoing_trips,Random Forest,test,1.7474664853048139,2.8452055163877805,0.39321053020177543,83.74259300835809,85.1471903915491
31289,Henry Bacon Dr & Lincoln Memorial Circle NW,outgoing_trips,Random Forest,test_forecast_weather,1.7825139916044823,2.8959779613543377,0.37136109298321884,85.09144976411432,86.8549179598557
31289,Henry Bacon Dr & Lincoln Memorial Circle NW,outgoing_trips,HistGradientBoosting,val,1.6544807716531584,2.8928683270365236,0.5450123930572915,75.16568711737871,60.476546601588524
31289,Henry Bacon Dr & Lincoln Memorial Circle NW,outgoing_trips,HistGradientBoosting,test,1.4293452451042814,2.576009917408298,0.5025999635988971,77.75082402132828,69.64638964101246
31289,Henry Bacon Dr & Lincoln Memorial Circle NW,outgoing_trips,HistGradientBoosting,test_forecast_weather,1.4369566354318903,2.6062784415293345,0.49084223119830905,77.40716852994663,70.01726284906502
31289,Henry Bacon Dr & Lincoln Memorial Circle NW,outgoing_trips,Soft Two-Stage,val,1.6760758261022612,2.8567842701206896,0.5562921358874373,68.82433856415979,61.265914685600805
31289,Henry Bacon Dr & Lincoln Memorial Circle NW,outgoing_trips,Soft Two-Stage,test,1.4696189494654683,2.5346563001426543,0.5184416631746993,71.51136310252599,71.60876935006696
31289,Henry Bacon Dr & Lincoln Memorial Circle NW,outgoing_trips,Soft Two-Stage,test_forecast_weather,1.4832538213341555,2.5673389937841042,0.5059428536976693,71.65906535271553,72.27314319685063
31289,Henry Bacon Dr & Lincoln Memorial Circle NW,outgoing_trips,GAM,val,1.8808683857005486,2.9615378232685887,0.5231554739968597,83.72801479770332,68.75173560682502
31289,Henry Bacon Dr & Lincoln Memorial Circle NW,outgoing_trips,GAM,test,1.8861861775317763,2.940071124622477,0.3520724824622402,91.34899930329087,91.90645710392093
31289,Henry Bacon Dr & Lincoln Memorial Circle NW,outgoing_trips,GAM,test_forecast_weather,1.8946319922248014,2.941753712917428,0.35133065876651104,92.01404595274137,92.31798853970314
31289,Henry Bacon Dr & Lincoln Memorial Circle NW,outgoing_trips,XGBoost,val,1.689672728576446,2.8774195370003786,0.549858959650734,69.82512329504513,61.76292481724207
31289,Henry Bacon Dr & Lincoln Memorial Circle NW,outgoing_trips,XGBoost,test,1.532003957700689,2.5767172390417192,0.5023267735731094,73.4490686846304,74.64854620327289
31289,Henry Bacon Dr & Lincoln Memorial Circle NW,outgoing_trips,XGBoost,test_forecast_weather,1.5420375151160692,2.612190732504654,0.4885295824622392,73.25253796612687,75.13744211672035
31289,Henry Bacon Dr & Lincoln Memorial Circle NW,outgoing_trips,LightGBM,val,1.6523983742706359,2.895641709954041,0.5441395847701433,74.58322211955195,60.40042833868402
31289,Henry Bacon Dr & Lincoln Memorial Circle NW,outgoing_trips,LightGBM,test,1.4352987822715912,2.578796544120624,0.5015232457524659,77.9260916986403,69.93648216464658
31289,Henry Bacon Dr & Lincoln Memorial Circle NW,outgoing_trips,LightGBM,test_forecast_weather,1.4440944980584596,2.608332705959834,0.490039280229416,77.5218231060928,70.36506290884539
31289,Henry Bacon Dr & Lincoln Memorial Circle NW,outgoing_trips,Poisson,val,2.0116939675387444,3.156332786029598,0.45836364436132404,75.37325396627676,73.53382768808386
31289,Henry Bacon Dr & Lincoln Memorial Circle NW,outgoing_trips,Poisson,test,1.8653264305947275,2.8864188368558343,0.3755043012035002,74.61944281158624,90.89004342222529
31289,Henry Bacon Dr & Lincoln Memorial Circle NW,outgoing_trips,Poisson,test_forecast_weather,1.896273820744865,2.9494989795935753,0.34791043297140367,75.5576540456767,92.39798840623205
31289,Henry Bacon Dr & Lincoln Memorial Circle NW,outgoing_trips,Naive (same hour last week),val,2.3614937948309236,4.151231420247705,0.06309377626604828,105.0184540617288,86.32012651906109
31289,Henry Bacon Dr & Lincoln Memorial Circle NW,outgoing_trips,Naive (same hour last week),test,2.076378582029912,3.7765084683999235,-0.06903439192051963,106.67545155543611,101.1737872719181
31289,Henry Bacon Dr & Lincoln Memorial Circle NW,outgoing_trips,Naive (same hour last week),test_forecast_weather,2.076378582029912,3.7765084683999235,-0.06903439192051963,106.67545155543611,101.1737872719181
31289,Henry Bacon Dr & Lincoln Memorial Circle NW,incoming_trips,Linear Regression,val,1.840895370077454,2.9285666961904173,0.49024744723943037,81.20278074867812,66.77645907318498
31289,Henry Bacon Dr & Lincoln Memorial Circle NW,incoming_trips,Linear Regression,test,1.6184683401759234,2.6707221477558494,0.4201226513152634,80.66999290439428,77.5501323391735
31289,Henry Bacon Dr & Lincoln Memorial Circle NW,incoming_trips,Linear Regression,test_forecast_weather,1.6706033935219675,2.7081828043190557,0.4037413656557358,82.00366498834968,80.04822277822163
31289,Henry Bacon Dr & Lincoln Memorial Circle NW,incoming_trips,Polynomial Regression,val,1.872640997278971,2.938784216350306,0.4866842756471986,73.65339608946175,67.92799685747822
31289,Henry Bacon Dr & Lincoln Memorial Circle NW,incoming_trips,Polynomial Regression,test,1.810369192165603,2.8801465377933124,0.32561500628828954,78.5376589869746,86.74520653270523
31289,Henry Bacon Dr & Lincoln Memorial Circle NW,incoming_trips,Polynomial Regression,test_forecast_weather,1.796128338663494,2.957406309577945,0.28894905350140265,77.13735042926116,86.06284528639794
31289,Henry Bacon Dr & Lincoln Memorial Circle NW,incoming_trips,Random Forest,val,1.8470849740075341,2.860266654417925,0.5137470860585776,75.80950627196151,67.00098016234325
31289,Henry Bacon Dr & Lincoln Memorial Circle NW,incoming_trips,Random Forest,test,1.7957046948933493,2.8215944349610735,0.3527561852821375,81.22021833325678,86.04254607533287
31289,Henry Bacon Dr & Lincoln Memorial Circle NW,incoming_trips,Random Forest,test_forecast_weather,1.8174640152516233,2.834457177496041,0.34684158132891496,82.25521197771798,87.08516033691996
31289,Henry Bacon Dr & Lincoln Memorial Circle NW,incoming_trips,HistGradientBoosting,val,1.6808629530473487,2.824661772453897,0.525777587306374,73.19940413296193,60.97145878914163
31289,Henry Bacon Dr & Lincoln Memorial Circle NW,incoming_trips,HistGradientBoosting,test,1.4850586857048775,2.546826451012725,0.47267612822174343,77.35038519899942,71.15770803112157
31289,Henry Bacon Dr & Lincoln Memorial Circle NW,incoming_trips,HistGradientBoosting,test_forecast_weather,1.5003663163840233,2.5872070715166777,0.4558218399812882,77.99855954076821,71.89118471120165
31289,Henry Bacon Dr & Lincoln Memorial Circle NW,incoming_trips,Soft Two-Stage,val,1.7086347635845576,2.788596261574994,0.5378100982665064,68.26113003888246,61.97885073540317
31289,Henry Bacon Dr & Lincoln Memorial Circle NW,incoming_trips,Soft Two-Stage,test,1.49990464585413,2.501748665294297,0.49117776394030577,72.22138339689361,71.86906341923591
31289,Henry Bacon Dr & Lincoln Memorial Circle NW,incoming_trips,Soft Two-Stage,test_forecast_weather,1.513235878612378,2.5284602730717123,0.48025418925462504,72.12722947504857,72.50783950090711
31289,Henry Bacon Dr & Lincoln Memorial Circle NW,incoming_trips,GAM,val,1.8655408206685096,2.8835333295510095,0.5058041182057031,80.49478878658908,67.67044574373898
31289,Henry Bacon Dr & Lincoln Memorial Circle NW,incoming_trips,GAM,test,1.7913822218277502,2.7796630343141158,0.37185048055701997,86.12123707409302,85.83543151525856
31289,Henry Bacon Dr & Lincoln Memorial Circle NW,incoming_trips,GAM,test_forecast_weather,1.8103877841905662,2.794789635318796,0.3649952461010202,87.2588450394645,86.7460973836169
31289,Henry Bacon Dr & Lincoln Memorial Circle NW,incoming_trips,XGBoost,val,1.698212621070213,2.8049690429266696,0.5323668223906184,68.74288556833676,61.60079895452725
31289,Henry Bacon Dr & Lincoln Memorial Circle NW,incoming_trips,XGBoost,test,1.5399606995245492,2.5410075244101558,0.47508300878058307,72.72975474127686,73.78837947010682
31289,Henry Bacon Dr & Lincoln Memorial Circle NW,incoming_trips,XGBoost,test_forecast_weather,1.5596617880202082,2.584472390425747,0.4569716259806441,73.4622445068551,74.7323719981893
31289,Henry Bacon Dr & Lincoln Memorial Circle NW,incoming_trips,LightGBM,val,1.6837353301436457,2.824165631628037,0.525944163311095,73.53332868221838,61.075651115729734
31289,Henry Bacon Dr & Lincoln Memorial Circle NW,incoming_trips,LightGBM,test,1.4880575973692476,2.551100357524483,0.47090480693111925,77.95334765908409,71.30140314746849
31289,Henry Bacon Dr & Lincoln Memorial Circle NW,incoming_trips,LightGBM,test_forecast_weather,1.5000378181735696,2.587951762602965,0.4555085268711342,78.24298462612015,71.87544447145676
31289,Henry Bacon Dr & Lincoln Memorial Circle NW,incoming_trips,Poisson,val,2.0126692259570227,3.056585806854615,0.44470680012111585,73.2173669137972,73.0073671646658
31289,Henry Bacon Dr & Lincoln Memorial Circle NW,incoming_trips,Poisson,test,1.8893111091645323,2.8323014722277424,0.34783470384413473,74.7827216404671,90.52776808081039
31289,Henry Bacon Dr & Lincoln Memorial Circle NW,incoming_trips,Poisson,test_forecast_weather,1.9270582392459752,2.895845739480533,0.31824304745389365,76.27462000778483,92.33645031485501
31289,Henry Bacon Dr & Lincoln Memorial Circle NW,incoming_trips,Naive (same hour last week),val,2.4176249573038824,4.088957312110493,0.006256447117926722,104.75632999905926,87.69669185974477
31289,Henry Bacon Dr & Lincoln Memorial Circle NW,incoming_trips,Naive (same hour last week),test,2.120105034821327,3.694338012222998,-0.10956305017745671,104.48751916443713,101.58643326039387
31289,Henry Bacon Dr & Lincoln Memorial Circle NW,incoming_trips,Naive (same hour last week),test_forecast_weather,2.120105034821327,3.694338012222998,-0.10956305017745671,104.48751916443713,101.58643326039387
31290,17th St & Independence Ave SW,outgoing_trips,Linear Regression,val,1.4597432462712105,2.697721842721493,0.4917602674927689,80.62040900721588,75.08594396486116
31290,17th St & Independence Ave SW,outgoing_trips,Linear Regression,test,1.2832455125561244,2.5673909931853536,0.43314808953411943,81.09102803557967,82.67098738216457
31290,17th St & Independence Ave SW,outgoing_trips,Linear Regression,test_forecast_weather,1.3172526425928475,2.5847143263711914,0.42547267608469064,82.96642673788276,84.86184095668395
31290,17th St & Independence Ave SW,outgoing_trips,Polynomial Regression,val,1.4362328700084521,2.664220311485596,0.5043049900010175,75.21578137446649,73.87662253167927
31290,17th St & Independence Ave SW,outgoing_trips,Polynomial Regression,test,1.313632919725988,2.5953252823250668,0.4207458112865079,78.65465170713222,84.6286462480136
31290,17th St & Independence Ave SW,outgoing_trips,Polynomial Regression,test_forecast_weather,1.3159841704267166,2.6596238799423757,0.39168848782899846,80.34107509169539,84.78012171791416
31290,17th St & Independence Ave SW,outgoing_trips,Random Forest,val,1.4572018752595028,2.6375651471234183,0.5141740955016223,74.73718592095665,74.9552214957787
31290,17th St & Independence Ave SW,outgoing_trips,Random Forest,test,1.3930206203156144,2.5482649397003074,0.4415622788872702,82.59140831757537,89.74306864772335
31290,17th St & Independence Ave SW,outgoing_trips,Random Forest,test_forecast_weather,1.4082743908460156,2.5826182944512053,0.4264041053905765,83.8782390327519,90.72576779508863
31290,17th St & Independence Ave SW,outgoing_trips,HistGradientBoosting,val,1.944096550153706,4.254285032327525,-0.2639428709769549,100.0,100.0
31290,17th St & Independence Ave SW,outgoing_trips,HistGradientBoosting,test,1.552231989953191,3.7466886091236256,-0.20720433978020458,100.0,100.0
31290,17th St & Independence Ave SW,outgoing_trips,HistGradientBoosting,test_forecast_weather,1.552231989953191,3.7466886091236256,-0.20720433978020458,100.0,100.0
31290,17th St & Independence Ave SW,outgoing_trips,Soft Two-Stage,val,1.3450388665513866,2.625166820123397,0.5187307763910349,66.04308594531486,69.18580594389944
31290,17th St & Independence Ave SW,outgoing_trips,Soft Two-Stage,test,1.190442242245528,2.4471290276707705,0.48500937236609387,70.61181392250522,76.69228890724169
31290,17th St & Independence Ave SW,outgoing_trips,Soft Two-Stage,test_forecast_weather,1.2001911983859672,2.5006878667933354,0.4622201050611584,71.10018393540368,77.32034941646577
31290,17th St & Independence Ave SW,outgoing_trips,GAM,val,1.608428239725194,2.73470643599213,0.4777292513134471,84.43116467092389,82.73396913327309
31290,17th St & Independence Ave SW,outgoing_trips,GAM,test,1.6659744646562507,2.839310406928252,0.30671574587682904,97.15963379436813,107.32767237366944
31290,17th St & Independence Ave SW,outgoing_trips,GAM,test_forecast_weather,1.6627389620710582,2.843676134050756,0.30458211738348306,97.31097908102575,107.11923042645188
31290,17th St & Independence Ave SW,outgoing_trips,XGBoost,val,1.3135224699396841,2.650351387295633,0.5094523592280752,69.977243101943,67.56467264117273
31290,17th St & Independence Ave SW,outgoing_trips,XGBoost,test,1.195080284531946,2.4475251538162235,0.4848426318622674,72.68686963483181,76.99108717428152
31290,17th St & Independence Ave SW,outgoing_trips,XGBoost,test_forecast_weather,1.2002395846070337,2.483381209041274,0.46963803703272256,73.56701588567361,77.32346661939548
31290,17th St & Independence Ave SW,outgoing_trips,LightGBM,val,1.2941177803275343,2.640994378246587,0.5129099808728549,72.15937027105586,66.5665385921917
31290,17th St & Independence Ave SW,outgoing_trips,LightGBM,test,1.131242352953942,2.423509462711298,0.4949027224862037,77.75378029629798,72.87843313859648
31290,17th St & Independence Ave SW,outgoing_trips,LightGBM,test_forecast_weather,1.1415583488491439,2.4695170327853986,0.4755432975865048,78.48924191080411,73.5430242539692
31290,17th St & Independence Ave SW,outgoing_trips,Poisson,val,1.6332229121542599,2.8586950816266308,0.4292972752324543,72.46288915866245,84.00935190307973
31290,17th St & Independence Ave SW,outgoing_trips,Poisson,test,1.5175798127078857,2.701719467506369,0.3722798174358629,75.89949139554524,97.76759031706656
31290,17th St & Independence Ave SW,outgoing_trips,Poisson,test_forecast_weather,1.5419283523850336,2.75256515944661,0.34843041250302553,78.07703930012744,99.33620504957715
31290,17th St & Independence Ave SW,outgoing_trips,Naive (same hour last week),val,1.8436752817943756,3.666425145320309,0.06122844342623046,106.16880603896554,94.83455344070279
31290,17th St & Independence Ave SW,outgoing_trips,Naive (same hour last week),test,1.6829546751912319,3.6875484365439215,-0.16939452234556462,108.54569847495613,108.42159458664314
31290,17th St & Independence Ave SW,outgoing_trips,Naive (same hour last week),test_forecast_weather,1.6829546751912319,3.6875484365439215,-0.16939452234556462,108.54569847495613,108.42159458664314
31290,17th St & Independence Ave SW,incoming_trips,Linear Regression,val,1.4444663011948276,2.6250146053499828,0.48950009473621836,79.9590492479194,74.98077732502463
31290,17th St & Independence Ave SW,incoming_trips,Linear Regression,test,1.2764404513559462,2.508420727025245,0.42940407647444856,81.41595091661898,83.31725101294235
31290,17th St & Independence Ave SW,incoming_trips,Linear Regression,test_forecast_weather,1.316427702161081,2.531180126522235,0.4190028430441949,83.64216488654945,85.92734364132133
31290,17th St & Independence Ave SW,incoming_trips,Polynomial Regression,val,1.4568310726776084,2.655716479410256,0.47748876317126177,75.47850468014705,75.62262004330634
31290,17th St & Independence Ave SW,incoming_trips,Polynomial Regression,test,1.367103682737583,2.652863071165149,0.3617988657183028,81.73117315810589,89.23512301288092
31290,17th St & Independence Ave SW,incoming_trips,Polynomial Regression,test_forecast_weather,1.3510606337742472,2.668965617250078,0.3540277505661583,81.87482354702256,88.18794314947934
31290,17th St & Independence Ave SW,incoming_trips,Random Forest,val,1.4365598524903336,2.544311163268767,0.5204071890820323,74.0982482985785,74.57036161006265
31290,17th St & Independence Ave SW,incoming_trips,Random Forest,test,1.4002557950715286,2.5085319440641274,0.4293534777888637,84.05018349859992,91.39906482622789
31290,17th St & Independence Ave SW,incoming_trips,Random Forest,test_forecast_weather,1.4059906505258044,2.516469261048522,0.4257365669907526,83.99860515663634,91.77339673563992
31290,17th St & Independence Ave SW,incoming_trips,HistGradientBoosting,val,1.926448821587157,4.148391742301098,-0.2749458503813782,100.0,100.0
31290,17th St & Independence Ave SW,incoming_trips,HistGradientBoosting,test,1.5320242036762188,3.6571125183245683,-0.21284289449775495,100.0,100.0
31290,17th St & Independence Ave SW,incoming_trips,HistGradientBoosting,test_forecast_weather,1.5320242036762188,3.6571125183245683,-0.21284289449775495,100.0,100.0
31290,17th St & Independence Ave SW,incoming_trips,Soft Two-Stage,val,1.3352243145126215,2.5404382580631584,0.5218661331426742,65.19432268094566,69.31013684612503
31290,17th St & Independence Ave SW,incoming_trips,Soft Two-Stage,test,1.195274512173037,2.3663030539810896,0.4922281370677577,71.56865934704182,78.01929690829145
31290,17th St & Independence Ave SW,incoming_trips,Soft Two-Stage,test_forecast_weather,1.20042259540982,2.4026612725573777,0.47650444343607246,71.28578055599131,78.35532836421949
31290,17th St & Independence Ave SW,incoming_trips,GAM,val,1.6157361989564787,2.681068187500274,0.4674652694418684,83.49091394414644,83.87122361368057
31290,17th St & Independence Ave SW,incoming_trips,GAM,test,1.7203921822385766,2.833278176380594,0.27204197823416243,99.65540835642926,112.29536570703998
31290,17th St & Independence Ave SW,incoming_trips,GAM,test_forecast_weather,1.7350600099442552,2.851709426071501,0.26254003989544084,101.51082749811329,113.25278058798519
31290,17th St & Independence Ave SW,incoming_trips,XGBoost,val,1.2826627691070294,2.5610750043936963,0.514066530757668,69.60259541384505,66.58172045547896
31290,17th St & Independence Ave SW,incoming_trips,XGBoost,test,1.1664654100091858,2.3609293337862027,0.4945317521064212,74.28896296509141,76.1388369198186
31290,17th St & Independence Ave SW,incoming_trips,XGBoost,test_forecast_weather,1.1855279085692403,2.408911499720843,0.4737772825221852,75.05672612971142,77.3831056796928
31290,17th St & Independence Ave SW,incoming_trips,LightGBM,val,1.273038619405659,2.5527014878073038,0.5172388862261079,73.47798791972251,66.0821406278954
31290,17th St & Independence Ave SW,incoming_trips,LightGBM,test,1.1274847429175088,2.3825231162993874,0.48524313250179085,79.43456952092234,73.59444715116223
31290,17th St & Independence Ave SW,incoming_trips,LightGBM,test_forecast_weather,1.1330245620661237,2.4214103048317193,0.46830242949802314,79.10281322004634,73.95604843235097
31290,17th St & Independence Ave SW,incoming_trips,Poisson,val,1.6150397142798607,2.7568229442106014,0.43694610537141143,71.18331663614944,83.83506980212775
31290,17th St & Independence Ave SW,incoming_trips,Poisson,test,1.5210286325634739,2.6457922711144346,0.36519638657004094,76.49930366164962,99.2822847650605
31290,17th St & Independence Ave SW,incoming_trips,Poisson,test_forecast_weather,1.5482992202257886,2.696488986038755,0.340636041144154,78.47994859466549,101.06232111154097
31290,17th St & Independence Ave SW,incoming_trips,Naive (same hour last week),val,1.8640555618809063,3.6342520237088602,0.021496689154726578,108.1379712427815,96.7612293144208
31290,17th St & Independence Ave SW,incoming_trips,Naive (same hour last week),test,1.6934581573238954,3.6044745188008407,-0.17818047880824972,110.87266773570306,110.53729786124151
31290,17th St & Independence Ave SW,incoming_trips,Naive (same hour last week),test_forecast_weather,1.6934581573238954,3.6044745188008407,-0.17818047880824972,110.87266773570306,110.53729786124151
31321,15th St & Constitution Ave NW,outgoing_trips,Linear Regression,val,1.3370646281053473,2.377440883011747,0.4274615350973229,75.82934969137476,76.92544627701604
31321,15th St & Constitution Ave NW,outgoing_trips,Linear Regression,test,1.194332545175449,2.2072247021173657,0.4706108909130635,72.76524892610081,70.84146247167168
31321,15th St & Constitution Ave NW,outgoing_trips,Linear Regression,test_forecast_weather,1.2197410012412373,2.215131669728629,0.4668112233321814,73.91875399184346,72.34855711973994
31321,15th St & Constitution Ave NW,outgoing_trips,Polynomial Regression,val,1.4388031899939402,2.4919414996304283,0.3709851460157214,74.64616071301022,82.77877910203574
31321,15th St & Constitution Ave NW,outgoing_trips,Polynomial Regression,test,1.377184563481811,2.3240139385387106,0.4131064135225152,75.62304658326012,81.68727291621306
31321,15th St & Constitution Ave NW,outgoing_trips,Polynomial Regression,test_forecast_weather,1.379731936584612,2.345537133333126,0.40218537918275976,75.38413396738669,81.83836955742274
31321,15th St & Constitution Ave NW,outgoing_trips,Random Forest,val,1.3456034312181793,2.2898044661773365,0.46889301630124514,74.61749898722047,77.41670992001355
31321,15th St & Constitution Ave NW,outgoing_trips,Random Forest,test,1.2929503680920007,2.2216059841398743,0.4636898950872349,77.64211161991008,76.6909478845929
31321,15th St & Constitution Ave NW,outgoing_trips,Random Forest,test_forecast_weather,1.2999216396700095,2.227672552021307,0.4607568782053667,77.41005383084746,77.10444668429345
31321,15th St & Constitution Ave NW,outgoing_trips,HistGradientBoosting,val,1.2041978190310625,2.375942305071738,0.4281830866689287,78.46480209151338,69.28120951493398
31321,15th St & Constitution Ave NW,outgoing_trips,HistGradientBoosting,test,1.1307133016064492,2.238204812060883,0.45564582651963437,78.33085818056786,67.06790687865436
31321,15th St & Constitution Ave NW,outgoing_trips,HistGradientBoosting,test_forecast_weather,1.1322236464923021,2.2461054675826224,0.45179600418328447,78.04072716500973,67.15749251456677
31321,15th St & Constitution Ave NW,outgoing_trips,Soft Two-Stage,val,1.211513013222621,2.2546028766827795,0.4850971098921042,67.21227133085507,69.70207516791747
31321,15th St & Constitution Ave NW,outgoing_trips,Soft Two-Stage,test,1.146466010912034,2.1553019863165233,0.49522461928373684,67.69281506791198,68.00227391872761
31321,15th St & Constitution Ave NW,outgoing_trips,Soft Two-Stage,test_forecast_weather,1.1528319516532104,2.1722934952112247,0.4872343666205592,67.40760159371368,68.37986770861022
31321,15th St & Constitution Ave NW,outgoing_trips,GAM,val,1.5119432098711787,2.4560491848136508,0.38897449958207375,80.49839038856047,86.98674972028405
31321,15th St & Constitution Ave NW,outgoing_trips,GAM,test,1.5139332577656908,2.4091999669321993,0.36929306874504364,87.5456834733168,89.79847907340479
31321,15th St & Constitution Ave NW,outgoing_trips,GAM,test_forecast_weather,1.5243749045717638,2.411777657510151,0.36794271421222713,87.80861238911261,90.41782209754236
31321,15th St & Constitution Ave NW,outgoing_trips,XGBoost,val,1.197370578221067,2.2970144112121225,0.465543140072614,70.85282394196646,68.88841732291124
31321,15th St & Constitution Ave NW,outgoing_trips,XGBoost,test,1.1240842317429474,2.181032000821183,0.48310065461262097,71.13990588787867,66.67470566693625
31321,15th St & Constitution Ave NW,outgoing_trips,XGBoost,test_forecast_weather,1.1314915937751433,2.2045043716960855,0.4719149954304618,71.25345062763022,67.11407103593471
31321,15th St & Constitution Ave NW,outgoing_trips,LightGBM,val,1.1747862946383585,2.288990889250139,0.46927035823710195,74.17822667133058,67.58907392773943
31321,15th St & Constitution Ave NW,outgoing_trips,LightGBM,test,1.1134259501444148,2.1906518787230937,0.47853082279886416,75.37442052366194,66.04251301764022
31321,15th St & Constitution Ave NW,outgoing_trips,LightGBM,test_forecast_weather,1.1161670399398667,2.204240100624606,0.4720415991486083,75.1556347764991,66.2050999040651
31321,15th St & Constitution Ave NW,outgoing_trips,Poisson,val,1.4872101322923321,2.442774264168351,0.3955618222570936,65.80725348308843,85.56377958812756
31321,15th St & Constitution Ave NW,outgoing_trips,Poisson,test,1.3702936027313075,2.273397776035059,0.43839266894642515,65.49749765499755,81.27853772820156
31321,15th St & Constitution Ave NW,outgoing_trips,Poisson,test_forecast_weather,1.38466887475962,2.297311281417877,0.42651561506645097,66.0890854352875,82.13120250571892
31321,15th St & Constitution Ave NW,outgoing_trips,Naive (same hour last week),val,1.7417738813617214,3.329353577018533,-0.12280685435025074,102.19995660703036,100.20961614044282
31321,15th St & Constitution Ave NW,outgoing_trips,Naive (same hour last week),test,1.5870533165886516,3.0827347917223507,-0.03265258013124095,98.8823817993918,94.13557256043882
31321,15th St & Constitution Ave NW,outgoing_trips,Naive (same hour last week),test_forecast_weather,1.5870533165886516,3.0827347917223507,-0.03265258013124095,98.8823817993918,94.13557256043882
31321,15th St & Constitution Ave NW,incoming_trips,Linear Regression,val,1.4308929867395677,2.3569501898341096,0.3808106207848194,74.71862466537651,78.33655240624337
31321,15th St & Constitution Ave NW,incoming_trips,Linear Regression,test,1.3019284237857318,2.2306115965092257,0.39555412204819107,74.81074133124937,75.55549634889832
31321,15th St & Constitution Ave NW,incoming_trips,Linear Regression,test_forecast_weather,1.335974602381855,2.2469788520347147,0.3866512580509134,75.7584573886714,77.531316121796
31321,15th St & Constitution Ave NW,incoming_trips,Polynomial Regression,val,1.5010656429181797,2.4009303013342116,0.3574871840500359,74.16353957440374,82.17826804058076
31321,15th St & Constitution Ave NW,incoming_trips,Polynomial Regression,test,1.4449772099306386,2.4413712118432787,0.2759356798807292,75.42595477098436,83.85712172386181
31321,15th St & Constitution Ave NW,incoming_trips,Polynomial Regression,test_forecast_weather,1.435247961223145,2.3728151857090305,0.3160295561673321,75.40140601306219,83.29249912113912
31321,15th St & Constitution Ave NW,incoming_trips,Random Forest,val,1.4836243518331083,2.3233944973120546,0.3983158069464269,73.8971029968542,81.22341633204631
31321,15th St & Constitution Ave NW,incoming_trips,Random Forest,test,1.44069074999841,2.2842571710332567,0.3661310143814289,79.91299703925628,83.60836334218561
31321,15th St & Constitution Ave NW,incoming_trips,Random Forest,test_forecast_weather,1.4483043731035994,2.2914137072854244,0.3621529925412589,79.41633642601296,84.05020873262059
31321,15th St & Constitution Ave NW,incoming_trips,HistGradientBoosting,val,1.3279177034513154,2.3867973088180348,0.36502917926068557,75.14930244369252,72.69900386095433
31321,15th St & Constitution Ave NW,incoming_trips,HistGradientBoosting,test,1.2309811511453341,2.247108223336328,0.3865806280943176,76.58536742509001,71.43817599471265
31321,15th St & Constitution Ave NW,incoming_trips,HistGradientBoosting,test_forecast_weather,1.237896095557178,2.266683709071759,0.37584657863483095,76.10915449700654,71.83947459739828
31321,15th St & Constitution Ave NW,incoming_trips,Soft Two-Stage,val,1.3371152005345137,2.266918288235377,0.42721132640092563,64.2974954852406,73.20253572458165
31321,15th St & Constitution Ave NW,incoming_trips,Soft Two-Stage,test,1.2601225478927227,2.183981852290336,0.42056121777232847,67.54724020220205,73.12935398524057
31321,15th St & Constitution Ave NW,incoming_trips,Soft Two-Stage,test_forecast_weather,1.2654217348325016,2.201358030086667,0.4113042869282131,67.11940304213041,73.43688448550905
31321,15th St & Constitution Ave NW,incoming_trips,GAM,val,1.5683054451012832,2.4400950067344045,0.3363544880083451,78.90324167977403,85.85941983621873
31321,15th St & Constitution Ave NW,incoming_trips,GAM,test,1.6002549041094556,2.4609595313977253,0.2642700203430164,90.40983523294449,92.86843374474738
31321,15th St & Constitution Ave NW,incoming_trips,GAM,test_forecast_weather,1.6219813612838048,2.4712847390328085,0.25808340834161947,90.58912174323748,94.12929665066486
31321,15th St & Constitution Ave NW,incoming_trips,XGBoost,val,1.2970430307731715,2.3041886090671,0.4082221032473077,67.3021089974963,71.00871993567766
31321,15th St & Constitution Ave NW,incoming_trips,XGBoost,test,1.2228877798538653,2.215521289020205,0.4037047306196374,69.57387219344267,70.96848912568744
31321,15th St & Constitution Ave NW,incoming_trips,XGBoost,test_forecast_weather,1.2281409062466595,2.2334259925332995,0.39402788300093594,69.31304661810802,71.27334657002908
31321,15th St & Constitution Ave NW,incoming_trips,LightGBM,val,1.2761057901496606,2.2961620228648685,0.41233781070486253,70.29800993503285,69.86247681159676
31321,15th St & Constitution Ave NW,incoming_trips,LightGBM,test,1.2115982364769224,2.2077919979543137,0.40785806474923536,73.27659499402986,70.31331712251617
31321,15th St & Constitution Ave NW,incoming_trips,LightGBM,test_forecast_weather,1.2195339166748225,2.2268744572900716,0.3975777877859592,73.12560315259556,70.7738526214455
31321,15th St & Constitution Ave NW,incoming_trips,Poisson,val,1.6184429219563778,2.45386169869203,0.32884496405106245,67.61939737655779,88.60427715229612
31321,15th St & Constitution Ave NW,incoming_trips,Poisson,test,1.520284420655445,2.316980430264062,0.34783987657021265,69.97506828619512,88.22746465594011
31321,15th St & Constitution Ave NW,incoming_trips,Poisson,test_forecast_weather,1.5409292184649133,2.339428514974159,0.3351417422624524,70.8335982234204,89.42555505555009
31321,15th St & Constitution Ave NW,incoming_trips,Naive (same hour last week),val,1.844358419674371,3.2777771881263846,-0.19751661053723013,101.84274057818415,100.97238671071496
31321,15th St & Constitution Ave NW,incoming_trips,Naive (same hour last week),test,1.6697111542413519,3.0493711205880807,-0.12961402223088747,100.33086516985092,96.89922480620154
31321,15th St & Constitution Ave NW,incoming_trips,Naive (same hour last week),test_forecast_weather,1.6697111542413519,3.0493711205880807,-0.12961402223088747,100.33086516985092,96.89922480620154
31324,18th & New Hampshire Ave NW,outgoing_trips,Linear Regression,val,1.496014204788374,2.1815841037557835,0.5678639886777422,56.85884463391919,50.72967360586962
31324,18th & New Hampshire Ave NW,outgoing_trips,Linear Regression,test,1.611317129733313,2.3450234563204004,0.573944422101023,58.92708975228518,50.24574295750681
31324,18th & New Hampshire Ave NW,outgoing_trips,Linear Regression,test_forecast_weather,1.62451378181627,2.3508263808919128,0.5718332044930314,59.23495165697854,50.657254494388226
31324,18th & New Hampshire Ave NW,outgoing_trips,Polynomial Regression,val,1.4668058757471156,2.165673712747578,0.5741441787500756,56.55384027106992,49.73922244966185
31324,18th & New Hampshire Ave NW,outgoing_trips,Polynomial Regression,test,1.588036578932782,2.387267661194144,0.5584558826352073,58.596903757654495,49.51978495094961
31324,18th & New Hampshire Ave NW,outgoing_trips,Polynomial Regression,test_forecast_weather,1.6023123133234658,2.3731022961446273,0.5636803299008681,59.23130692651357,49.964945538823876
31324,18th & New Hampshire Ave NW,outgoing_trips,Random Forest,val,1.422756330896419,2.108168264850375,0.5964595434523511,55.138941509506736,48.24550733277962
31324,18th & New Hampshire Ave NW,outgoing_trips,Random Forest,test,1.5405288128481063,2.2880271819196483,0.5944034685707105,58.066208261018495,48.03834907521294
31324,18th & New Hampshire Ave NW,outgoing_trips,Random Forest,test_forecast_weather,1.5467366157166869,2.295401859051176,0.591784650092283,58.577475226437755,48.23192714964029
31324,18th & New Hampshire Ave NW,outgoing_trips,HistGradientBoosting,val,1.427295761669093,2.2134593651673593,0.5551438024935941,53.80713669019275,48.399438920271976
31324,18th & New Hampshire Ave NW,outgoing_trips,HistGradientBoosting,test,1.5492313148841106,2.4173559700368803,0.547255598907713,54.35497909665356,48.309719417102514
31324,18th & New Hampshire Ave NW,outgoing_trips,HistGradientBoosting,test_forecast_weather,1.5557784146967322,2.4224223296664262,0.5453558624577768,54.97390700253939,48.51387779674847
31324,18th & New Hampshire Ave NW,outgoing_trips,Soft Two-Stage,val,1.4221312266120503,2.171684846496346,0.5717768517298215,51.780034280501205,48.224310116727686
31324,18th & New Hampshire Ave NW,outgoing_trips,Soft Two-Stage,test,1.5632396130401878,2.4140090119763182,0.5485084284646115,53.07011819774762,48.74654053408454
31324,18th & New Hampshire Ave NW,outgoing_trips,Soft Two-Stage,test_forecast_weather,1.5731138322787999,2.4289801287023933,0.542890973946172,53.53224468482666,49.05444856324543
31324,18th & New Hampshire Ave NW,outgoing_trips,GAM,val,1.5634284513150818,2.223175879886723,0.551229622651375,60.07036170695965,53.015683131540726
31324,18th & New Hampshire Ave NW,outgoing_trips,GAM,test,1.7326862532260932,2.451893449539499,0.5342261953840216,65.13374040142897,54.03039941616772
31324,18th & New Hampshire Ave NW,outgoing_trips,GAM,test_forecast_weather,1.7424802430474016,2.4633123354304693,0.5298777170419309,65.24289738259071,54.33580564937232
31324,18th & New Hampshire Ave NW,outgoing_trips,XGBoost,val,1.4175357785776936,2.1595579787106196,0.5765459658341237,52.072683344066306,48.06847899018526
31324,18th & New Hampshire Ave NW,outgoing_trips,XGBoost,test,1.562050901077944,2.378792747847283,0.5615853230160117,53.99970086968378,48.70947289879209
31324,18th & New Hampshire Ave NW,outgoing_trips,XGBoost,test_forecast_weather,1.5829271517280892,2.4124758532006836,0.5490817390427845,54.42311964076498,49.36045755273001
31324,18th & New Hampshire Ave NW,outgoing_trips,LightGBM,val,1.4004826031596127,2.161495714874757,0.5757857081022055,54.4356626906898,47.4902077276973
31324,18th & New Hampshire Ave NW,outgoing_trips,LightGBM,test,1.5307703041773806,2.3700138521833383,0.5648152763187242,55.790942114419686,47.7340492516276
31324,18th & New Hampshire Ave NW,outgoing_trips,LightGBM,test_forecast_weather,1.5441060649374085,2.3889063637900247,0.5578494924585693,56.50919045784158,48.149898617917195
31324,18th & New Hampshire Ave NW,outgoing_trips,Poisson,val,1.7757380207528832,2.6935750233001072,0.3412286691619244,64.65051702814921,60.21507677801079
31324,18th & New Hampshire Ave NW,outgoing_trips,Poisson,test,2.181686404585799,3.4610508217192972,0.0719148448945045,77.503594360689,68.03158253325861
31324,18th & New Hampshire Ave NW,outgoing_trips,Poisson,test_forecast_weather,2.2100183629647674,3.4656276643057904,0.06945864969343218,78.63409584374627,68.91505871055715
31324,18th & New Hampshire Ave NW,outgoing_trips,Naive (same hour last week),val,1.9423887054537174,2.933084218942462,0.21886588645677962,81.34017685611815,65.86618277286591
31324,18th & New Hampshire Ave NW,outgoing_trips,Naive (same hour last week),test,2.068386802146364,3.1356477465955157,0.2382255350073802,82.78625916505332,64.49855815443767
31324,18th & New Hampshire Ave NW,outgoing_trips,Naive (same hour last week),test_forecast_weather,2.068386802146364,3.1356477465955157,0.2382255350073802,82.78625916505332,64.49855815443767
31324,18th & New Hampshire Ave NW,incoming_trips,Linear Regression,val,1.5093967261863288,2.165601511272394,0.5419518978576481,56.97290726043255,51.58779456025576
31324,18th & New Hampshire Ave NW,incoming_trips,Linear Regression,test,1.6008679694293073,2.2886769942295495,0.5522086554805109,55.75607709139131,50.48244003539496
31324,18th & New Hampshire Ave NW,incoming_trips,Linear Regression,test_forecast_weather,1.6132442197312766,2.2903253883720835,0.5515633897234008,56.14792852537587,50.87271788819935
31324,18th & New Hampshire Ave NW,incoming_trips,Polynomial Regression,val,1.4730056201581943,2.157960848072095,0.545178361533228,58.59465120121561,50.34402818059546
31324,18th & New Hampshire Ave NW,incoming_trips,Polynomial Regression,test,1.5909504310944342,2.4155364310272702,0.5011914715572905,56.72547028493745,50.169696234001115
31324,18th & New Hampshire Ave NW,incoming_trips,Polynomial Regression,test_forecast_weather,1.5985775822137138,2.338903415102186,0.5323388831093194,57.706126054363615,50.41021400709217
31324,18th & New Hampshire Ave NW,incoming_trips,Random Forest,val,1.451990407445177,2.134481824064792,0.5550216120860361,56.03308225910764,49.625775346684534
31324,18th & New Hampshire Ave NW,incoming_trips,Random Forest,test,1.5655513442567202,2.2779126352773833,0.5564109534563721,55.163696844080675,49.368750807692294
31324,18th & New Hampshire Ave NW,incoming_trips,Random Forest,test_forecast_weather,1.5689744724642911,2.2791421475573617,0.555931966367979,55.42946304282205,49.476697164151524
31324,18th & New Hampshire Ave NW,incoming_trips,HistGradientBoosting,val,1.6535477112608534,2.5845590752173124,0.3475805152526459,63.585155004712334,56.514551902887675
31324,18th & New Hampshire Ave NW,incoming_trips,HistGradientBoosting,test,1.7692370648415865,2.7404171875562673,0.35799257342983903,62.61253031112619,55.791861502547
31324,18th & New Hampshire Ave NW,incoming_trips,HistGradientBoosting,test_forecast_weather,1.7781264266074097,2.74740786606444,0.35471293267544934,63.029067791702666,56.07218235402615
31324,18th & New Hampshire Ave NW,incoming_trips,Soft Two-Stage,val,1.4447995068502202,2.203627108808705,0.5257250257431999,51.40423291220946,49.38000649336713
31324,18th & New Hampshire Ave NW,incoming_trips,Soft Two-Stage,test,1.5633390896596413,2.3736401429954475,0.5183445898500014,50.18907865165597,49.298988646057026
31324,18th & New Hampshire Ave NW,incoming_trips,Soft Two-Stage,test_forecast_weather,1.57129866667914,2.3804436370284785,0.5155795236996401,50.6655882655771,49.549989276507006
31324,18th & New Hampshire Ave NW,incoming_trips,GAM,val,1.5228282740744963,2.192927210812724,0.5303196084868491,57.65575865485173,52.04685474043234
31324,18th & New Hampshire Ave NW,incoming_trips,GAM,test,1.6487958859876624,2.396150685590528,0.5091656614098743,57.129108771750694,51.99381899973334
31324,18th & New Hampshire Ave NW,incoming_trips,GAM,test_forecast_weather,1.6593379763438096,2.4015621543873187,0.5069461565747786,57.2564576252895,52.32625768575544
31324,18th & New Hampshire Ave NW,incoming_trips,XGBoost,val,1.4558636313126159,2.24253224393809,0.5088305021970736,52.09348411765845,49.75815345092499
31324,18th & New Hampshire Ave NW,incoming_trips,XGBoost,test,1.6063654675536974,2.4594987929873917,0.4828697844478086,51.10759923133814,50.65580044031839
31324,18th & New Hampshire Ave NW,incoming_trips,XGBoost,test_forecast_weather,1.6083302179778705,2.4572390193864373,0.48381962053834293,51.48255691716743,50.717757701858325
31324,18th & New Hampshire Ave NW,incoming_trips,LightGBM,val,1.4154979033006074,2.1939589651838176,0.5298775429285205,54.02292568685585,48.37854340683803
31324,18th & New Hampshire Ave NW,incoming_trips,LightGBM,test,1.550516770037183,2.385722572272754,0.5134286138692428,53.45582846719687,48.8946442567529
31324,18th & New Hampshire Ave NW,incoming_trips,LightGBM,test_forecast_weather,1.5549416659500925,2.3841857237229482,0.5140552966873684,53.988365194988106,49.0341807749743
31324,18th & New Hampshire Ave NW,incoming_trips,Poisson,val,1.7923993251262964,2.6442526418447407,0.3170956325451574,66.00278302833951,61.26018862395619
31324,18th & New Hampshire Ave NW,incoming_trips,Poisson,test,2.131709397505707,3.2850038197528155,0.07747436250642048,76.08345652171992,67.22221562770912
31324,18th & New Hampshire Ave NW,incoming_trips,Poisson,test_forecast_weather,2.1514648828221765,3.299956383852994,0.06905701002263265,76.98235941060608,67.84519336347726
31324,18th & New Hampshire Ave NW,incoming_trips,Naive (same hour last week),val,1.9193897301605374,2.8871128656631635,0.18589294098042464,82.84372994824726,65.60043583158223
31324,18th & New Hampshire Ave NW,incoming_trips,Naive (same hour last week),test,2.0152985500627927,3.005987859169755,0.2275308734678606,79.61349679577945,63.55126728110599
31324,18th & New Hampshire Ave NW,incoming_trips,Naive (same hour last week),test_forecast_weather,2.0152985500627927,3.005987859169755,0.2275308734678606,79.61349679577945,63.55126728110599
31600,5th & K St NW,outgoing_trips,Linear Regression,val,1.9108067153188335,2.7813766157526576,0.6555610769572757,53.253882196140786,41.89474370464893
31600,5th & K St NW,outgoing_trips,Linear Regression,test,2.0736376785257016,3.009723482296605,0.6643782134212683,55.07017481553795,41.333073359139384
31600,5th & K St NW,outgoing_trips,Linear Regression,test_forecast_weather,2.089864343824198,3.0138683375989634,0.6634531705510438,55.89959275377026,41.656513637112056
31600,5th & K St NW,outgoing_trips,Polynomial Regression,val,1.829026753488973,2.7378085898836875,0.6662672799692442,52.97098354707529,40.101704924969795
31600,5th & K St NW,outgoing_trips,Polynomial Regression,test,1.9881709918214865,2.953260366595543,0.6768527788107634,54.97879494295118,39.62949666013791
31600,5th & K St NW,outgoing_trips,Polynomial Regression,test_forecast_weather,2.0167339269683477,3.000220906534764,0.6664941797168122,55.74671483296476,40.19883136407563
31600,5th & K St NW,outgoing_trips,Random Forest,val,1.8796919055991816,2.771995179447492,0.6578807069157406,52.055481464282636,41.212546511090174
31600,5th & K St NW,outgoing_trips,Random Forest,test,2.0978881712169506,3.0563853936766847,0.6538907688891787,54.68704698457808,41.81644970004158
31600,5th & K St NW,outgoing_trips,Random Forest,test_forecast_weather,2.111147068009351,3.0677157738014666,0.6513198771532887,55.60137529945997,42.080734516746475
31600,5th & K St NW,outgoing_trips,HistGradientBoosting,val,1.8575161376278106,2.8537545189585236,0.637401628707617,49.62687719333768,40.72633924158132
31600,5th & K St NW,outgoing_trips,HistGradientBoosting,test,2.1108944063748636,3.2512427757309315,0.6083521453988268,50.62085934350551,42.07569830334167
31600,5th & K St NW,outgoing_trips,HistGradientBoosting,test_forecast_weather,2.1230919712194507,3.2682640971668198,0.6042406011161775,51.62144847164558,42.31882797239872
31600,5th & K St NW,outgoing_trips,Soft Two-Stage,val,1.9136598457349363,2.93017444392963,0.6177217606704629,48.16046499730607,41.957299046631086
31600,5th & K St NW,outgoing_trips,Soft Two-Stage,test,2.197750977722222,3.3743037430740905,0.5781429621481072,49.51710234671398,43.80697907259164
31600,5th & K St NW,outgoing_trips,Soft Two-Stage,test_forecast_weather,2.2091054426476493,3.3870370061150097,0.5749531178441853,50.310103792403815,44.033303534466825
31600,5th & K St NW,outgoing_trips,GAM,val,2.130095446492778,3.194396437202778,0.5456712183085974,56.306163715501725,46.70268430701233
31600,5th & K St NW,outgoing_trips,GAM,test,2.682350694619869,4.004004919667879,0.4060003948270492,63.120581901242645,53.46633077890775
31600,5th & K St NW,outgoing_trips,GAM,test_forecast_weather,2.702468722956402,4.020060960431728,0.4012269720697502,63.653376021304354,53.86733619546942
31600,5th & K St NW,outgoing_trips,XGBoost,val,1.9524628964325441,2.941516420838533,0.6147566250234848,47.79785245663666,42.8080621567364
31600,5th & K St NW,outgoing_trips,XGBoost,test,2.21423128888267,3.334073559719897,0.5881421895287728,48.13532507275424,44.13547518222085
31600,5th & K St NW,outgoing_trips,XGBoost,test_forecast_weather,2.2260537403336254,3.3413480925511507,0.5863429840587009,49.204183477634125,44.371127851039354
31600,5th & K St NW,outgoing_trips,LightGBM,val,1.8657315529353202,2.868658247361333,0.6336044001959447,49.676737664871894,40.906463539856006
31600,5th & K St NW,outgoing_trips,LightGBM,test,2.1224600942998535,3.2736288577906953,0.6029402796460205,50.51476363141082,42.30623299722917
31600,5th & K St NW,outgoing_trips,LightGBM,test_forecast_weather,2.134818816400263,3.2922941742900065,0.5983995243577029,51.44927490634815,42.55257495585168
31600,5th & K St NW,outgoing_trips,Poisson,val,2.201093401672389,3.3334842208610693,0.5052458656305445,55.149826257882474,48.25932586157566
31600,5th & K St NW,outgoing_trips,Poisson,test,2.5604520677869167,4.057275964039571,0.3900895875091237,61.21586315652243,51.03656933242065
31600,5th & K St NW,outgoing_trips,Poisson,test_forecast_weather,2.575116078978438,4.100865666451746,0.37691393609585766,61.99881058035288,51.32886178861739
31600,5th & K St NW,outgoing_trips,Naive (same hour last week),val,2.4846863258567686,3.7224222206632636,0.38305863698211473,75.7460783003616,54.47714620934122
31600,5th & K St NW,outgoing_trips,Naive (same hour last week),test,2.643794953761845,3.9640322621437907,0.4178011914610864,77.56995106197934,52.69781307603031
31600,5th & K St NW,outgoing_trips,Naive (same hour last week),test_forecast_weather,2.643794953761845,3.9640322621437907,0.4178011914610864,77.56995106197934,52.69781307603031
31600,5th & K St NW,incoming_trips,Linear Regression,val,1.9190536420185391,2.7707325789809985,0.6733895494652065,55.61263178288246,41.411877196749046
31600,5th & K St NW,incoming_trips,Linear Regression,test,2.0418497923391996,2.935150706341594,0.6838649852940306,53.34806467832348,40.270568848031004
31600,5th & K St NW,incoming_trips,Linear Regression,test_forecast_weather,2.0572635564806934,2.938211084628686,0.6832053959121243,54.127024217156674,40.574568217816285
31600,5th & K St NW,incoming_trips,Polynomial Regression,val,1.8569992227620526,2.7145941832437144,0.6864905165507158,55.44255106351936,40.07278487879686
31600,5th & K St NW,incoming_trips,Polynomial Regression,test,1.9930034820218003,2.858088168096574,0.700247347955885,54.50571510688671,39.30719303557441
31600,5th & K St NW,incoming_trips,Polynomial Regression,test_forecast_weather,2.023088145062369,2.90666762499584,0.6899708448049362,55.240032902365854,39.90054054761497
31600,5th & K St NW,incoming_trips,Random Forest,val,1.8754494197460583,2.776922052736307,0.6719287049435287,53.23018149047204,40.470927627403825
31600,5th & K St NW,incoming_trips,Random Forest,test,2.0414280489124885,3.007967330533778,0.6679847589949246,50.56323855406538,40.26225097481364
31600,5th & K St NW,incoming_trips,Random Forest,test_forecast_weather,2.052740719381426,3.019300883869025,0.6654780818522847,51.37868374191237,40.48536615041749
31600,5th & K St NW,incoming_trips,HistGradientBoosting,val,1.9012660540511808,2.913738686122666,0.638804729900063,50.827962411834385,41.02803310172114
31600,5th & K St NW,incoming_trips,HistGradientBoosting,test,2.1205621212974446,3.2210338719520846,0.6192829087317513,49.84887558039595,41.82297993840336
31600,5th & K St NW,incoming_trips,HistGradientBoosting,test_forecast_weather,2.1305513808028564,3.231474777838222,0.6168107373961285,50.58700760761654,42.019994020517935
31600,5th & K St NW,incoming_trips,Soft Two-Stage,val,1.9203537096730374,2.922567343398955,0.6366125632397148,49.79279590988385,41.43993177577526
31600,5th & K St NW,incoming_trips,Soft Two-Stage,test,2.150925990974676,3.251982147503433,0.6119317647867302,48.5188265221741,42.4218341288131
31600,5th & K St NW,incoming_trips,Soft Two-Stage,test_forecast_weather,2.171453962485938,3.279124271526098,0.6054268384781817,49.34853365733344,42.82669892011964
31600,5th & K St NW,incoming_trips,GAM,val,2.226582945048312,3.328214095576538,0.528736976424485,59.30329516620897,48.048151166701864
31600,5th & K St NW,incoming_trips,GAM,test,2.8054865571025167,4.1233727639809485,0.3760971262796601,63.3423412674219,55.33146462286582
31600,5th & K St NW,incoming_trips,GAM,test_forecast_weather,2.814310000748614,4.130593048960402,0.3739102269320539,63.65809850515626,55.50548579531447
31600,5th & K St NW,incoming_trips,XGBoost,val,2.0304086016684626,3.070623737401354,0.5988617643785878,49.530073886918544,43.81484176913124
31600,5th & K St NW,incoming_trips,XGBoost,test,2.301965900042058,3.4658773593992707,0.559203464735614,47.35676637338329,45.400732517773484
31600,5th & K St NW,incoming_trips,XGBoost,test_forecast_weather,2.313309042738324,3.4787981960235688,0.5559107478849389,48.1006233424522,45.62444868466141
31600,5th & K St NW,incoming_trips,LightGBM,val,1.9010791412362942,2.9076228696828297,0.6403194063380029,50.98953803203703,41.02399964983262
31600,5th & K St NW,incoming_trips,LightGBM,test,2.122044649807528,3.208708074351689,0.6221910825831579,50.29326133183811,41.85221924222408
31600,5th & K St NW,incoming_trips,LightGBM,test_forecast_weather,2.1355288478587084,3.2270442888067055,0.6178607545687095,50.936913501789604,42.11816256872042
31600,5th & K St NW,incoming_trips,Poisson,val,2.1962567388333873,3.321629763044758,0.5305997671126446,55.40353599459827,47.393732186368
31600,5th & K St NW,incoming_trips,Poisson,test,2.485840343167629,3.957344102775736,0.4253288164957334,56.69676448820697,49.027213000844974
31600,5th & K St NW,incoming_trips,Poisson,test_forecast_weather,2.5413377317901946,4.0917763588293115,0.38562212476610647,58.140099511667756,50.12176531208555
31600,5th & K St NW,incoming_trips,Naive (same hour last week),val,2.5343276784697713,3.767901973032033,0.39599567948466063,77.99136342068923,54.689073978526324
31600,5th & K St NW,incoming_trips,Naive (same hour last week),test,2.6609201963694487,3.934429454137029,0.4319647130576685,73.85701779916091,52.48024138163968
31600,5th & K St NW,incoming_trips,Naive (same hour last week),test_forecast_weather,2.6609201963694487,3.934429454137029,0.4319647130576685,73.85701779916091,52.48024138163968
31603,1st & M St NE,outgoing_trips,Linear Regression,val,1.8306483828149183,2.6682906589164905,0.6623614228072912,52.1057911318741,39.9915054004811
31603,1st & M St NE,outgoing_trips,Linear Regression,test,1.8960616275052655,2.826393219074092,0.6282167336715534,53.34328716880221,43.565498794151836
31603,1st & M St NE,outgoing_trips,Linear Regression,test_forecast_weather,1.9193265234749266,2.833578403270295,0.6263240552385548,53.94663315670209,44.10005251466877
31603,1st & M St NE,outgoing_trips,Polynomial Regression,val,1.8465239701537208,2.7180345284395924,0.6496551573362375,51.40663837944249,40.33831620410429
31603,1st & M St NE,outgoing_trips,Polynomial Regression,test,1.8944190015239863,2.826559996744308,0.6281728565663145,53.18232166573449,43.52775644486922
31603,1st & M St NE,outgoing_trips,Polynomial Regression,test_forecast_weather,1.913925341255573,2.8666752435596186,0.6175438354179555,53.81602003479744,43.975950431671684
31603,1st & M St NE,outgoing_trips,Random Forest,val,1.8102512385803158,2.6669155676597036,0.6627093340969636,51.36625024098132,39.545918737597106
31603,1st & M St NE,outgoing_trips,Random Forest,test,1.8380362707879527,2.7547952462254757,0.6468141274969539,52.46147549133625,42.232259635979325
31603,1st & M St NE,outgoing_trips,Random Forest,test_forecast_weather,1.848801472992335,2.7688061800790464,0.6432123731460491,53.054985371106575,42.47960993137605
31603,1st & M St NE,outgoing_trips,HistGradientBoosting,val,1.7770779098636267,2.6884997382724647,0.6572276461317484,50.27281043845312,38.821229405129294
31603,1st & M St NE,outgoing_trips,HistGradientBoosting,test,1.802020252579042,2.7811355078349647,0.6400277907392498,51.31034905156721,41.4047254593002
31603,1st & M St NE,outgoing_trips,HistGradientBoosting,test_forecast_weather,1.815297324518412,2.7981000175273656,0.6356228438017648,51.724964517859384,41.70979057594704
31603,1st & M St NE,outgoing_trips,Soft Two-Stage,val,1.7876696917790529,2.681374122401525,0.6590422100904636,48.80833184947434,39.05261261757349
31603,1st & M St NE,outgoing_trips,Soft Two-Stage,test,1.81869743119908,2.782308892343169,0.6397239760444189,49.85490153425492,41.78791427263908
31603,1st & M St NE,outgoing_trips,Soft Two-Stage,test_forecast_weather,1.8331282178588306,2.802582709905769,0.6344544087376823,50.16503297609104,42.11948810426143
31603,1st & M St NE,outgoing_trips,GAM,val,1.8719518629705825,2.655906573817561,0.6654882498030151,55.20543655383421,40.893802294417675
31603,1st & M St NE,outgoing_trips,GAM,test,2.178929371317382,3.0410915687515527,0.5695886968277049,67.05448552387885,50.0649048119644
31603,1st & M St NE,outgoing_trips,GAM,test_forecast_weather,2.1967830040688603,3.057345445062155,0.5649755193099937,67.23270231031621,50.47512482001822
31603,1st & M St NE,outgoing_trips,XGBoost,val,1.8330047535672949,2.712604844816345,0.6510534924991193,47.50006109212897,40.04298159577553
31603,1st & M St NE,outgoing_trips,XGBoost,test,1.875822375400551,2.8104403989599107,0.632401751935799,48.93976002471141,43.10046479927973
31603,1st & M St NE,outgoing_trips,XGBoost,test_forecast_weather,1.8906315692911435,2.831855344138711,0.6267783712266239,49.274419316567055,43.44073323213223
31603,1st & M St NE,outgoing_trips,LightGBM,val,1.7823394346840813,2.696840765487437,0.6550974553742598,50.358252854205254,38.936170264470306
31603,1st & M St NE,outgoing_trips,LightGBM,test,1.806163684700088,2.788094266913578,0.6382241434604841,51.43304138624103,41.49992842340985
31603,1st & M St NE,outgoing_trips,LightGBM,test_forecast_weather,1.8189614158400587,2.8037520762425303,0.6341493002498887,51.886721250940035,41.79397980468266
31603,1st & M St NE,outgoing_trips,Poisson,val,2.073527747779178,3.0117691143621625,0.5698408746750396,51.79569110824159,45.29733667142027
31603,1st & M St NE,outgoing_trips,Poisson,test,2.082334106896123,3.055496712955377,0.5655014661366903,52.57501774716326,47.84545117468887
31603,1st & M St NE,outgoing_trips,Poisson,test_forecast_weather,2.0952897835303075,3.078947971079828,0.558806227281921,53.239612554428625,48.143131643823516
31603,1st & M St NE,outgoing_trips,Naive (same hour last week),val,2.496982807696687,3.7006420015931516,0.3505586493972981,76.44686053467285,54.547941798283794
31603,1st & M St NE,outgoing_trips,Naive (same hour last week),test,2.5840849412033338,3.9163825514209023,0.286169849416989,78.4028400342833,59.37409826604758
31603,1st & M St NE,outgoing_trips,Naive (same hour last week),test_forecast_weather,2.5840849412033338,3.9163825514209023,0.286169849416989,78.4028400342833,59.37409826604758
31603,1st & M St NE,incoming_trips,Linear Regression,val,1.8696547861380088,2.7265688086364013,0.6664796207835011,52.48838655990895,40.70390894740136
31603,1st & M St NE,incoming_trips,Linear Regression,test,1.9216697008530121,2.8616877302548933,0.6258374427595255,53.27586976496298,43.99347859323453
31603,1st & M St NE,incoming_trips,Linear Regression,test_forecast_weather,1.9476624131335272,2.869977247463102,0.623666612447442,54.12909823876093,44.58853914437157
31603,1st & M St NE,incoming_trips,Polynomial Regression,val,1.854505153315336,2.7374213016775464,0.663819331455593,51.73684191411565,40.37408908997495
31603,1st & M St NE,incoming_trips,Polynomial Regression,test,1.9172290592278893,2.864933981746651,0.6249880735760924,53.13275524165204,43.89181738049421
31603,1st & M St NE,incoming_trips,Polynomial Regression,test_forecast_weather,1.9297329207713851,2.9041147298795145,0.6146606313866638,54.17151308577054,44.17807279936373
31603,1st & M St NE,incoming_trips,Random Forest,val,1.8435825914831871,2.712568824588317,0.6698958503012074,50.68886814897793,40.13629601417057
31603,1st & M St NE,incoming_trips,Random Forest,test,1.873992798655729,2.7955914188531104,0.6429218798843188,51.85921593628161,42.90199404972695
31603,1st & M St NE,incoming_trips,Random Forest,test_forecast_weather,1.8896335780742166,2.8157228123036577,0.6377606373369609,53.23600511519283,43.260064062603405
31603,1st & M St NE,incoming_trips,HistGradientBoosting,val,1.8028037853372116,2.726273256630433,0.6665519221127809,49.187084916689265,39.24850815907773
31603,1st & M St NE,incoming_trips,HistGradientBoosting,test,1.836546935301092,2.813015155552507,0.6384569759561801,50.41536507499652,42.044732374025784
31603,1st & M St NE,incoming_trips,HistGradientBoosting,test_forecast_weather,1.8544998449124606,2.8381345183473927,0.6319712100314997,51.5053841774725,42.45573481857878
31603,1st & M St NE,incoming_trips,Soft Two-Stage,val,1.8193108708082462,2.7184223576174054,0.6684696299721749,48.23513796697645,39.60788086733467
31603,1st & M St NE,incoming_trips,Soft Two-Stage,test,1.8464332150322915,2.806723627357988,0.6400724058620577,49.223647315953386,42.27106254696247
31603,1st & M St NE,incoming_trips,Soft Two-Stage,test_forecast_weather,1.8664144829877907,2.834706678171623,0.632859668299171,50.23630214887561,42.72850093175656
31603,1st & M St NE,incoming_trips,GAM,val,1.8572573545194935,2.683664705354969,0.6768933022973775,52.983922955526374,40.43400675394669
31603,1st & M St NE,incoming_trips,GAM,test,1.987777469998442,2.8617987125235143,0.6258084205750167,57.31604797187342,45.50690763125027
31603,1st & M St NE,incoming_trips,GAM,test_forecast_weather,2.0093526867579174,2.8831385700758436,0.6202070713509256,57.61565455627156,46.00083686176843
31603,1st & M St NE,incoming_trips,XGBoost,val,1.8579901331350253,2.7741323899200823,0.6547419465150097,47.287213541866535,40.44995994181129
31603,1st & M St NE,incoming_trips,XGBoost,test,1.879680339840809,2.8269132674032162,0.6348756385642604,48.0518220995423,43.03220098448941
31603,1st & M St NE,incoming_trips,XGBoost,test_forecast_weather,1.8998965113707273,2.858926111632838,0.6265592515677315,49.29322890075806,43.49501710166284
31603,1st & M St NE,incoming_trips,LightGBM,val,1.7989331085151954,2.719265200341516,0.6682640171265302,48.90933731287886,39.16424036905774
31603,1st & M St NE,incoming_trips,LightGBM,test,1.831589507180766,2.802199194955595,0.6412318755797557,50.28602683237029,41.93124018138089
31603,1st & M St NE,incoming_trips,LightGBM,test_forecast_weather,1.85198609120699,2.829379213879168,0.6342383570126668,51.43383420484978,42.39818654699955
31603,1st & M St NE,incoming_trips,Poisson,val,2.155280733551461,3.110991053840004,0.5658028424565812,52.645042389070774,46.92221868176012
31603,1st & M St NE,incoming_trips,Poisson,test,2.126258474935606,3.1205734044228177,0.5550772140870956,52.22542390398167,48.677203298382054
31603,1st & M St NE,incoming_trips,Poisson,test_forecast_weather,2.146947414367023,3.1502399716389142,0.5465774472125942,53.208225119706334,49.15084266189429
31603,1st & M St NE,incoming_trips,Naive (same hour last week),val,2.507116019583286,3.7045319368617284,0.38431845198043957,75.25862915499098,54.58195969561014
31603,1st & M St NE,incoming_trips,Naive (same hour last week),test,2.6626327206302087,4.004877720123966,0.26718497844258093,78.69699182219887,60.95661265028751
31603,1st & M St NE,incoming_trips,Naive (same hour last week),test_forecast_weather,2.6626327206302087,4.004877720123966,0.26718497844258093,78.69699182219887,60.95661265028751
31609,Maine Ave & 7th St SW,outgoing_trips,Linear Regression,val,1.4544560912044857,2.2698633298091737,0.45658853769214747,61.403833224792606,60.34810964214379
31609,Maine Ave & 7th St SW,outgoing_trips,Linear Regression,test,1.3837309030132185,2.110846177243827,0.46775088862922465,61.0092371501181,59.85825256564985
31609,Maine Ave & 7th St SW,outgoing_trips,Linear Regression,test_forecast_weather,1.4084795174194995,2.1140483541915156,0.4661348081999134,62.06265278210681,60.92884281448734
31609,Maine Ave & 7th St SW,outgoing_trips,Polynomial Regression,val,1.452961945518698,2.269310002983812,0.4568534412978589,64.20650961305022,60.28611473682315
31609,Maine Ave & 7th St SW,outgoing_trips,Polynomial Regression,test,1.4448436838299992,2.2513829939729146,0.3945189784771016,68.06348603750796,62.50190550507192
31609,Maine Ave & 7th St SW,outgoing_trips,Polynomial Regression,test_forecast_weather,1.4537875443013337,2.2322817865327713,0.4047494518355256,68.58936704649298,62.88880432899735
31609,Maine Ave & 7th St SW,outgoing_trips,Random Forest,val,1.4067163886511442,2.219609000860927,0.4803842195974597,60.96665434869518,58.36729989381614
31609,Maine Ave & 7th St SW,outgoing_trips,Random Forest,test,1.3721951885899248,2.116764367798824,0.46476216546609816,63.39959721610787,59.359233785357326
31609,Maine Ave & 7th St SW,outgoing_trips,Random Forest,test_forecast_weather,1.3797131135687022,2.1251232208650244,0.4605266368627,63.89140825947521,59.68444864553666
31609,Maine Ave & 7th St SW,outgoing_trips,HistGradientBoosting,val,1.3843549835659565,2.3379331693576373,0.4235076317365417,56.94917218617107,57.439483279760935
31609,Maine Ave & 7th St SW,outgoing_trips,HistGradientBoosting,test,1.3362667212906971,2.1914627087369816,0.42631969278158643,59.59938203849894,57.80501882549001
31609,Maine Ave & 7th St SW,outgoing_trips,HistGradientBoosting,test_forecast_weather,1.3494123959922852,2.2000068285973438,0.42183761923025664,60.24821215634007,58.37368222291794
31609,Maine Ave & 7th St SW,outgoing_trips,Soft Two-Stage,val,1.398520957174699,2.3138022973447234,0.43534669668155446,54.89556103597045,58.027256079296016
31609,Maine Ave & 7th St SW,outgoing_trips,Soft Two-Stage,test,1.3428647094496768,2.1648176712119427,0.44018514162219924,57.02277190763395,58.09043851279001
31609,Maine Ave & 7th St SW,outgoing_trips,Soft Two-Stage,test_forecast_weather,1.3548347773567453,2.1734430946150085,0.4357152411984877,57.5752628276863,58.60824681384697
31609,Maine Ave & 7th St SW,outgoing_trips,GAM,val,1.4789700274198,2.273159831010947,0.4550090088278729,62.14903844241719,61.36523880776693
31609,Maine Ave & 7th St SW,outgoing_trips,GAM,test,1.4228034091838775,2.1532030318134114,0.4461760437324984,62.18098040199398,61.54847422482015
31609,Maine Ave & 7th St SW,outgoing_trips,GAM,test_forecast_weather,1.4428416545281924,2.166869445319336,0.43912347443054434,62.951673931859645,62.415300533447436
31609,Maine Ave & 7th St SW,outgoing_trips,XGBoost,val,1.3960157628533336,2.3193287348385274,0.4326461653362431,55.11686803326721,57.9233108708467
31609,Maine Ave & 7th St SW,outgoing_trips,XGBoost,test,1.3438863006580963,2.1705199969845443,0.43723205132665344,57.32634723990478,58.13463111153826
31609,Maine Ave & 7th St SW,outgoing_trips,XGBoost,test_forecast_weather,1.35829479045431,2.179630935416116,0.432497604866135,58.237000937122,58.75792211373617
31609,Maine Ave & 7th St SW,outgoing_trips,LightGBM,val,1.3763413895834191,2.3155229815814873,0.43450656327333703,57.9066585110818,57.10698424372246
31609,Maine Ave & 7th St SW,outgoing_trips,LightGBM,test,1.325150061824658,2.1654855092012952,0.43983968685022357,60.138656582645034,57.32412777322293
31609,Maine Ave & 7th St SW,outgoing_trips,LightGBM,test_forecast_weather,1.3375460087112312,2.172534559340619,0.43618690337967225,60.850469127779085,57.8603589999095
31609,Maine Ave & 7th St SW,outgoing_trips,Poisson,val,1.5774716065924368,2.3934350945511063,0.3958111772279219,59.814073612995536,65.45225397156733
31609,Maine Ave & 7th St SW,outgoing_trips,Poisson,test,1.4899769259582332,2.2320077730849914,0.4048955773339077,59.053791407749614,64.45430607698619
31609,Maine Ave & 7th St SW,outgoing_trips,Poisson,test_forecast_weather,1.4982600193946336,2.236785086448569,0.40234536861516557,59.44102744272974,64.81262104838798
31609,Maine Ave & 7th St SW,outgoing_trips,Naive (same hour last week),val,1.9476260958670157,3.165552376604521,-0.056886582977251576,96.5182943211061,80.81065759637188
31609,Maine Ave & 7th St SW,outgoing_trips,Naive (same hour last week),test,1.822810823153328,2.8967859564913954,-0.002385060067541467,90.45406169319159,78.85223231924141
31609,Maine Ave & 7th St SW,outgoing_trips,Naive (same hour last week),test_forecast_weather,1.822810823153328,2.8967859564913954,-0.002385060067541467,90.45406169319159,78.85223231924141
31609,Maine Ave & 7th St SW,incoming_trips,Linear Regression,val,1.507492621767244,2.407482106458104,0.5145968472599336,60.60703255436031,57.17379608334788
31609,Maine Ave & 7th St SW,incoming_trips,Linear Regression,test,1.468444791588698,2.274453381183089,0.5121844844735455,61.73659032666083,59.187832725256115
31609,Maine Ave & 7th St SW,incoming_trips,Linear Regression,test_forecast_weather,1.5104947613039081,2.299611583944657,0.5013331419639759,62.85364010768153,60.88271876241743
31609,Maine Ave & 7th St SW,incoming_trips,Polynomial Regression,val,1.512191029149632,2.4133826736817143,0.5122145542873046,61.39434452700219,57.35198984809231
31609,Maine Ave & 7th St SW,incoming_trips,Polynomial Regression,test,1.4938377557662088,2.316371927413217,0.49403774894440755,65.09447400649869,60.211333591441814
31609,Maine Ave & 7th St SW,incoming_trips,Polynomial Regression,test_forecast_weather,1.4833854894985632,2.321285456940294,0.49188895999680116,63.99137813444358,59.790039586387714
31609,Maine Ave & 7th St SW,incoming_trips,Random Forest,val,1.4700779709322032,2.3580582171235758,0.5343222338775884,58.54539901160813,55.75479237713766
31609,Maine Ave & 7th St SW,incoming_trips,Random Forest,test,1.4310622391813566,2.2477139049666075,0.5235870099155853,61.03398648721644,57.6810738253624
31609,Maine Ave & 7th St SW,incoming_trips,Random Forest,test_forecast_weather,1.4430437889070342,2.2671428099253284,0.5153153279913197,61.31313913502986,58.164007855306764
31609,Maine Ave & 7th St SW,incoming_trips,HistGradientBoosting,val,1.4631484696197339,2.4870250281683215,0.4819916402440917,58.15205579199829,55.49198121025185
31609,Maine Ave & 7th St SW,incoming_trips,HistGradientBoosting,test,1.3860384268795871,2.3311311231376957,0.48756954200940283,58.97803231269021,55.86632267745757
31609,Maine Ave & 7th St SW,incoming_trips,HistGradientBoosting,test_forecast_weather,1.3973323529770394,2.3470444305900786,0.4805495195931013,59.326972261093346,56.321541023081714
31609,Maine Ave & 7th St SW,incoming_trips,Soft Two-Stage,val,1.46982675613241,2.457413630033927,0.4942533876065155,55.126706609904105,55.745264699503224
31609,Maine Ave & 7th St SW,incoming_trips,Soft Two-Stage,test,1.403799658710047,2.3084633018619147,0.4974867935280096,56.414603618043344,56.58221531747872
31609,Maine Ave & 7th St SW,incoming_trips,Soft Two-Stage,test_forecast_weather,1.4137036126939095,2.3243830684067306,0.49053196985549896,56.63273754009052,56.98140878738186
31609,Maine Ave & 7th St SW,incoming_trips,GAM,val,1.6182347988854984,2.4354033548383196,0.503272439813754,66.86638469975144,61.37385024013875
31609,Maine Ave & 7th St SW,incoming_trips,GAM,test,1.7125765208038668,2.418848967552949,0.4482796106410303,74.27926081022072,69.02792207317229
31609,Maine Ave & 7th St SW,incoming_trips,GAM,test_forecast_weather,1.7430641715616344,2.449790410396247,0.4340743338925599,74.6604076585127,70.25677179470966
31609,Maine Ave & 7th St SW,incoming_trips,XGBoost,val,1.4722898769959143,2.4522684886035098,0.4963689563818172,55.58679391458231,55.83868205222867
31609,Maine Ave & 7th St SW,incoming_trips,XGBoost,test,1.401386096551927,2.3037592007502226,0.49953271249487907,56.492535799011314,56.48493313560502
31609,Maine Ave & 7th St SW,incoming_trips,XGBoost,test_forecast_weather,1.4117459874796319,2.316152723490679,0.4941335052959541,56.767331697672496,56.90250381636416
31609,Maine Ave & 7th St SW,incoming_trips,LightGBM,val,1.4612684905262352,2.4850470747051356,0.4828152660477263,58.03741779032564,55.42068033634996
31609,Maine Ave & 7th St SW,incoming_trips,LightGBM,test,1.3821914425279145,2.32487087767208,0.49031810725497915,58.64349408444177,55.71126430031753
31609,Maine Ave & 7th St SW,incoming_trips,LightGBM,test_forecast_weather,1.391838348034656,2.338267065571227,0.4844274870408436,58.97507620766608,56.10009705230109
31609,Maine Ave & 7th St SW,incoming_trips,Poisson,val,1.6458957291463485,2.5770660962250407,0.4438043706963909,59.93962238471209,62.42293025776138
31609,Maine Ave & 7th St SW,incoming_trips,Poisson,test,1.6113379623267,2.469150624796921,0.4250941897187047,61.07753383545138,64.94735268519426
31609,Maine Ave & 7th St SW,incoming_trips,Poisson,test_forecast_weather,1.6301084701837723,2.495994074118233,0.4125260279882177,61.63060918388541,65.70392568376818
31609,Maine Ave & 7th St SW,incoming_trips,Naive (same hour last week),val,1.9689172264602073,3.30992387190405,0.08248649119246565,91.06639564573453,74.67397875464202
31609,Maine Ave & 7th St SW,incoming_trips,Naive (same hour last week),test,1.874871560680443,3.100405270917329,0.09356124997433923,90.58260364546574,75.5694629791542
31609,Maine Ave & 7th St SW,incoming_trips,Naive (same hour last week),test_forecast_weather,1.874871560680443,3.100405270917329,0.09356124997433923,90.58260364546574,75.5694629791542
31615,6th & H St NE,outgoing_trips,Linear Regression,val,1.399802068289223,2.0680418088841397,0.6449026819384991,52.28996804998817,45.11729014966696
31615,6th & H St NE,outgoing_trips,Linear Regression,test,1.4868113615688034,2.1736055913893906,0.6084193649680047,55.64056871528551,47.47887533625415
31615,6th & H St NE,outgoing_trips,Linear Regression,test_forecast_weather,1.5074950503759619,2.1865008626166245,0.6037593501766582,55.918009685019356,48.13937491794469
31615,6th & H St NE,outgoing_trips,Polynomial Regression,val,1.3649778345250545,2.161773856895182,0.611984312807442,53.21010007454598,43.99486356195799
31615,6th & H St NE,outgoing_trips,Polynomial Regression,test,1.4628462239645426,2.2590873291223095,0.5770142267213055,58.005131481283044,46.71358808452889
31615,6th & H St NE,outgoing_trips,Polynomial Regression,test_forecast_weather,1.478300516618798,2.303974996470696,0.5600379221165669,58.80849468039647,47.20709550134548
31615,6th & H St NE,outgoing_trips,Random Forest,val,1.340780360193863,2.0277651177925744,0.658599573690613,51.34971218423796,43.21495010489064
31615,6th & H St NE,outgoing_trips,Random Forest,test,1.4214757294598142,2.110077401074028,0.6309744012096977,56.26295639748383,45.39248938837913
31615,6th & H St NE,outgoing_trips,Random Forest,test_forecast_weather,1.4327701559415684,2.1231523254218776,0.6263869575554608,57.01642955539496,45.75315832109153
31615,6th & H St NE,outgoing_trips,HistGradientBoosting,val,1.3232253396379465,2.072244103454598,0.6434580886652943,49.39107596309667,42.64913085519297
31615,6th & H St NE,outgoing_trips,HistGradientBoosting,test,1.3961857783881138,2.158229420119929,0.6139398830418175,53.36002561473153,44.5848963976138
31615,6th & H St NE,outgoing_trips,HistGradientBoosting,test_forecast_weather,1.4096554961461103,2.1759576461996017,0.6075714490108037,54.23455571550223,45.01502967933129
31615,6th & H St NE,outgoing_trips,Soft Two-Stage,val,1.333361316027939,2.059685549620713,0.6477665412100314,48.67453722096233,42.97582546302161
31615,6th & H St NE,outgoing_trips,Soft Two-Stage,test,1.404137306026717,2.1434339637170257,0.6192149078993088,52.53451474728864,44.83881535414348
31615,6th & H St NE,outgoing_trips,Soft Two-Stage,test_forecast_weather,1.4205624198292268,2.165739310491509,0.6112484978220367,53.333880932879104,45.36332434753071
31615,6th & H St NE,outgoing_trips,GAM,val,1.4318291154028566,2.076233281978087,0.6420840436451543,54.647018487623534,46.14956007553501
31615,6th & H St NE,outgoing_trips,GAM,test,1.5570387772900423,2.2040904920317677,0.5973584739587912,59.493812822008216,49.72147234781975
31615,6th & H St NE,outgoing_trips,GAM,test_forecast_weather,1.5778376098783602,2.225245201237756,0.5895923310644584,59.46271443127995,50.385648856774054
31615,6th & H St NE,outgoing_trips,XGBoost,val,1.3430628990952016,2.0800431602181773,0.6407692902979345,47.7043972056189,43.28851905597488
31615,6th & H St NE,outgoing_trips,XGBoost,test,1.4212875610376474,2.1579749744868577,0.6140309072113801,51.5396557612848,45.38648053931516
31615,6th & H St NE,outgoing_trips,XGBoost,test_forecast_weather,1.439633259910826,2.18273959450983,0.6051214218433242,52.54209501999334,45.97232025797122
31615,6th & H St NE,outgoing_trips,LightGBM,val,1.3242205599021633,2.0746726924522254,0.6426218926221554,48.68543320530983,42.68120799126862
31615,6th & H St NE,outgoing_trips,LightGBM,test,1.401054159719392,2.1638004162018025,0.6119442516135893,52.78534971905056,44.74036014795345
31615,6th & H St NE,outgoing_trips,LightGBM,test_forecast_weather,1.414137112076702,2.179905209280746,0.6061462910688183,53.7012831381956,45.15814271274866
31615,6th & H St NE,outgoing_trips,Poisson,val,1.5582730041648063,2.271444720770569,0.5716161325770133,51.922607438791246,50.224997414970616
31615,6th & H St NE,outgoing_trips,Poisson,test,1.6102951462287536,2.3468226289383103,0.5435215753167593,55.346336736976596,51.422126894227475
31615,6th & H St NE,outgoing_trips,Poisson,test_forecast_weather,1.6200697592358728,2.366700773658644,0.5357558640902247,55.98132308633714,51.734263083404464
31615,6th & H St NE,outgoing_trips,Naive (same hour last week),val,1.8470909711943528,2.859075727523175,0.3212965132473239,75.9397761568045,59.53394495412844
31615,6th & H St NE,outgoing_trips,Naive (same hour last week),test,1.9405183240095902,2.9546366680077716,0.27645109986201954,80.31185794855669,61.967260928214664
31615,6th & H St NE,outgoing_trips,Naive (same hour last week),test_forecast_weather,1.9405183240095902,2.9546366680077716,0.27645109986201954,80.31185794855669,61.967260928214664
31615,6th & H St NE,incoming_trips,Linear Regression,val,1.4234785689048939,2.1162438438488125,0.6660752076670549,52.66507516622292,45.30351947926109
31615,6th & H St NE,incoming_trips,Linear Regression,test,1.46644835256339,2.1921813752040653,0.6332283166083543,53.38069601505384,46.40565453991377
31615,6th & H St NE,incoming_trips,Linear Regression,test_forecast_weather,1.4911500271992328,2.202544540705992,0.6297524183168784,53.817215884974914,47.18733728905698
31615,6th & H St NE,incoming_trips,Polynomial Regression,val,1.4038517489345241,2.115522568287498,0.6663027908429601,53.32319782966266,44.67887781603771
31615,6th & H St NE,incoming_trips,Polynomial Regression,test,1.4938547107954652,2.311702934897942,0.5921439770951296,57.516331107483154,47.27292681042479
31615,6th & H St NE,incoming_trips,Polynomial Regression,test_forecast_weather,1.5087151866976416,2.2894058941593,0.5999738112678645,57.797130866033484,47.74318552073645
31615,6th & H St NE,incoming_trips,Random Forest,val,1.3952152785605052,2.0844180996317117,0.6760433343641142,51.93539051938774,44.404014173993254
31615,6th & H St NE,incoming_trips,Random Forest,test,1.45299752063902,2.167476209562806,0.6414485279174756,54.352928005877146,45.980003913715
31615,6th & H St NE,incoming_trips,Random Forest,test_forecast_weather,1.462087851087728,2.1786861386367913,0.6377301661482375,55.17204507532255,46.26766677870374
31615,6th & H St NE,incoming_trips,HistGradientBoosting,val,1.3482470367488535,2.098427166898611,0.6716741711452064,49.93847583569025,42.909206521597206
31615,6th & H St NE,incoming_trips,HistGradientBoosting,test,1.409581398494551,2.1764896240807188,0.6384602665770422,53.01439789395389,44.60610379498455
31615,6th & H St NE,incoming_trips,HistGradientBoosting,test_forecast_weather,1.4189825503647817,2.188739074892256,0.6343792679266009,53.47931747480133,44.90360258190369
31615,6th & H St NE,incoming_trips,Soft Two-Stage,val,1.3648941312049054,2.1013610454098,0.6707554435408347,48.74461591355569,43.439015669720206
31615,6th & H St NE,incoming_trips,Soft Two-Stage,test,1.4209800157379602,2.175499152570028,0.6387892489177144,51.378073620332565,44.966812232554624
31615,6th & H St NE,incoming_trips,Soft Two-Stage,test_forecast_weather,1.4310349928175683,2.1894360057961486,0.6341463914193377,51.925499950478546,45.28500127204408
31615,6th & H St NE,incoming_trips,GAM,val,1.4406515624257612,2.1047817611596855,0.6696826448125406,53.28476050159047,45.85006585058325
31615,6th & H St NE,incoming_trips,GAM,test,1.5130432366375894,2.188245252036177,0.6345442318624003,55.89530369321697,47.8801463553909
31615,6th & H St NE,incoming_trips,GAM,test_forecast_weather,1.5365574607736772,2.2039438083237584,0.62928183530923,56.362492388632305,48.624252317340364
31615,6th & H St NE,incoming_trips,XGBoost,val,1.3665553195738684,2.1142159547804567,0.6667148674045613,48.313414484827085,43.49188452301803
31615,6th & H St NE,incoming_trips,XGBoost,test,1.4276154054099712,2.186301204294756,0.6351932887908929,50.95213895171206,45.17678867006011
31615,6th & H St NE,incoming_trips,XGBoost,test_forecast_weather,1.4384163891769834,2.2019023547694023,0.6299682896631154,51.66490724212821,45.51858503848115
31615,6th & H St NE,incoming_trips,LightGBM,val,1.3493069737600847,2.10482492278849,0.6696690973925505,49.75436449830239,42.94293999541553
31615,6th & H St NE,incoming_trips,LightGBM,test,1.4104440059377588,2.1812690077896315,0.6368707030032719,52.918187720305056,44.63340094659788
31615,6th & H St NE,incoming_trips,LightGBM,test_forecast_weather,1.4201631472036687,2.1941017177294633,0.6325854539668809,53.48508306275785,44.94096248548335
31615,6th & H St NE,incoming_trips,Poisson,val,1.5794634223180608,2.31345418977705,0.6009392105343296,51.63473327522489,50.267881429936324
31615,6th & H St NE,incoming_trips,Poisson,test,1.595576742762256,2.3591975546076442,0.5752127723754797,52.16054315837573,50.491913327268335
31615,6th & H St NE,incoming_trips,Poisson,test_forecast_weather,1.6163143865896694,2.392695605896092,0.5630640937942881,52.952530474810985,51.14815460146289
31615,6th & H St NE,incoming_trips,Naive (same hour last week),val,1.8781737447341456,2.93223009970614,0.358918352872831,76.263744316394,59.774613182592304
31615,6th & H St NE,incoming_trips,Naive (same hour last week),test,1.9662061879209956,3.0327586946032725,0.29803001279090047,78.27490578010908,62.22045594132736
31615,6th & H St NE,incoming_trips,Naive (same hour last week),test_forecast_weather,1.9662061879209956,3.0327586946032725,0.29803001279090047,78.27490578010908,62.22045594132736
31616,3rd & H St NE,outgoing_trips,Linear Regression,val,1.1900784555653983,1.745176890431388,0.5511983097852761,54.4369399969055,51.89127277580744
31616,3rd & H St NE,outgoing_trips,Linear Regression,test,1.1563935013243405,1.6897307946741305,0.5146559588959685,53.72928060345921,53.92849897827653
31616,3rd & H St NE,outgoing_trips,Linear Regression,test_forecast_weather,1.171606680128952,1.6976061618255038,0.5101213078333423,54.14817460444898,54.63796673011123
31616,3rd & H St NE,outgoing_trips,Polynomial Regression,val,1.1695499630159758,1.7477652592166388,0.5498660371010478,56.09967754102069,50.996164052868565
31616,3rd & H St NE,outgoing_trips,Polynomial Regression,test,1.1687358186297236,1.7714445865898254,0.46657937133418104,57.75385615171719,54.50408388551671
31616,3rd & H St NE,outgoing_trips,Polynomial Regression,test_forecast_weather,1.1819299957127138,1.7477128250166016,0.48077593824071907,58.03529474122764,55.119395338343416
31616,3rd & H St NE,outgoing_trips,Random Forest,val,1.1634984529854087,1.7256361785383374,0.5611924901434129,54.14601753777559,50.7322986276664
31616,3rd & H St NE,outgoing_trips,Random Forest,test,1.146495488004759,1.6805259304722904,0.5199294113370712,55.086605460854166,53.46690437351551
31616,3rd & H St NE,outgoing_trips,Random Forest,test_forecast_weather,1.1584269239465723,1.6943357312086866,0.5120069878884912,56.24137634946348,54.02332779708245
31616,3rd & H St NE,outgoing_trips,HistGradientBoosting,val,1.1431824255098186,1.7751504963474838,0.535649483044633,53.10935512381495,49.84645406966558
31616,3rd & H St NE,outgoing_trips,HistGradientBoosting,test,1.1053842568914687,1.695152238196843,0.5115365430947567,53.18044038504076,51.549678980472656
31616,3rd & H St NE,outgoing_trips,HistGradientBoosting,test_forecast_weather,1.1122502409311186,1.7044558606919176,0.506160093244991,53.798930704585025,51.86987466891529
31616,3rd & H St NE,outgoing_trips,Soft Two-Stage,val,1.1772339384607506,1.793540759568481,0.52597845819829,51.068016448622735,51.33121025418643
31616,3rd & H St NE,outgoing_trips,Soft Two-Stage,test,1.132250402708065,1.7070381127355776,0.5046626240327994,51.10073196156745,52.802583736130025
31616,3rd & H St NE,outgoing_trips,Soft Two-Stage,test_forecast_weather,1.1392846093955822,1.7199949564272647,0.49711461904237375,51.45605284159988,53.13062450056386
31616,3rd & H St NE,outgoing_trips,GAM,val,1.2094966683021464,1.7399574184005637,0.5538788459510264,55.079152607702284,52.737969705097306
31616,3rd & H St NE,outgoing_trips,GAM,test,1.2220511884831826,1.7002849040433827,0.5085740772624578,56.406916425503205,56.99045021789052
31616,3rd & H St NE,outgoing_trips,GAM,test_forecast_weather,1.2363701848819437,1.7123913085915603,0.5015510406672905,56.67125962946978,57.65821770514825
31616,3rd & H St NE,outgoing_trips,XGBoost,val,1.1594398954844378,1.773522599016067,0.5365007555017922,50.87911117642574,50.55533238365595
31616,3rd & H St NE,outgoing_trips,XGBoost,test,1.1269855815160577,1.6993224483580673,0.5091302685300226,51.61836125944051,52.557058398994506
31616,3rd & H St NE,outgoing_trips,XGBoost,test_forecast_weather,1.1360720015318606,1.7148734175996636,0.5001049911468256,52.168152425928774,52.98080428824176
31616,3rd & H St NE,outgoing_trips,LightGBM,val,1.1446719041182334,1.7751185325363943,0.5356662053209759,52.895989591943014,49.911400158220935
31616,3rd & H St NE,outgoing_trips,LightGBM,test,1.1066270660608724,1.6967728048925548,0.5106021538739713,53.23444591275914,51.60763748071122
31616,3rd & H St NE,outgoing_trips,LightGBM,test_forecast_weather,1.113636714866722,1.7078302751672871,0.5042027881306115,53.79671477963789,51.934532986463736
31616,3rd & H St NE,outgoing_trips,Poisson,val,1.2933002499331037,1.8699457680775031,0.4847314926300379,54.471050532713804,56.39207712437299
31616,3rd & H St NE,outgoing_trips,Poisson,test,1.2538348437650697,1.7782187778792493,0.4624918570038199,52.54549059912986,58.47268340186479
31616,3rd & H St NE,outgoing_trips,Poisson,test_forecast_weather,1.2629669420975163,1.7947616859263897,0.4524443767529682,53.06960942104924,58.89855950288651
31616,3rd & H St NE,outgoing_trips,Naive (same hour last week),val,1.5510645565296595,2.3842198211900336,0.16233925203633615,78.59269058776202,67.63143523804796
31616,3rd & H St NE,outgoing_trips,Naive (same hour last week),test,1.5260874529055828,2.3320880230649,0.07550505473161406,78.89996938598368,71.1692045575551
31616,3rd & H St NE,outgoing_trips,Naive (same hour last week),test_forecast_weather,1.5260874529055828,2.3320880230649,0.07550505473161406,78.89996938598368,71.1692045575551
31616,3rd & H St NE,incoming_trips,Linear Regression,val,1.20119233658856,1.7558036498473926,0.5950616640185802,52.150437907134176,51.96312019040202
31616,3rd & H St NE,incoming_trips,Linear Regression,test,1.185345444234613,1.7504588601555107,0.5519761268830877,53.64265323426953,54.88998544039638
31616,3rd & H St NE,incoming_trips,Linear Regression,test_forecast_weather,1.2017341123164949,1.7562724831242442,0.5489952317518257,54.105972819640854,55.64889817488859
31616,3rd & H St NE,incoming_trips,Polynomial Regression,val,1.2074916830640516,1.7699401918690272,0.5885148358337573,54.12977132119455,52.23562750505623
31616,3rd & H St NE,incoming_trips,Polynomial Regression,test,1.2658074232522392,1.819196113168218,0.5160991572546291,60.15483078813069,58.61595146849782
31616,3rd & H St NE,incoming_trips,Polynomial Regression,test_forecast_weather,1.2828015715993353,1.8440805580975368,0.502770235525403,60.84560627936918,59.40290227670408
31616,3rd & H St NE,incoming_trips,Random Forest,val,1.17029796483211,1.7331665455667165,0.6054358762868846,52.85113831685906,50.626641506774476
31616,3rd & H St NE,incoming_trips,Random Forest,test,1.176897675498155,1.7359914203534923,0.5593513047688076,55.872587863552724,54.49879323123628
31616,3rd & H St NE,incoming_trips,Random Forest,test_forecast_weather,1.188457617244817,1.7511335685578084,0.5516306817704302,56.673608982053956,55.03410134521466
31616,3rd & H St NE,incoming_trips,HistGradientBoosting,val,1.1494720236155624,1.7881734053581542,0.5799932577981366,50.3446316140361,49.72571927013488
31616,3rd & H St NE,incoming_trips,HistGradientBoosting,test,1.1291778508016104,1.7507601995994686,0.5518218600350635,52.4798530346927,52.28902350077349
31616,3rd & H St NE,incoming_trips,HistGradientBoosting,test_forecast_weather,1.1386489231552768,1.7635115302662772,0.5452696443286399,53.102127888308004,52.72760199797551
31616,3rd & H St NE,incoming_trips,Soft Two-Stage,val,1.1772885689169643,1.79701761646173,0.5758283211545727,49.34496121839224,50.929052360723524
31616,3rd & H St NE,incoming_trips,Soft Two-Stage,test,1.154029178662551,1.7468523047624978,0.5538203956897657,51.64114108048605,53.43981800637211
31616,3rd & H St NE,incoming_trips,Soft Two-Stage,test_forecast_weather,1.1667702154105188,1.7665232304364373,0.543715153890385,52.170182777159056,54.02981927983471
31616,3rd & H St NE,incoming_trips,GAM,val,1.2173263596048145,1.7501060024459625,0.5976854794893469,53.2313451378444,52.66107184361467
31616,3rd & H St NE,incoming_trips,GAM,test,1.2528339225870055,1.7569802788887603,0.5486316394367106,56.71262410528539,58.01518545038109
31616,3rd & H St NE,incoming_trips,GAM,test_forecast_weather,1.2666816124836615,1.76623463248457,0.5438642287660866,57.10623647265304,58.65643269227804
31616,3rd & H St NE,incoming_trips,XGBoost,val,1.1640557827214437,1.784650807351031,0.5816464057862452,48.77187400436198,50.356607100637554
31616,3rd & H St NE,incoming_trips,XGBoost,test,1.145732082182885,1.7457066473351508,0.5544054495645774,50.6684903089225,53.05560300206127
31616,3rd & H St NE,incoming_trips,XGBoost,test_forecast_weather,1.1609487376178964,1.7671861622227858,0.5433726251530896,51.331517171306096,53.76024315514224
31616,3rd & H St NE,incoming_trips,LightGBM,val,1.1480891862000682,1.7838432427201338,0.5820249348806011,50.118107930490986,49.66589825343643
31616,3rd & H St NE,incoming_trips,LightGBM,test,1.1268964808626418,1.747197394636094,0.553644093123844,52.23413543850797,52.18337972971652
31616,3rd & H St NE,incoming_trips,LightGBM,test_forecast_weather,1.136760455188341,1.7625292805998194,0.5457760593323284,52.72189159965739,52.64015240282674
31616,3rd & H St NE,incoming_trips,Poisson,val,1.3170898638407684,1.911221761854304,0.520201194371557,51.11797488558132,56.97680280802575
31616,3rd & H St NE,incoming_trips,Poisson,test,1.2831148726894261,1.8575300908293453,0.495490840766429,51.836884765662894,59.41741036154736
31616,3rd & H St NE,incoming_trips,Poisson,test_forecast_weather,1.2961243512925733,1.8850051961223642,0.48045586927840855,52.631313338621524,60.01984241592202
31616,3rd & H St NE,incoming_trips,Naive (same hour last week),val,1.553113970169646,2.403671903580329,0.24109507188205714,77.77021800435851,67.18711520464956
31616,3rd & H St NE,incoming_trips,Naive (same hour last week),test,1.572553944514214,2.425179028681261,0.1400267395064536,80.90649080848641,72.82051282051282
31616,3rd & H St NE,incoming_trips,Naive (same hour last week),test_forecast_weather,1.572553944514214,2.425179028681261,0.1400267395064536,80.90649080848641,72.82051282051282
31623,Columbus Circle / Union Station,outgoing_trips,Linear Regression,val,2.432829926605992,3.578165499442643,0.7335666849250311,56.01590562638273,38.494532761728806
31623,Columbus Circle / Union Station,outgoing_trips,Linear Regression,test,2.5410033129866703,3.794628965807859,0.7385206562897746,56.57380704778029,38.98178127410499
31623,Columbus Circle / Union Station,outgoing_trips,Linear Regression,test_forecast_weather,2.578646556761049,3.8208962745766435,0.7348880846143255,57.78584128527903,39.55926997227432
31623,Columbus Circle / Union Station,outgoing_trips,Polynomial Regression,val,2.3583235498968866,4.384658372224213,0.5999270366038956,51.53572004693444,37.31562250260206
31623,Columbus Circle / Union Station,outgoing_trips,Polynomial Regression,test,2.483319609796271,3.781369463267705,0.7403448285952601,53.64771695019846,38.096849920668255
31623,Columbus Circle / Union Station,outgoing_trips,Polynomial Regression,test_forecast_weather,2.5192168469083698,3.9420040459091665,0.7178156769307605,54.57989734427983,38.64755295922657
31623,Columbus Circle / Union Station,outgoing_trips,Random Forest,val,2.299076411793489,3.4347621318023953,0.7544946204266598,51.17176605203363,36.37815832813687
31623,Columbus Circle / Union Station,outgoing_trips,Random Forest,test,2.3722928500336,3.6331757195730368,0.7602980552853404,51.608637735509134,36.393577499683516
31623,Columbus Circle / Union Station,outgoing_trips,Random Forest,test_forecast_weather,2.3874112679130355,3.653860013190229,0.7575609573038573,52.0207673077885,36.62551063254274
31623,Columbus Circle / Union Station,outgoing_trips,HistGradientBoosting,val,2.244703619552932,3.4236317802450773,0.7560831634727178,48.27629886674462,35.5178206574429
31623,Columbus Circle / Union Station,outgoing_trips,HistGradientBoosting,test,2.3193134544452922,3.6204019234809532,0.7619806169687116,48.62715756524792,35.580815390991006
31623,Columbus Circle / Union Station,outgoing_trips,HistGradientBoosting,test_forecast_weather,2.3340295192597234,3.643220750160331,0.7589707636140707,49.48631823510462,35.80657598598111
31623,Columbus Circle / Union Station,outgoing_trips,Soft Two-Stage,val,2.2539501372415836,3.4082616543677204,0.7582683382974387,46.95493073396228,35.66412779309798
31623,Columbus Circle / Union Station,outgoing_trips,Soft Two-Stage,test,2.3200329383429663,3.598770894396005,0.7648163371295749,47.11225950588184,35.59185306409675
31623,Columbus Circle / Union Station,outgoing_trips,Soft Two-Stage,test_forecast_weather,2.3368923938948964,3.6303372431637073,0.7606724509026919,47.73425798217141,35.8504956268069
31623,Columbus Circle / Union Station,outgoing_trips,GAM,val,2.4462203236884714,3.5048325782546463,0.7443756419419855,55.348833831165166,38.706408270800324
31623,Columbus Circle / Union Station,outgoing_trips,GAM,test,2.584581034201912,3.7336136839064706,0.7468619032987567,58.68450842505626,39.65031137328058
31623,Columbus Circle / Union Station,outgoing_trips,GAM,test_forecast_weather,2.61976468600766,3.774346350391029,0.7413084446221098,59.491062356589076,40.19006722960171
31623,Columbus Circle / Union Station,outgoing_trips,XGBoost,val,2.27743236571419,3.419178815627703,0.756717254261089,46.3073101081067,36.03568578955778
31623,Columbus Circle / Union Station,outgoing_trips,XGBoost,test,2.3605161761039244,3.6403322718561295,0.7593528056468025,45.876283605398456,36.21291038881561
31623,Columbus Circle / Union Station,outgoing_trips,XGBoost,test_forecast_weather,2.3810762219889563,3.687199488226141,0.7531165254404645,46.75617801279562,36.528324071111776
31623,Columbus Circle / Union Station,outgoing_trips,LightGBM,val,2.23779742117873,3.418337555479522,0.7568369548744986,48.389072975119774,35.40854426427323
31623,Columbus Circle / Union Station,outgoing_trips,LightGBM,test,2.320953812669477,3.630211552121767,0.7606890228111687,48.719116237488024,35.60598028754172
31623,Columbus Circle / Union Station,outgoing_trips,LightGBM,test_forecast_weather,2.3306105280624543,3.6487844536051504,0.7582340313417641,49.383164398257776,35.754124906382415
31623,Columbus Circle / Union Station,outgoing_trips,Poisson,val,2.696745318523408,3.867143557701362,0.6887937793355998,56.88277850037882,42.670451345015294
31623,Columbus Circle / Union Station,outgoing_trips,Poisson,test,2.8641400289623444,4.196019434521046,0.6802771075480392,60.077807711777545,43.93905335612781
31623,Columbus Circle / Union Station,outgoing_trips,Poisson,test_forecast_weather,2.887333665329337,4.240424640943481,0.6734742390427504,61.424547790660135,44.294869208546565
31623,Columbus Circle / Union Station,outgoing_trips,Naive (same hour last week),val,3.1297961971991346,4.84928256412945,0.5106465411492072,77.88967809143386,49.522591338185485
31623,Columbus Circle / Union Station,outgoing_trips,Naive (same hour last week),test,3.261331202192031,5.135208069149725,0.5211330752815463,77.28248437353254,50.032402136789564
31623,Columbus Circle / Union Station,outgoing_trips,Naive (same hour last week),test_forecast_weather,3.261331202192031,5.135208069149725,0.5211330752815463,77.28248437353254,50.032402136789564
31623,Columbus Circle / Union Station,incoming_trips,Linear Regression,val,2.4400572583185527,3.55740479545591,0.7486981867048473,57.38027508355559,38.65833811319489
31623,Columbus Circle / Union Station,incoming_trips,Linear Regression,test,2.568930973768227,3.803212368075823,0.7668525750223106,56.38104470123106,39.21310933609128
31623,Columbus Circle / Union Station,incoming_trips,Linear Regression,test_forecast_weather,2.606381096900179,3.8398741956231235,0.7623359674499658,57.47435609555986,39.784761820342034
31623,Columbus Circle / Union Station,incoming_trips,Polynomial Regression,val,2.3671844962676905,3.6179749772012273,0.7400677490669118,54.092342085914765,37.5037996838197
31623,Columbus Circle / Union Station,incoming_trips,Polynomial Regression,test,2.4693166485650093,3.7575911009469136,0.7724124466317495,54.6453145197718,37.69255955662214
31623,Columbus Circle / Union Station,incoming_trips,Polynomial Regression,test_forecast_weather,2.4904330156925605,3.8404695029129168,0.7622622701926242,55.302440067109174,38.014887568316084
31623,Columbus Circle / Union Station,incoming_trips,Random Forest,val,2.2437338902541275,3.354772726569448,0.7765114605606314,51.49926232099236,35.54794588109386
31623,Columbus Circle / Union Station,incoming_trips,Random Forest,test,2.3020109785832066,3.497715373004874,0.8028038637322314,50.751353193304304,35.138744138249464
31623,Columbus Circle / Union Station,incoming_trips,Random Forest,test_forecast_weather,2.318872786227627,3.5327889689094323,0.7988292379571653,50.90606631599683,35.39612898568851
31623,Columbus Circle / Union Station,incoming_trips,HistGradientBoosting,val,2.1869874013865744,3.317887836139362,0.7813988458867346,50.00173002990418,34.64889937474662
31623,Columbus Circle / Union Station,incoming_trips,HistGradientBoosting,test,2.23363137135896,3.4996613705053585,0.8025843776405983,48.87853963898009,34.094972607669874
31623,Columbus Circle / Union Station,incoming_trips,HistGradientBoosting,test_forecast_weather,2.2604990274478944,3.548405085052686,0.7970468222684658,49.33231107834548,34.5050904140952
31623,Columbus Circle / Union Station,incoming_trips,Soft Two-Stage,val,2.1867256830591604,3.2973388971892574,0.7840982206657412,47.364124938513626,34.644752916479256
31623,Columbus Circle / Union Station,incoming_trips,Soft Two-Stage,test,2.241778167818019,3.4601183922946803,0.8070204062879415,46.752559135285374,34.219328311871365
31623,Columbus Circle / Union Station,incoming_trips,Soft Two-Stage,test_forecast_weather,2.2733338206095057,3.522589436771809,0.7999891632858454,47.23241440337357,34.701005428041306
31623,Columbus Circle / Union Station,incoming_trips,GAM,val,2.450544247841989,3.4917082935372807,0.7578943309277075,58.35369237248317,38.8244856842834
31623,Columbus Circle / Union Station,incoming_trips,GAM,test,2.641308999509284,3.8024865926249163,0.7669415506121546,60.067629144379,40.317914200797844
31623,Columbus Circle / Union Station,incoming_trips,GAM,test_forecast_weather,2.675072934488496,3.8562423987431504,0.7603054715632194,60.72731486784569,40.83329935029232
31623,Columbus Circle / Union Station,incoming_trips,XGBoost,val,2.1918435709381665,3.2873592775075675,0.7854031257211551,46.93784795626303,34.72583668587751
31623,Columbus Circle / Union Station,incoming_trips,XGBoost,test,2.2548711969903183,3.478610616428763,0.8049521776615306,45.853784043464366,34.41918513547488
31623,Columbus Circle / Union Station,incoming_trips,XGBoost,test_forecast_weather,2.3063872485078143,3.568292373463391,0.7947655162536954,46.42858431662153,35.20554513554763
31623,Columbus Circle / Union Station,incoming_trips,LightGBM,val,2.184716189624247,3.325393384220862,0.7804087116024603,50.21191804329037,34.612916091184154
31623,Columbus Circle / Union Station,incoming_trips,LightGBM,test,2.2358460412328474,3.515789216999879,0.8007606439503488,48.970423721814996,34.128778144990605
31623,Columbus Circle / Union Station,incoming_trips,LightGBM,test_forecast_weather,2.265432602519096,3.5698555926512685,0.7945856561277709,49.46820651856723,34.58039832258332
31623,Columbus Circle / Union Station,incoming_trips,Poisson,val,2.6358550673311996,3.8873324236127234,0.6999232058373972,55.89743622395598,41.76040380318186
31623,Columbus Circle / Union Station,incoming_trips,Poisson,test,2.7962939013027492,4.1811443691984325,0.7182137506100278,58.67516217881133,42.683660871894986
31623,Columbus Circle / Union Station,incoming_trips,Poisson,test_forecast_weather,2.8322776674175896,4.250121595448639,0.7088396850742616,60.047692483998524,43.23293034211193
31623,Columbus Circle / Union Station,incoming_trips,Naive (same hour last week),val,3.1967437094386884,4.87994312750684,0.527111697620247,79.03263543999945,50.646680015152334
31623,Columbus Circle / Union Station,incoming_trips,Naive (same hour last week),test,3.275031396278114,5.201697317553723,0.563866321451298,76.69887149064546,49.99128646613921
31623,Columbus Circle / Union Station,incoming_trips,Naive (same hour last week),test_forecast_weather,3.275031396278114,5.201697317553723,0.563866321451298,76.69887149064546,49.99128646613921
31627,M St & Delaware Ave NE,outgoing_trips,Linear Regression,val,1.7958410635615105,2.6384825209149256,0.6373037569949671,55.53437660415972,44.76859690412338
31627,M St & Delaware Ave NE,outgoing_trips,Linear Regression,test,1.7588606136890699,2.6222617260936127,0.6381910307399956,54.3725997156923,43.615480763554054
31627,M St & Delaware Ave NE,outgoing_trips,Linear Regression,test_forecast_weather,1.7791486015451625,2.624281487730435,0.6376334591591482,55.07687230274417,44.11857369609331
31627,M St & Delaware Ave NE,outgoing_trips,Polynomial Regression,val,1.7495184631962928,2.5835678438340133,0.6522442216443901,57.4403757818861,43.613818864251364
31627,M St & Delaware Ave NE,outgoing_trips,Polynomial Regression,test,1.7790958919806903,2.665732250843085,0.6260958297069115,58.99395726707797,44.11726662663175
31627,M St & Delaware Ave NE,outgoing_trips,Polynomial Regression,test_forecast_weather,1.7903163324934916,2.6643089027753355,0.6264950098549833,59.15494842956615,44.39550635952237
31627,M St & Delaware Ave NE,outgoing_trips,Random Forest,val,1.7213729363377193,2.5588488220283265,0.658866892285388,56.98880248767802,42.91217784926824
31627,M St & Delaware Ave NE,outgoing_trips,Random Forest,test,1.7035327184331701,2.5491408622383407,0.6580875413831744,56.40217998346388,42.243483043871066
31627,M St & Delaware Ave NE,outgoing_trips,Random Forest,test_forecast_weather,1.7119139402632908,2.5560517283667425,0.6562311400695595,57.01606114183358,42.45131703404723
31627,M St & Delaware Ave NE,outgoing_trips,HistGradientBoosting,val,1.6976754713491182,2.6375088871967063,0.6375713866900794,52.46166553158369,42.32142275448258
31627,M St & Delaware Ave NE,outgoing_trips,HistGradientBoosting,test,1.6749141993275891,2.615217475661219,0.640132293642389,52.40222151875676,41.53381312471081
31627,M St & Delaware Ave NE,outgoing_trips,HistGradientBoosting,test_forecast_weather,1.679996071588381,2.6170140588737714,0.6396376851740386,53.292652914334596,41.65983124127351
31627,M St & Delaware Ave NE,outgoing_trips,Soft Two-Stage,val,1.7019886906222919,2.6174097278553057,0.6430741204601991,51.86819025573306,42.4289471779507
31627,M St & Delaware Ave NE,outgoing_trips,Soft Two-Stage,test,1.6827540003152894,2.6026619212529964,0.6435794198776591,51.8747405451098,41.72822119008442
31627,M St & Delaware Ave NE,outgoing_trips,Soft Two-Stage,test_forecast_weather,1.6905062239544368,2.6093853077442892,0.6417355779929114,52.51211839200508,41.92045754945052
31627,M St & Delaware Ave NE,outgoing_trips,GAM,val,1.872437073942433,2.790947729658445,0.5941757265847767,56.318372284075146,46.678062047106
31627,M St & Delaware Ave NE,outgoing_trips,GAM,test,1.9114318136343371,2.923108425965915,0.5504095203954875,55.885174205452735,47.39887677827744
31627,M St & Delaware Ave NE,outgoing_trips,GAM,test_forecast_weather,1.9245238997092537,2.9310527895677234,0.5479624241672272,56.227781441551706,47.723528785327424
31627,M St & Delaware Ave NE,outgoing_trips,XGBoost,val,1.7266852409648201,2.64344772160267,0.6359374003218867,51.19774660670383,43.04460851326639
31627,M St & Delaware Ave NE,outgoing_trips,XGBoost,test,1.7227761091009954,2.640115852187636,0.6332473791023161,51.120904658440466,42.720672497637786
31627,M St & Delaware Ave NE,outgoing_trips,XGBoost,test_forecast_weather,1.7300414649057296,2.645856021106302,0.6316508502288,51.98388334533862,42.90083571459511
31627,M St & Delaware Ave NE,outgoing_trips,LightGBM,val,1.6956905960732123,2.638038935703369,0.6374257006987183,52.004864605717614,42.27194171580104
31627,M St & Delaware Ave NE,outgoing_trips,LightGBM,test,1.6799106447487053,2.619966210101304,0.6388242053328452,51.90339355974268,41.657712862674565
31627,M St & Delaware Ave NE,outgoing_trips,LightGBM,test_forecast_weather,1.6838226343256648,2.6225900270662184,0.638100429812597,52.74609495012813,41.754720723793945
31627,M St & Delaware Ave NE,outgoing_trips,Poisson,val,2.0738922574999843,3.1809474383054694,0.47283374805093736,56.18456125070922,51.70014673485003
31627,M St & Delaware Ave NE,outgoing_trips,Poisson,test,2.0587040451324383,3.200681296394643,0.46097101303841237,56.932352908977855,51.050871217131046
31627,M St & Delaware Ave NE,outgoing_trips,Poisson,test_forecast_weather,2.080436187096009,3.272394139017252,0.43654599671862204,57.6306342543212,51.589775671745485
31627,M St & Delaware Ave NE,outgoing_trips,Naive (same hour last week),val,2.3585335306842765,3.5745026700919973,0.3343194533263989,81.1693095250525,58.795980926430516
31627,M St & Delaware Ave NE,outgoing_trips,Naive (same hour last week),test,2.308254366936865,3.5516832213417935,0.3362634955831769,79.3830393517565,57.239114432931316
31627,M St & Delaware Ave NE,outgoing_trips,Naive (same hour last week),test_forecast_weather,2.308254366936865,3.5516832213417935,0.3362634955831769,79.3830393517565,57.239114432931316
31627,M St & Delaware Ave NE,incoming_trips,Linear Regression,val,1.9026932400423748,2.7624512666794114,0.6003702420277781,57.19278346963343,46.82756949951573
31627,M St & Delaware Ave NE,incoming_trips,Linear Regression,test,1.8869129803547962,2.7493018205892144,0.6010449390475137,57.936170904708916,46.23456736209377
31627,M St & Delaware Ave NE,incoming_trips,Linear Regression,test_forecast_weather,1.9117634277121716,2.7571086271907763,0.5987760088217979,58.960742407796616,46.843471797160355
31627,M St & Delaware Ave NE,incoming_trips,Polynomial Regression,val,1.8583758895315068,2.693008065035072,0.6202096920048183,61.11015537705169,45.73686619148493
31627,M St & Delaware Ave NE,incoming_trips,Polynomial Regression,test,1.902197720947401,2.7414246958031834,0.6033277853758772,64.87345043524093,46.609085623348214
31627,M St & Delaware Ave NE,incoming_trips,Polynomial Regression,test_forecast_weather,1.928545774945967,2.78657882396475,0.5901529586666316,66.40243833719242,47.254685547743094
31627,M St & Delaware Ave NE,incoming_trips,Random Forest,val,1.8853858380736033,2.749723091556739,0.6040443985867842,60.97691454045804,46.40161351696824
31627,M St & Delaware Ave NE,incoming_trips,Random Forest,test,1.8964870254907678,2.748940305528643,0.6011498520690033,63.194454096391574,46.469157848976515
31627,M St & Delaware Ave NE,incoming_trips,Random Forest,test_forecast_weather,1.9026956236601837,2.752103898045438,0.6002312978131488,63.583131187981856,46.621285611770354
31627,M St & Delaware Ave NE,incoming_trips,HistGradientBoosting,val,1.8106019187925628,2.7945059534376666,0.5910420568208289,54.20953965112961,44.561091301468544
31627,M St & Delaware Ave NE,incoming_trips,HistGradientBoosting,test,1.8101565911517115,2.7809023584771793,0.5918210349166024,54.92783584382098,44.35382432623113
31627,M St & Delaware Ave NE,incoming_trips,HistGradientBoosting,test_forecast_weather,1.8250364522971452,2.7949749174918144,0.5876794609275564,55.883067345477755,44.71842192539429
31627,M St & Delaware Ave NE,incoming_trips,Soft Two-Stage,val,1.802689550241572,2.7511983983389703,0.6036194011065663,53.058848758425384,44.36635839317322
31627,M St & Delaware Ave NE,incoming_trips,Soft Two-Stage,test,1.8063754701994315,2.743110785108238,0.6028396957652945,53.92122861497116,44.261176444112294
31627,M St & Delaware Ave NE,incoming_trips,Soft Two-Stage,test_forecast_weather,1.824770763300136,2.7666049506208528,0.5960073732918667,54.51960752829381,44.71191181286791
31627,M St & Delaware Ave NE,incoming_trips,GAM,val,1.9976006255739902,2.9563267403621714,0.5423078826155856,58.343499115223764,49.163354427148136
31627,M St & Delaware Ave NE,incoming_trips,GAM,test,2.0238242870988827,3.047482321781362,0.5098132934826405,58.46914010264318,49.58927163314157
31627,M St & Delaware Ave NE,incoming_trips,GAM,test_forecast_weather,2.039314330999096,3.059934436592809,0.5057992708939587,58.89014714992224,49.968820391140746
31627,M St & Delaware Ave NE,incoming_trips,XGBoost,val,1.8289626335300628,2.7657781567145663,0.5994070939241594,52.782946125207786,45.012970578346575
31627,M St & Delaware Ave NE,incoming_trips,XGBoost,test,1.8298844345579903,2.741380814005701,0.6033404842842236,53.77813180149567,44.83721084928368
31627,M St & Delaware Ave NE,incoming_trips,XGBoost,test_forecast_weather,1.846022382968626,2.76030382817261,0.59784551654818,54.84198122950783,45.23263505307354
31627,M St & Delaware Ave NE,incoming_trips,LightGBM,val,1.8037192450432555,2.7897580115830998,0.5924305376898025,53.18793582789964,44.39170042092335
31627,M St & Delaware Ave NE,incoming_trips,LightGBM,test,1.8054768353145616,2.779897337607349,0.592116014169515,53.95696002135618,44.239157413266135
31627,M St & Delaware Ave NE,incoming_trips,LightGBM,test_forecast_weather,1.8190777448406592,2.790975887957212,0.5888585072217032,54.84481332137424,44.57241717363509
31627,M St & Delaware Ave NE,incoming_trips,Poisson,val,2.1655728639333205,3.2202196646359047,0.4569503163470542,59.73105265494095,53.29735327689733
31627,M St & Delaware Ave NE,incoming_trips,Poisson,test,2.1837500604953783,3.2557149850197855,0.44053632181332425,62.01022731971319,53.50789375298351
31627,M St & Delaware Ave NE,incoming_trips,Poisson,test_forecast_weather,2.201456828173941,3.2938864459608013,0.42734061086672204,62.77468104865746,53.94175835168139
31627,M St & Delaware Ave NE,incoming_trips,Naive (same hour last week),val,2.5023340544233177,3.765196541787979,0.2575898995479995,85.36078151528945,61.58545128478158
31627,M St & Delaware Ave NE,incoming_trips,Naive (same hour last week),test,2.4369220230619932,3.703736199237554,0.2759655480725355,82.20435565270482,59.71130444512826
31627,M St & Delaware Ave NE,incoming_trips,Naive (same hour last week),test_forecast_weather,2.4369220230619932,3.703736199237554,0.2759655480725355,82.20435565270482,59.71130444512826
31628,1st & I St SE,outgoing_trips,Linear Regression,val,1.4776487491077568,2.1881805796672027,0.5592529227976766,55.547193550786076,51.59287999766817
31628,1st & I St SE,outgoing_trips,Linear Regression,test,1.388290295810173,2.08958398240437,0.5622736839241849,56.07395917334868,50.3333527919256
31628,1st & I St SE,outgoing_trips,Linear Regression,test_forecast_weather,1.4065315604348043,2.093672670811878,0.5605590100867355,56.60410813962007,50.994701510196826
31628,1st & I St SE,outgoing_trips,Polynomial Regression,val,1.4561299779293162,2.270406284819822,0.5255064830737404,56.86709575706499,50.8415408314577
31628,1st & I St SE,outgoing_trips,Polynomial Regression,test,1.4139502632675824,2.148772498505373,0.537124845550539,58.095039103097,51.26367132729316
31628,1st & I St SE,outgoing_trips,Polynomial Regression,test_forecast_weather,1.426309520882951,2.15667971702926,0.5337119302473297,58.80738316942664,51.71176411860494
31628,1st & I St SE,outgoing_trips,Random Forest,val,1.4271467501343498,2.121624841405496,0.5856567140526001,54.517936989037985,49.82957625295168
31628,1st & I St SE,outgoing_trips,Random Forest,test,1.3636007407368844,2.044289299094395,0.5810446827849958,55.68609580287392,49.438217178336735
31628,1st & I St SE,outgoing_trips,Random Forest,test_forecast_weather,1.377712486622044,2.0626110489726335,0.5735013353499653,56.72341627946983,49.94984755297191
31628,1st & I St SE,outgoing_trips,HistGradientBoosting,val,1.3934764865716953,2.1650579825206098,0.5685184941054631,52.997872016144974,48.653961365769035
31628,1st & I St SE,outgoing_trips,HistGradientBoosting,test,1.3196382899110246,2.0754385033021445,0.5681800179980353,52.88547931694069,47.84433039997792
31628,1st & I St SE,outgoing_trips,HistGradientBoosting,test_forecast_weather,1.331106679244085,2.08842065882863,0.5627609345927341,53.24488108258768,48.260124191808195
31628,1st & I St SE,outgoing_trips,Soft Two-Stage,val,1.3977928706042806,2.142692244971164,0.5773871307278582,52.32795326899855,48.80467017498468
31628,1st & I St SE,outgoing_trips,Soft Two-Stage,test,1.328028370508544,2.0638246402510436,0.572999304363327,52.36993353227605,48.14851813934491
31628,1st & I St SE,outgoing_trips,Soft Two-Stage,test_forecast_weather,1.3390923171843436,2.072635312614801,0.5693457054295259,52.65923347884567,48.549648603906064
31628,1st & I St SE,outgoing_trips,GAM,val,1.4860773215603227,2.1696593436696077,0.5666825044694391,56.134827425014244,51.88716801933736
31628,1st & I St SE,outgoing_trips,GAM,test,1.4676014271292586,2.1019292047797906,0.5570862479410148,59.75833818747775,53.20882859483081
31628,1st & I St SE,outgoing_trips,GAM,test_forecast_weather,1.4836741507852833,2.1161294976246774,0.5510815257954947,60.090322526044346,53.791555473025774
31628,1st & I St SE,outgoing_trips,XGBoost,val,1.425083409590781,2.1700105526969726,0.5665422084050791,51.28413990739372,49.75753363719272
31628,1st & I St SE,outgoing_trips,XGBoost,test,1.3470614690722131,2.085351227846279,0.5640452437466825,51.35977288434933,48.838575303628105
31628,1st & I St SE,outgoing_trips,XGBoost,test_forecast_weather,1.3590799865542285,2.0986923019447046,0.5584493432105972,51.59807115292138,49.27431434342683
31628,1st & I St SE,outgoing_trips,LightGBM,val,1.3953510473907058,2.167797714705289,0.567425782742332,53.3503616453488,48.719412638571136
31628,1st & I St SE,outgoing_trips,LightGBM,test,1.321560451549446,2.0806235045185777,0.5660197189353171,53.074624971983276,47.91401959982448
31628,1st & I St SE,outgoing_trips,LightGBM,test_forecast_weather,1.3322442923108777,2.092415672695395,0.5610865143968092,53.39593769057491,48.3013690812988
31628,1st & I St SE,outgoing_trips,Poisson,val,1.5747676857642399,2.3037815775385257,0.5114537045111273,52.31830865808402,54.98383853733778
31628,1st & I St SE,outgoing_trips,Poisson,test,1.4820610055402594,2.1856896141335453,0.5210833088573934,52.05346012660622,53.73306986020585
31628,1st & I St SE,outgoing_trips,Poisson,test_forecast_weather,1.4906510970212101,2.195042713005368,0.5169757363446754,52.334232983178055,54.044509122102646
31628,1st & I St SE,outgoing_trips,Naive (same hour last week),val,1.9982921553000115,3.0482663248779165,0.1446793860527733,82.52367988959261,69.77141721327767
31628,1st & I St SE,outgoing_trips,Naive (same hour last week),test,1.8661947710925906,2.8773298883200527,0.1700301618458817,81.23073237782316,67.66008526842998
31628,1st & I St SE,outgoing_trips,Naive (same hour last week),test_forecast_weather,1.8661947710925906,2.8773298883200527,0.1700301618458817,81.23073237782316,67.66008526842998
31628,1st & I St SE,incoming_trips,Linear Regression,val,1.5132305865476057,2.318427874524634,0.591618333433334,58.16901692679923,52.33384880157356
31628,1st & I St SE,incoming_trips,Linear Regression,test,1.4336214627478583,2.192769425414589,0.5954216962118601,59.79918834606668,51.24088138500159
31628,1st & I St SE,incoming_trips,Linear Regression,test_forecast_weather,1.4498529155490028,2.193767845348314,0.5950531841375072,60.26856462378405,51.82103030806216
31628,1st & I St SE,incoming_trips,Polynomial Regression,val,1.496689570644895,2.3130144255206626,0.5935232210807377,60.42367596814913,51.76179122292531
31628,1st & I St SE,incoming_trips,Polynomial Regression,test,1.4854184229208496,2.3148957522976197,0.5491007310094305,62.03814042276468,53.092222175645645
31628,1st & I St SE,incoming_trips,Polynomial Regression,test_forecast_weather,1.4961018025285757,2.285706729877,0.5604000147551685,62.417532378860585,53.474070384182625
31628,1st & I St SE,incoming_trips,Random Forest,val,1.457752198552005,2.225426231547589,0.6237249142001803,57.889571316228285,50.415173885187656
31628,1st & I St SE,incoming_trips,Random Forest,test,1.4231584852642476,2.1652567205445856,0.6055105023318996,60.52093828206261,50.86691084807617
31628,1st & I St SE,incoming_trips,Random Forest,test_forecast_weather,1.431312033341388,2.1769521440842765,0.6012373997497271,61.108649135105395,51.15833714207629
31628,1st & I St SE,incoming_trips,HistGradientBoosting,val,1.4164879715056882,2.2731225342668413,0.6074230899930884,55.099060892748206,48.98808416181469
31628,1st & I St SE,incoming_trips,HistGradientBoosting,test,1.368960228786245,2.190267458312591,0.5963444235234793,56.69596502484744,48.92974228327234
31628,1st & I St SE,incoming_trips,HistGradientBoosting,test_forecast_weather,1.3730782100688228,2.1966210535045,0.5939991538182428,56.80709246672053,49.0769282705983
31628,1st & I St SE,incoming_trips,Soft Two-Stage,val,1.4209154651244473,2.249861678579459,0.615416458157822,53.31314888553381,49.1412054267917
31628,1st & I St SE,incoming_trips,Soft Two-Stage,test,1.3835036125052027,2.1743442169546765,0.6021922401164734,55.68606919856999,49.44955579014556
31628,1st & I St SE,incoming_trips,Soft Two-Stage,test_forecast_weather,1.3917688783287085,2.188675897165158,0.5969308442495056,55.87922099558838,49.744975129687255
31628,1st & I St SE,incoming_trips,GAM,val,1.5536998310598247,2.3081507946739133,0.5952308407872389,60.65430035607131,53.73344470073413
31628,1st & I St SE,incoming_trips,GAM,test,1.5578906569622766,2.2289286064947555,0.5819685357696562,65.84469587751927,55.682544129325805
31628,1st & I St SE,incoming_trips,GAM,test_forecast_weather,1.5703434526619884,2.2387458922958237,0.5782779983448152,65.98246916724473,56.12763528061029
31628,1st & I St SE,incoming_trips,XGBoost,val,1.434659617264104,2.2686095087219607,0.6089803759139414,52.48439051313317,49.61653574748238
31628,1st & I St SE,incoming_trips,XGBoost,test,1.3900439188062381,2.191123149328823,0.5960289625780808,54.57170067986843,49.68332116552616
31628,1st & I St SE,incoming_trips,XGBoost,test_forecast_weather,1.3956997194222918,2.2044374716017274,0.5911046003212691,54.69546435676674,49.88547230237433
31628,1st & I St SE,incoming_trips,LightGBM,val,1.4135813026594943,2.263640645967652,0.6106913756060608,54.96807733456235,48.8875593843847
31628,1st & I St SE,incoming_trips,LightGBM,test,1.3694207839864814,2.1840992969379833,0.5986147461367428,56.79229089950185,48.94620357029948
31628,1st & I St SE,incoming_trips,LightGBM,test_forecast_weather,1.373923469678089,2.194272060305153,0.5948670170313763,56.97689831022925,49.10713976540595
31628,1st & I St SE,incoming_trips,Poisson,val,1.6331930026678412,2.4619523886123087,0.5394907505379368,54.60988747360752,56.48265137199421
31628,1st & I St SE,incoming_trips,Poisson,test,1.553672387799352,2.327333755392489,0.5442423236777622,56.37676446890229,55.53177362578358
31628,1st & I St SE,incoming_trips,Poisson,test_forecast_weather,1.5610014272845723,2.353459122782502,0.5339527238265647,56.81903555392482,55.79373011338272
31628,1st & I St SE,incoming_trips,Naive (same hour last week),val,2.0482750768530114,3.263940490557742,0.190599400762003,83.3209031563989,70.83792723263505
31628,1st & I St SE,incoming_trips,Naive (same hour last week),test,1.9286448224683184,3.046674252061304,0.21896823047204117,83.32157725751473,68.93413857830735
31628,1st & I St SE,incoming_trips,Naive (same hour last week),test_forecast_weather,1.9286448224683184,3.046674252061304,0.21896823047204117,83.32157725751473,68.93413857830735
31646,Maine Ave & 9th St SW,outgoing_trips,Linear Regression,val,1.4240300458515893,2.4067250545763743,0.4563273574305656,60.17191942880578,59.02433172588254
31646,Maine Ave & 9th St SW,outgoing_trips,Linear Regression,test,1.3579930624432843,2.2066119534113793,0.46093535840780075,62.591685153762064,61.94490799885808
31646,Maine Ave & 9th St SW,outgoing_trips,Linear Regression,test_forecast_weather,1.3876748578678115,2.211863632414801,0.45836638537027874,63.5852771072644,63.29884428738757
31646,Maine Ave & 9th St SW,outgoing_trips,Polynomial Regression,val,1.4684001521552001,2.4811360970350145,0.4221891454264842,62.54777968614991,60.8634192372776
31646,Maine Ave & 9th St SW,outgoing_trips,Polynomial Regression,test,1.4324577864369248,2.405740900782133,0.3592529472772513,68.71537466428458,65.34161936986264
31646,Maine Ave & 9th St SW,outgoing_trips,Polynomial Regression,test_forecast_weather,1.4527678269192859,2.4386167748745646,0.34162091293022767,69.41198237404949,66.26806268089794
31646,Maine Ave & 9th St SW,outgoing_trips,Random Forest,val,1.3807285148606323,2.3422259465228903,0.4850772296855663,58.34513800434655,57.229535375275766
31646,Maine Ave & 9th St SW,outgoing_trips,Random Forest,test,1.3254079606784694,2.170184175818324,0.47858670764110156,62.63304163119198,60.458537275193805
31646,Maine Ave & 9th St SW,outgoing_trips,Random Forest,test_forecast_weather,1.3386881578821155,2.189036730604393,0.4694882452801741,63.59961962355454,61.06431400317389
31646,Maine Ave & 9th St SW,outgoing_trips,HistGradientBoosting,val,1.3659056759680912,2.4542598683898147,0.43463930307451326,55.6463586147554,56.615146540952075
31646,Maine Ave & 9th St SW,outgoing_trips,HistGradientBoosting,test,1.2764050088591177,2.254937091460204,0.4370656184173318,58.04111230259517,58.22326566293621
31646,Maine Ave & 9th St SW,outgoing_trips,HistGradientBoosting,test_forecast_weather,1.288232885535334,2.2659333058081694,0.4315619258379303,58.62797755680853,58.76279473181955
31646,Maine Ave & 9th St SW,outgoing_trips,Soft Two-Stage,val,1.369876125164972,2.428130974755467,0.44661327085424385,53.580925127125944,56.779716882132846
31646,Maine Ave & 9th St SW,outgoing_trips,Soft Two-Stage,test,1.2882044145191935,2.228996720168436,0.44994290303634155,56.82884411837732,58.761496025276614
31646,Maine Ave & 9th St SW,outgoing_trips,Soft Two-Stage,test_forecast_weather,1.3011333399264533,2.2428086097683138,0.443104969092213,57.309467602754026,59.351249476178545
31646,Maine Ave & 9th St SW,outgoing_trips,GAM,val,1.452946257760368,2.5229883679153997,0.40253149297393676,58.85191363274146,60.22287391179477
31646,Maine Ave & 9th St SW,outgoing_trips,GAM,test,1.3740175618737431,2.330179356203182,0.3988710908584152,61.500136327547786,62.67586618296072
31646,Maine Ave & 9th St SW,outgoing_trips,GAM,test_forecast_weather,1.3963300773745828,2.3452367253008903,0.39107712900026137,63.0274568518006,63.69365247226315
31646,Maine Ave & 9th St SW,outgoing_trips,XGBoost,val,1.3817594445689063,2.4372445068612643,0.4424514094652463,53.87457376734711,57.27226617106515
31646,Maine Ave & 9th St SW,outgoing_trips,XGBoost,test,1.2940030135028049,2.2377748118578795,0.4456019732029184,56.70487204412199,59.02599935043781
31646,Maine Ave & 9th St SW,outgoing_trips,XGBoost,test_forecast_weather,1.3066912499776842,2.255005916691658,0.4370312541057717,56.96076039562489,59.604773766037574
31646,Maine Ave & 9th St SW,outgoing_trips,LightGBM,val,1.3626129089458554,2.450266004212677,0.4364778505254958,55.88682590611032,56.47866531038909
31646,Maine Ave & 9th St SW,outgoing_trips,LightGBM,test,1.2751558074926368,2.254918293221523,0.4370750041609943,58.3335933855361,58.166283292511224
31646,Maine Ave & 9th St SW,outgoing_trips,LightGBM,test_forecast_weather,1.2857508005085385,2.2652814971042448,0.4318889077427851,58.678562066471365,58.6495743237907
31646,Maine Ave & 9th St SW,outgoing_trips,Poisson,val,1.571580613430606,2.580039771589005,0.3752053196227192,58.85758237014779,65.14012519000006
31646,Maine Ave & 9th St SW,outgoing_trips,Poisson,test,1.4790240026917982,2.348800897205729,0.38922490237770613,61.515147294860085,67.46573919163347
31646,Maine Ave & 9th St SW,outgoing_trips,Poisson,test_forecast_weather,1.4976674767815503,2.372662005639703,0.3767523277946321,62.35403901780315,68.31616200984062
31646,Maine Ave & 9th St SW,outgoing_trips,Naive (same hour last week),val,1.9491062279403393,3.412760110578487,-0.09319099531445274,93.9005387686264,80.78810759792356
31646,Maine Ave & 9th St SW,outgoing_trips,Naive (same hour last week),test,1.809567302203448,3.0673454791753443,-0.04163197105579686,92.98489976600231,82.54348505364024
31646,Maine Ave & 9th St SW,outgoing_trips,Naive (same hour last week),test_forecast_weather,1.809567302203448,3.0673454791753443,-0.04163197105579686,92.98489976600231,82.54348505364024
31646,Maine Ave & 9th St SW,incoming_trips,Linear Regression,val,1.416055410982783,2.398662329620118,0.534097184311479,60.907156901749715,54.89347519381111
31646,Maine Ave & 9th St SW,incoming_trips,Linear Regression,test,1.3642525360522892,2.2203879718320003,0.5222283340612838,62.19947651359021,57.906028122126386
31646,Maine Ave & 9th St SW,incoming_trips,Linear Regression,test_forecast_weather,1.4034727495115542,2.238609832975405,0.5143543841124782,63.27858086563777,59.57073954725579
31646,Maine Ave & 9th St SW,incoming_trips,Polynomial Regression,val,1.4780391028124091,2.4840995822335206,0.5003163844716474,62.533023581089545,57.29627682394576
31646,Maine Ave & 9th St SW,incoming_trips,Polynomial Regression,test,1.4103777323131028,2.3288306751821937,0.47442041895829,66.07733201868928,59.86382320861827
31646,Maine Ave & 9th St SW,incoming_trips,Polynomial Regression,test_forecast_weather,1.436657860609232,2.3677015412927362,0.4567289383062283,66.66609816462726,60.97928959622148
31646,Maine Ave & 9th St SW,incoming_trips,Random Forest,val,1.3875378537174523,2.3599301310024994,0.5490219584705844,58.64945784415235,53.787990330583845
31646,Maine Ave & 9th St SW,incoming_trips,Random Forest,test,1.347930395295819,2.201359071321755,0.5303823254414584,62.37318772962589,57.2132309187637
31646,Maine Ave & 9th St SW,incoming_trips,Random Forest,test_forecast_weather,1.361527617490598,2.2226661312026956,0.5212474258673371,63.238768230043995,57.79036829618214
31646,Maine Ave & 9th St SW,incoming_trips,HistGradientBoosting,val,1.3687987841590665,2.441469728575662,0.5173194560143897,58.30183164273374,53.06156914538148
31646,Maine Ave & 9th St SW,incoming_trips,HistGradientBoosting,test,1.2954520147193707,2.243281502625069,0.5123253184291274,60.72863073596555,54.98577339080717
31646,Maine Ave & 9th St SW,incoming_trips,HistGradientBoosting,test_forecast_weather,1.3077924828862548,2.2616249235538572,0.5043172317572209,61.32419862800182,55.50956754022439
31646,Maine Ave & 9th St SW,incoming_trips,Soft Two-Stage,val,1.3785415249061712,2.4297639455863567,0.5219368457965996,55.4117830899774,53.4392470903072
31646,Maine Ave & 9th St SW,incoming_trips,Soft Two-Stage,test,1.2994285566670707,2.219621139904746,0.522558282977654,57.6349416641871,55.154558673419615
31646,Maine Ave & 9th St SW,incoming_trips,Soft Two-Stage,test_forecast_weather,1.3179015966020187,2.2509907219887855,0.5089676915202707,58.24161743477077,55.938651311480335
31646,Maine Ave & 9th St SW,incoming_trips,GAM,val,1.428756820225687,2.4433280822367345,0.5165843803152946,59.7488710684794,55.385846105142825
31646,Maine Ave & 9th St SW,incoming_trips,GAM,test,1.379056832297641,2.2528153056890337,0.5081713375912826,62.26441717945407,58.534400048919544
31646,Maine Ave & 9th St SW,incoming_trips,GAM,test_forecast_weather,1.4104227068422601,2.2794974989978605,0.49645197313474354,63.09265817258605,59.865732163361876
31646,Maine Ave & 9th St SW,incoming_trips,XGBoost,val,1.3884401421327743,2.4515892373286645,0.5133098935327512,54.717066715945094,53.822967596558044
31646,Maine Ave & 9th St SW,incoming_trips,XGBoost,test,1.3153880821352268,2.2391194371504772,0.514133251158286,57.56734809247273,55.83196458336137
31646,Maine Ave & 9th St SW,incoming_trips,XGBoost,test_forecast_weather,1.3292846360159403,2.266308026345821,0.5022623050524194,57.686727644156335,56.421807166425765
31646,Maine Ave & 9th St SW,incoming_trips,LightGBM,val,1.366725721323117,2.445402177662665,0.515763307043673,56.8212606983035,52.981206736906636
31646,Maine Ave & 9th St SW,incoming_trips,LightGBM,test,1.297888155685013,2.2495460774536924,0.5095977603203468,60.020452997475495,55.08917598199762
31646,Maine Ave & 9th St SW,incoming_trips,LightGBM,test_forecast_weather,1.3101002928020868,2.269032482455682,0.5010648688796051,60.54417630486869,55.607523089036036
31646,Maine Ave & 9th St SW,incoming_trips,Poisson,val,1.5506289116082956,2.5475469803178945,0.4744651640969656,57.04806461943893,60.110225231300085
31646,Maine Ave & 9th St SW,incoming_trips,Poisson,test,1.4738661214177415,2.3518188173455834,0.46399310012208805,58.838010312403235,62.55860320555339
31646,Maine Ave & 9th St SW,incoming_trips,Poisson,test_forecast_weather,1.4977276753504478,2.380435677109927,0.45086950794143243,59.63903722776032,63.571412620636615
31646,Maine Ave & 9th St SW,incoming_trips,Naive (same hour last week),val,1.936923602413754,3.3887047747032755,0.07012499324193577,91.0905393112268,75.08496270468288
31646,Maine Ave & 9th St SW,incoming_trips,Naive (same hour last week),test,1.829090078776116,3.094600108973046,0.07194923847078061,87.93308684797123,77.63616980034891
31646,Maine Ave & 9th St SW,incoming_trips,Naive (same hour last week),test_forecast_weather,1.829090078776116,3.094600108973046,0.07194923847078061,87.93308684797123,77.63616980034891
