station_id,station_name,target,model,phase,MAE,RMSE,R2,MAPE,WMAPE
31101,14th & V St NW,incoming_trips,GAM,test,2.062849751803896,3.0284589598372564,0.6431044933916177,54.11668833878514,43.02228909960076
31101,14th & V St NW,incoming_trips,GAM,val,1.945170683150817,2.817680118957657,0.6509437869332466,53.771935982941685,43.10223808591373
31101,14th & V St NW,incoming_trips,HistGradientBoosting,test,2.0249270536356097,3.067771500015932,0.6337786057674948,50.811102033503175,42.23138259630055
31101,14th & V St NW,incoming_trips,HistGradientBoosting,val,1.8777206703511768,2.8147375586112204,0.6516724591794545,50.32411303670451,41.60764096095665
31101,14th & V St NW,incoming_trips,LightGBM,test,2.0275246786011163,3.086900454930214,0.6291972517958122,51.30747396905833,42.28555802625644
31101,14th & V St NW,incoming_trips,LightGBM,val,1.8786631367922428,2.8294937110187286,0.6480106987271156,50.514883483312126,41.62852468765615
31101,14th & V St NW,incoming_trips,Linear Regression,test,2.0241460819133064,2.986302791963037,0.6529713143895871,54.533511492300825,42.21509484137018
31101,14th & V St NW,incoming_trips,Linear Regression,val,1.907874860411529,2.762551188341713,0.6644689891440613,53.82683824422666,42.27581527107112
31101,14th & V St NW,incoming_trips,Naive (same hour last week),test,2.652243406781596,3.964118664346606,0.3885077071610457,77.22275244918802,55.3145387875613
31101,14th & V St NW,incoming_trips,Naive (same hour last week),val,2.4687464419902083,3.7051619370919737,0.3964317513915923,76.35348414888118,54.70393823952367
31101,14th & V St NW,incoming_trips,Poisson,test,2.2856331565371377,3.4265292794520303,0.5431153270248696,59.94231550772483,47.66860521479306
31101,14th & V St NW,incoming_trips,Poisson,val,2.1095160985970693,3.097038323109369,0.5782984900002409,56.53985076229184,46.743900633191366
31101,14th & V St NW,incoming_trips,Polynomial Regression,test,2.069683778330187,3.2839235964750086,0.5803533279630821,58.786766529948295,43.16481788274229
31101,14th & V St NW,incoming_trips,Polynomial Regression,val,1.8877045354882531,3.001882024131421,0.6038138970427456,54.34145284471912,41.828869327127
31101,14th & V St NW,incoming_trips,Random Forest,test,1.9872150163731583,2.9344596671683205,0.6649157739003213,54.80875727752505,41.44486958524809
31101,14th & V St NW,incoming_trips,Random Forest,val,1.83441071401958,2.680764869185293,0.6840419357748404,52.61683413906755,40.6479534304664
31101,14th & V St NW,incoming_trips,Soft Two-Stage,test,2.0332607649098757,3.072725987291716,0.6325947467947806,50.12505765313893,42.405188437177
31101,14th & V St NW,incoming_trips,Soft Two-Stage,val,1.888738314989524,2.817934541408001,0.6508807480198608,49.55073061419941,41.851776422415895
31101,14th & V St NW,incoming_trips,XGBoost,test,2.0672545174808663,3.108779853373414,0.6239222565515739,49.153863607118026,43.11415381355042
31101,14th & V St NW,incoming_trips,XGBoost,val,1.9143756851286688,2.8321996083267638,0.6473371490242987,48.68122686264209,42.41986437541968
31101,14th & V St NW,outgoing_trips,GAM,test,2.2038707092142684,3.182078186565343,0.5354899062431384,57.61545261104993,45.8770909095415
31101,14th & V St NW,outgoing_trips,GAM,val,2.119077406502824,3.128676964008037,0.5787010502718266,55.51981475771737,45.41471099827803
31101,14th & V St NW,outgoing_trips,HistGradientBoosting,test,2.119497775599028,3.1506487886733123,0.5446205266588324,54.732134255291406,44.12073345645337
31101,14th & V St NW,outgoing_trips,HistGradientBoosting,val,1.9996624825809348,3.017427091734916,0.6081295659189124,51.91539436483337,42.85548676128142
31101,14th & V St NW,outgoing_trips,LightGBM,test,2.128135809046123,3.169209832936685,0.5392392758741,54.47760802832396,44.30054792745441
31101,14th & V St NW,outgoing_trips,LightGBM,val,2.006766011909543,3.0293216183446883,0.6050340145859141,51.82387318415702,43.00772505636992
31101,14th & V St NW,outgoing_trips,Linear Regression,test,2.154259232395648,3.089643252903865,0.5620846835053483,59.11541482964554,44.844348733401816
31101,14th & V St NW,outgoing_trips,Linear Regression,val,2.0828835003152477,2.9852827539996696,0.6164342049683559,58.03681732282644,44.63902636100927
31101,14th & V St NW,outgoing_trips,Naive (same hour last week),test,2.8097956387715493,4.1148735143712365,0.2232407334952554,81.68554851607006,58.49038667205362
31101,14th & V St NW,outgoing_trips,Naive (same hour last week),val,2.670272116588865,3.974113549450751,0.3202496015410845,80.28558412525948,57.22756332048217
31101,14th & V St NW,outgoing_trips,Poisson,test,2.470842504038582,3.544052871569096,0.423799212928279,66.49201701147346,51.4345354775149
31101,14th & V St NW,outgoing_trips,Poisson,val,2.393407445778596,3.5755777310704757,0.4497483228109873,61.90318099922146,51.29397685879997
31101,14th & V St NW,outgoing_trips,Polynomial Regression,test,2.1864204586594096,3.1867099288256435,0.5341366668003277,59.826221848722014,45.51383605627248
31101,14th & V St NW,outgoing_trips,Polynomial Regression,val,2.027685379923068,3.053772354348653,0.5986324609366156,57.3080891471864,43.45605556552707
31101,14th & V St NW,outgoing_trips,Random Forest,test,2.204415680505103,3.1960190066966296,0.5314109136234235,62.85267476684141,45.88843535790146
31101,14th & V St NW,outgoing_trips,Random Forest,val,2.0698578859792853,3.003176263744065,0.6118223085639468,58.84152150586422,44.3598697295302
31101,14th & V St NW,outgoing_trips,Soft Two-Stage,test,2.154701078013914,3.203890540268433,0.5290998779429785,53.60585774468284,44.85354645607786
31101,14th & V St NW,outgoing_trips,Soft Two-Stage,val,2.031315875728819,3.048321793881865,0.6000639531609058,51.06970880401865,43.53386202851549
31101,14th & V St NW,outgoing_trips,XGBoost,test,2.1690097029496904,3.1956404668177387,0.5315219074260997,51.929100642234005,45.15140335132338
31101,14th & V St NW,outgoing_trips,XGBoost,val,2.046691673255316,3.051275447552878,0.5992885462672618,49.84780183320714,43.86338628227377
31104,Adams Mill & Columbia Rd NW,incoming_trips,GAM,test,2.357924492334344,3.3384093366538585,0.3145142029267717,71.81491296191894,60.3414281951574
31104,Adams Mill & Columbia Rd NW,incoming_trips,GAM,val,1.858664678708472,2.7082615342791194,0.4762937616254789,60.120822214265765,55.349060395661866
31104,Adams Mill & Columbia Rd NW,incoming_trips,HistGradientBoosting,test,1.8596649465984016,2.893810733276888,0.4849379708378071,49.17580741065522,47.59051411825577
31104,Adams Mill & Columbia Rd NW,incoming_trips,HistGradientBoosting,val,1.6585454662823376,2.637960853140521,0.5031294720823297,50.0863045595578,49.38972275838398
31104,Adams Mill & Columbia Rd NW,incoming_trips,LightGBM,test,1.854093701848721,2.8851980548035194,0.4879993059849701,48.96642320632802,47.44794090774227
31104,Adams Mill & Columbia Rd NW,incoming_trips,LightGBM,val,1.6554400786323629,2.635196653885136,0.5041702225955141,49.87260959775342,49.29724761181272
31104,Adams Mill & Columbia Rd NW,incoming_trips,Linear Regression,test,1.820686476074328,2.605062053932535,0.5825971270202823,51.479147519037625,46.59301967433616
31104,Adams Mill & Columbia Rd NW,incoming_trips,Linear Regression,val,1.7116902985586937,2.498845224944098,0.5541536053635447,52.92189729529717,50.97231942849735
31104,Adams Mill & Columbia Rd NW,incoming_trips,Naive (same hour last week),test,2.240895079346957,3.348979529434564,0.3101665108867929,76.31364675142292,57.3465392818535
31104,Adams Mill & Columbia Rd NW,incoming_trips,Naive (same hour last week),val,2.208470909711944,3.4064822909480448,0.1714498210955357,79.76942375010009,65.76591849189666
31104,Adams Mill & Columbia Rd NW,incoming_trips,Poisson,test,2.1839224955962173,3.479322830050416,0.2554245000857882,59.9900726685492,55.88855914607552
31104,Adams Mill & Columbia Rd NW,incoming_trips,Poisson,val,1.9188903289395511,3.0240592430249893,0.3470391627317923,58.02684523882098,57.14251630526913
31104,Adams Mill & Columbia Rd NW,incoming_trips,Polynomial Regression,test,1.7504539844408715,2.546688625827945,0.6010936171148439,55.159012588314106,44.79570645898733
31104,Adams Mill & Columbia Rd NW,incoming_trips,Polynomial Regression,val,1.6549247045738404,2.465396412112028,0.5660096592778192,56.45523461529487,49.28190031963125
31104,Adams Mill & Columbia Rd NW,incoming_trips,Random Forest,test,1.7232294592888344,2.5425626039819798,0.6023851477186672,52.694014679279945,44.09900614693342
31104,Adams Mill & Columbia Rd NW,incoming_trips,Random Forest,val,1.6498681686634222,2.47295280129634,0.5633452394326643,54.46274485646552,49.131322049809576
31104,Adams Mill & Columbia Rd NW,incoming_trips,Soft Two-Stage,test,1.903507763789096,2.9242520347913525,0.4740446346423269,48.69553347859377,48.71249160904752
31104,Adams Mill & Columbia Rd NW,incoming_trips,Soft Two-Stage,val,1.6964498343465304,2.661635598612996,0.4941709851694962,49.5171790254038,50.51847458827415
31104,Adams Mill & Columbia Rd NW,incoming_trips,XGBoost,test,1.9118100463141652,2.897408130358368,0.4836565917132527,46.54860852770884,48.92495455536791
31104,Adams Mill & Columbia Rd NW,incoming_trips,XGBoost,val,1.716658238370282,2.654475620933242,0.4968887524832496,48.17390008636803,51.12025940057703
31104,Adams Mill & Columbia Rd NW,outgoing_trips,GAM,test,2.5616463847672337,3.4769733897776955,0.2349059548151076,83.24509152503163,62.30378109065116
31104,Adams Mill & Columbia Rd NW,outgoing_trips,GAM,val,2.1551420607497227,2.9264118963427066,0.3879881660947684,67.99388553116856,56.98814607726875
31104,Adams Mill & Columbia Rd NW,outgoing_trips,HistGradientBoosting,test,1.9294624208197289,2.939889894730611,0.4530165088020672,52.36925454300727,46.92794641923751
31104,Adams Mill & Columbia Rd NW,outgoing_trips,HistGradientBoosting,val,1.8626769335068596,2.8004028450898963,0.4395589565864041,53.31904974479954,49.25452809571201
31104,Adams Mill & Columbia Rd NW,outgoing_trips,LightGBM,test,1.957377477758768,2.989476368950649,0.4344091987002071,51.073671080707285,47.6068900888264
31104,Adams Mill & Columbia Rd NW,outgoing_trips,LightGBM,val,1.8864412399293211,2.8421079029542207,0.4227418980580697,52.60088608076773,49.88292461327482
31104,Adams Mill & Columbia Rd NW,outgoing_trips,Linear Regression,test,1.9982436201960252,2.7671811040196506,0.5153957096588133,58.23355219487982,48.60082711603306
31104,Adams Mill & Columbia Rd NW,outgoing_trips,Linear Regression,val,1.935658918996825,2.687140140762868,0.4839764221873919,56.72075860894717,51.18438141065516
31104,Adams Mill & Columbia Rd NW,outgoing_trips,Naive (same hour last week),test,2.469916657152643,3.618841738303381,0.1711970861248196,82.48624407609918,60.07275150640047
31104,Adams Mill & Columbia Rd NW,outgoing_trips,Naive (same hour last week),val,2.514858248889901,3.665633188721573,0.0397442409289249,83.01116406988332,66.50007526719855
31104,Adams Mill & Columbia Rd NW,outgoing_trips,Poisson,test,2.5900785700626536,3.825804593807388,0.0736872185591918,77.99505416915108,62.99530223857713
31104,Adams Mill & Columbia Rd NW,outgoing_trips,Poisson,val,2.255269372290485,3.301945104113432,0.2208364817357271,66.60844977791587,59.63579977969992
31104,Adams Mill & Columbia Rd NW,outgoing_trips,Polynomial Regression,test,2.006157495508441,2.9386871412659703,0.4534639757052993,64.00952689753866,48.79330659250392
31104,Adams Mill & Columbia Rd NW,outgoing_trips,Polynomial Regression,val,1.9182150814108505,2.7170630442007653,0.4724199756970674,61.264294446416976,50.72311624275629
31104,Adams Mill & Columbia Rd NW,outgoing_trips,Random Forest,test,1.9035960286206004,2.6975043529665714,0.5394928301448738,62.00497418532347,46.2988299077773
31104,Adams Mill & Columbia Rd NW,outgoing_trips,Random Forest,val,1.8552774676076211,2.6406030290175537,0.5016951125770899,59.68470090753837,49.05886496461761
31104,Adams Mill & Columbia Rd NW,outgoing_trips,Soft Two-Stage,test,1.9958509921795609,3.016463044978474,0.4241516773344144,51.18161205113335,48.54263416127724
31104,Adams Mill & Columbia Rd NW,outgoing_trips,Soft Two-Stage,val,1.9115264491262167,2.8596715550866456,0.4155851759453056,52.178434800359774,50.5462495940857
31104,Adams Mill & Columbia Rd NW,outgoing_trips,XGBoost,test,1.8864549428742223,2.728560264427116,0.5288283097481712,54.55478307451255,45.88192831653935
31104,Adams Mill & Columbia Rd NW,outgoing_trips,XGBoost,val,1.8502307964887168,2.670231807039052,0.4904499575221496,54.27501916453716,48.92541648520367
31107,Lamont & Mt Pleasant NW,incoming_trips,GAM,test,1.864924014107076,2.781128666689794,0.4147596933521507,58.4599372557012,56.251487446413016
31107,Lamont & Mt Pleasant NW,incoming_trips,GAM,val,1.5365227843298743,2.2598565765976586,0.4739084770808657,55.24798531416887,55.58187650234467
31107,Lamont & Mt Pleasant NW,incoming_trips,HistGradientBoosting,test,1.799561533473082,2.8666533490064423,0.378211874660538,51.40164133374381,54.2799664991588
31107,Lamont & Mt Pleasant NW,incoming_trips,HistGradientBoosting,val,1.486202379918696,2.361480393454213,0.4255288308125762,51.2360308675161,53.76159597539501
31107,Lamont & Mt Pleasant NW,incoming_trips,LightGBM,test,1.7711074331378374,2.822695382797757,0.3971349714919503,51.44901038248907,53.42170876013057
31107,Lamont & Mt Pleasant NW,incoming_trips,LightGBM,val,1.4701178035833349,2.3286341749625943,0.4413985184486352,51.801974115816186,53.17975563786009
31107,Lamont & Mt Pleasant NW,incoming_trips,Linear Regression,test,1.7204563140594005,2.4721865603928905,0.5375608990033192,51.639745799499536,51.89392491079682
31107,Lamont & Mt Pleasant NW,incoming_trips,Linear Regression,val,1.4951254133292229,2.163190470103125,0.5179533473200206,51.175867415459855,54.084376051361474
31107,Lamont & Mt Pleasant NW,incoming_trips,Naive (same hour last week),test,2.0289987441488755,3.085677648954846,0.2795677007064653,78.72482811760737,61.20045456110748
31107,Lamont & Mt Pleasant NW,incoming_trips,Naive (same hour last week),val,1.8760104747808264,2.812987721320621,0.1848543365633188,82.0227376836339,67.86243822075782
31107,Lamont & Mt Pleasant NW,incoming_trips,Poisson,test,2.6344302719719725,4.858032454869166,-0.7857180548777982,79.66941194952886,79.46201574504117
31107,Lamont & Mt Pleasant NW,incoming_trips,Poisson,val,1.839981256752376,2.9874750351885493,0.0805923371369826,65.91688040835881,66.55912429182916
31107,Lamont & Mt Pleasant NW,incoming_trips,Polynomial Regression,test,1.7023019999045403,2.4346331714704257,0.5515034198995338,62.89320299750096,51.34633843163976
31107,Lamont & Mt Pleasant NW,incoming_trips,Polynomial Regression,val,1.480937693123408,2.145732724020739,0.5257025402746934,60.41628792668495,53.57115221871042
31107,Lamont & Mt Pleasant NW,incoming_trips,Random Forest,test,1.6648122454387155,2.4688926080962497,0.538792389837465,52.89242497698664,50.21553930162096
31107,Lamont & Mt Pleasant NW,incoming_trips,Random Forest,val,1.4574453851946396,2.1223797188149973,0.535970358650411,54.76396523119216,52.72134603856886
31107,Lamont & Mt Pleasant NW,incoming_trips,Soft Two-Stage,test,1.746300932869342,2.754353535948577,0.4259741729427375,50.70238220842705,52.67347316024164
31107,Lamont & Mt Pleasant NW,incoming_trips,Soft Two-Stage,val,1.4678460626518308,2.2781493329886597,0.4653569483846164,51.55432333087041,53.09757812302731
31107,Lamont & Mt Pleasant NW,incoming_trips,XGBoost,test,1.7925177902352998,2.74681448559074,0.4291122501172737,47.95201797168127,54.06750688615652
31107,Lamont & Mt Pleasant NW,incoming_trips,XGBoost,val,1.5151417798266786,2.298282204393793,0.4558655054964587,49.355571934681,54.808444201885166
31107,Lamont & Mt Pleasant NW,outgoing_trips,GAM,test,2.2831106499088003,3.375820534200212,0.1785688879787452,63.407484756258434,62.19758081161726
31107,Lamont & Mt Pleasant NW,outgoing_trips,GAM,val,1.7877182259050692,2.644595389698262,0.343951619997585,56.73659070547732,57.7899491281716
31107,Lamont & Mt Pleasant NW,outgoing_trips,HistGradientBoosting,test,1.9940911179168368,3.0559761646902457,0.326849191085348,54.475251111182445,54.3239739420054
31107,Lamont & Mt Pleasant NW,outgoing_trips,HistGradientBoosting,val,1.6665170552309525,2.576304164974048,0.3773963453310786,53.85575997795544,53.87198857597886
31107,Lamont & Mt Pleasant NW,outgoing_trips,LightGBM,test,1.972042354325207,3.021332522106053,0.3420248407567798,54.29811905917416,53.72331108961959
31107,Lamont & Mt Pleasant NW,outgoing_trips,LightGBM,val,1.656106281439044,2.554991810507968,0.3876546570262279,53.79441627834206,53.53544891379877
31107,Lamont & Mt Pleasant NW,outgoing_trips,Linear Regression,test,1.8854765671865088,2.6664525627197886,0.4875161659470584,56.2282599647768,51.36504494895071
31107,Lamont & Mt Pleasant NW,outgoing_trips,Linear Regression,val,1.6566533973867503,2.369520524322739,0.4733302872375553,55.0927322727856,53.55313503587718
31107,Lamont & Mt Pleasant NW,outgoing_trips,Naive (same hour last week),test,2.352551661148533,3.440356717566248,0.1468617822904178,84.17732020485052,64.08932570291117
31107,Lamont & Mt Pleasant NW,outgoing_trips,Naive (same hour last week),val,2.1162472959125584,3.1191927710881338,0.0873551114828304,83.76568357298122,68.41001104159
31107,Lamont & Mt Pleasant NW,outgoing_trips,Poisson,test,2.755326370568448,4.524773667576033,-0.4757274903173976,84.69907359488991,75.06190495088651
31107,Lamont & Mt Pleasant NW,outgoing_trips,Poisson,val,1.9690430314989409,2.9828110690092284,0.1654182444708761,69.74101281332199,63.65147201198085
31107,Lamont & Mt Pleasant NW,outgoing_trips,Polynomial Regression,test,1.98788693495876,2.763223621144724,0.4496429775914708,70.15282008858892,54.15495665371913
31107,Lamont & Mt Pleasant NW,outgoing_trips,Polynomial Regression,val,1.7154497595235376,2.4494346986737816,0.437206431256873,63.83494405744526,55.45379182147674
31107,Lamont & Mt Pleasant NW,outgoing_trips,Random Forest,test,1.9628412871424707,2.820900247190058,0.4264280497905193,62.4607611154205,53.47265126300355
31107,Lamont & Mt Pleasant NW,outgoing_trips,Random Forest,val,1.6858152591202913,2.440448012113345,0.4413285019078354,59.587885726468016,54.49582414741818
31107,Lamont & Mt Pleasant NW,outgoing_trips,Soft Two-Stage,test,1.966065022139706,2.975323018408964,0.3619118327192773,53.06178442443035,53.56047377743744
31107,Lamont & Mt Pleasant NW,outgoing_trips,Soft Two-Stage,val,1.6632506165387453,2.520280956904787,0.4041796801705724,52.32696299820149,53.76639736864115
31107,Lamont & Mt Pleasant NW,outgoing_trips,XGBoost,test,2.028250357696636,3.0260208497697856,0.339981241432723,51.76261940931435,55.25455611801702
31107,Lamont & Mt Pleasant NW,outgoing_trips,XGBoost,val,1.7016494224774086,2.5463939277165326,0.3917689676631525,51.399446982047415,55.00768081567568
31108,4th & M St SW,incoming_trips,GAM,test,1.5201741720153346,2.3013000798462384,0.5532424184811968,54.3035790410816,48.985378458841566
31108,4th & M St SW,incoming_trips,GAM,val,1.4071701172564683,2.141689387861741,0.5854470026179661,54.84737102781884,48.64667850060443
31108,4th & M St SW,incoming_trips,HistGradientBoosting,test,1.44389891379963,2.259289422826261,0.5694048196840933,51.95047217992504,46.52752036631212
31108,4th & M St SW,incoming_trips,HistGradientBoosting,val,1.376826819849271,2.1659860363544827,0.5759877585060953,53.777718406636566,47.59769329582046
31108,4th & M St SW,incoming_trips,LightGBM,test,1.442994504618295,2.262158248781021,0.5683105934153956,51.813477999996735,46.49837710967422
31108,4th & M St SW,incoming_trips,LightGBM,val,1.3783455126408537,2.1698279461971284,0.5744822441510229,53.83226909772772,47.65019537717317
31108,4th & M St SW,incoming_trips,Linear Regression,test,1.4697070178040748,2.222865018874109,0.5831770633179811,54.25222262935458,47.35914858710136
31108,4th & M St SW,incoming_trips,Linear Regression,val,1.4211195970737778,2.153894842506441,0.580708476369215,56.17078897734462,49.12892002321888
31108,4th & M St SW,incoming_trips,Naive (same hour last week),test,1.9469117479164288,3.0011034238218017,0.240220886008132,79.55355169275045,62.73636965639026
31108,4th & M St SW,incoming_trips,Naive (same hour last week),val,1.894910622794034,2.941708533291888,0.2178926437778842,80.11539787948827,65.50814768165
31108,4th & M St SW,incoming_trips,Poisson,test,1.641617596687258,2.4523604569916047,0.4926659214102151,53.51802904751636,52.898714330747154
31108,4th & M St SW,incoming_trips,Poisson,val,1.5875779149468854,2.312850682666144,0.5165380699336886,54.98979310643088,54.8834795992226
31108,4th & M St SW,incoming_trips,Polynomial Regression,test,1.5572136970163932,2.437044916673232,0.498982963849865,54.156602393862165,50.1789227141733
31108,4th & M St SW,incoming_trips,Polynomial Regression,val,1.4666050954410514,2.206400492617948,0.5600171163842118,55.19390734665145,50.70137980500179
31108,4th & M St SW,incoming_trips,Random Forest,test,1.5012222278081215,2.261900771080616,0.5684088571599553,55.44012027962096,48.37467991086505
31108,4th & M St SW,incoming_trips,Random Forest,val,1.4299476655421666,2.154696340968926,0.5803963682460127,56.69324364726746,49.434111416424656
31108,4th & M St SW,incoming_trips,Soft Two-Stage,test,1.4587171001705193,2.263388342448321,0.5678409863209395,50.65127535074724,47.00501464349047
31108,4th & M St SW,incoming_trips,Soft Two-Stage,val,1.3836107542712583,2.150974258329155,0.5818447862116629,52.568441480995496,47.83221780195412
31108,4th & M St SW,incoming_trips,XGBoost,test,1.4562079727544257,2.2523063078291234,0.5720625125903356,49.04760603385465,46.92416170022814
31108,4th & M St SW,incoming_trips,XGBoost,val,1.3942751965747548,2.1654356636627448,0.5762032124434768,51.80984044917645,48.20089369249811
31108,4th & M St SW,outgoing_trips,GAM,test,1.4522673818244842,2.1254398085559485,0.5655477112096053,52.27059221961088,47.63663257836444
31108,4th & M St SW,outgoing_trips,GAM,val,1.3553373061253735,1.9640927415386915,0.5764732925461258,54.07733553317882,47.80501811051426
31108,4th & M St SW,outgoing_trips,HistGradientBoosting,test,1.433371400697023,2.2215814182401794,0.5253549707518852,52.50111180343978,47.01681495976192
31108,4th & M St SW,outgoing_trips,HistGradientBoosting,val,1.315468424490691,2.019143928767712,0.5523986625321817,52.902477883251485,46.39877584153944
31108,4th & M St SW,outgoing_trips,LightGBM,test,1.4360859827005723,2.227126853943886,0.5229824278722339,52.52357126242372,47.10585747846427
31108,4th & M St SW,outgoing_trips,LightGBM,val,1.3174656448341489,2.023871711197625,0.5503001105840198,53.19916554971357,46.46922115006758
31108,4th & M St SW,outgoing_trips,Linear Regression,test,1.4282297646155475,2.142841677707294,0.5584045011743374,51.919387498842326,46.848161286250914
31108,4th & M St SW,outgoing_trips,Linear Regression,val,1.3423575301165995,1.9804027106354891,0.5694100939338198,54.28142123722536,47.347199658704845
31108,4th & M St SW,outgoing_trips,Naive (same hour last week),test,1.8833200137001944,2.857221958358974,0.2148865330560531,77.00398800835713,61.77583043103772
31108,4th & M St SW,outgoing_trips,Naive (same hour last week),val,1.805077991574633,2.721628930032641,0.1867676505387977,79.55229536201895,63.6681257780812
31108,4th & M St SW,outgoing_trips,Poisson,test,1.549706396880875,2.237266540185537,0.518628999112189,52.49735149841131,50.83278407025272
31108,4th & M St SW,outgoing_trips,Poisson,val,1.459221387130946,2.0680041074807924,0.5304740342006726,52.715262274028,51.46918374029597
31108,4th & M St SW,outgoing_trips,Polynomial Regression,test,1.4673604191455798,2.293807696236043,0.4939907223044935,53.07750457105287,48.13170771559799
31108,4th & M St SW,outgoing_trips,Polynomial Regression,val,1.360209470136025,2.016134787339312,0.5537317939307993,54.04187738337163,47.976867500119305
31108,4th & M St SW,outgoing_trips,Random Forest,test,1.4492936026821337,2.159598432088865,0.551471054078587,53.59066212025141,47.53908798971205
31108,4th & M St SW,outgoing_trips,Random Forest,val,1.3441823908137438,1.977425844555123,0.5707036137781831,53.60746130619239,47.41156555366094
31108,4th & M St SW,outgoing_trips,Soft Two-Stage,test,1.4452852764714887,2.2215349974996865,0.5253748063008779,50.0417741435333,47.40760864552211
31108,4th & M St SW,outgoing_trips,Soft Two-Stage,val,1.3357069039820055,2.018612186001464,0.5526343836515077,50.910535977222736,47.11262092957694
31108,4th & M St SW,outgoing_trips,XGBoost,test,1.4390751277496523,2.1979187067103685,0.535412287506393,49.283965018547896,47.203906092795584
31108,4th & M St SW,outgoing_trips,XGBoost,val,1.3266704152561577,2.004261549758439,0.5589725608769902,50.373430122880016,46.79388882854035
31114,18th St & Wyoming Ave NW,incoming_trips,GAM,test,2.8232750709439247,4.061652818397704,-0.4291661674829385,128.67192168916603,105.49942980545153
31114,18th St & Wyoming Ave NW,incoming_trips,GAM,val,2.0152394135270644,2.929586893552556,0.2752565298952928,83.69868333637918,73.02218643099224
31114,18th St & Wyoming Ave NW,incoming_trips,HistGradientBoosting,test,1.360805822778608,2.220056444278277,0.5730223296718984,51.23384569028013,50.85024830084397
31114,18th St & Wyoming Ave NW,incoming_trips,HistGradientBoosting,val,1.4110699002821454,2.268526756898653,0.5654303870916475,52.51907861788262,51.13010823127227
31114,18th St & Wyoming Ave NW,incoming_trips,LightGBM,test,1.3662944814477125,2.2228492173429464,0.5719474004496579,51.3880653768062,51.055347111776925
31114,18th St & Wyoming Ave NW,incoming_trips,LightGBM,val,1.4167690998645197,2.273863789423153,0.5633832078750923,52.590435540770464,51.33661868934393
31114,18th St & Wyoming Ave NW,incoming_trips,Linear Regression,test,1.4506802100530571,2.1748952668844286,0.5902171045437772,55.61851970299929,54.20865170586488
31114,18th St & Wyoming Ave NW,incoming_trips,Linear Regression,val,1.4909823037566867,2.21389355896224,0.5861099208754261,56.36368346402815,54.02573362719163
31114,18th St & Wyoming Ave NW,incoming_trips,Naive (same hour last week),test,1.8059139171138257,2.880106047698068,0.2813886228767994,80.8676598045572,67.48293515358363
31114,18th St & Wyoming Ave NW,incoming_trips,Naive (same hour last week),val,1.9118752134805876,2.9836550448815826,0.2482580873317288,84.90591447604227,69.27678534593011
31114,18th St & Wyoming Ave NW,incoming_trips,Poisson,test,1.5616354354980932,2.3823984406492444,0.5082935300986554,56.09592220279222,58.35479854747355
31114,18th St & Wyoming Ave NW,incoming_trips,Poisson,val,1.6111150709892008,2.4298783455522392,0.501413397381731,57.713555876774905,58.37874363009262
31114,18th St & Wyoming Ave NW,incoming_trips,Polynomial Regression,test,1.461426804506304,2.182574450137718,0.5873182492297053,60.01608394238267,54.61022773323684
31114,18th St & Wyoming Ave NW,incoming_trips,Polynomial Regression,val,1.4618678753052032,2.20800741095932,0.5883078401276844,57.694222144292674,52.9707725104402
31114,18th St & Wyoming Ave NW,incoming_trips,Random Forest,test,1.7336138534147991,2.75402210285489,0.3429294940434945,76.25160860104532,64.78124463336273
31114,18th St & Wyoming Ave NW,incoming_trips,Random Forest,val,1.606117206796857,2.5023433176919423,0.4712317973854666,66.61109302932593,58.19764605510456
31114,18th St & Wyoming Ave NW,incoming_trips,Soft Two-Stage,test,1.3920657779354833,2.2284251498345307,0.5697971997359537,51.13377577909876,52.01836241014035
31114,18th St & Wyoming Ave NW,incoming_trips,Soft Two-Stage,val,1.4326414467077335,2.277607431747868,0.5619443506802745,51.5607883889256,51.91175306916137
31114,18th St & Wyoming Ave NW,incoming_trips,XGBoost,test,1.3866151172778518,2.1989643213440173,0.581096975211955,51.06560472379089,51.81468349930335
31114,18th St & Wyoming Ave NW,incoming_trips,XGBoost,val,1.4277659558974647,2.25001586373866,0.5724935187280287,51.90215951320496,51.73508969283978
31114,18th St & Wyoming Ave NW,outgoing_trips,GAM,test,3.311817915953594,4.7670243519109885,-1.0147861055012286,143.82467567232516,112.19575759364736
31114,18th St & Wyoming Ave NW,outgoing_trips,GAM,val,2.329933232440065,3.3326045147100483,0.0189179960601932,90.4438982584826,76.09059113750683
31114,18th St & Wyoming Ave NW,outgoing_trips,HistGradientBoosting,test,1.572103583480195,2.4748560806526125,0.4569571455071143,55.700892387481694,53.25877117657332
31114,18th St & Wyoming Ave NW,outgoing_trips,HistGradientBoosting,val,1.5954278561654252,2.479937433021024,0.4567256499365993,53.977771126036046,52.10323068603008
31114,18th St & Wyoming Ave NW,outgoing_trips,LightGBM,test,1.5636344562037772,2.460676711246064,0.4631619080409405,55.59890501096167,52.97185922215775
31114,18th St & Wyoming Ave NW,outgoing_trips,LightGBM,val,1.5917315319033656,2.468801089330591,0.4615939225071783,54.02054961548177,51.98251671267665
31114,18th St & Wyoming Ave NW,outgoing_trips,Linear Regression,test,1.679508312674551,2.4200838617920346,0.480727842098117,62.45154902839081,56.89736341410324
31114,18th St & Wyoming Ave NW,outgoing_trips,Linear Regression,val,1.6878862691977408,2.4154803662996547,0.4845995702021299,60.30474683161202,55.122722920962886
31114,18th St & Wyoming Ave NW,outgoing_trips,Naive (same hour last week),test,2.139741979678045,3.249667358072329,0.0637064699251495,89.74357316726433,72.488880293947
31114,18th St & Wyoming Ave NW,outgoing_trips,Naive (same hour last week),val,2.173858590458841,3.2964120931927727,0.0401115847315296,88.32549402764893,70.993530155425
31114,18th St & Wyoming Ave NW,outgoing_trips,Poisson,test,1.8060947539132284,2.6113129869164307,0.3954223843430726,64.13143508798747,61.18578205192794
31114,18th St & Wyoming Ave NW,outgoing_trips,Poisson,val,1.843574369802432,2.620880706398631,0.3932185989476179,62.9215048198578,60.20716029588294
31114,18th St & Wyoming Ave NW,outgoing_trips,Polynomial Regression,test,1.6486662466328204,2.422840042925532,0.4795443929347658,64.84274439806885,55.85251461712192
31114,18th St & Wyoming Ave NW,outgoing_trips,Polynomial Regression,val,1.6455050319872575,2.439321700528031,0.4743751229890071,59.82101886699975,53.73864317670888
31114,18th St & Wyoming Ave NW,outgoing_trips,Random Forest,test,1.889205570637286,2.789723590778361,0.3099881389438282,80.3177819515952,64.00135986544959
31114,18th St & Wyoming Ave NW,outgoing_trips,Random Forest,val,1.794099129953925,2.636214715046848,0.3860976263155162,70.247617087276,58.591405735053634
31114,18th St & Wyoming Ave NW,outgoing_trips,Soft Two-Stage,test,1.5767929060303598,2.437168808174037,0.4733702023093322,55.80430119681867,53.41763320023176
31114,18th St & Wyoming Ave NW,outgoing_trips,Soft Two-Stage,val,1.606069295918311,2.449280683163874,0.4700744398804872,54.26258672376615,52.45075714304501
31114,18th St & Wyoming Ave NW,outgoing_trips,XGBoost,test,1.588135555197626,2.4527958007352937,0.4665951082715186,55.521031271428754,53.80189258548058
31114,18th St & Wyoming Ave NW,outgoing_trips,XGBoost,val,1.614217994776224,2.4666396524797074,0.4625362595129232,53.07514124717364,52.71687606201968
31116,California St & Florida Ave NW,incoming_trips,GAM,test,1.4573830006880255,2.05783116342196,0.5515869197159787,60.73556045958247,58.10823790525499
31116,California St & Florida Ave NW,incoming_trips,GAM,val,1.3786690103804031,1.968477986388331,0.6107635699142002,54.28649788527328,53.70254531741655
31116,California St & Florida Ave NW,incoming_trips,HistGradientBoosting,test,1.265005569965183,1.9756319959025967,0.5866947755796701,49.63837741426917,50.437835885492696
31116,California St & Florida Ave NW,incoming_trips,HistGradientBoosting,val,1.2559321808444657,1.9623306455423757,0.6131908592660136,46.98387950538028,48.92164424497489
31116,California St & Florida Ave NW,incoming_trips,LightGBM,test,1.2661148482688511,1.9758160705094,0.5866177546151705,49.32942613259776,50.48206462120752
31116,California St & Florida Ave NW,incoming_trips,LightGBM,val,1.2553853003679614,1.9580985351576587,0.6148575036980011,46.72766810880052,48.90034190674032
31116,California St & Florida Ave NW,incoming_trips,Linear Regression,test,1.3365569481664543,1.9796928861963392,0.584993940473671,53.42678829054106,53.29070606787133
31116,California St & Florida Ave NW,incoming_trips,Linear Regression,val,1.329854234084832,1.9565360938868823,0.6154718981586984,51.149433928717805,51.80108984374259
31116,California St & Florida Ave NW,incoming_trips,Naive (same hour last week),test,1.7167484872702363,2.665698438983495,0.2475444874038103,80.07264015534547,68.44956300072833
31116,California St & Florida Ave NW,incoming_trips,Naive (same hour last week),val,1.687805988842081,2.634819699550689,0.3026446138760692,76.04562512959085,65.74419017207734
31116,California St & Florida Ave NW,incoming_trips,Poisson,test,1.4414320442739108,2.10945191292499,0.5288078438400551,52.43708764193602,57.47224724961392
31116,California St & Florida Ave NW,incoming_trips,Poisson,val,1.4211088831554255,2.077638722898039,0.5663968605355574,50.50168866813033,55.35568263595043
31116,California St & Florida Ave NW,incoming_trips,Polynomial Regression,test,1.3645115111644488,2.0686616900613184,0.5468544323291766,57.22351429153122,54.40530010146307
31116,California St & Florida Ave NW,incoming_trips,Polynomial Regression,val,1.2985485158364942,1.9637000022230944,0.6126508233722785,52.56074263706603,50.581655200425445
31116,California St & Florida Ave NW,incoming_trips,Random Forest,test,1.3026507417688578,1.9232096294457248,0.6083374541272536,54.58705078411624,51.93881030204581
31116,California St & Florida Ave NW,incoming_trips,Random Forest,val,1.2782084666846782,1.8928959052295289,0.6400801332137998,51.11600373215792,49.789360310854754
31116,California St & Florida Ave NW,incoming_trips,Soft Two-Stage,test,1.290499398405748,1.983967824160633,0.5831996816876384,51.81688469180921,51.45431641768001
31116,California St & Florida Ave NW,incoming_trips,Soft Two-Stage,val,1.2743792884672829,1.950065930118244,0.6180109221236298,48.94684573711323,49.64020441107037
31116,California St & Florida Ave NW,incoming_trips,XGBoost,test,1.281970104670707,1.9748252144024163,0.5870322664943987,48.77463496254138,51.11423956122872
31116,California St & Florida Ave NW,incoming_trips,XGBoost,val,1.2658062080884849,1.9423170746820455,0.6210406629715903,46.10301455737467,49.30626186642345
31116,California St & Florida Ave NW,outgoing_trips,GAM,test,1.5655029159610974,2.172151598861914,0.4626735353032966,63.17680420843415,59.12487082141795
31116,California St & Florida Ave NW,outgoing_trips,GAM,val,1.4547995467740564,2.084417361963194,0.5297462523205063,58.14517466379927,56.43275514228663
31116,California St & Florida Ave NW,outgoing_trips,HistGradientBoosting,test,1.4024861799878754,2.165081568249653,0.4661656783977713,53.80366415348023,52.96816337751725
31116,California St & Florida Ave NW,outgoing_trips,HistGradientBoosting,val,1.3255470643644618,2.0864544386037784,0.5288266562403479,51.03714867824842,51.418955332183856
31116,California St & Florida Ave NW,outgoing_trips,LightGBM,test,1.4081004822036436,2.1651455469165084,0.4661341280734342,52.96768997485097,53.18020060202533
31116,California St & Florida Ave NW,outgoing_trips,LightGBM,val,1.3270294801700375,2.076515286740812,0.5333049799254063,50.08598844915914,51.47645934252027
31116,California St & Florida Ave NW,outgoing_trips,Linear Regression,test,1.47834235747782,2.136460562067566,0.4801862927861138,57.59666973883333,55.8330489356167
31116,California St & Florida Ave NW,outgoing_trips,Linear Regression,val,1.407470573049257,2.065636771929141,0.5381820449583732,55.8022746495343,54.59682909235767
31116,California St & Florida Ave NW,outgoing_trips,Naive (same hour last week),test,1.9245347642424933,2.879848374184712,0.0555103315419203,85.43306827973947,72.68454639530873
31116,California St & Florida Ave NW,outgoing_trips,Naive (same hour last week),val,1.8240919959011728,2.8026881583807417,0.1498169178319933,84.25653121235631,70.75788357918911
31116,California St & Florida Ave NW,outgoing_trips,Poisson,test,1.578140114982424,2.2565659905838418,0.4200987517137217,56.90991244266719,59.60214413216218
31116,California St & Florida Ave NW,outgoing_trips,Poisson,val,1.5362092399931837,2.2347095448840544,0.4594883370876056,56.37951628785552,59.590697618850506
31116,California St & Florida Ave NW,outgoing_trips,Polynomial Regression,test,1.4782821563752744,2.1702374569339398,0.4636201229541529,58.34194853540793,55.83077530049599
31116,California St & Florida Ave NW,outgoing_trips,Polynomial Regression,val,1.3778685186467747,2.0468139898976867,0.5465601813431,55.22573420902567,53.44854341168899
31116,California St & Florida Ave NW,outgoing_trips,Random Forest,test,1.4385475451242742,2.111505084166216,0.4922590051529671,58.19435291741739,54.3301049833715
31116,California St & Florida Ave NW,outgoing_trips,Random Forest,val,1.3624421260304689,2.022789312461416,0.5571422979767832,55.25195676308644,52.85014218234081
31116,California St & Florida Ave NW,outgoing_trips,Soft Two-Stage,test,1.4208993863771522,2.157714090928553,0.4697926276665903,52.99940499550334,53.66358108519091
31116,California St & Florida Ave NW,outgoing_trips,Soft Two-Stage,val,1.340371563805107,2.065100523816659,0.5384217936544626,50.24887277045404,51.99400867812144
31116,California St & Florida Ave NW,outgoing_trips,XGBoost,test,1.4276522443996342,2.1647075124545343,0.4663501209380583,51.38062083895332,53.918618526631576
31116,California St & Florida Ave NW,outgoing_trips,XGBoost,val,1.3410962599966705,2.0630364954485483,0.5393440096851831,49.15528129623792,52.02212018174524
31119,14th & Belmont St NW,incoming_trips,GAM,test,1.9479688401066195,2.789954497486117,0.4292596195836439,63.324797235425,57.32708084028451
31119,14th & Belmont St NW,incoming_trips,GAM,val,1.562613568357681,2.205309317908668,0.5219306897218761,56.64644193686184,55.11599924053456
31119,14th & Belmont St NW,incoming_trips,HistGradientBoosting,test,1.771119594654795,2.738760120023484,0.4500130932894469,50.279568091081806,52.12255662930938
31119,14th & Belmont St NW,incoming_trips,HistGradientBoosting,val,1.4605772762787426,2.243877577282478,0.5050627310383267,48.7718162978237,51.51700822278702
31119,14th & Belmont St NW,incoming_trips,LightGBM,test,1.7396218854937913,2.693772736426293,0.4679330706843342,49.97932095267689,51.19560560104868
31119,14th & Belmont St NW,incoming_trips,LightGBM,val,1.4474850659908682,2.2180523783370183,0.5163898187692592,48.9773817650597,51.05522402553228
31119,14th & Belmont St NW,incoming_trips,Linear Regression,test,1.6781226179652426,2.4138570368129337,0.5727643841293808,52.67109375072031,49.38573400113416
31119,14th & Belmont St NW,incoming_trips,Linear Regression,val,1.47848826952555,2.118115806996008,0.5589871513000225,51.5902005344653,52.14875897049479
31119,14th & Belmont St NW,incoming_trips,Naive (same hour last week),test,2.0989839022719488,3.1449911428701336,0.274757555142765,79.16775861306435,61.7713268151732
31119,14th & Belmont St NW,incoming_trips,Naive (same hour last week),val,1.8539223499943072,2.7943885802242936,0.232416844397364,80.07172535978296,65.39094815469258
31119,14th & Belmont St NW,incoming_trips,Poisson,test,2.633091376361213,5.523612293365586,-1.237127492162183,78.32333113705917,77.48965952877018
31119,14th & Belmont St NW,incoming_trips,Poisson,val,1.7240849512171486,2.778402017150817,0.2411743347973668,58.84894591395775,60.81136551359469
31119,14th & Belmont St NW,incoming_trips,Polynomial Regression,test,1.786562893749242,2.602660668000407,0.5033168144970585,59.54413146538064,52.57703990306626
31119,14th & Belmont St NW,incoming_trips,Polynomial Regression,val,1.4783367482175669,2.098897884449732,0.5669535729619238,55.96141288439449,52.14341456003731
31119,14th & Belmont St NW,incoming_trips,Random Forest,test,1.721308453035748,2.5255112759231397,0.5323262612597589,50.82327186443407,50.65665672190342
31119,14th & Belmont St NW,incoming_trips,Random Forest,val,1.4517176761768806,2.099215831724986,0.566822364711068,51.52577529956901,51.20451527995479
31119,14th & Belmont St NW,incoming_trips,Soft Two-Stage,test,1.800286705238698,2.7707114532318537,0.4371055588989548,50.20681916266238,52.98092010612423
31119,14th & Belmont St NW,incoming_trips,Soft Two-Stage,val,1.4861721249005009,2.251786674646141,0.5015675262113325,49.80493658717894,52.41978142645315
31119,14th & Belmont St NW,incoming_trips,XGBoost,test,1.815481385918685,2.734686646185423,0.4516479142219536,47.99626589420532,53.42808674952714
31119,14th & Belmont St NW,incoming_trips,XGBoost,val,1.4938494395611095,2.2306509403276067,0.5108803939490865,47.50001850274654,52.69057318045552
31119,14th & Belmont St NW,outgoing_trips,GAM,test,2.600411225812989,3.888967700505957,-0.1197404551784502,69.58012757608844,71.10702399755236
31119,14th & Belmont St NW,outgoing_trips,GAM,val,1.63670538875934,2.386230409831092,0.3340830035790105,55.89442822327689,56.63757704374643
31119,14th & Belmont St NW,outgoing_trips,HistGradientBoosting,test,1.929576513944253,2.943483842053075,0.3585364120733432,52.35223728394119,52.763363778839015
31119,14th & Belmont St NW,outgoing_trips,HistGradientBoosting,val,1.4921461786201995,2.232011731884733,0.4173761030858254,51.46433145292528,51.63515971325485
31119,14th & Belmont St NW,outgoing_trips,LightGBM,test,1.9443068429168635,2.9620916061140004,0.3504005212916594,52.14608761093281,53.16615770825677
31119,14th & Belmont St NW,outgoing_trips,LightGBM,val,1.49779194484666,2.2414859989074865,0.4124194538130652,51.14483344974984,51.83052933922311
31119,14th & Belmont St NW,outgoing_trips,Linear Regression,test,1.798018500362441,2.5557599670294837,0.5163971817419715,55.007381742568896,49.16597166794025
31119,14th & Belmont St NW,outgoing_trips,Linear Regression,val,1.5031902967706408,2.1156748126658367,0.4765283344203079,53.75798522107952,52.017337285908894
31119,14th & Belmont St NW,outgoing_trips,Naive (same hour last week),test,2.255051946569243,3.30954329708121,0.1890672667407761,79.52402949038209,61.663336663336665
31119,14th & Belmont St NW,outgoing_trips,Naive (same hour last week),val,1.919731299100535,2.813837572686197,0.0740375049779049,79.71525134126361,66.43158267995744
31119,14th & Belmont St NW,outgoing_trips,Poisson,test,2.8464980321604227,5.411033168656104,-1.167749471377161,84.93469158157943,77.83615217186922
31119,14th & Belmont St NW,outgoing_trips,Poisson,val,1.7485607425503835,2.5874250794412847,0.2170556139832196,63.66096069995877,60.5082896726686
31119,14th & Belmont St NW,outgoing_trips,Polynomial Regression,test,2.026583860943823,2.9164098193360557,0.3702824451860411,64.33248446500987,55.41598413463706
31119,14th & Belmont St NW,outgoing_trips,Polynomial Regression,val,1.5185838806318048,2.1918353445020182,0.4381618835681349,57.91302210995117,52.550026490639226
31119,14th & Belmont St NW,outgoing_trips,Random Forest,test,1.8255939985339968,2.6791267214768677,0.4685832869256373,54.88932059760171,49.92001071790484
31119,14th & Belmont St NW,outgoing_trips,Random Forest,val,1.484155312739921,2.1088045013552525,0.4799225932151203,55.42377247294462,51.358638791988994
31119,14th & Belmont St NW,outgoing_trips,Soft Two-Stage,test,1.9604275535385824,2.967663143553352,0.3479544985999421,51.473521749731134,53.606970971042834
31119,14th & Belmont St NW,outgoing_trips,Soft Two-Stage,val,1.5089081713276262,2.2379575724074234,0.4142678731062102,50.430184071426055,52.21520219365093
31119,14th & Belmont St NW,outgoing_trips,XGBoost,test,1.9671421649650556,2.9663879225695875,0.3485147531942503,50.08258728551098,53.79057886778509
31119,14th & Belmont St NW,outgoing_trips,XGBoost,val,1.514201691824626,2.231148451438931,0.4178267015690271,49.466645550777486,52.398382488064655
31124,14th & Irving St NW,incoming_trips,GAM,test,2.123262500467995,2.8942301788163185,0.4273823862191145,67.16496050477664,54.99987059087705
31124,14th & Irving St NW,incoming_trips,GAM,val,1.798991196892861,2.53003342612938,0.4599858048654545,58.91433108759004,53.01838696164685
31124,14th & Irving St NW,incoming_trips,HistGradientBoosting,test,1.92560080465471,2.920333200094293,0.4170069478850595,50.9990096925926,49.8797464008121
31124,14th & Irving St NW,incoming_trips,HistGradientBoosting,val,1.6703157745067363,2.5413112500211086,0.4551607628963544,50.24268646032152,49.226170886157526
31124,14th & Irving St NW,incoming_trips,LightGBM,test,1.9040352166574748,2.884778092082289,0.4311164315128201,50.504711476182216,49.32112279737038
31124,14th & Irving St NW,incoming_trips,LightGBM,val,1.665589165987163,2.5252915262870403,0.4620081445851234,50.08504800584272,49.086872172556376
31124,14th & Irving St NW,incoming_trips,Linear Regression,test,1.8479407483383083,2.608336577083913,0.5349219631164357,51.88089671802231,47.86808131157285
31124,14th & Irving St NW,incoming_trips,Linear Regression,val,1.6580072316188166,2.3583421469773103,0.5307910547225347,51.303668823647484,48.86342364709773
31124,14th & Irving St NW,incoming_trips,Naive (same hour last week),test,2.263728736157096,3.3252022455395545,0.2441516007374166,77.93757895992417,58.63843378482285
31124,14th & Irving St NW,incoming_trips,Naive (same hour last week),val,2.120118410565866,3.11513843057554,0.1813328591071319,78.50254040161718,62.48238373263539
31124,14th & Irving St NW,incoming_trips,Poisson,test,2.14093150023684,3.3150031252626646,0.2487811935213637,61.74400998276079,55.457559030503575
31124,14th & Irving St NW,incoming_trips,Poisson,val,1.7982079367127246,2.655881914016336,0.4049270884488837,56.46357162778626,52.9953033626866
31124,14th & Irving St NW,incoming_trips,Polynomial Regression,test,1.8273576630778732,2.6064931208235715,0.5355791237431662,59.64693490195191,47.3349079401996
31124,14th & Irving St NW,incoming_trips,Polynomial Regression,val,1.664603397113413,2.403321943380202,0.512722271878868,57.60693543160471,49.0578204041578
31124,14th & Irving St NW,incoming_trips,Random Forest,test,1.8899019682595035,2.7932440412547344,0.4666450508576192,52.64208342318092,48.955022594147366
31124,14th & Irving St NW,incoming_trips,Random Forest,val,1.6523424812196206,2.4530145795488867,0.4923634112941401,52.21416180760235,48.69647678864481
31124,14th & Irving St NW,incoming_trips,Soft Two-Stage,test,1.9467376324875991,2.925203131360953,0.415060934768227,50.384318456423706,50.42726362736997
31124,14th & Irving St NW,incoming_trips,Soft Two-Stage,val,1.6867735950655252,2.544295173231625,0.4538805474946807,49.73500763660827,49.71120221951717
31124,14th & Irving St NW,incoming_trips,XGBoost,test,2.0381309148112217,3.023232408450038,0.375199114455184,48.60153600666816,52.79466695106019
31124,14th & Irving St NW,incoming_trips,XGBoost,val,1.7395347004433062,2.609486745592599,0.4255359593085577,48.23596201903162,51.266134064806245
31124,14th & Irving St NW,outgoing_trips,GAM,test,2.218799306968971,3.2786041631464315,0.4077861024619199,62.2751929121254,52.274095243803366
31124,14th & Irving St NW,outgoing_trips,GAM,val,1.9460951776966249,2.931780049669486,0.45141326699627,60.51390269334057,50.93284646654983
31124,14th & Irving St NW,outgoing_trips,HistGradientBoosting,test,1.8738755594179224,2.839491380274955,0.5557967496294118,55.48570937650633,44.14781866948621
31124,14th & Irving St NW,outgoing_trips,HistGradientBoosting,val,1.720548733309464,2.6537171614632333,0.5505392252637219,55.0730510775535,45.02988624409852
31124,14th & Irving St NW,outgoing_trips,LightGBM,test,1.872205414320249,2.83190504014019,0.5581671567223154,55.7190581474028,44.10847066553086
31124,14th & Irving St NW,outgoing_trips,LightGBM,val,1.7190071258088997,2.642912936019211,0.5541916040510455,55.66707882452195,44.98953957501583
31124,14th & Irving St NW,outgoing_trips,Linear Regression,test,1.919981158191783,2.827582315451286,0.5595149872641804,56.393317640123975,45.23404961160317
31124,14th & Irving St NW,outgoing_trips,Linear Regression,val,1.7821399032101044,2.6642202768506893,0.5469743536754148,57.95048386761822,46.64183905925191
31124,14th & Irving St NW,outgoing_trips,Naive (same hour last week),test,2.4953761844959472,3.733363981955212,0.2321059733212807,80.57778850821859,58.79014470923665
31124,14th & Irving St NW,outgoing_trips,Naive (same hour last week),val,2.3573949675509507,3.5766679741217318,0.1835308456492904,82.23237843146511,61.69730921660359
31124,14th & Irving St NW,outgoing_trips,Poisson,test,2.5028540572543325,3.6911029259120407,0.2493924404190345,73.64520394439134,58.96632063986954
31124,14th & Irving St NW,outgoing_trips,Poisson,val,2.13305327666998,3.063422545754034,0.4010420432257746,67.36672238668416,55.82587958220577
31124,14th & Irving St NW,outgoing_trips,Polynomial Regression,test,2.1811793158527104,3.156186436008692,0.4511850655650942,65.41553810034615,51.38778209573912
31124,14th & Irving St NW,outgoing_trips,Polynomial Regression,val,1.9312626395159307,2.8428840840290217,0.4841768441070081,63.30742635125954,50.54465199460181
31124,14th & Irving St NW,outgoing_trips,Random Forest,test,2.0420466620573325,2.975921826627723,0.51208557258874,67.7264515415669,48.109867967508144
31124,14th & Irving St NW,outgoing_trips,Random Forest,val,1.835018575772953,2.679429842742556,0.5417871014786162,64.70526228283559,48.02576999020784
31124,14th & Irving St NW,outgoing_trips,Soft Two-Stage,test,1.908553495605988,2.8757677152592755,0.544374281633754,54.49918758057875,44.964818085999376
31124,14th & Irving St NW,outgoing_trips,Soft Two-Stage,val,1.750053817716568,2.6662507225527383,0.5462835740889538,54.53364008454996,45.80208790787752
31124,14th & Irving St NW,outgoing_trips,XGBoost,test,1.9858484830789145,2.960118342574001,0.517253903311581,51.60443909201851,46.78585954943303
31124,14th & Irving St NW,outgoing_trips,XGBoost,val,1.8040911316219796,2.7219530987555016,0.5271277752521644,52.27405780276032,47.21634258778821
31125,15th & W St NW,incoming_trips,GAM,test,1.8313403213254316,2.5629424839454846,0.6197965473221405,63.34241923991082,51.29908175665821
31125,15th & W St NW,incoming_trips,GAM,val,1.712301650405026,2.4432966231616686,0.650461887064121,59.1670387742127,48.68928190723693
31125,15th & W St NW,incoming_trips,HistGradientBoosting,test,1.6304611857460367,2.549456128890613,0.6237873259128395,51.42566822260882,45.672101845116686
31125,15th & W St NW,incoming_trips,HistGradientBoosting,val,1.578127777763789,2.4646678268306283,0.6443204141719121,50.54580452900164,44.874049054970726
31125,15th & W St NW,incoming_trips,LightGBM,test,1.6292898609141186,2.554045066320598,0.6224317660750802,50.94541950494167,45.63929096468312
31125,15th & W St NW,incoming_trips,LightGBM,val,1.58051208612597,2.4683356471999502,0.6432610101262284,50.1374815239657,44.94184684163557
31125,15th & W St NW,incoming_trips,Linear Regression,test,1.6693727045933326,2.5014733142390373,0.63781531301739,53.19319870771096,46.7620823164572
31125,15th & W St NW,incoming_trips,Linear Regression,val,1.611405949920945,2.4122731381542613,0.6592819752699988,52.70329621252099,45.820313578592526
31125,15th & W St NW,incoming_trips,Naive (same hour last week),test,2.1633748144765383,3.304416568002907,0.3679842251632891,79.76217168049979,60.59995522722185
31125,15th & W St NW,incoming_trips,Naive (same hour last week),val,2.101787544119321,3.2317239396330004,0.3884800096805509,78.61429997421149,59.764309764309765
31125,15th & W St NW,incoming_trips,Poisson,test,1.8420038489688533,2.7968822081043654,0.5472205696687237,55.466730074367874,51.59778602807313
31125,15th & W St NW,incoming_trips,Poisson,val,1.7875948735249498,2.7549293126942485,0.5556112379462058,53.83976413344028,50.83024402411822
31125,15th & W St NW,incoming_trips,Polynomial Regression,test,1.657302639438734,2.4585063569971477,0.6501507015275709,55.28856063579004,46.42397844140802
31125,15th & W St NW,incoming_trips,Polynomial Regression,val,1.5616471671360086,2.3180227641807503,0.6853863646336704,53.939699896585424,44.40542304116668
31125,15th & W St NW,incoming_trips,Random Forest,test,1.7170296539382888,2.539064983569318,0.6268478326192284,61.7131748961348,48.09703776534418
31125,15th & W St NW,incoming_trips,Random Forest,val,1.647040663408187,2.446923613730799,0.6494233619756068,58.46303197235287,46.83358633357325
31125,15th & W St NW,incoming_trips,Soft Two-Stage,test,1.6484291538964178,2.552212517880132,0.6229733883518775,49.4887599896787,46.17541641555125
31125,15th & W St NW,incoming_trips,Soft Two-Stage,val,1.6027473637731269,2.4763882678211524,0.6409295852034609,48.8622169935548,45.574106759969474
31125,15th & W St NW,incoming_trips,XGBoost,test,1.6886903782978069,2.601079275014872,0.6083974477494131,49.44697444605859,47.30320452688122
31125,15th & W St NW,incoming_trips,XGBoost,val,1.6128192200143967,2.478029006381038,0.6404536211945858,48.2839780237478,45.86049990088852
31125,15th & W St NW,outgoing_trips,GAM,test,1.740189954686184,2.491486537555902,0.5497916685448732,55.73006196957782,49.19894068331004
31125,15th & W St NW,outgoing_trips,GAM,val,1.696427929969597,2.455973788869248,0.5921251434440388,53.88599143084046,48.069836459294656
31125,15th & W St NW,outgoing_trips,HistGradientBoosting,test,1.6982235955748572,2.5462153701866623,0.5297955782852954,53.07555831933175,48.012460778025805
31125,15th & W St NW,outgoing_trips,HistGradientBoosting,val,1.6357599456836558,2.5008812036458443,0.5770728128673492,50.53819585121485,46.35075365511533
31125,15th & W St NW,outgoing_trips,LightGBM,test,1.699874448614115,2.548082377718495,0.5291057724995978,52.699274984548175,48.05913397053367
31125,15th & W St NW,outgoing_trips,LightGBM,val,1.6377810717247017,2.5065913915085365,0.5751392938109712,49.98381507296452,46.4080241094272
31125,15th & W St NW,outgoing_trips,Linear Regression,test,1.7076145818656556,2.473473091753018,0.5562781466539781,56.31676826330991,48.27796430896768
31125,15th & W St NW,outgoing_trips,Linear Regression,val,1.6690009219755693,2.438220326147364,0.5980006287170929,54.85286419783802,47.2926671109544
31125,15th & W St NW,outgoing_trips,Naive (same hour last week),test,2.2202306199337825,3.275474951376603,0.2218828218260015,82.3383831784651,62.770730447693744
31125,15th & W St NW,outgoing_trips,Naive (same hour last week),val,2.18797677331208,3.2735366737747964,0.2753740204413123,81.12534332621078,61.99832236417602
31125,15th & W St NW,outgoing_trips,Poisson,test,1.9009271679060484,2.7748407242953865,0.4415650933119956,60.83769236846768,53.743329988344726
31125,15th & W St NW,outgoing_trips,Poisson,val,1.8891572989343288,2.8133502483392445,0.4647864682306818,58.60745213565707,53.5309993435934
31125,15th & W St NW,outgoing_trips,Polynomial Regression,test,1.7310722778154786,2.642407427977195,0.4935973134572107,60.68229847017147,48.94116420188431
31125,15th & W St NW,outgoing_trips,Polynomial Regression,val,1.6183686131862929,2.378298968518676,0.6175167913225567,54.84694930530327,45.85795434770682
31125,15th & W St NW,outgoing_trips,Random Forest,test,1.6902916232594618,2.429392236452072,0.5719527447720816,57.71155254641948,47.78820673357744
31125,15th & W St NW,outgoing_trips,Random Forest,val,1.6291865593479329,2.3822844913889747,0.6162337963104496,54.278037527328834,46.16449074316974
31125,15th & W St NW,outgoing_trips,Soft Two-Stage,test,1.7108374033316236,2.54200036988313,0.5313510408568076,52.1810744352924,48.36908045505856
31125,15th & W St NW,outgoing_trips,Soft Two-Stage,val,1.650392742803642,2.5002553882469,0.5772844512531874,49.352631068200594,46.76538734044518
31125,15th & W St NW,outgoing_trips,XGBoost,test,1.7319641708164275,2.5583645873158383,0.5252977306179523,50.62693113628435,48.96637994958552
31125,15th & W St NW,outgoing_trips,XGBoost,val,1.6583230918624854,2.50566551760742,0.5754531022686399,47.93795919581198,46.99010103183704
31128,23rd & M St NW,incoming_trips,GAM,test,1.671756925701242,2.215213084665974,0.3889455093640102,73.73021849982985,61.07323536960785
31128,23rd & M St NW,incoming_trips,GAM,val,1.5790550534105052,2.1672278038258384,0.4618515871248215,64.10227339613826,54.8717726374064
31128,23rd & M St NW,incoming_trips,HistGradientBoosting,test,1.3258331208594338,1.97116401422742,0.5161681565292533,55.76630523648284,48.43582042712621
31128,23rd & M St NW,incoming_trips,HistGradientBoosting,val,1.4000898659878025,2.0841282659668625,0.5023295852045101,55.76583280439704,48.65277662896487
31128,23rd & M St NW,incoming_trips,LightGBM,test,1.3227115978376385,1.969982051051328,0.5167482198456514,55.64277136274094,48.32178380655604
31128,23rd & M St NW,incoming_trips,LightGBM,val,1.3983469119718182,2.0827614132146497,0.5029821545521487,55.756452407472366,48.59220940790694
31128,23rd & M St NW,incoming_trips,Linear Regression,test,1.3777937071855455,1.96782363439796,0.5178065922042535,56.48485779030551,50.33406356872786
31128,23rd & M St NW,incoming_trips,Linear Regression,val,1.4525115543469282,2.075298919685139,0.5065373844583626,56.74954176275365,50.47441733661353
31128,23rd & M St NW,incoming_trips,Naive (same hour last week),test,1.84461696540701,2.724579967125201,0.0756253173790522,81.36647427775729,67.38822155488822
31128,23rd & M St NW,incoming_trips,Naive (same hour last week),val,1.954229762040305,2.878028282513009,0.050963203878695,83.58092024945168,67.90900098911969
31128,23rd & M St NW,incoming_trips,Poisson,test,1.4693744648716611,2.028929147131237,0.4873951789677913,55.79519602383928,53.67972529951152
31128,23rd & M St NW,incoming_trips,Poisson,val,1.5543853375939198,2.166710451388961,0.4621084859718495,56.80043281869398,54.01450611310543
31128,23rd & M St NW,incoming_trips,Polynomial Regression,test,1.4038473774961056,2.0236252166368045,0.4900717304284594,59.47315712994017,51.28586578031526
31128,23rd & M St NW,incoming_trips,Polynomial Regression,val,1.4596449363311692,2.114136654279869,0.4878949621416486,59.163916152562926,50.72230059662378
31128,23rd & M St NW,incoming_trips,Random Forest,test,1.4023050967354822,1.9800842011948427,0.5117792412856561,62.45458653330221,51.2295226155576
31128,23rd & M St NW,incoming_trips,Random Forest,val,1.4514628063591677,2.076016696582164,0.5061959808042267,59.77778032343991,50.437973603373166
31128,23rd & M St NW,incoming_trips,Soft Two-Stage,test,1.3434729625789312,1.9684119193223544,0.5175182436867107,54.59679026340982,49.08024557569593
31128,23rd & M St NW,incoming_trips,Soft Two-Stage,val,1.4113759416400635,2.0805603055149584,0.5040321180510063,54.38296111555213,49.04496496706105
31128,23rd & M St NW,incoming_trips,XGBoost,test,1.3450000120487606,1.9699085127955265,0.5167842981740909,54.30619915525219,49.13603230536826
31128,23rd & M St NW,incoming_trips,XGBoost,val,1.4127027896790405,2.08061655801044,0.5040052985369308,53.491182788844725,49.091072608312615
31128,23rd & M St NW,outgoing_trips,GAM,test,1.3616338637758076,1.8816973804522656,0.5194089865428053,58.237458846624655,53.41283090515607
31128,23rd & M St NW,outgoing_trips,GAM,val,1.3618459110185073,1.9297843402208408,0.5029325731131831,55.68993817620712,51.62764432180399
31128,23rd & M St NW,outgoing_trips,HistGradientBoosting,test,1.259207981635082,1.9116450541795589,0.5039898083528935,54.20009545652034,49.39496937230365
31128,23rd & M St NW,outgoing_trips,HistGradientBoosting,val,1.3079257140616842,1.9844173102771665,0.4743898269311717,53.9504017098098,49.58352704853148
31128,23rd & M St NW,outgoing_trips,LightGBM,test,1.256935050931436,1.9076428959504124,0.5060644961026348,53.838623235489045,49.30580908732342
31128,23rd & M St NW,outgoing_trips,LightGBM,val,1.3036696543109332,1.9772959256409075,0.4781555226833834,53.64369462006808,49.42217961763176
31128,23rd & M St NW,outgoing_trips,Linear Regression,test,1.2951030795765135,1.8757188357561536,0.5224580107391164,54.65473970448064,50.80302688884716
31128,23rd & M St NW,outgoing_trips,Linear Regression,val,1.3350886031100733,1.9375972052617256,0.4988996021825249,54.478964331118775,50.61327348547899
31128,23rd & M St NW,outgoing_trips,Naive (same hour last week),test,1.6971115424135177,2.5573231738041478,0.112338644322378,80.89680816369422,66.5726185677818
31128,23rd & M St NW,outgoing_trips,Naive (same hour last week),val,1.7891381077080724,2.678831035493932,0.0421700948898767,81.08657781381027,67.82631215469614
31128,23rd & M St NW,outgoing_trips,Poisson,test,1.3803868470145433,1.95050787937416,0.483617515002063,53.91122593591767,54.148454444894014
31128,23rd & M St NW,outgoing_trips,Poisson,val,1.4406848379492072,2.0387976365250817,0.4451878136874515,55.06765740629839,54.61643185302092
31128,23rd & M St NW,outgoing_trips,Polynomial Regression,test,1.310774815027013,1.8964376930517688,0.5118500576610667,57.956727479839934,51.41778227785216
31128,23rd & M St NW,outgoing_trips,Polynomial Regression,val,1.3570097383637447,1.9849938910146652,0.4740843460962179,57.05567502506611,51.44430478266907
31128,23rd & M St NW,outgoing_trips,Random Forest,test,1.2916800757467364,1.880798164442004,0.5198682015899474,55.19575106584629,50.66875266902085
31128,23rd & M St NW,outgoing_trips,Random Forest,val,1.3334809363602655,1.9444391350072208,0.4953544412418863,54.33406247688484,50.55232676127509
31128,23rd & M St NW,outgoing_trips,Soft Two-Stage,test,1.266423427934635,1.8904728440725065,0.5149159759979718,52.14450611574525,49.67800978673236
31128,23rd & M St NW,outgoing_trips,Soft Two-Stage,val,1.3135985410163673,1.959804584620984,0.4873472547804178,52.32334488637923,49.79858419262239
31128,23rd & M St NW,outgoing_trips,XGBoost,test,1.2908108320432303,1.9152688175945247,0.5021075266990455,52.47509280221144,50.634654833922944
31128,23rd & M St NW,outgoing_trips,XGBoost,val,1.3346572132806975,1.980304244469272,0.4765664142712958,51.741313677012144,50.59691947619288
31201,15th & P St NW,incoming_trips,GAM,test,2.1354169072747538,2.9717867025649727,0.6970492189449833,60.99465919768924,41.65263710237071
31201,15th & P St NW,incoming_trips,GAM,val,1.949836897858778,2.742022218551885,0.7324226800269933,55.95865024709794,39.29289985750195
31201,15th & P St NW,incoming_trips,HistGradientBoosting,test,1.9098205794551697,2.8878565037110926,0.7139196520074726,51.12233634224848,37.25224018583194
31201,15th & P St NW,incoming_trips,HistGradientBoosting,val,1.7863299195802589,2.688279619977712,0.7428087200617268,49.79562911779274,35.99792511856052
31201,15th & P St NW,incoming_trips,LightGBM,test,1.909113727099753,2.8883076000427934,0.7138302709219041,50.99049288028999,37.23845259028335
31201,15th & P St NW,incoming_trips,LightGBM,val,1.7813820830497948,2.6841131331055483,0.7436053289226036,49.69127982005271,35.89821685808175
31201,15th & P St NW,incoming_trips,Linear Regression,test,2.018125839046761,2.9642714589300514,0.6985795240191326,53.55995324735797,39.36480174637697
31201,15th & P St NW,incoming_trips,Linear Regression,val,1.8938439575229176,2.767099198710627,0.7275060793021597,52.216447520512496,38.16453624936626
31201,15th & P St NW,incoming_trips,Naive (same hour last week),test,2.624614682041329,3.952437282859788,0.4641209473897991,73.34709512916363,51.19474446052779
31201,15th & P St NW,incoming_trips,Naive (same hour last week),val,2.5083684390299443,3.768899016298876,0.49448230425119,71.98194659158197,50.54836637298092
31201,15th & P St NW,incoming_trips,Poisson,test,2.198671288037463,3.206768526460597,0.647245931617536,53.839159471271856,42.88645320547854
31201,15th & P St NW,incoming_trips,Poisson,val,2.0475869262144104,2.9232229061592685,0.6958896320185897,51.43052939332914,41.2627477352725
31201,15th & P St NW,incoming_trips,Polynomial Regression,test,2.0306743869137143,3.158654090205336,0.657751981314739,54.3364055000343,39.60956899003946
31201,15th & P St NW,incoming_trips,Polynomial Regression,val,1.824699005631112,2.727003539188765,0.7353458163856421,50.36412597196646,36.77113474315816
31201,15th & P St NW,incoming_trips,Random Forest,test,1.9478642835345588,2.8577450352800877,0.7198544268286878,54.76685479987484,37.99430633443759
31201,15th & P St NW,incoming_trips,Random Forest,val,1.829064280710866,2.6797715911755424,0.7444340927664738,52.83221052976842,36.85910328901325
31201,15th & P St NW,incoming_trips,Soft Two-Stage,test,1.9195371589067656,2.881269546774928,0.7152232139071962,50.00655155540839,37.44176812128796
31201,15th & P St NW,incoming_trips,Soft Two-Stage,val,1.792778841526422,2.671305913678752,0.746046260859564,48.476045512371726,36.12788308812078
31201,15th & P St NW,incoming_trips,XGBoost,test,1.938006752702988,2.895437464529835,0.7124156918656079,49.7580716978181,37.802029054505006
31201,15th & P St NW,incoming_trips,XGBoost,val,1.806496350853194,2.6850490259243247,0.7434264990792769,48.54338351011057,36.404316835406576
31201,15th & P St NW,outgoing_trips,GAM,test,2.11948316811574,2.932455241709268,0.6565316948878455,58.48822481948608,41.75844764497326
31201,15th & P St NW,outgoing_trips,GAM,val,1.9649060502969304,2.721569678905777,0.7023770403341001,58.11023048167529,39.62020717149075
31201,15th & P St NW,outgoing_trips,HistGradientBoosting,test,1.974980574231077,2.926241445921192,0.6579857533682554,51.506002240314885,38.91143093256406
31201,15th & P St NW,outgoing_trips,HistGradientBoosting,val,1.8459937702506075,2.7336176530914664,0.6997361448570338,51.56478401156994,37.22246954431123
31201,15th & P St NW,outgoing_trips,LightGBM,test,1.975280242363857,2.919366047970035,0.659591035509363,50.98779067306389,38.91733504929488
31201,15th & P St NW,outgoing_trips,LightGBM,val,1.8391505840079905,2.718508934207456,0.7030460922166697,50.91323829893874,37.0844840886684
31201,15th & P St NW,outgoing_trips,Linear Regression,test,2.064745980942937,2.9568998915613647,0.6507815942349068,54.24382022834535,40.68000550437319
31201,15th & P St NW,outgoing_trips,Linear Regression,val,1.9483538848477369,2.7633999647656315,0.6931578543501089,55.5468700903652,39.286450641943325
31201,15th & P St NW,outgoing_trips,Naive (same hour last week),test,2.724626098869734,4.007399822755687,0.3585700535809994,75.70286095672583,53.6810850934611
31201,15th & P St NW,outgoing_trips,Naive (same hour last week),val,2.5621086189229194,3.7534605839757273,0.4339025029207031,74.40663477446589,51.66215161394003
31201,15th & P St NW,outgoing_trips,Poisson,test,2.291916057381157,3.260607191783185,0.5753600530617489,56.276028849538726,45.15575217986268
31201,15th & P St NW,outgoing_trips,Poisson,val,2.156738856198786,3.003416832769632,0.63754112642272,55.49617032900075,43.48830840257573
31201,15th & P St NW,outgoing_trips,Polynomial Regression,test,2.056075737236933,3.032334106450544,0.6327363178371628,53.81519427107779,40.50918276639966
31201,15th & P St NW,outgoing_trips,Polynomial Regression,val,1.872906996258073,2.727816560396431,0.7010091906536399,52.684143698685496,37.76514566356274
31201,15th & P St NW,outgoing_trips,Random Forest,test,2.0286641714068145,2.9572308419702797,0.6507034174644893,54.11126558332161,39.96911504904129
31201,15th & P St NW,outgoing_trips,Random Forest,val,1.882803270910165,2.7229373954465594,0.702077826147262,53.56623821557128,37.964693347729416
31201,15th & P St NW,outgoing_trips,Soft Two-Stage,test,1.9889658746788184,2.92591813705638,0.6580613248009657,50.12993617082783,39.18697189714054
31201,15th & P St NW,outgoing_trips,Soft Two-Stage,val,1.854023937147651,2.725335826182488,0.7015527605363833,49.9818702699237,37.3843891821659
31201,15th & P St NW,outgoing_trips,XGBoost,test,1.9999175416175972,2.924165550497117,0.6584708356748975,49.142768450247495,39.40274365573146
31201,15th & P St NW,outgoing_trips,XGBoost,val,1.8608956685358484,2.730682597281975,0.7003805788399687,49.10305072016812,37.52295021982267
31202,14th & R St NW,incoming_trips,GAM,test,2.1017575307046683,3.016274709694163,0.5947438715619233,66.84822417258121,51.33800220709498
31202,14th & R St NW,incoming_trips,GAM,val,1.7810836724198529,2.5748258103236688,0.6579290449541597,60.67953913503739,47.57103118496402
31202,14th & R St NW,incoming_trips,HistGradientBoosting,test,1.799594722187256,2.87116132170855,0.6327997270193384,50.16504761754256,43.95730547878685
31202,14th & R St NW,incoming_trips,HistGradientBoosting,val,1.6106434111815997,2.541617769187441,0.666695660073424,51.50137446614933,43.01873579980534
31202,14th & R St NW,incoming_trips,LightGBM,test,1.7863005020102265,2.8482220486109657,0.6386438139277869,49.97556209924595,43.632577866386605
31202,14th & R St NW,incoming_trips,LightGBM,val,1.604661778982592,2.5265537587051803,0.6706348997575848,51.59042004514747,42.85897215911722
31202,14th & R St NW,incoming_trips,Linear Regression,test,1.8104021281381384,2.73391343234526,0.667066632705094,55.179238134802645,44.22128960752379
31202,14th & R St NW,incoming_trips,Linear Regression,val,1.6756357920135387,2.5197100046168144,0.6724168059426098,55.7950244822323,44.75461975810397
31202,14th & R St NW,incoming_trips,Naive (same hour last week),test,2.2874757392396394,3.587982122245857,0.4265595208316145,76.5705159768308,55.87439694358459
31202,14th & R St NW,incoming_trips,Naive (same hour last week),val,2.164750085392235,3.3758962359128706,0.4119710998285677,77.87261342673953,57.81839192312371
31202,14th & R St NW,incoming_trips,Poisson,test,2.156422124675893,3.5015259762077444,0.4538618551737792,59.00661965754412,52.67325187550167
31202,14th & R St NW,incoming_trips,Poisson,val,1.8688443285404632,2.83473647640946,0.5853841726923998,55.89197074778958,49.91503386927043
31202,14th & R St NW,incoming_trips,Polynomial Regression,test,1.83730026857824,2.785006825352657,0.6545061401924085,55.673278500153735,44.87830963628882
31202,14th & R St NW,incoming_trips,Polynomial Regression,val,1.632373752165839,2.4454400671369703,0.6914436137052878,54.973160543736896,43.59913229921105
31202,14th & R St NW,incoming_trips,Random Forest,test,1.797809337234695,2.735581817798504,0.6666601599419724,52.48231705665801,43.91369526433724
31202,14th & R St NW,incoming_trips,Random Forest,val,1.6213591210340157,2.438686372349258,0.6931455716359626,53.720738279646966,43.30494209962826
31202,14th & R St NW,incoming_trips,Soft Two-Stage,test,1.8117221782299489,2.8620149600569302,0.6351355045201061,49.20074885350703,44.25353344799387
31202,14th & R St NW,incoming_trips,Soft Two-Stage,val,1.619935333753789,2.5206129926620338,0.6721819720045228,50.33231555007704,43.266914111298895
31202,14th & R St NW,incoming_trips,XGBoost,test,1.8543031342108856,2.9120625141922,0.6222632899513223,48.3517436329096,45.29362545679787
31202,14th & R St NW,incoming_trips,XGBoost,val,1.6367731849394505,2.542513043547052,0.6664608085642953,49.40002529378226,43.71663691559176
31202,14th & R St NW,outgoing_trips,GAM,test,2.193211214272683,2.997301590500341,0.4899859392861327,70.79935589234923,53.87989293154887
31202,14th & R St NW,outgoing_trips,GAM,val,1.914081715868044,2.630895764881436,0.5431407869834514,65.03001862322064,50.74520725186101
31202,14th & R St NW,outgoing_trips,HistGradientBoosting,test,1.8645465790947,2.851986939124968,0.5382399826258614,51.582698429474846,45.80569777946507
31202,14th & R St NW,outgoing_trips,HistGradientBoosting,val,1.6957381938649412,2.581846710096804,0.560016884111347,52.34856289231193,44.95658956417573
31202,14th & R St NW,outgoing_trips,LightGBM,test,1.8526437442706032,2.825177342458913,0.5468805647678168,52.028055644456416,45.5132847816969
31202,14th & R St NW,outgoing_trips,LightGBM,val,1.685559681892464,2.561545298449505,0.5669089745358227,52.647644954977146,44.68674178532861
31202,14th & R St NW,outgoing_trips,Linear Regression,test,1.8925314378173452,2.701064323616695,0.5858181014688744,55.70917718151258,46.49319252774479
31202,14th & R St NW,outgoing_trips,Linear Regression,val,1.7966155722666446,2.553957761752587,0.569470886825157,57.7490684413731,47.631001754408345
31202,14th & R St NW,outgoing_trips,Naive (same hour last week),test,2.391254709441717,3.5583791084157905,0.2811708294769225,77.85786357366312,58.7451618331744
31202,14th & R St NW,outgoing_trips,Naive (same hour last week),val,2.3143572811112376,3.435603316285896,0.2209216600547351,82.11950138782626,61.35711914033023
31202,14th & R St NW,outgoing_trips,Poisson,test,2.342090284571653,3.588080067649865,0.2691209513626306,66.01981243390567,57.53735570360439
31202,14th & R St NW,outgoing_trips,Poisson,val,2.0633039411045315,2.9462451333867365,0.4270550973574192,62.32335609027474,54.70131460267772
31202,14th & R St NW,outgoing_trips,Polynomial Regression,test,1.850241036873628,2.715367012668802,0.5814201321014669,56.4422093632171,45.45425826548523
31202,14th & R St NW,outgoing_trips,Polynomial Regression,val,1.7022262426273682,2.48398756280248,0.592737954996666,56.46074243492764,45.1285975700932
31202,14th & R St NW,outgoing_trips,Random Forest,test,1.852054437761861,2.7092753651642862,0.5832961074980894,54.785064549327664,45.49880748403024
31202,14th & R St NW,outgoing_trips,Random Forest,val,1.7127996817335578,2.494434347416815,0.5893051475491726,55.53737874974697,45.408915465802885
31202,14th & R St NW,outgoing_trips,Soft Two-Stage,test,1.8830190520509749,2.8548047697243826,0.5373270722069059,50.53247342959428,46.259504899631146
31202,14th & R St NW,outgoing_trips,Soft Two-Stage,val,1.7061831276468402,2.5743662832041734,0.5625627313194619,50.81868082232801,45.23350058897702
31202,14th & R St NW,outgoing_trips,XGBoost,test,1.8953340304992905,2.851408920088251,0.5384271356801251,49.79999643931487,46.562042893204925
31202,14th & R St NW,outgoing_trips,XGBoost,val,1.706949773481396,2.564939889365506,0.5657603389811708,50.60109206688911,45.253825531972296
31203,14th St & Rhode Island Ave NW,incoming_trips,GAM,test,1.6882127935283355,2.525280039436503,0.639464357551473,58.58273995920224,49.01732309647858
31203,14th St & Rhode Island Ave NW,incoming_trips,GAM,val,1.5723413433942433,2.3489003409532154,0.6411111597924752,57.44298378620607,48.15158305101687
31203,14th St & Rhode Island Ave NW,incoming_trips,HistGradientBoosting,test,1.5953069355740237,2.576323233521941,0.6247421261665151,52.96318358951847,46.31979795370064
31203,14th St & Rhode Island Ave NW,incoming_trips,HistGradientBoosting,val,1.497718472778421,2.37942441964238,0.6317229965062192,52.886366413252105,45.86632268623735
31203,14th St & Rhode Island Ave NW,incoming_trips,LightGBM,test,1.592166103193422,2.5690200410166706,0.6268666236263059,52.9258632587992,46.22860376527724
31203,14th St & Rhode Island Ave NW,incoming_trips,LightGBM,val,1.4986928841868603,2.3824223569924445,0.6307943963725783,52.69846171495794,45.89616318623847
31203,14th St & Rhode Island Ave NW,incoming_trips,Linear Regression,test,1.6564208529215594,2.547789424702908,0.6330083570260019,56.497557210070894,48.094242883746944
31203,14th St & Rhode Island Ave NW,incoming_trips,Linear Regression,val,1.5508916417059708,2.3638737743799387,0.6365209895568029,55.94090690436825,47.49470463425224
31203,14th St & Rhode Island Ave NW,incoming_trips,Naive (same hour last week),test,2.1657723484416027,3.443143130313308,0.3297462282185547,83.40930901594291,62.88328305764577
31203,14th St & Rhode Island Ave NW,incoming_trips,Naive (same hour last week),val,2.016053740179893,3.164023397889665,0.3488063679645792,79.36706301376807,61.739888423988845
31203,14th St & Rhode Island Ave NW,incoming_trips,Poisson,test,1.814339895724573,2.7288430272451523,0.5789960001791814,55.17808325010846,52.67942833775826
31203,14th St & Rhode Island Ave NW,incoming_trips,Poisson,val,1.715018844010944,2.5299443522594283,0.5836556173545707,55.21845772344341,52.52095713719708
31203,14th St & Rhode Island Ave NW,incoming_trips,Polynomial Regression,test,1.6712056570619145,2.57857349789807,0.6240863092304443,57.72958921572609,48.523520238026016
31203,14th St & Rhode Island Ave NW,incoming_trips,Polynomial Regression,val,1.561767505727098,2.437905156273217,0.6133977440678606,55.03356728729014,47.82776848954359
31203,14th St & Rhode Island Ave NW,incoming_trips,Random Forest,test,1.627952504367729,2.485681567487358,0.6506826980144573,56.96456776871225,47.26766329352252
31203,14th St & Rhode Island Ave NW,incoming_trips,Random Forest,val,1.549570043441537,2.3310020092123667,0.6465596994555939,56.97263235555041,47.45423183942475
31203,14th St & Rhode Island Ave NW,incoming_trips,Soft Two-Stage,test,1.619038882859016,2.5772176857973133,0.6244815156029435,52.25454313225151,47.00885595174237
31203,14th St & Rhode Island Ave NW,incoming_trips,Soft Two-Stage,val,1.519852082258209,2.387161532789893,0.6293240688632173,51.755479429352455,46.544145182963206
31203,14th St & Rhode Island Ave NW,incoming_trips,XGBoost,test,1.6134977556047996,2.568382917837912,0.627051676634858,50.84379048224768,46.84796910976378
31203,14th St & Rhode Island Ave NW,incoming_trips,XGBoost,val,1.5131252971052898,2.381846224143711,0.6309729421756989,50.62204931424149,46.33814325131018
31203,14th St & Rhode Island Ave NW,outgoing_trips,GAM,test,2.054655243048206,2.7380760842575897,0.3957888163780658,78.73133509833077,59.99908409354637
31203,14th St & Rhode Island Ave NW,outgoing_trips,GAM,val,1.7839362668999057,2.438941045096514,0.4797540257011908,66.35948680164152,53.56138595078067
31203,14th St & Rhode Island Ave NW,outgoing_trips,HistGradientBoosting,test,1.6901419626385312,2.5233666331458027,0.4868333224011386,55.95260369184562,49.35473729205165
31203,14th St & Rhode Island Ave NW,outgoing_trips,HistGradientBoosting,val,1.5968463961619357,2.389082813692278,0.5008069485903011,54.246217681804254,47.944148967594025
31203,14th St & Rhode Island Ave NW,outgoing_trips,LightGBM,test,1.6900759785193482,2.520484808470568,0.4880047827086329,55.84639526420262,49.352810454579
31203,14th St & Rhode Island Ave NW,outgoing_trips,LightGBM,val,1.593482851641917,2.381750682541666,0.5038663087559437,54.33063969091333,47.843160995354175
31203,14th St & Rhode Island Ave NW,outgoing_trips,Linear Regression,test,1.745922726794224,2.4799088644978964,0.5043567709031478,59.44709862386996,50.98362115016039
31203,14th St & Rhode Island Ave NW,outgoing_trips,Linear Regression,val,1.646340555454537,2.3482007397791658,0.5177451940770892,57.6043387121384,49.43017501985163
31203,14th St & Rhode Island Ave NW,outgoing_trips,Naive (same hour last week),test,2.2536819271606348,3.3216295655383896,0.1107986146106757,83.24095365807305,65.81096849474912
31203,14th St & Rhode Island Ave NW,outgoing_trips,Naive (same hour last week),val,2.1755664351588297,3.197687881543762,0.105710224683894,83.97364869610226,65.31979626021263
31203,14th St & Rhode Island Ave NW,outgoing_trips,Poisson,test,1.9262382535293616,2.6843699979112303,0.4192589998073476,63.26553581028256,56.24911106072238
31203,14th St & Rhode Island Ave NW,outgoing_trips,Poisson,val,1.8134649868136647,2.519396706705729,0.4448641967393559,59.01291093728845,54.4479642401956
31203,14th St & Rhode Island Ave NW,outgoing_trips,Polynomial Regression,test,1.769117225423535,2.5386376440760614,0.4806033226183648,61.63141507444861,51.66093608096264
31203,14th St & Rhode Island Ave NW,outgoing_trips,Polynomial Regression,val,1.6513883548713748,2.4628423559133044,0.4695073743426129,57.38122736991601,49.58173151757182
31203,14th St & Rhode Island Ave NW,outgoing_trips,Random Forest,test,1.7468557909203752,2.4920704513894982,0.4994835365610067,61.99935251790857,51.010868053580815
31203,14th St & Rhode Island Ave NW,outgoing_trips,Random Forest,val,1.628154802001225,2.329418671881324,0.5254289650679298,58.46658231862941,48.88416102955854
31203,14th St & Rhode Island Ave NW,outgoing_trips,Soft Two-Stage,test,1.7077955723970688,2.5249662140145026,0.4861825158468144,55.0095033925174,49.87024977038148
31203,14th St & Rhode Island Ave NW,outgoing_trips,Soft Two-Stage,val,1.6133882174988086,2.392013685879311,0.4995814000634812,53.34211041548883,48.440805094492994
31203,14th St & Rhode Island Ave NW,outgoing_trips,XGBoost,test,1.7205194336832823,2.5294645222308443,0.4843501204399262,54.76684351631789,50.24180603311174
31203,14th St & Rhode Island Ave NW,outgoing_trips,XGBoost,val,1.616708059007974,2.3840198184967942,0.5029205077635012,53.26580812928097,48.54048091569083
31212,New Hampshire Ave & Ward Pl NW,incoming_trips,GAM,test,1.428036353784177,1.9476826473356132,0.4597529935355752,62.13663220866806,54.66618776624975
31212,New Hampshire Ave & Ward Pl NW,incoming_trips,GAM,val,1.5432594118741951,2.2027062891361364,0.5074333414695312,57.946372013913205,51.490835034535245
31212,New Hampshire Ave & Ward Pl NW,incoming_trips,HistGradientBoosting,test,1.315988780604891,1.944136327866805,0.4617185542650041,56.01397972758193,50.37693164336455
31212,New Hampshire Ave & Ward Pl NW,incoming_trips,HistGradientBoosting,val,1.474062823553648,2.214092740578069,0.5023277287947898,53.66812120001785,49.182091548669234
31212,New Hampshire Ave & Ward Pl NW,incoming_trips,LightGBM,test,1.3167868081808876,1.9403360760521824,0.4638208818785762,56.11784566501363,50.40748067329397
31212,New Hampshire Ave & Ward Pl NW,incoming_trips,LightGBM,val,1.4707363512589189,2.20121811661888,0.5080986835064388,53.67216354658064,49.0711038334109
31212,New Hampshire Ave & Ward Pl NW,incoming_trips,Linear Regression,test,1.3768740046785506,1.9590490707475448,0.4534289711635786,59.21753474088527,52.70765878667638
31212,New Hampshire Ave & Ward Pl NW,incoming_trips,Linear Regression,val,1.5255542482533315,2.187253964160518,0.5143199635254125,58.50994015889722,50.90010242519758
31212,New Hampshire Ave & Ward Pl NW,incoming_trips,Naive (same hour last week),test,1.8265783765270007,2.675274856693,-0.0192783389245301,82.34444494765418,69.92264324111709
31212,New Hampshire Ave & Ward Pl NW,incoming_trips,Naive (same hour last week),val,2.035295457133098,3.029589550251345,0.0682070588156023,84.29608339510874,67.90761282479866
31212,New Hampshire Ave & Ward Pl NW,incoming_trips,Poisson,test,1.44946691777658,1.98792683778282,0.4371965215589937,56.27965451761598,55.48656410473784
31212,New Hampshire Ave & Ward Pl NW,incoming_trips,Poisson,val,1.6479825370393424,2.295681514285366,0.4649737354979384,58.47917268927259,54.98492107132861
31212,New Hampshire Ave & Ward Pl NW,incoming_trips,Polynomial Regression,test,1.406391964385107,1.9560056014327825,0.4551258965144191,62.21454715170203,53.83762604802741
31212,New Hampshire Ave & Ward Pl NW,incoming_trips,Polynomial Regression,val,1.515435844645193,2.1982203218362475,0.5094375922332744,57.86110986554753,50.56250198875068
31212,New Hampshire Ave & Ward Pl NW,incoming_trips,Random Forest,test,1.361676557261127,1.9311221399825744,0.4689010226887043,59.47822710629739,52.125890324068926
31212,New Hampshire Ave & Ward Pl NW,incoming_trips,Random Forest,val,1.498434289927153,2.176409540007405,0.5191240362906002,55.97607814510224,49.99524528350624
31212,New Hampshire Ave & Ward Pl NW,incoming_trips,Soft Two-Stage,test,1.3320938452741948,1.9387626674671248,0.4646900991145398,55.79571491078363,50.99344430207016
31212,New Hampshire Ave & Ward Pl NW,incoming_trips,Soft Two-Stage,val,1.4877543838272882,2.206017873570325,0.5059511627010272,53.48982042989293,49.63891032196882
31212,New Hampshire Ave & Ward Pl NW,incoming_trips,XGBoost,test,1.3206459700954971,1.925776304858814,0.4718373856882185,55.283207968101,50.55521197529156
31212,New Hampshire Ave & Ward Pl NW,incoming_trips,XGBoost,val,1.4853915909667563,2.198738197718808,0.5092064230797038,52.84376653149111,49.56007576151429
31212,New Hampshire Ave & Ward Pl NW,outgoing_trips,GAM,test,1.372734247013763,1.8858456631829448,0.5003639375371987,59.11940340463848,54.21000572404666
31212,New Hampshire Ave & Ward Pl NW,outgoing_trips,GAM,val,1.475637255560564,2.138181177361051,0.5318233093187907,55.79814367431717,51.12631958812005
31212,New Hampshire Ave & Ward Pl NW,outgoing_trips,HistGradientBoosting,test,1.2870365763701364,1.9131054614325609,0.4858151156928341,58.70480326261698,50.82575911824176
31212,New Hampshire Ave & Ward Pl NW,outgoing_trips,HistGradientBoosting,val,1.410921108498674,2.184015729275186,0.511536286323557,55.234891335805216,48.8841029425793
31212,New Hampshire Ave & Ward Pl NW,outgoing_trips,LightGBM,test,1.286833214209344,1.9112660740075824,0.4868033837824054,58.233548196938166,50.8177282383212
31212,New Hampshire Ave & Ward Pl NW,outgoing_trips,LightGBM,val,1.4112274106757152,2.180536957331085,0.5130911291082716,54.6516794358466,48.89471537658701
31212,New Hampshire Ave & Ward Pl NW,outgoing_trips,Linear Regression,test,1.3376033837063568,1.8964933035633784,0.49470603705985,57.550606040005725,52.822669242037776
31212,New Hampshire Ave & Ward Pl NW,outgoing_trips,Linear Regression,val,1.4839822779916327,2.145974276408298,0.5284043321518214,56.52631835052744,51.4154491029606
31212,New Hampshire Ave & Ward Pl NW,outgoing_trips,Naive (same hour last week),test,1.7708642539102637,2.6279127333193983,0.0297953297464749,82.47510717976189,69.93237150586114
31212,New Hampshire Ave & Ward Pl NW,outgoing_trips,Naive (same hour last week),val,1.9919162017533871,2.989544953277519,0.0847684985149148,83.33272170435828,69.0138067061144
31212,New Hampshire Ave & Ward Pl NW,outgoing_trips,Poisson,test,1.4019565862855297,1.9585800041342296,0.4610802309561731,54.3432812642973,55.36401144848943
31212,New Hampshire Ave & Ward Pl NW,outgoing_trips,Poisson,val,1.6132912325028828,2.314126947217693,0.4516029088908717,57.64710270797799,55.8956090535417
31212,New Hampshire Ave & Ward Pl NW,outgoing_trips,Polynomial Regression,test,1.3867467725802776,1.927205725050786,0.4782077353153622,62.48141469527283,54.76336781348354
31212,New Hampshire Ave & Ward Pl NW,outgoing_trips,Polynomial Regression,val,1.4751133034796895,2.235515811669868,0.4882282897879908,57.34987005593839,51.10816625034364
31212,New Hampshire Ave & Ward Pl NW,outgoing_trips,Random Forest,test,1.349691795202712,1.9051441604757609,0.4900857249921462,61.71298978909616,53.30004704319457
31212,New Hampshire Ave & Ward Pl NW,outgoing_trips,Random Forest,val,1.464108461299262,2.139912663092306,0.5310647491983336,57.66701303718478,50.72688211278666
31212,New Hampshire Ave & Ward Pl NW,outgoing_trips,Soft Two-Stage,test,1.295328062266922,1.890080432694272,0.4981174979407724,55.63156998600889,51.153194307466045
31212,New Hampshire Ave & Ward Pl NW,outgoing_trips,Soft Two-Stage,val,1.428869335862201,2.1682628501890817,0.5185572610325309,52.78030466410016,49.505954149419
31212,New Hampshire Ave & Ward Pl NW,outgoing_trips,XGBoost,test,1.303368903650462,1.89834352636001,0.4937196244468554,56.05446132642823,51.47073141151667
31212,New Hampshire Ave & Ward Pl NW,outgoing_trips,XGBoost,val,1.4438199155407236,2.1959046950626093,0.5062037836630454,52.0365365584059,50.023946028379385
31213,17th & K St NW,incoming_trips,GAM,test,1.399698675220669,2.211731685278425,0.6154328402945879,56.704759699782215,51.843541509886
31213,17th & K St NW,incoming_trips,GAM,val,1.240809634001128,1.900875144582928,0.6156052476984848,57.47024909548395,52.419581603809085
31213,17th & K St NW,incoming_trips,HistGradientBoosting,test,1.2368382236214075,2.028008173922291,0.676669467494786,52.42366336601704,45.81134134260786
31213,17th & K St NW,incoming_trips,HistGradientBoosting,val,1.1376113790630027,1.7981150717968335,0.6560421475086378,53.59967280871298,48.05984003035282
31213,17th & K St NW,incoming_trips,LightGBM,test,1.2370703551774254,2.025482111967415,0.6774744388936245,52.76993325483665,45.819939280273466
31213,17th & K St NW,incoming_trips,LightGBM,val,1.1344784176389666,1.7941115507967216,0.6575720935146716,53.77305945723274,47.92748408909593
31213,17th & K St NW,incoming_trips,Linear Regression,test,1.3398400399102786,2.0464095593928,0.6707752875324575,56.47424343393398,49.62643314265109
31213,17th & K St NW,incoming_trips,Linear Regression,val,1.215468422308784,1.8245744993480728,0.6458449265242252,57.02046720046927,51.34900987560391
31213,17th & K St NW,incoming_trips,Naive (same hour last week),test,1.69585569128896,2.737685064312501,0.4107843295119533,82.16326233418923,62.81292286874154
31213,17th & K St NW,incoming_trips,Naive (same hour last week),val,1.5516338380963224,2.481217155856972,0.3450625616358976,78.37595064886905,65.55074555074555
31213,17th & K St NW,incoming_trips,Poisson,test,1.5250621915130913,2.4418918171914155,0.531229628503242,56.52137340978046,56.4868899503686
31213,17th & K St NW,incoming_trips,Poisson,val,1.34166754953757,1.995507799735205,0.5763793469389176,53.39352138624177,56.680452561753135
31213,17th & K St NW,incoming_trips,Polynomial Regression,test,1.377339697241836,2.1653612750785625,0.6313892075398196,56.8153072786513,51.01538569071906
31213,17th & K St NW,incoming_trips,Polynomial Regression,val,1.209719038703316,1.820201000818908,0.6475407085748756,55.941164362021865,51.10611985055904
31213,17th & K St NW,incoming_trips,Random Forest,test,1.3068441299334383,2.010433461643089,0.6822491482323675,56.457280171351954,48.40429522195105
31213,17th & K St NW,incoming_trips,Random Forest,val,1.1882185938786938,1.7944279475096474,0.6574513065800098,56.06564210845151,50.197806205082095
31213,17th & K St NW,incoming_trips,Soft Two-Stage,test,1.2569038606369596,2.0154101817118764,0.6806740507687707,50.8741495154756,46.55455393825749
31213,17th & K St NW,incoming_trips,Soft Two-Stage,val,1.149364405227027,1.7787416714488602,0.6634140174727118,51.66671592306318,48.55636157339576
31213,17th & K St NW,incoming_trips,XGBoost,test,1.281252663790204,2.048473294973265,0.6701109284919435,49.72244507238417,47.45641103745939
31213,17th & K St NW,incoming_trips,XGBoost,val,1.1516433588167,1.7934016803360315,0.6578430146470626,51.32579301039039,48.65263886718171
31213,17th & K St NW,outgoing_trips,GAM,test,1.3787150766865393,2.1713194759406385,0.5978002942397764,56.25844766202426,53.09604887749472
31213,17th & K St NW,outgoing_trips,GAM,val,1.2230892512601157,1.92797993994348,0.5928109516717136,55.11366444815808,54.626966152136255
31213,17th & K St NW,outgoing_trips,HistGradientBoosting,test,1.287201835816156,2.116360204776085,0.617903142322358,54.69263626500529,49.5717590569544
31213,17th & K St NW,outgoing_trips,HistGradientBoosting,val,1.1226005406344275,1.875533040403569,0.6146631829940865,54.09604535171009,50.13882811285114
31213,17th & K St NW,outgoing_trips,LightGBM,test,1.285452646249733,2.1149216270115647,0.6184224199229398,54.750551719183626,49.50439557026651
31213,17th & K St NW,outgoing_trips,LightGBM,val,1.125258287340294,1.8760792880001056,0.6144386921874321,54.47353473623131,50.257531338468354
31213,17th & K St NW,outgoing_trips,Linear Regression,test,1.36822147432204,2.083585829103841,0.6296459630399548,57.757946689496265,52.69192707345562
31213,17th & K St NW,outgoing_trips,Linear Regression,val,1.2129469032326,1.885892422518691,0.6103946624114732,55.95827288073024,54.17397737651627
31213,17th & K St NW,outgoing_trips,Naive (same hour last week),test,1.7241694257335312,2.758416114157241,0.3508966428598626,81.63572882323359,66.39992965177629
31213,17th & K St NW,outgoing_trips,Naive (same hour last week),val,1.5433223272230443,2.562861069165256,0.2804827752841099,79.99581656584785,68.92957030256801
31213,17th & K St NW,outgoing_trips,Poisson,test,1.5582260621118775,2.618559552322584,0.4150493830687549,58.491365603158776,60.00924234100393
31213,17th & K St NW,outgoing_trips,Poisson,val,1.3191357263977144,2.039623331814892,0.5442874281860756,53.4144047716494,58.91670015230675
31213,17th & K St NW,outgoing_trips,Polynomial Regression,test,1.3879694171670105,2.1178281804467574,0.6173728890867413,59.97103160163413,53.45244515021916
31213,17th & K St NW,outgoing_trips,Polynomial Regression,val,1.2108010859964613,1.9010641540773812,0.6041008101803902,58.06929060920872,54.07813851160397
31213,17th & K St NW,outgoing_trips,Random Forest,test,1.359000147712449,2.098095709996367,0.6244697863120566,58.82702085285057,52.33680220635482
31213,17th & K St NW,outgoing_trips,Random Forest,val,1.1790021949762648,1.8358418625444912,0.6308000745596398,57.17661244026975,52.6579012381212
31213,17th & K St NW,outgoing_trips,Soft Two-Stage,test,1.3099862568015377,2.1130491507530134,0.6190977912049558,52.778564903064925,50.44921571985873
31213,17th & K St NW,outgoing_trips,Soft Two-Stage,val,1.1501048813343928,1.873171718258052,0.6156328609989813,52.21083749467276,51.36725742568
31213,17th & K St NW,outgoing_trips,XGBoost,test,1.319679905657528,2.1258235777219943,0.6144783855911651,52.44358882209942,50.82253030977088
31213,17th & K St NW,outgoing_trips,XGBoost,val,1.141742284094741,1.868258641985884,0.6176465028986189,52.605094494516166,50.9937578500082
31214,17th & Corcoran St NW,incoming_trips,GAM,test,1.886341076155732,2.848314321651426,0.5075548292587924,58.79356632140733,53.174760189392565
31214,17th & Corcoran St NW,incoming_trips,GAM,val,1.57574380282321,2.3781190024963097,0.5999018249372328,55.582146091510985,48.17347565246355
31214,17th & Corcoran St NW,incoming_trips,HistGradientBoosting,test,1.594512242574384,2.4954793823769985,0.6220015422823006,48.69740526433298,44.94829020568045
31214,17th & Corcoran St NW,incoming_trips,HistGradientBoosting,val,1.4396087847285524,2.238625875939144,0.6454622837245108,49.80272763616649,44.01157003818746
31214,17th & Corcoran St NW,incoming_trips,LightGBM,test,1.596613328628797,2.4874499601846995,0.6244301148142051,48.49111257617115,45.00751849079438
31214,17th & Corcoran St NW,incoming_trips,LightGBM,val,1.4393925846874338,2.2304822873768195,0.6480370398119448,49.46191211359503,44.004960393016574
31214,17th & Corcoran St NW,incoming_trips,Linear Regression,test,1.6651024775548418,2.438992780237353,0.6389202898322439,53.29691395523052,46.938184220207454
31214,17th & Corcoran St NW,incoming_trips,Linear Regression,val,1.5090131444243882,2.227942736177005,0.648838049640043,54.69186975889357,46.13339290431063
31214,17th & Corcoran St NW,incoming_trips,Naive (same hour last week),test,2.1183925105605663,3.253126048907232,0.3576320887327602,76.59467204487906,59.71614315139032
31214,17th & Corcoran St NW,incoming_trips,Naive (same hour last week),val,1.965843106000228,3.020895765535861,0.3543890540952417,78.5386612265122,60.09955097636534
31214,17th & Corcoran St NW,incoming_trips,Poisson,test,1.8471003442287304,2.7826545353385077,0.5299969888347772,54.89052547708793,52.06858881018101
31214,17th & Corcoran St NW,incoming_trips,Poisson,val,1.6570744441548282,2.4354269094062166,0.5803863524969731,54.40272201244586,50.65990756034618
31214,17th & Corcoran St NW,incoming_trips,Polynomial Regression,test,1.6496833256084389,2.4696229205467257,0.6297940878983547,52.91005135816725,46.50352809283058
31214,17th & Corcoran St NW,incoming_trips,Polynomial Regression,val,1.4852206065349305,2.230639937574138,0.647987284661371,54.30664983550246,45.40600991053045
31214,17th & Corcoran St NW,incoming_trips,Random Forest,test,1.6057769297279858,2.3906694150755445,0.6530865750540855,51.08297485003828,45.26583460185192
31214,17th & Corcoran St NW,incoming_trips,Random Forest,val,1.4632658133460406,2.177507257600074,0.6645570826582992,52.64949135497271,44.73481025659882
31214,17th & Corcoran St NW,incoming_trips,Soft Two-Stage,test,1.6239540180125074,2.50389218974892,0.6194486151614961,48.50478459224247,45.77823520781267
31214,17th & Corcoran St NW,incoming_trips,Soft Two-Stage,val,1.4616410225369498,2.2407838237003066,0.6447784333054201,49.308924303990686,44.68513732097195
31214,17th & Corcoran St NW,incoming_trips,XGBoost,test,1.6485022986105726,2.504746811651533,0.6191887932308309,47.40647606991296,46.47023568978504
31214,17th & Corcoran St NW,incoming_trips,XGBoost,val,1.4723857178092086,2.248771339351979,0.6422414685236426,48.45480407232499,45.01362302731832
31214,17th & Corcoran St NW,outgoing_trips,GAM,test,2.068407382646893,3.0797501130379183,0.301430734116126,62.656839703180026,58.533148955169736
31214,17th & Corcoran St NW,outgoing_trips,GAM,val,1.6794301325903027,2.510851970092859,0.4982625742019623,56.99164453640585,50.477157123197
31214,17th & Corcoran St NW,outgoing_trips,HistGradientBoosting,test,1.6697009738141977,2.540457678732148,0.5246620993306282,52.06820311954253,47.25029345321322
31214,17th & Corcoran St NW,outgoing_trips,HistGradientBoosting,val,1.4848790163323065,2.280801074689369,0.5859916533756819,50.30567697760971,44.62970501829665
31214,17th & Corcoran St NW,outgoing_trips,LightGBM,test,1.661116990535849,2.5252267337661354,0.5303446523171058,51.35956335845091,47.00737826345148
31214,17th & Corcoran St NW,outgoing_trips,LightGBM,val,1.4815822897866282,2.270022475813979,0.5898954446214238,49.965359085719655,44.53061820271013
31214,17th & Corcoran St NW,outgoing_trips,Linear Regression,test,1.7335224810262695,2.462616518983241,0.5533451114521244,57.10147204883575,49.056356330153456
31214,17th & Corcoran St NW,outgoing_trips,Linear Regression,val,1.5660085986219894,2.257315479493704,0.5944739117225382,55.39813668448769,47.06814564950015
31214,17th & Corcoran St NW,outgoing_trips,Naive (same hour last week),test,2.2032195456102293,3.275631797325825,0.2097424177478761,80.12895189141189,62.34815197725511
31214,17th & Corcoran St NW,outgoing_trips,Naive (same hour last week),val,2.0578390071729475,3.105602727716855,0.2324157093001425,79.01300772579043,61.85066046129628
31214,17th & Corcoran St NW,outgoing_trips,Poisson,test,1.945716656886635,2.7673825799837197,0.4359508870357205,61.98821838661296,55.06116631451937
31214,17th & Corcoran St NW,outgoing_trips,Poisson,val,1.723802295779197,2.4457958254466554,0.5239257655344122,57.176208260156,51.81081227783412
31214,17th & Corcoran St NW,outgoing_trips,Polynomial Regression,test,1.7072523913607651,2.5104477536775214,0.5358259151553838,56.088386159521896,48.31294810005474
31214,17th & Corcoran St NW,outgoing_trips,Polynomial Regression,val,1.5193306931187902,2.2599120045295926,0.5935404451827471,55.15340038987945,45.66518882233363
31214,17th & Corcoran St NW,outgoing_trips,Random Forest,test,1.702944582452912,2.4547047916215123,0.5562104663138917,56.71909573487935,48.19104289772893
31214,17th & Corcoran St NW,outgoing_trips,Random Forest,val,1.5253951136479778,2.2164255177450243,0.6090325856994598,54.65694726435778,45.84746178622336
31214,17th & Corcoran St NW,outgoing_trips,Soft Two-Stage,test,1.6896586719191375,2.5371730390552867,0.52589046412889,50.64957112949738,47.81506948610663
31214,17th & Corcoran St NW,outgoing_trips,Soft Two-Stage,val,1.5113550348926077,2.2852512749104763,0.5843744869500599,49.53745049828676,45.42547146486131
31214,17th & Corcoran St NW,outgoing_trips,XGBoost,test,1.723050509375036,2.554890121087236,0.5192459306685042,49.97623822072883,48.76001360692666
31214,17th & Corcoran St NW,outgoing_trips,XGBoost,val,1.5290154843414336,2.3003212308602023,0.5788747764835251,48.94664736685861,45.95627608983236
31228,8th & H St NW,incoming_trips,GAM,test,1.849700825005879,2.548147070335308,0.4052459991719581,74.67181041423073,60.23097336788169
31228,8th & H St NW,incoming_trips,GAM,val,1.6731136283935637,2.3773756386259928,0.4909846359863579,66.57902959853902,55.21928828416004
31228,8th & H St NW,incoming_trips,HistGradientBoosting,test,1.4604681948141922,2.214164322696346,0.5509361570315563,56.83637768454624,47.55656685518982
31228,8th & H St NW,incoming_trips,HistGradientBoosting,val,1.4378313530113471,2.229152540639979,0.5524775244462599,56.37319777002282,47.45405371072698
31228,8th & H St NW,incoming_trips,LightGBM,test,1.4620453729676492,2.221970247409179,0.5477642718232996,56.73225806542981,47.60792379576802
31228,8th & H St NW,incoming_trips,LightGBM,val,1.4371729709007632,2.2347705592342435,0.5502189461439431,55.97806530493128,47.43232452811289
31228,8th & H St NW,incoming_trips,Linear Regression,test,1.506668665979548,2.234733992735066,0.5425537606016093,55.5936659809425,49.06097195180067
31228,8th & H St NW,incoming_trips,Linear Regression,val,1.5146746668542403,2.265211550185361,0.5378820801276872,57.92834697833791,49.99018337209076
31228,8th & H St NW,incoming_trips,Naive (same hour last week),test,2.042813106519009,3.127554327683378,0.1040204110770426,79.56202792561417,66.51920145730324
31228,8th & H St NW,incoming_trips,Naive (same hour last week),val,2.0357508823864285,3.109303342823847,0.1293141981965037,83.79828190952989,67.18773485645573
31228,8th & H St NW,incoming_trips,Poisson,test,1.6279989074237542,2.324817784405931,0.5049304332936915,54.203076171232944,53.0117938589712
31228,8th & H St NW,incoming_trips,Poisson,val,1.6489414810589924,2.364607746748641,0.4964373723364653,56.10952754528038,54.42151295709128
31228,8th & H St NW,incoming_trips,Polynomial Regression,test,1.577705325819611,2.2927497443683578,0.5184940048832383,59.7244138880362,51.3741066539796
31228,8th & H St NW,incoming_trips,Polynomial Regression,val,1.5456970132031094,2.2745986507157965,0.5340440848124095,59.47666546328077,51.01404203728735
31228,8th & H St NW,incoming_trips,Random Forest,test,1.578162774665531,2.3076695742174884,0.5122069148412844,61.75904891369749,51.38900235434546
31228,8th & H St NW,incoming_trips,Random Forest,val,1.5266090196096485,2.2671513935951544,0.5370902598327296,60.30386060593521,50.38406365260612
31228,8th & H St NW,incoming_trips,Soft Two-Stage,test,1.4697480875696192,2.2128248965510764,0.5514793018337627,54.19651695846465,47.85874381583811
31228,8th & H St NW,incoming_trips,Soft Two-Stage,val,1.4588595906651296,2.230073956947632,0.5521074827173922,54.89269637632317,48.14806773189476
31228,8th & H St NW,incoming_trips,XGBoost,test,1.4747246894160335,2.2204348719299167,0.5483890432405905,52.956859729631326,48.02079465628848
31228,8th & H St NW,incoming_trips,XGBoost,val,1.4567791090559532,2.235338460737048,0.5499903197280815,53.54797383409159,48.07940370824604
31228,8th & H St NW,outgoing_trips,GAM,test,1.647732870458127,2.2866658314775314,0.48362352478955,67.16916935641576,57.4221859327713
31228,8th & H St NW,outgoing_trips,GAM,val,1.5511115378556464,2.2069537188561843,0.49658989186597,62.81381420629033,56.04266994523075
31228,8th & H St NW,outgoing_trips,HistGradientBoosting,test,1.435064160340482,2.2227685822714487,0.5120789631825943,57.08793679222174,50.010849766938335
31228,8th & H St NW,outgoing_trips,HistGradientBoosting,val,1.4001376266717995,2.1951749513783563,0.5019490683726302,55.489515648842726,50.587884220076575
31228,8th & H St NW,outgoing_trips,LightGBM,test,1.436026075773273,2.222687446448669,0.5121145828620951,56.8944801246589,50.044371758168616
31228,8th & H St NW,outgoing_trips,LightGBM,val,1.4006074233548509,2.198355177643687,0.5005049356493134,55.4179583536752,50.60485828016642
31228,8th & H St NW,outgoing_trips,Linear Regression,test,1.492773308557269,2.207499472494361,0.5187593985344268,57.44594180366237,52.02196789071822
31228,8th & H St NW,outgoing_trips,Linear Regression,val,1.4761972699080852,2.1908711637196863,0.5039000784354144,57.993723527425466,53.33596866017818
31228,8th & H St NW,outgoing_trips,Naive (same hour last week),test,2.0142710355063365,3.052327443109048,0.0799248804999895,85.50093917047893,70.19575077584149
31228,8th & H St NW,outgoing_trips,Naive (same hour last week),val,1.9628828418535809,3.0122146872524724,0.0622062727423756,84.85350019872708,70.92023530379696
31228,8th & H St NW,outgoing_trips,Poisson,test,1.6205901157047675,2.2819119133603243,0.4857683591617577,56.39719865734874,56.47628242006072
31228,8th & H St NW,outgoing_trips,Poisson,val,1.6049308519328451,2.283489809912581,0.4610684164139431,55.612710299666624,57.98719680993122
31228,8th & H St NW,outgoing_trips,Polynomial Regression,test,1.5106371143868826,2.237785614419975,0.5054639003296455,61.264538757555385,52.64450738010148
31228,8th & H St NW,outgoing_trips,Polynomial Regression,val,1.482922918340067,2.1991626896138734,0.5001379136797359,60.73346061323909,53.578970717762175
31228,8th & H St NW,outgoing_trips,Random Forest,test,1.4940013088678616,2.2071225233343803,0.5189237362882194,59.616903796949785,52.06476272926553
31228,8th & H St NW,outgoing_trips,Random Forest,val,1.461936024460209,2.180182918251234,0.5087287545871582,59.06902706071029,52.82070057523558
31228,8th & H St NW,outgoing_trips,Soft Two-Stage,test,1.4424228721495045,2.1996166124173504,0.5221902297421435,55.518563343009305,50.26729504717717
31228,8th & H St NW,outgoing_trips,Soft Two-Stage,val,1.4155388850200608,2.184129977232373,0.5069483242919914,54.17254551444418,51.14434171348552
31228,8th & H St NW,outgoing_trips,XGBoost,test,1.4521701415933486,2.231414841325392,0.5082756911943614,55.184398277543046,50.60697966983425
31228,8th & H St NW,outgoing_trips,XGBoost,val,1.414332765604932,2.203214359404351,0.4982943558771454,54.24646352524913,51.100763833592985
31229,New Hampshire Ave & T St NW,incoming_trips,GAM,test,2.9481568830615905,4.185530707825782,0.5421050775289341,70.97680123127745,49.6603898896834
31229,New Hampshire Ave & T St NW,incoming_trips,GAM,val,2.3499967123131222,3.329047720462962,0.672220916707139,57.25283139365904,41.56099457179766
31229,New Hampshire Ave & T St NW,incoming_trips,HistGradientBoosting,test,2.334544112275697,3.6160357175069184,0.6582329531276985,48.38359997771903,39.32435600573632
31229,New Hampshire Ave & T St NW,incoming_trips,HistGradientBoosting,val,2.127159576682236,3.2281567562271904,0.6917873737806401,47.04332983254025,37.61999629898127
31229,New Hampshire Ave & T St NW,incoming_trips,LightGBM,test,2.296205919290623,3.551657004589154,0.6702940396069543,48.69345666145761,38.67856621678602
31229,New Hampshire Ave & T St NW,incoming_trips,LightGBM,val,2.09783543103163,3.1802684252264286,0.7008639532543607,47.15054122655039,37.10138252738675
31229,New Hampshire Ave & T St NW,incoming_trips,Linear Regression,test,2.3366247363157893,3.3965247883055327,0.6984673534051635,53.08355207015495,39.35940319119598
31229,New Hampshire Ave & T St NW,incoming_trips,Linear Regression,val,2.1650583928743887,3.1074080134208657,0.7144134449017934,51.0782560922428,38.29025787244928
31229,New Hampshire Ave & T St NW,incoming_trips,Naive (same hour last week),test,2.983103093960498,4.499686026265582,0.4707886073552465,73.39692323134834,50.24904325083175
31229,New Hampshire Ave & T St NW,incoming_trips,Naive (same hour last week),val,2.8171467607878857,4.185293293175906,0.4819245772819731,72.31627465344245,49.822802142483184
31229,New Hampshire Ave & T St NW,incoming_trips,Poisson,test,2.783933949204413,4.390976064375163,0.4960506352500278,58.35336684553499,46.89412769684312
31229,New Hampshire Ave & T St NW,incoming_trips,Poisson,val,2.5315290410472,3.901461472169616,0.5498100039170595,55.180268782462,44.77149443743216
31229,New Hampshire Ave & T St NW,incoming_trips,Polynomial Regression,test,2.289663512969814,3.395197404916324,0.6987029890865324,52.79434645474641,38.56836229562607
31229,New Hampshire Ave & T St NW,incoming_trips,Polynomial Regression,val,2.1065914330366566,3.071067696460788,0.7210541049710497,50.13151829004365,37.25623727671248
31229,New Hampshire Ave & T St NW,incoming_trips,Random Forest,test,2.453763174639028,3.592293401464289,0.6627061957247851,62.0549332982464,41.33254802335284
31229,New Hampshire Ave & T St NW,incoming_trips,Random Forest,val,2.2599499363328497,3.2780836166304024,0.6821799807862525,59.47120570247323,39.96846742139144
31229,New Hampshire Ave & T St NW,incoming_trips,Soft Two-Stage,test,2.361996331763864,3.643540482784263,0.6530139930601743,47.99169877955202,39.78677641862283
31229,New Hampshire Ave & T St NW,incoming_trips,Soft Two-Stage,val,2.1510052220673628,3.248537077782734,0.6878834116653314,46.62740423194981,38.04171975638848
31229,New Hampshire Ave & T St NW,incoming_trips,XGBoost,test,2.4457376302028857,3.772808043174721,0.627956106071091,46.598637624569655,41.19736130107709
31229,New Hampshire Ave & T St NW,incoming_trips,XGBoost,val,2.2062634004592327,3.330455791609657,0.6719435798136396,45.67167523715051,39.01899127347558
31229,New Hampshire Ave & T St NW,outgoing_trips,GAM,test,2.823166503725235,4.0756877349343945,0.5204733938120195,63.05589066508761,47.57785701721887
31229,New Hampshire Ave & T St NW,outgoing_trips,GAM,val,2.434010493121939,3.513437756553849,0.6227379038330645,54.81633417829697,42.17715771828511
31229,New Hampshire Ave & T St NW,outgoing_trips,HistGradientBoosting,test,2.364228988476898,3.575605614938477,0.6309288271566704,51.46597363069867,39.84354044343162
31229,New Hampshire Ave & T St NW,outgoing_trips,HistGradientBoosting,val,2.2232103290585643,3.3295534474683395,0.6611943634279586,48.74011017737447,38.52435844241284
31229,New Hampshire Ave & T St NW,outgoing_trips,LightGBM,test,2.342614921233116,3.540469785534856,0.6381465741530898,51.693659830182646,39.4792859796838
31229,New Hampshire Ave & T St NW,outgoing_trips,LightGBM,val,2.2082233348902904,3.3030228366937555,0.6665722067736901,48.82837611133951,38.26465996595001
31229,New Hampshire Ave & T St NW,outgoing_trips,Linear Regression,test,2.411596775873561,3.4489990230482177,0.6566025653426896,58.89532804164047,40.64181352190811
31229,New Hampshire Ave & T St NW,outgoing_trips,Linear Regression,val,2.311143712081448,3.272499943685442,0.6727060776069942,55.247244333832576,40.04809064280344
31229,New Hampshire Ave & T St NW,outgoing_trips,Naive (same hour last week),test,3.0855120447539672,4.579996415413609,0.3944623097491196,77.2982638770006,51.99907646130758
31229,New Hampshire Ave & T St NW,outgoing_trips,Naive (same hour last week),val,2.959467152453604,4.364511222890028,0.4178299294896441,75.94203740669754,51.28240539794026
31229,New Hampshire Ave & T St NW,outgoing_trips,Poisson,test,2.927269669325264,4.385692432588829,0.4447516883463824,66.89411919573055,49.33227196986952
31229,New Hampshire Ave & T St NW,outgoing_trips,Poisson,val,2.720273573538996,4.0569320132534745,0.4969929119135416,60.48547118739344,47.13759775163358
31229,New Hampshire Ave & T St NW,outgoing_trips,Polynomial Regression,test,2.3934893615767154,3.4705619016350533,0.6522953540305826,56.91906993630547,40.33665547783593
31229,New Hampshire Ave & T St NW,outgoing_trips,Polynomial Regression,val,2.2115435313768823,3.1924624599094,0.6885199443836181,53.08844048170474,38.32219318171321
31229,New Hampshire Ave & T St NW,outgoing_trips,Random Forest,test,2.412374546965892,3.4647932207156003,0.6534502852611765,61.65503782445163,40.654921031427726
31229,New Hampshire Ave & T St NW,outgoing_trips,Random Forest,val,2.284348277660222,3.2589012008965814,0.6754205395852828,57.37442537397961,39.58377248685975
31229,New Hampshire Ave & T St NW,outgoing_trips,Soft Two-Stage,test,2.355318218155648,3.535638536673762,0.6391334551471897,51.5425065381258,39.69337028673051
31229,New Hampshire Ave & T St NW,outgoing_trips,Soft Two-Stage,val,2.2239747196646897,3.3030387513571013,0.6665689937145468,48.92866915120427,38.537603998766855
31229,New Hampshire Ave & T St NW,outgoing_trips,XGBoost,test,2.4048893062191894,3.596920410300893,0.6265155194970748,49.635301423896586,40.528774835829225
31229,New Hampshire Ave & T St NW,outgoing_trips,XGBoost,val,2.2597036940547786,3.340490627079661,0.6589648366481109,47.45883822661416,39.15672482516498
31230,Metro Center / 12th & G St NW,incoming_trips,GAM,test,2.165929629139748,3.158355724157084,-0.0957638143389154,115.4762284703775,106.2465144580816
31230,Metro Center / 12th & G St NW,incoming_trips,GAM,val,1.7567314435861865,2.6132022389749445,0.3792097765018526,82.51148530480651,74.69680610484835
31230,Metro Center / 12th & G St NW,incoming_trips,HistGradientBoosting,test,1.1204535112752845,1.900508634120588,0.6032338961434294,60.79605716222637,54.96221049092862
31230,Metro Center / 12th & G St NW,incoming_trips,HistGradientBoosting,val,1.2176489813622655,2.0563419671926715,0.6155945790389938,59.00206458660049,51.77484025612304
31230,Metro Center / 12th & G St NW,incoming_trips,LightGBM,test,1.1188006918173643,1.8889450237985783,0.6080474398259583,61.05457647383001,54.88113384648462
31230,Metro Center / 12th & G St NW,incoming_trips,LightGBM,val,1.2186004997374027,2.0540866143806054,0.6164373322617307,59.39200723673695,51.81529913436099
31230,Metro Center / 12th & G St NW,incoming_trips,Linear Regression,test,1.205155609794692,1.9430829067087017,0.5852584642359099,62.46067871483357,59.117148220159656
31230,Metro Center / 12th & G St NW,incoming_trips,Linear Regression,val,1.3215851463704844,2.112926834843004,0.5941479506868472,63.436457244010505,56.19424061082478
31230,Metro Center / 12th & G St NW,incoming_trips,Naive (same hour last week),test,1.550176960840279,2.6509890405326684,0.2280116730314454,86.52151221134291,76.04166666666666
31230,Metro Center / 12th & G St NW,incoming_trips,Naive (same hour last week),val,1.7089832631219402,2.894241987896685,0.2385024594465121,86.5811647996384,72.66653756777691
31230,Metro Center / 12th & G St NW,incoming_trips,Poisson,test,1.360037960124609,2.0344453092341537,0.5453398322485977,61.841235416464734,66.71467569854084
31230,Metro Center / 12th & G St NW,incoming_trips,Poisson,val,1.4705346673003037,2.230593537859125,0.5476863387332742,60.68392166473173,62.52762385214256
31230,Metro Center / 12th & G St NW,incoming_trips,Polynomial Regression,test,1.2796875648875186,2.024881907249929,0.5496042656919233,65.9867701502472,62.77320441784148
31230,Metro Center / 12th & G St NW,incoming_trips,Polynomial Regression,val,1.3332601149014622,2.1350668070033985,0.5855980759086381,62.73847663066731,56.69066416140367
31230,Metro Center / 12th & G St NW,incoming_trips,Random Forest,test,1.6560954517884257,2.9194714057149933,0.0637252292523321,95.42190127141134,81.23734353838945
31230,Metro Center / 12th & G St NW,incoming_trips,Random Forest,val,1.4374864604780777,2.3461010137834384,0.4996288748837961,72.21184585287762,61.122403090525545
31230,Metro Center / 12th & G St NW,incoming_trips,Soft Two-Stage,test,1.1419308179778802,1.8792668378772603,0.6120535615595453,58.48428623517575,56.01574840203995
31230,Metro Center / 12th & G St NW,incoming_trips,Soft Two-Stage,val,1.2478385051146186,2.0629969264182826,0.6131024429925949,57.108304079442775,53.05850886145282
31230,Metro Center / 12th & G St NW,incoming_trips,XGBoost,test,1.1439869139229757,1.8824172185259187,0.610751773701772,57.2112004837494,56.11660718554741
31230,Metro Center / 12th & G St NW,incoming_trips,XGBoost,val,1.2441970559639384,2.051255225158722,0.617494022573129,56.54105761380236,52.903673230689726
31230,Metro Center / 12th & G St NW,outgoing_trips,GAM,test,1.50730373771412,2.19298138020063,0.3031171269254564,81.01494555575209,81.92152791411006
31230,Metro Center / 12th & G St NW,outgoing_trips,GAM,val,1.3772063937188443,2.0761468173568924,0.5299344074614205,68.12762190732211,68.77418555852063
31230,Metro Center / 12th & G St NW,outgoing_trips,HistGradientBoosting,test,1.0634467236247225,1.806785943269184,0.5269540714437797,58.82147115013121,57.79802588873755
31230,Metro Center / 12th & G St NW,outgoing_trips,HistGradientBoosting,val,1.12219659330242,1.9225794200411512,0.5969017454159944,57.37504982486551,56.03964452453466
31230,Metro Center / 12th & G St NW,outgoing_trips,LightGBM,test,1.063188458741279,1.808973372688613,0.5258079689293749,60.56583335012709,57.78398926603911
31230,Metro Center / 12th & G St NW,outgoing_trips,LightGBM,val,1.1176087724984662,1.924599735612382,0.5960541200176848,58.78096477428058,55.81054041877432
31230,Metro Center / 12th & G St NW,outgoing_trips,Linear Regression,test,1.1090159776593114,1.781505446536471,0.5400991506948292,60.82282532732928,60.27470183865666
31230,Metro Center / 12th & G St NW,outgoing_trips,Linear Regression,val,1.1954679759181324,1.9158234867883748,0.5997297378878773,60.764153568363845,59.69863106941639
31230,Metro Center / 12th & G St NW,outgoing_trips,Naive (same hour last week),test,1.4501655440118737,2.4187209866633013,0.1522623951349196,84.65117704454994,78.81608339538347
31230,Metro Center / 12th & G St NW,outgoing_trips,Naive (same hour last week),val,1.55197540703632,2.6062528267817857,0.2592435766909907,88.16121891954012,77.50170570843757
31230,Metro Center / 12th & G St NW,outgoing_trips,Poisson,test,1.1781238590590104,1.8012536341983358,0.5298465332309563,53.15861270450994,64.03069546722432
31230,Metro Center / 12th & G St NW,outgoing_trips,Poisson,val,1.272129140594758,1.9749665350080745,0.5746349322151997,54.80021532319397,63.52689471141552
31230,Metro Center / 12th & G St NW,outgoing_trips,Polynomial Regression,test,1.1690817384347578,1.864232942232492,0.4963947386869444,63.99268482128063,63.53925879219437
31230,Metro Center / 12th & G St NW,outgoing_trips,Polynomial Regression,val,1.2297506169935226,1.9507212408357464,0.585014650172572,62.019641882145685,61.41061899621395
31230,Metro Center / 12th & G St NW,outgoing_trips,Random Forest,test,1.14202479295072,1.816293187487704,0.5219626714722088,60.98328647088389,62.068721528017846
31230,Metro Center / 12th & G St NW,outgoing_trips,Random Forest,val,1.1950087138417531,1.9180487875965797,0.5987993400226551,59.27207328313546,59.6756966890614
31230,Metro Center / 12th & G St NW,outgoing_trips,Soft Two-Stage,test,1.0790058554211532,1.7949253770503042,0.5331442649617114,55.10655057413567,58.64366026082081
31230,Metro Center / 12th & G St NW,outgoing_trips,Soft Two-Stage,val,1.146271149346606,1.9187118825227687,0.5985218912846471,54.17355533726186,57.24186664038686
31230,Metro Center / 12th & G St NW,outgoing_trips,XGBoost,test,1.0766505403083608,1.8279637131945456,0.5157997120666451,58.58349215254166,58.515649556719616
31230,Metro Center / 12th & G St NW,outgoing_trips,XGBoost,val,1.1302482837649643,1.9455322547137368,0.5872194646575607,57.318488012697934,56.44172547366205
31232,9th & F St NW,incoming_trips,GAM,test,1.226503062375125,1.9529958614357823,0.4582911567696852,66.28988327141747,62.72883524082518
31232,9th & F St NW,incoming_trips,GAM,val,1.4152721713320568,2.218352618084667,0.474591626836885,66.08712839058009,58.37756765514233
31232,9th & F St NW,incoming_trips,HistGradientBoosting,test,1.18281971611447,1.9431242156474804,0.4637535778614602,63.11544327162763,60.4946741413444
31232,9th & F St NW,incoming_trips,HistGradientBoosting,val,1.3606165512359314,2.23033547346444,0.4689001089667802,61.84968802769287,56.12311637395005
31232,9th & F St NW,incoming_trips,LightGBM,test,1.1824426362518003,1.9497545975147368,0.460087744618145,62.598291018678886,60.47538859587481
31232,9th & F St NW,incoming_trips,LightGBM,val,1.3569145858831684,2.2296982462804635,0.4692035457775619,61.5073037062193,55.97041660551293
31232,9th & F St NW,incoming_trips,Linear Regression,test,1.2213641806880513,1.9617111043130768,0.4534456184479721,64.87765615702301,62.46600991852529
31232,9th & F St NW,incoming_trips,Linear Regression,val,1.4221690827047375,2.238290890751817,0.4651045753986533,65.9650341877489,58.662053507705394
31232,9th & F St NW,incoming_trips,Naive (same hour last week),test,1.6218746432241122,2.7235112290521912,-0.0534686591923228,88.41009681655586,82.94990073572346
31232,9th & F St NW,incoming_trips,Naive (same hour last week),val,1.8519867926676532,3.015803379140076,0.0289493673965662,90.97103175887057,76.39130230592214
31232,9th & F St NW,incoming_trips,Poisson,test,1.3451393322113174,2.006783605910432,0.4280416977737701,58.61537501940563,68.79642304588889
31232,9th & F St NW,incoming_trips,Poisson,val,1.5385634157098973,2.3217357364623177,0.4244787008445103,61.08056811469697,63.46312159010016
31232,9th & F St NW,incoming_trips,Polynomial Regression,test,1.315848167191249,2.026360843233016,0.4168277517413403,66.08993826988355,67.2983422657255
31232,9th & F St NW,incoming_trips,Polynomial Regression,val,1.4423173619246907,2.26942086528304,0.4501225430184312,65.46064210369403,59.49313572434396
31232,9th & F St NW,incoming_trips,Random Forest,test,1.2928209609239498,1.977044124818588,0.444868330527192,67.92507275623835,66.12062826540276
31232,9th & F St NW,incoming_trips,Random Forest,val,1.4371045061799654,2.2202303273898094,0.473701793797289,66.26182464709757,59.278114299434726
31232,9th & F St NW,incoming_trips,Soft Two-Stage,test,1.1899640828998863,1.9279494148900185,0.4720964907496912,61.21374629541096,60.860068913465525
31232,9th & F St NW,incoming_trips,Soft Two-Stage,val,1.370537711109578,2.219135584569993,0.4742206761218139,60.01179014584274,56.53234732858415
31232,9th & F St NW,incoming_trips,XGBoost,test,1.197073890937172,1.9408122128479943,0.4650289113031386,59.50160051423069,61.22369619711952
31232,9th & F St NW,incoming_trips,XGBoost,val,1.3659627369613976,2.229382897273751,0.4693536775705698,58.54744971312961,56.3436374335789
31232,9th & F St NW,outgoing_trips,GAM,test,1.176878292955439,1.9256767518165596,0.4575241556036228,63.02758628301696,63.490249864478265
31232,9th & F St NW,outgoing_trips,GAM,val,1.3497873245493752,2.136488172372245,0.4839751945805182,62.27271809610983,59.222610008578094
31232,9th & F St NW,outgoing_trips,HistGradientBoosting,test,1.133817534670662,1.9407452155112053,0.4490011680240625,58.303549845397775,61.16720735513877
31232,9th & F St NW,outgoing_trips,HistGradientBoosting,val,1.2951136744853773,2.1797325110258288,0.4628742209755145,55.78055030115077,56.82377561697006
31232,9th & F St NW,outgoing_trips,LightGBM,test,1.1390792020992857,1.944472439296537,0.4468827363934743,58.18614731495151,61.45106387772631
31232,9th & F St NW,outgoing_trips,LightGBM,val,1.2902986358019328,2.1750760649942187,0.4651666359479532,55.5226080363033,56.61251332924556
31232,9th & F St NW,outgoing_trips,Linear Regression,test,1.17857350681157,1.9331693364123723,0.4532945220579064,62.44741214588127,63.58170328998855
31232,9th & F St NW,outgoing_trips,Linear Regression,val,1.3616750914200362,2.151881346958384,0.4765125975920856,62.09868155964035,59.74419186703056
31232,9th & F St NW,outgoing_trips,Naive (same hour last week),test,1.5739239639228222,2.6758082453634486,-0.04742661524827,90.95233983026124,84.91007637349101
31232,9th & F St NW,outgoing_trips,Naive (same hour last week),val,1.7589661846749405,2.9150365748906166,0.0393667615903783,91.26942625591693,77.17554201218903
31232,9th & F St NW,outgoing_trips,Poisson,test,1.305166216656904,1.9745828877895173,0.4296198962521095,55.86746732466329,70.41112892151898
31232,9th & F St NW,outgoing_trips,Poisson,val,1.474389291286765,2.221863434109652,0.4419099028905799,56.96547410031136,64.68958510026805
31232,9th & F St NW,outgoing_trips,Polynomial Regression,test,1.2704633544627042,1.996198291748072,0.4170638490153886,64.05402006005457,68.5389783304929
31232,9th & F St NW,outgoing_trips,Polynomial Regression,val,1.3916468430452131,2.2086385025434065,0.4485338362889245,62.158004235572285,61.05921781629586
31232,9th & F St NW,outgoing_trips,Random Forest,test,1.2595675240040245,1.975063342064295,0.4293422934220647,66.07827636594254,67.95116988637133
31232,9th & F St NW,outgoing_trips,Random Forest,val,1.3741872691712187,2.157202052148304,0.4739206650834957,62.642663511285335,60.29317007258874
31232,9th & F St NW,outgoing_trips,Soft Two-Stage,test,1.153203894238869,1.9359519175009103,0.4517195465691558,56.9786249385848,62.21306300590202
31232,9th & F St NW,outgoing_trips,Soft Two-Stage,val,1.317318227265155,2.17397768732167,0.4657066636821629,54.999608607035,57.79801173978346
31232,9th & F St NW,outgoing_trips,XGBoost,test,1.151743853175154,1.9373709701304564,0.4509154729107807,56.50108127322868,62.13429668613683
31232,9th & F St NW,outgoing_trips,XGBoost,val,1.3032487813195752,2.175996137420192,0.4647140637216576,54.29822527505041,57.1807075948138
31234,20th & O St NW / Dupont South,incoming_trips,GAM,test,1.6865214901100314,2.642739400155652,0.4365600531181662,57.56584201393204,55.79273230303193
31234,20th & O St NW / Dupont South,incoming_trips,GAM,val,1.3663895524501164,2.013997896076263,0.5164041977511933,57.68827689439712,54.20260800853337
31234,20th & O St NW / Dupont South,incoming_trips,HistGradientBoosting,test,1.5897097080725968,2.5402020226156576,0.4794343945024787,55.35392184347877,52.590049223884414
31234,20th & O St NW / Dupont South,incoming_trips,HistGradientBoosting,val,1.2824199856445189,2.006999331042009,0.5197593116924172,54.41380462929971,50.87166222806472
31234,20th & O St NW / Dupont South,incoming_trips,LightGBM,test,1.5842376437265175,2.5246301436568306,0.4857971470459717,54.82830075536381,52.4090248948165
31234,20th & O St NW / Dupont South,incoming_trips,LightGBM,val,1.2849788287419572,2.007647226381802,0.5194492010503018,54.03067325187959,50.97316766560051
31234,20th & O St NW / Dupont South,incoming_trips,Linear Regression,test,1.6002430259032585,2.391514701179305,0.5385920584536873,56.4144459015882,52.93850762505813
31234,20th & O St NW / Dupont South,incoming_trips,Linear Regression,val,1.3576447079207934,1.9957905911572515,0.5251084531863073,57.03335892651874,53.85571324541949
31234,20th & O St NW / Dupont South,incoming_trips,Naive (same hour last week),test,2.0278570613083686,3.1239566131194976,0.2126842445885641,81.65092349508028,67.0846394984326
31234,20th & O St NW / Dupont South,incoming_trips,Naive (same hour last week),val,1.7784356142548103,2.7077465083283654,0.1258609810050891,83.33389492552963,70.54785240052391
31234,20th & O St NW / Dupont South,incoming_trips,Poisson,test,1.8744325609388413,2.944235422391956,0.3006669999582141,63.95858273064288,62.009120373393166
31234,20th & O St NW / Dupont South,incoming_trips,Poisson,val,1.5015995961815345,2.251089675854585,0.3958426133484661,59.09787180256767,59.5661860496925
31234,20th & O St NW / Dupont South,incoming_trips,Polynomial Regression,test,1.6718178213753514,2.5629885303169644,0.47005319201518,60.63501912948419,55.3063122613087
31234,20th & O St NW / Dupont South,incoming_trips,Polynomial Regression,val,1.3193135156729348,1.9941446454867184,0.5258914244799409,57.69843125562584,52.3351727932586
31234,20th & O St NW / Dupont South,incoming_trips,Random Forest,test,1.626953165731849,2.4294661006724034,0.5238315216198706,58.451477872812575,53.82212025019929
31234,20th & O St NW / Dupont South,incoming_trips,Random Forest,val,1.3386547307097645,1.9804044066222908,0.5324024086768842,57.18998877003252,53.10240955613503
31234,20th & O St NW / Dupont South,incoming_trips,Soft Two-Stage,test,1.6348035519404152,2.598643079231797,0.4552061168597557,53.08694394599033,54.08182313497034
31234,20th & O St NW / Dupont South,incoming_trips,Soft Two-Stage,val,1.31239340918508,2.034716421040211,0.5064032659954386,52.24693756687224,52.06066262983856
31234,20th & O St NW / Dupont South,incoming_trips,XGBoost,test,1.616993769829475,2.5254568187470845,0.4854603465956686,53.04465307349655,53.49264807167116
31234,20th & O St NW / Dupont South,incoming_trips,XGBoost,val,1.3014703116118225,2.0035935418368997,0.5213878232295874,52.76801342778058,51.62735986128285
31234,20th & O St NW / Dupont South,outgoing_trips,GAM,test,1.680114798110854,2.629300622106399,0.4080137494857332,57.5425755856109,56.96197219528922
31234,20th & O St NW / Dupont South,outgoing_trips,GAM,val,1.3480249347866062,2.000031811566982,0.5070513500371435,55.87094305156861,54.40789946340132
31234,20th & O St NW / Dupont South,outgoing_trips,HistGradientBoosting,test,1.5475402004893704,2.4652177961978787,0.4795946891646219,53.74336831446881,52.4672135323646
31234,20th & O St NW / Dupont South,outgoing_trips,HistGradientBoosting,val,1.2860986923947093,1.997879076729224,0.5081119497946083,54.34166719900506,51.90848221728198
31234,20th & O St NW / Dupont South,outgoing_trips,LightGBM,test,1.538474571231676,2.464137222144311,0.4800508056450201,55.072817040080736,52.15985589091638
31234,20th & O St NW / Dupont South,outgoing_trips,LightGBM,val,1.276020254235952,1.9927306981474595,0.5106437976924406,55.04156969761963,51.50170439297076
31234,20th & O St NW / Dupont South,outgoing_trips,Linear Regression,test,1.5790707012544682,2.3545352190348465,0.5252756445267546,55.55871330517793,53.53621162100982
31234,20th & O St NW / Dupont South,outgoing_trips,Linear Regression,val,1.3388140257620706,1.9735236759769248,0.5200316981603613,55.43207612954455,54.03613615306404
31234,20th & O St NW / Dupont South,outgoing_trips,Naive (same hour last week),test,2.0360771777600184,3.157978459140584,0.1460165422219216,83.06434163153472,69.0303851364428
31234,20th & O St NW / Dupont South,outgoing_trips,Naive (same hour last week),val,1.7401798929750654,2.6981424488867893,0.1028653640720903,81.77070665736818,70.23574284270025
31234,20th & O St NW / Dupont South,outgoing_trips,Poisson,test,1.9296651556869004,3.108524349277632,0.172553965982686,65.55619387786946,65.42263247014345
31234,20th & O St NW / Dupont South,outgoing_trips,Poisson,val,1.5095501131024058,2.2879705313985785,0.3548974957442597,59.02539926179686,60.9272489471
31234,20th & O St NW / Dupont South,outgoing_trips,Polynomial Regression,test,1.5777231002024872,2.453283342421179,0.4846211980496847,57.23834492938504,53.49052306821592
31234,20th & O St NW / Dupont South,outgoing_trips,Polynomial Regression,val,1.3042813077150202,1.994164587514164,0.5099393019900667,56.5215533584538,52.64235432958514
31234,20th & O St NW / Dupont South,outgoing_trips,Random Forest,test,1.5430067557005596,2.360108711371699,0.523025515415189,53.49611438937439,52.3135133469371
31234,20th & O St NW / Dupont South,outgoing_trips,Random Forest,val,1.3033787063724382,1.9385691739035948,0.536883259616177,55.07770505830777,52.60592425931311
31234,20th & O St NW / Dupont South,outgoing_trips,Soft Two-Stage,test,1.5575048607819868,2.4568054278467133,0.4831403163690638,52.11449737952834,52.80505157959908
31234,20th & O St NW / Dupont South,outgoing_trips,Soft Two-Stage,val,1.2920363388958045,1.986962975297199,0.5134724652075717,52.24442286725115,52.14813273526882
31234,20th & O St NW / Dupont South,outgoing_trips,XGBoost,test,1.6107977970333824,2.47833173560534,0.4740432805606384,50.833009892459394,54.61187499212462
31234,20th & O St NW / Dupont South,outgoing_trips,XGBoost,val,1.3034417139907473,1.9822265423289205,0.515789225525525,51.92870541614049,52.60846732218526
31236,37th & O St NW / Georgetown University,incoming_trips,GAM,test,2.200097372745537,3.255556802590933,0.3373985685949431,75.39501925009571,66.65047863548632
31236,37th & O St NW / Georgetown University,incoming_trips,GAM,val,2.114446019762664,3.084098655871058,0.3533872366042919,75.54897049398022,65.28802739172254
31236,37th & O St NW / Georgetown University,incoming_trips,HistGradientBoosting,test,2.0272286221483204,3.269505064599198,0.3317086435455862,71.33486749305871,61.41353543872008
31236,37th & O St NW / Georgetown University,incoming_trips,HistGradientBoosting,val,1.917993078426875,3.123169456631055,0.3369002773222389,68.24340829148969,59.22212412664174
31236,37th & O St NW / Georgetown University,incoming_trips,LightGBM,test,1.7734634017031317,2.8640038975425623,0.4871988097823336,61.00144417183697,53.72588778583243
31236,37th & O St NW / Georgetown University,incoming_trips,LightGBM,val,1.6534255703965608,2.68631499512089,0.5094292823987483,58.08258350781272,51.0530384418808
31236,37th & O St NW / Georgetown University,incoming_trips,Linear Regression,test,1.8269271665997688,2.670325316679738,0.5542101647423964,61.48869537220819,55.345536790534965
31236,37th & O St NW / Georgetown University,incoming_trips,Linear Regression,val,1.7222415344821187,2.511154399343872,0.5713186582749463,57.69710254838179,53.17787800090156
31236,37th & O St NW / Georgetown University,incoming_trips,Naive (same hour last week),test,2.279712295924192,3.5661510760166264,0.204937462464973,89.7259773527248,69.0623594922699
31236,37th & O St NW / Georgetown University,incoming_trips,Naive (same hour last week),val,2.1205738358191963,3.295686684590571,0.2616205803288279,83.63676927929909,65.47723677271928
31236,37th & O St NW / Georgetown University,incoming_trips,Poisson,test,2.3407914929260887,3.9872045444839146,0.0061087973858023,77.31492312812932,70.91271291993087
31236,37th & O St NW / Georgetown University,incoming_trips,Poisson,val,2.3364034055848637,4.29379829241471,-0.2533461364700944,72.43763480922685,72.14143473809756
31236,37th & O St NW / Georgetown University,incoming_trips,Polynomial Regression,test,1.8021259854761444,2.6908840657411,0.5473194976287887,66.60119644861724,54.59420159369678
31236,37th & O St NW / Georgetown University,incoming_trips,Polynomial Regression,val,1.658279995040111,2.4856837481568204,0.579970789138469,60.8519607464877,51.20292914901493
31236,37th & O St NW / Georgetown University,incoming_trips,Random Forest,test,1.8558928873910407,2.730689742158127,0.5338276260730387,65.20390510067622,56.22303393165057
31236,37th & O St NW / Georgetown University,incoming_trips,Random Forest,val,1.755485054377606,2.5734619766116498,0.5497815790659777,61.45766901722012,54.20434252978911
31236,37th & O St NW / Georgetown University,incoming_trips,Soft Two-Stage,test,1.808844214096173,2.882616909810463,0.4805118144537297,56.52889088244678,54.7977258370573
31236,37th & O St NW / Georgetown University,incoming_trips,Soft Two-Stage,val,1.6880273581389584,2.704139812272358,0.5028974017360895,53.50521475323766,52.12144238542616
31236,37th & O St NW / Georgetown University,incoming_trips,XGBoost,test,1.825698058822568,2.927853361255185,0.4640793906096703,57.460285992032745,55.30830179236632
31236,37th & O St NW / Georgetown University,incoming_trips,XGBoost,val,1.7137176440054545,2.769900591080434,0.478425783144382,54.90966967219488,52.91468471541538
31236,37th & O St NW / Georgetown University,outgoing_trips,GAM,test,2.0315070008345923,3.175722367646979,0.4469317172650978,68.23390445944412,62.10592935782414
31236,37th & O St NW / Georgetown University,outgoing_trips,GAM,val,1.94952752788176,3.0321599194583566,0.4641680652854959,66.86354930338932,60.81152209889369
31236,37th & O St NW / Georgetown University,outgoing_trips,HistGradientBoosting,test,1.954276934679968,3.261450452750701,0.416668716457108,67.47924848042179,59.74490129790178
31236,37th & O St NW / Georgetown University,outgoing_trips,HistGradientBoosting,val,1.8647674894851207,3.1589516849604045,0.4184188056825056,64.90916030498765,58.16760613754241
31236,37th & O St NW / Georgetown University,outgoing_trips,LightGBM,test,1.7093839543237177,2.821945932994773,0.5632920734169393,59.51835494534589,52.258190136195736
31236,37th & O St NW / Georgetown University,outgoing_trips,LightGBM,val,1.6206607908346653,2.7160017338014497,0.5700831435746312,57.3754529110303,50.55319716553917
31236,37th & O St NW / Georgetown University,outgoing_trips,Linear Regression,test,1.7793802699934067,2.637498814831776,0.6185143169231673,59.97313759689354,54.39807261482059
31236,37th & O St NW / Georgetown University,outgoing_trips,Linear Regression,val,1.6761290668857662,2.5332718155028644,0.6259859039536635,56.19196440682097,52.28341653747801
31236,37th & O St NW / Georgetown University,outgoing_trips,Naive (same hour last week),test,2.1842676104578147,3.475880390833421,0.3374428510119139,87.66602959484449,66.77602875990367
31236,37th & O St NW / Georgetown University,outgoing_trips,Naive (same hour last week),val,2.097005578959353,3.343924121805416,0.3483157633806915,82.23974451323214,65.41179813190325
31236,37th & O St NW / Georgetown University,outgoing_trips,Poisson,test,2.211378225901172,4.120859101549752,0.0687436895613834,68.77641567346011,67.60483711098519
31236,37th & O St NW / Georgetown University,outgoing_trips,Poisson,val,2.1571973970350675,4.266897999931508,-0.0610819093341103,63.759728261462456,67.28935873196362
31236,37th & O St NW / Georgetown University,outgoing_trips,Polynomial Regression,test,1.7541489074711014,2.7562863363440546,0.5833778441735274,64.84141400607776,53.62671557900031
31236,37th & O St NW / Georgetown University,outgoing_trips,Polynomial Regression,val,1.6240320069508047,2.4787835997170733,0.6419022304391678,59.64347843770129,50.658355354082175
31236,37th & O St NW / Georgetown University,outgoing_trips,Random Forest,test,1.809933019457783,2.7065263204019314,0.5982848532280785,64.96691889631624,55.33211167997878
31236,37th & O St NW / Georgetown University,outgoing_trips,Random Forest,val,1.6875569236870431,2.577122492793299,0.6129255452754997,58.96967789768285,52.63988514665377
31236,37th & O St NW / Georgetown University,outgoing_trips,Soft Two-Stage,test,1.7602214447626896,2.8617222575846752,0.5508942038046118,56.37446812624693,53.81236129516037
31236,37th & O St NW / Georgetown University,outgoing_trips,Soft Two-Stage,val,1.653935608701878,2.732274283725544,0.5649161359560507,53.030820790494296,51.5911370218013
31236,37th & O St NW / Georgetown University,outgoing_trips,XGBoost,test,1.7859138598767432,2.9499455964216743,0.5227766216366502,55.80834188056604,54.59781333517292
31236,37th & O St NW / Georgetown University,outgoing_trips,XGBoost,val,1.699580503710552,2.8412887336277755,0.5295048766707937,54.22912929767635,53.01493612277508
31241,Thomas Circle,incoming_trips,GAM,test,1.342547839897125,1.879747715523776,0.4154143556476203,66.06250564769898,61.99260124233705
31241,Thomas Circle,incoming_trips,GAM,val,1.380240446267441,1.9084174282880555,0.4760283296762276,60.85848362397239,55.08293274975888
31241,Thomas Circle,incoming_trips,HistGradientBoosting,test,1.1947641730584502,1.8333746080768365,0.4439018643131673,56.4610307416732,55.16864037017748
31241,Thomas Circle,incoming_trips,HistGradientBoosting,val,1.2899618695616997,1.921446211501791,0.4688495896183275,53.929272040430696,51.48007588313527
31241,Thomas Circle,incoming_trips,LightGBM,test,1.198646711517381,1.832542512550976,0.4444065312393962,56.68907709578132,55.34791789857524
31241,Thomas Circle,incoming_trips,LightGBM,val,1.2869479117346516,1.918688081113865,0.470373369600356,53.995135526229376,51.359794205586354
31241,Thomas Circle,incoming_trips,Linear Regression,test,1.2700707203475603,1.8624976661771768,0.4260943646234166,60.523390476315456,58.6459456983725
31241,Thomas Circle,incoming_trips,Linear Regression,val,1.3428658355922598,1.9106869826771244,0.4747813390605564,58.6361308767107,53.59137874412403
31241,Thomas Circle,incoming_trips,Naive (same hour last week),test,1.678159607261103,2.5444333128739136,-0.071102814892056,86.0281503605426,77.48958827560757
31241,Thomas Circle,incoming_trips,Naive (same hour last week),val,1.7742229306615052,2.615933103163709,0.0155031615930764,82.80784932625829,70.80607051981099
31241,Thomas Circle,incoming_trips,Poisson,test,1.3701635936047991,1.9084818514613595,0.3974056107456544,55.80712948205717,63.26776802353544
31241,Thomas Circle,incoming_trips,Poisson,val,1.4477229738022763,1.9928053058269577,0.4286650389522906,54.90731169195806,57.77603998048615
31241,Thomas Circle,incoming_trips,Polynomial Regression,test,1.2947302096963849,1.9819235529893555,0.3501355016191284,62.94838005966974,59.78460597148313
31241,Thomas Circle,incoming_trips,Polynomial Regression,val,1.349834761095235,1.9848468648580728,0.4332192784023423,58.45670901467799,53.86949612277103
31241,Thomas Circle,incoming_trips,Random Forest,test,1.282803218247074,1.8437089357853464,0.4376149905330905,61.318796392216726,59.23387310151364
31241,Thomas Circle,incoming_trips,Random Forest,val,1.3533791336278091,1.9185446523920249,0.4704525495693377,58.99664857691609,54.01094570453039
31241,Thomas Circle,incoming_trips,Soft Two-Stage,test,1.2084650214761172,1.822220875403045,0.4506475698310784,56.39093312599648,55.80128168648484
31241,Thomas Circle,incoming_trips,Soft Two-Stage,val,1.302456690834451,1.9106742832028067,0.4747883208203004,54.21474901696092,51.97872189930472
31241,Thomas Circle,incoming_trips,XGBoost,test,1.238143098970939,1.8399810017696203,0.4398869485366931,54.59933139254568,57.17167696708552
31241,Thomas Circle,incoming_trips,XGBoost,val,1.2979335868068225,1.9133173116935065,0.4733342691749158,52.53631385169759,51.79821289042312
31241,Thomas Circle,outgoing_trips,GAM,test,1.6042946407242535,2.176126413997005,0.2508094061582354,83.72577605594054,71.7268988724605
31241,Thomas Circle,outgoing_trips,GAM,val,1.5343621097501,2.106601796585725,0.4616221891261746,67.37452828169943,56.0042488880652
31241,Thomas Circle,outgoing_trips,HistGradientBoosting,test,1.2500025467454123,1.8429018255907883,0.4626856051113801,59.702520153978064,55.88674547977676
31241,Thomas Circle,outgoing_trips,HistGradientBoosting,val,1.3773253370595466,2.015384107221495,0.5072372040156785,57.1998214152503,50.27240342182603
31241,Thomas Circle,outgoing_trips,LightGBM,test,1.250522552024584,1.843271647408732,0.4624699338026281,60.01758848277061,55.90999455455735
31241,Thomas Circle,outgoing_trips,LightGBM,val,1.374287392780852,2.013675434547788,0.5080723931030684,57.180544276224566,50.16151839252888
31241,Thomas Circle,outgoing_trips,Linear Regression,test,1.3182936833376342,1.8909314089215843,0.4343137449138402,63.88824747252156,58.93999475450124
31241,Thomas Circle,outgoing_trips,Linear Regression,val,1.4135317373781031,2.0120122843243173,0.5088846507580602,59.567502347446776,51.5939377857785
31241,Thomas Circle,outgoing_trips,Naive (same hour last week),test,1.734216234729992,2.5775338572902964,-0.051072884956165,85.16603722661262,77.53560308304834
31241,Thomas Circle,outgoing_trips,Naive (same hour last week),val,1.905271547307298,2.784367807499873,0.0594639215803329,82.82979982456084,69.54245106595187
31241,Thomas Circle,outgoing_trips,Poisson,test,1.4334479111615317,1.944611136054752,0.4017404884170951,61.68083902181375,64.08846028208798
31241,Thomas Circle,outgoing_trips,Poisson,val,1.5088786417795292,2.087827877662382,0.4711754163368259,56.2298570704275,55.07410177762376
31241,Thomas Circle,outgoing_trips,Polynomial Regression,test,1.458136801370442,2.421880205785182,0.0720397129973017,67.57142349646722,65.1922834117896
31241,Thomas Circle,outgoing_trips,Polynomial Regression,val,1.4574413451647763,2.066966026997632,0.4816907866084663,59.9498999112364,53.19663938238054
31241,Thomas Circle,outgoing_trips,Random Forest,test,1.3394832106116394,1.8603508991808788,0.4524625712225477,64.40880776641836,59.88736379841432
31241,Thomas Circle,outgoing_trips,Random Forest,val,1.4153018029112383,2.007605417885049,0.5110336531075583,59.11502730221096,51.65854521451776
31241,Thomas Circle,outgoing_trips,Soft Two-Stage,test,1.26295946342951,1.832873875509983,0.4685171717267307,58.78574289203217,56.46604022346525
31241,Thomas Circle,outgoing_trips,Soft Two-Stage,val,1.3835031215955724,2.001571529715801,0.5139684275820915,55.56386755013999,50.49789268575785
31241,Thomas Circle,outgoing_trips,XGBoost,test,1.3073348028734637,1.8553972398640937,0.4553746054762845,58.38793841002696,58.45003082215644
31241,Thomas Circle,outgoing_trips,XGBoost,val,1.3877289011480105,2.0075771590083136,0.5110474183049958,55.593612377789,50.65213372722843
31247,Jefferson Dr & 14th St SW,incoming_trips,GAM,test,2.096921604169218,3.4295228976224177,0.408708067826419,90.59533652933548,77.49762164944379
31247,Jefferson Dr & 14th St SW,incoming_trips,GAM,val,2.081640555660414,3.361919868849239,0.543005180519712,83.42690953877606,61.92605676861338
31247,Jefferson Dr & 14th St SW,incoming_trips,HistGradientBoosting,test,1.7352509877195263,3.117104452706269,0.5115307258856179,79.480167466404,64.13106920436849
31247,Jefferson Dr & 14th St SW,incoming_trips,HistGradientBoosting,val,1.8510806530653132,3.258021578542702,0.5708150602389237,74.53579721145867,55.06720422663816
31247,Jefferson Dr & 14th St SW,incoming_trips,LightGBM,test,1.7348945757349583,3.131917477595928,0.506877112060097,79.21095908859127,64.11789699941983
31247,Jefferson Dr & 14th St SW,incoming_trips,LightGBM,val,1.8513148894664608,3.258062517726508,0.5708042741891053,74.7893860758619,55.07417245015556
31247,Jefferson Dr & 14th St SW,incoming_trips,Linear Regression,test,1.8430460078713955,3.227838712512208,0.4762088074811366,80.21893637062402,68.11493663690106
31247,Jefferson Dr & 14th St SW,incoming_trips,Linear Regression,val,2.0313879270310484,3.380626884232166,0.5379052409375629,81.30104809842047,60.43110744856286
31247,Jefferson Dr & 14th St SW,incoming_trips,Naive (same hour last week),test,2.485557712067588,4.576118533086937,-0.052759260215528,106.1704921054104,91.86075949367088
31247,Jefferson Dr & 14th St SW,incoming_trips,Naive (same hour last week),val,2.7320960947284525,4.784862654538167,0.0742888096298507,106.76612338841176,81.27624983064625
31247,Jefferson Dr & 14th St SW,incoming_trips,Poisson,test,2.196216552635818,3.513289779146576,0.3794704264188127,81.83802531359675,81.16734508243516
31247,Jefferson Dr & 14th St SW,incoming_trips,Poisson,val,2.2695307605693804,3.5607267188683727,0.4873583970311541,76.64110714887293,67.51554216935668
31247,Jefferson Dr & 14th St SW,incoming_trips,Polynomial Regression,test,2.0832938737957445,3.579253749870425,0.3559501002609078,86.97799218077319,76.99397063534569
31247,Jefferson Dr & 14th St SW,incoming_trips,Polynomial Regression,val,2.042767890648105,3.3511168689058386,0.545937423524836,78.1425462581413,60.76964633370245
31247,Jefferson Dr & 14th St SW,incoming_trips,Random Forest,test,2.0171447480238296,3.315494429045237,0.4473742151238872,88.63431173788044,74.54924408413808
31247,Jefferson Dr & 14th St SW,incoming_trips,Random Forest,val,2.011646548870688,3.2765062521301145,0.5659312075133408,80.93071917443037,59.843827525847615
31247,Jefferson Dr & 14th St SW,incoming_trips,Soft Two-Stage,test,1.769862490344963,3.1003848194392707,0.5167568092311776,75.75259846679533,65.41023440055498
31247,Jefferson Dr & 14th St SW,incoming_trips,Soft Two-Stage,val,1.884892774416327,3.2305602841783227,0.5780196184209043,71.78236345911455,56.07307017239738
31247,Jefferson Dr & 14th St SW,incoming_trips,XGBoost,test,1.8558011688413465,3.161348964621258,0.497565543093708,83.14562959663685,68.58633940034325
31247,Jefferson Dr & 14th St SW,incoming_trips,XGBoost,val,1.886671558655004,3.2490890841781384,0.573165220641787,72.42387902714985,56.125986653796566
31247,Jefferson Dr & 14th St SW,outgoing_trips,GAM,test,1.9260039754750844,3.2077680770923065,0.4692663714173856,85.19988386449536,74.65865118244939
31247,Jefferson Dr & 14th St SW,outgoing_trips,GAM,val,1.9545124117748305,3.200835339916962,0.5904368606073667,81.06640737317059,60.16150035963529
31247,Jefferson Dr & 14th St SW,outgoing_trips,HistGradientBoosting,test,1.6018420919221372,2.9500718909079064,0.5511141833232909,73.57922854771972,62.093002669260045
31247,Jefferson Dr & 14th St SW,outgoing_trips,HistGradientBoosting,val,1.7589876026796574,3.119917679842408,0.6108827653460926,71.9645964606725,54.14308584262785
31247,Jefferson Dr & 14th St SW,outgoing_trips,LightGBM,test,1.6053102624002251,2.944403700846859,0.5528374808400426,74.64301821632048,62.22744108852704
31247,Jefferson Dr & 14th St SW,outgoing_trips,LightGBM,val,1.7601449193686336,3.1266568539891466,0.6091999254405626,72.7315516449007,54.17870900264494
31247,Jefferson Dr & 14th St SW,outgoing_trips,Linear Regression,test,1.7067312573707962,3.057477762512515,0.517833205550434,76.87178898211168,66.15887362060012
31247,Jefferson Dr & 14th St SW,outgoing_trips,Linear Regression,val,1.9349674724442467,3.2648540910065145,0.5738899761577512,81.4612806427394,59.55989104393993
31247,Jefferson Dr & 14th St SW,outgoing_trips,Naive (same hour last week),test,2.3342847357004226,4.392283761198235,0.0049349704107055,103.69748035508636,90.48504160028324
31247,Jefferson Dr & 14th St SW,outgoing_trips,Naive (same hour last week),val,2.6181259250825457,4.664357794290116,0.1302830974508423,108.14249588967104,80.58807037218757
31247,Jefferson Dr & 14th St SW,outgoing_trips,Poisson,test,2.004577789931358,3.252504595096238,0.4543595958931359,72.37294320903243,77.70444707916785
31247,Jefferson Dr & 14th St SW,outgoing_trips,Poisson,val,2.126142679184972,3.394913450800383,0.5392645698001675,72.6192319573628,65.44442122128552
31247,Jefferson Dr & 14th St SW,outgoing_trips,Polynomial Regression,test,1.980465362776725,3.4376310199449964,0.3904782555485463,77.71869185427293,76.7697650582463
31247,Jefferson Dr & 14th St SW,outgoing_trips,Polynomial Regression,val,1.9710271004886493,3.230381398890344,0.5828408265562444,76.4613355066097,60.66983606782017
31247,Jefferson Dr & 14th St SW,outgoing_trips,Random Forest,test,1.927095013908316,3.1797078140972923,0.4785110474265253,86.07019040286953,74.70094364853487
31247,Jefferson Dr & 14th St SW,outgoing_trips,Random Forest,val,1.927283647980249,3.162993150825201,0.6000638150065247,79.91250634425674,59.32337660408822
31247,Jefferson Dr & 14th St SW,outgoing_trips,Soft Two-Stage,test,1.6612293054521936,2.943743607304345,0.5530379533533092,72.90454474603266,64.39505880003435
31247,Jefferson Dr & 14th St SW,outgoing_trips,Soft Two-Stage,val,1.7740361711971355,3.0695312505137275,0.623349702301854,69.02655551274943,54.60629316473135
31247,Jefferson Dr & 14th St SW,outgoing_trips,XGBoost,test,1.721211473537276,3.0187421472060048,0.5299730920598439,74.45946429940858,66.72017745049124
31247,Jefferson Dr & 14th St SW,outgoing_trips,XGBoost,val,1.7811363745773228,3.1145495673231687,0.6122206391637395,69.21998716539686,54.82484326737445
31248,Smithsonian-National Mall / Jefferson Dr & 12th St SW,incoming_trips,GAM,test,1.796391598745191,2.924500279054018,0.4375982929183486,91.05321346835026,79.41149698904375
31248,Smithsonian-National Mall / Jefferson Dr & 12th St SW,incoming_trips,GAM,val,1.863758730614908,3.133830784988114,0.5350365358170942,81.09548560334709,63.146213520775895
31248,Smithsonian-National Mall / Jefferson Dr & 12th St SW,incoming_trips,HistGradientBoosting,test,1.5039259119079451,2.7338097743832344,0.5085493884309318,79.43200814934474,66.48272465126523
31248,Smithsonian-National Mall / Jefferson Dr & 12th St SW,incoming_trips,HistGradientBoosting,val,1.6679290393716313,3.0768344488838584,0.5517957172548744,68.92758955859081,56.51128632026015
31248,Smithsonian-National Mall / Jefferson Dr & 12th St SW,incoming_trips,LightGBM,test,1.4981306645381354,2.7278414132734983,0.5106928828048076,78.75949748773112,66.22653926864605
31248,Smithsonian-National Mall / Jefferson Dr & 12th St SW,incoming_trips,LightGBM,val,1.6681338260303462,3.0720198510855634,0.553197310379864,69.43739274967817,56.51822471945581
31248,Smithsonian-National Mall / Jefferson Dr & 12th St SW,incoming_trips,Linear Regression,test,1.609116463440088,2.8295312386079368,0.4735316325578285,83.89983095884152,71.13279046770835
31248,Smithsonian-National Mall / Jefferson Dr & 12th St SW,incoming_trips,Linear Regression,val,1.8238979841159155,3.1623482771584936,0.5265358073297384,80.36504433868606,61.79568720630362
31248,Smithsonian-National Mall / Jefferson Dr & 12th St SW,incoming_trips,Naive (same hour last week),test,2.086653727594474,3.945527599087837,-0.0236546586139667,106.00972940859003,92.242858584839
31248,Smithsonian-National Mall / Jefferson Dr & 12th St SW,incoming_trips,Naive (same hour last week),val,2.4685187293635438,4.519405449577466,0.0329913626905605,107.26479099204442,83.63615322300659
31248,Smithsonian-National Mall / Jefferson Dr & 12th St SW,incoming_trips,Poisson,test,1.8686025930395331,2.934650288007044,0.4336876840587769,79.2873685286127,82.60366464334952
31248,Smithsonian-National Mall / Jefferson Dr & 12th St SW,incoming_trips,Poisson,val,2.0077316106162435,3.2804426793675363,0.4905135357758886,73.66938264673679,68.02417442442027
31248,Smithsonian-National Mall / Jefferson Dr & 12th St SW,incoming_trips,Polynomial Regression,test,1.6992477811024855,2.866214445395419,0.4597924409684185,78.15503621266616,75.1171460314761
31248,Smithsonian-National Mall / Jefferson Dr & 12th St SW,incoming_trips,Polynomial Regression,val,1.8092710355691857,3.0983460887651058,0.5455065821947938,72.5036503835409,61.30010996182601
31248,Smithsonian-National Mall / Jefferson Dr & 12th St SW,incoming_trips,Random Forest,test,1.7854404089805864,2.919806317681773,0.4394022067917043,93.06066762329304,78.92738741425738
31248,Smithsonian-National Mall / Jefferson Dr & 12th St SW,incoming_trips,Random Forest,val,1.825061796675631,3.1177378869007533,0.5397996501949947,79.29288734892117,61.83511846700639
31248,Smithsonian-National Mall / Jefferson Dr & 12th St SW,incoming_trips,Soft Two-Stage,test,1.544160815764822,2.7297124594256044,0.5100214140207644,78.3761194070134,68.26135351410153
31248,Smithsonian-National Mall / Jefferson Dr & 12th St SW,incoming_trips,Soft Two-Stage,val,1.6915123790619655,3.0458494064422306,0.5607774819642626,66.56784846453986,57.31031603325712
31248,Smithsonian-National Mall / Jefferson Dr & 12th St SW,incoming_trips,XGBoost,test,1.5484525004124483,2.7210741016106628,0.5131176472107184,75.2838159735314,68.45107222727685
31248,Smithsonian-National Mall / Jefferson Dr & 12th St SW,incoming_trips,XGBoost,val,1.6819828470109912,3.068217027223014,0.5543028112262669,66.08673018397495,56.9874449149309
31248,Smithsonian-National Mall / Jefferson Dr & 12th St SW,outgoing_trips,GAM,test,1.852144951887767,3.058557311715588,0.4559990169089193,92.64941929312192,84.40215198785158
31248,Smithsonian-National Mall / Jefferson Dr & 12th St SW,outgoing_trips,GAM,val,1.8419634269881504,3.162610909663919,0.5704134709885276,85.3864665922755,65.53232381106218
31248,Smithsonian-National Mall / Jefferson Dr & 12th St SW,outgoing_trips,HistGradientBoosting,test,1.3907021447852723,2.743216514602192,0.5623906302141671,73.82766223658548,63.37422655519589
31248,Smithsonian-National Mall / Jefferson Dr & 12th St SW,outgoing_trips,HistGradientBoosting,val,1.5706376484037294,3.0672271875270933,0.5959352033977363,71.64414497792305,55.87925007465449
31248,Smithsonian-National Mall / Jefferson Dr & 12th St SW,outgoing_trips,LightGBM,test,1.399742260054699,2.739106863690721,0.5637008254652498,75.45699710718667,63.78618415180848
31248,Smithsonian-National Mall / Jefferson Dr & 12th St SW,outgoing_trips,LightGBM,val,1.5491267799840025,3.026399468037816,0.606620586300662,71.17692581985577,55.11394867176851
31248,Smithsonian-National Mall / Jefferson Dr & 12th St SW,outgoing_trips,Linear Regression,test,1.5237799285390925,2.872662839257065,0.5201165728563255,80.4720514359511,69.4385744450024
31248,Smithsonian-National Mall / Jefferson Dr & 12th St SW,outgoing_trips,Linear Regression,val,1.738513787803886,3.180659331610338,0.5654963423019622,82.91322626078161,61.85185157484317
31248,Smithsonian-National Mall / Jefferson Dr & 12th St SW,outgoing_trips,Naive (same hour last week),test,1.9997716634318987,3.953029392072128,0.0912874502315104,102.47694265704676,91.12949378284168
31248,Smithsonian-National Mall / Jefferson Dr & 12th St SW,outgoing_trips,Naive (same hour last week),val,2.32597062507116,4.516255256220285,0.123975837842585,106.19925452951937,82.75205573783772
31248,Smithsonian-National Mall / Jefferson Dr & 12th St SW,outgoing_trips,Poisson,test,1.7407619170400157,2.927665918199975,0.5015639186692683,73.51467177344469,79.32643271085531
31248,Smithsonian-National Mall / Jefferson Dr & 12th St SW,outgoing_trips,Poisson,val,1.8903178530812417,3.2731584419650326,0.5398566163277503,71.9097966483574,67.25264999235446
31248,Smithsonian-National Mall / Jefferson Dr & 12th St SW,outgoing_trips,Polynomial Regression,test,1.6602179445160272,2.9953634863067298,0.4782463429630282,74.33615751822418,75.65604794763999
31248,Smithsonian-National Mall / Jefferson Dr & 12th St SW,outgoing_trips,Polynomial Regression,val,1.7338630848504455,3.1240300570708266,0.5808306374472996,72.40909798137001,61.686391518780994
31248,Smithsonian-National Mall / Jefferson Dr & 12th St SW,outgoing_trips,Random Forest,test,1.695294919199272,2.935284483640155,0.4989664168433972,90.18143371092188,77.2545039137736
31248,Smithsonian-National Mall / Jefferson Dr & 12th St SW,outgoing_trips,Random Forest,val,1.7370017071922237,3.11093379181473,0.5843376758974297,79.72636477344248,61.79805563360999
31248,Smithsonian-National Mall / Jefferson Dr & 12th St SW,outgoing_trips,Soft Two-Stage,test,1.4296164813222294,2.7465390098774582,0.5613299515929231,70.19151624686788,65.14755090734825
31248,Smithsonian-National Mall / Jefferson Dr & 12th St SW,outgoing_trips,Soft Two-Stage,val,1.580309642371918,3.0207821315098684,0.6080795435906601,66.11059355661135,56.22335475737253
31248,Smithsonian-National Mall / Jefferson Dr & 12th St SW,outgoing_trips,XGBoost,test,1.4112390485101831,2.7186219855312577,0.5702022987063349,71.18051811836395,64.31009222153214
31248,Smithsonian-National Mall / Jefferson Dr & 12th St SW,outgoing_trips,XGBoost,val,1.5639111821422635,3.0636238343557527,0.5968840297062301,68.08284527556701,55.63993969601613
31249,Jefferson Memorial,incoming_trips,GAM,test,1.488441395513032,2.784145808555053,0.4747665202685588,81.87500951361937,76.44244024214979
31249,Jefferson Memorial,incoming_trips,GAM,val,1.575501391717271,2.9448381849517515,0.502027540379935,80.05120893651782,71.19586706859845
31249,Jefferson Memorial,incoming_trips,HistGradientBoosting,test,1.2976947111659003,2.668536502182017,0.5174806379728852,74.2538847866345,66.64619158664392
31249,Jefferson Memorial,incoming_trips,HistGradientBoosting,val,1.397696542299568,2.936084338149026,0.504983693005967,71.98993372135466,63.16098338658729
31249,Jefferson Memorial,incoming_trips,LightGBM,test,1.2939281335358053,2.5761139891356764,0.550325147000186,72.68625137742917,66.45275005359201
31249,Jefferson Memorial,incoming_trips,LightGBM,val,1.3800304138427422,2.8559014761345978,0.5316517574708435,70.25677172549085,62.36266271239352
31249,Jefferson Memorial,incoming_trips,Linear Regression,test,1.433684807560372,2.767551021267365,0.4810091256335921,80.6518469968934,73.63028571926883
31249,Jefferson Memorial,incoming_trips,Linear Regression,val,1.5394405303073235,2.9800638582259453,0.4900429573060515,79.99256359103673,69.5663005643611
31249,Jefferson Memorial,incoming_trips,Naive (same hour last week),test,1.9896106861513871,3.971484728216272,-0.0687453622028084,111.49345972667108,102.18117854001758
31249,Jefferson Memorial,incoming_trips,Naive (same hour last week),val,2.077650005692816,4.084137315988384,0.0421817143590093,107.85934424127208,93.88763119983535
31249,Jefferson Memorial,incoming_trips,Poisson,test,1.6140564594609723,2.7113331045684146,0.5018797437985795,71.27138772442959,82.89369996141107
31249,Jefferson Memorial,incoming_trips,Poisson,val,1.6978221175240895,2.997185345946543,0.4841663683500085,69.88916327818843,76.72345985909695
31249,Jefferson Memorial,incoming_trips,Polynomial Regression,test,1.5684400150770863,2.816455908879033,0.4625050811764226,75.71249584203602,80.55095920293286
31249,Jefferson Memorial,incoming_trips,Polynomial Regression,val,1.6273438125832995,2.9732497715563366,0.492372383038271,72.69272978656032,73.53859181888825
31249,Jefferson Memorial,incoming_trips,Random Forest,test,1.4591548586288188,2.581380870422485,0.5484845412145033,75.31322557532864,74.93836063752462
31249,Jefferson Memorial,incoming_trips,Random Forest,val,1.515970335402617,2.752884006283092,0.5648306711281413,71.59158102960703,68.50569796172663
31249,Jefferson Memorial,incoming_trips,Soft Two-Stage,test,1.3190603424677096,2.6058576212524143,0.5398813726540685,66.54799037472839,67.74347428715724
31249,Jefferson Memorial,incoming_trips,Soft Two-Stage,val,1.4095345631017504,2.813448605863163,0.5454722266594207,64.2202252291238,63.69593572608908
31249,Jefferson Memorial,incoming_trips,XGBoost,test,1.2900158055537885,2.5866492701441977,0.5466396438715703,69.86419155912509,66.2518231653218
31249,Jefferson Memorial,incoming_trips,XGBoost,val,1.3755685302526084,2.830544284047728,0.5399316464690407,67.81537718001846,62.16103314060846
31249,Jefferson Memorial,outgoing_trips,GAM,test,1.6106065339833977,2.8752459539498094,0.4373006785642366,87.4644772075749,83.30756248470874
31249,Jefferson Memorial,outgoing_trips,GAM,val,1.633948915814499,3.027022199243792,0.4880259373480705,82.423520072424,73.80669269491229
31249,Jefferson Memorial,outgoing_trips,HistGradientBoosting,test,1.2910833181362855,2.710751256091515,0.4998437215737235,74.42509317158569,66.7804345314499
31249,Jefferson Memorial,outgoing_trips,HistGradientBoosting,val,1.4246672395534614,3.0224828838065783,0.4895602962472649,73.70393676440258,64.35328309503215
31249,Jefferson Memorial,outgoing_trips,LightGBM,test,1.291647311082123,2.6876021102621013,0.5083496685192724,72.26403659361131,66.80960669521858
31249,Jefferson Memorial,outgoing_trips,LightGBM,val,1.3994217319174294,2.9613544268503555,0.5099983698204487,71.0243458170509,63.212924662779166
31249,Jefferson Memorial,outgoing_trips,Linear Regression,test,1.4357961791447489,2.801747264401701,0.4657010722815177,80.55748412572721,74.26561198257266
31249,Jefferson Memorial,outgoing_trips,Linear Regression,val,1.5539688665195228,3.0604939143710617,0.4766408900786316,81.67951995932987,70.19393414236252
31249,Jefferson Memorial,outgoing_trips,Naive (same hour last week),test,1.9739696312364423,4.02112244697065,-0.1005784009023944,111.09525625440816,102.1022794378174
31249,Jefferson Memorial,outgoing_trips,Naive (same hour last week),val,2.097347147899351,4.17783277432175,0.0247435018374123,110.77534389278088,94.73873688541453
31249,Jefferson Memorial,outgoing_trips,Poisson,test,1.6131443262519674,2.7786546017917004,0.4744724108571633,71.17172640040373,83.43882811882001
31249,Jefferson Memorial,outgoing_trips,Poisson,val,1.719181943226578,3.100240307702946,0.46295897321608,71.58747743995,77.65673219172513
31249,Jefferson Memorial,outgoing_trips,Polynomial Regression,test,1.5393713348577212,2.8523720367280614,0.4462181346461317,75.46661463806488,79.62296871394106
31249,Jefferson Memorial,outgoing_trips,Polynomial Regression,val,1.6188596970514288,3.0101702680322897,0.4937105574546619,73.81311969183936,73.12510141536053
31249,Jefferson Memorial,outgoing_trips,Random Forest,test,1.4664453630045,2.6406530176908407,0.5253766868558116,75.98494959334234,75.85092083711122
31249,Jefferson Memorial,outgoing_trips,Random Forest,val,1.5390379171580877,2.8382405986403527,0.5498936254511058,73.977400445211,69.51949200987185
31249,Jefferson Memorial,outgoing_trips,Soft Two-Stage,test,1.3222772784455528,2.638264880731809,0.526234772283926,66.90584246172698,68.3939215891378
31249,Jefferson Memorial,outgoing_trips,Soft Two-Stage,val,1.4218138846441424,2.88723850198726,0.5342186785602214,65.54094891645106,64.22439492300711
31249,Jefferson Memorial,outgoing_trips,XGBoost,test,1.298690290568491,2.679413103194808,0.5113411785385742,68.40853648210307,67.17390017178111
31249,Jefferson Memorial,outgoing_trips,XGBoost,val,1.410218615717285,2.9848158221903405,0.5022035168995573,68.68176325485305,63.70062796669879
31257,22nd & I St NW / Foggy Bottom,incoming_trips,GAM,test,1.4667519756233842,2.104217325256128,0.4583128280541386,62.059312241395126,56.98252707569068
31257,22nd & I St NW / Foggy Bottom,incoming_trips,GAM,val,1.2786584722966303,1.7548767056431749,0.4114572147639567,62.17742946177335,61.96798191348732
31257,22nd & I St NW / Foggy Bottom,incoming_trips,HistGradientBoosting,test,1.3473195775273314,2.129371642343802,0.445284502906658,51.37510986223997,52.34264250670583
31257,22nd & I St NW / Foggy Bottom,incoming_trips,HistGradientBoosting,val,1.1471101351795758,1.7225271019623891,0.4329557520091214,55.12126240909095,55.59271818839162
31257,22nd & I St NW / Foggy Bottom,incoming_trips,LightGBM,test,1.3553159857997976,2.147349307832912,0.4358783599261474,52.47933946434381,52.65329867657423
31257,22nd & I St NW / Foggy Bottom,incoming_trips,LightGBM,val,1.1466597603765292,1.727871435029368,0.4294316570758053,56.176240359672725,55.570891548789135
31257,22nd & I St NW / Foggy Bottom,incoming_trips,Linear Regression,test,1.3712961071635483,2.0132727412155536,0.5041245659975402,54.526683999297866,53.27411781533541
31257,22nd & I St NW / Foggy Bottom,incoming_trips,Linear Regression,val,1.200148814806827,1.7051179866192725,0.4443597562894102,56.88837089329871,58.16314650139801
31257,22nd & I St NW / Foggy Bottom,incoming_trips,Naive (same hour last week),test,1.8134490238611716,2.7531132156388622,0.0727101436814646,84.30814743252058,70.45152133416127
31257,22nd & I St NW / Foggy Bottom,incoming_trips,Naive (same hour last week),val,1.5544802459296367,2.351377560440505,-0.0566461149263191,81.22136867509198,75.33520940241681
31257,22nd & I St NW / Foggy Bottom,incoming_trips,Poisson,test,1.497317968424545,2.1474553722697127,0.4358226310128298,59.65311009640598,58.16999949184152
31257,22nd & I St NW / Foggy Bottom,incoming_trips,Poisson,val,1.2770529728349629,1.7741496279805191,0.3984588927331234,55.86949225642051,61.89017414561319
31257,22nd & I St NW / Foggy Bottom,incoming_trips,Polynomial Regression,test,1.404160796401802,2.098452089697082,0.4612770427275627,59.25321284863392,54.5508933544016
31257,22nd & I St NW / Foggy Bottom,incoming_trips,Polynomial Regression,val,1.2383843200198972,1.7379139704244242,0.4227799998419506,60.94837439394014,60.0161644470273
31257,22nd & I St NW / Foggy Bottom,incoming_trips,Random Forest,test,1.3949304094479087,2.052067961966092,0.4848296655382554,56.09429408302841,54.19229777501212
31257,22nd & I St NW / Foggy Bottom,incoming_trips,Random Forest,val,1.206057547199077,1.7042933234541786,0.4448970859520339,59.40333941485155,58.44950304612645
31257,22nd & I St NW / Foggy Bottom,incoming_trips,Soft Two-Stage,test,1.3832413169818212,2.151575210854141,0.4336558346291622,50.66608443722112,53.73818280601336
31257,22nd & I St NW / Foggy Bottom,incoming_trips,Soft Two-Stage,val,1.168857748866784,1.718587912090623,0.4355462957221074,54.894087843756914,56.64667885171861
31257,22nd & I St NW / Foggy Bottom,incoming_trips,XGBoost,test,1.3848518187878018,2.137676469829435,0.4409491393579223,50.321234986238174,53.80074993685069
31257,22nd & I St NW / Foggy Bottom,incoming_trips,XGBoost,val,1.161530147586605,1.7174078156062529,0.4363212123030057,54.248627754807245,56.29155926862634
31257,22nd & I St NW / Foggy Bottom,outgoing_trips,GAM,test,1.601877886512569,2.2619437178420867,0.4529436926203219,70.4961812758025,63.287543563209695
31257,22nd & I St NW / Foggy Bottom,outgoing_trips,GAM,val,1.3120102927463346,1.8372452668408663,0.4306128885333035,67.44058038157448,65.45890934555247
31257,22nd & I St NW / Foggy Bottom,outgoing_trips,HistGradientBoosting,test,1.3174828121100044,2.142501505560747,0.5091930405832978,53.65300901798196,52.05156495837405
31257,22nd & I St NW / Foggy Bottom,outgoing_trips,HistGradientBoosting,val,1.0912455262518066,1.7134527973925613,0.5047577960363767,56.30446951435345,54.4444981655852
31257,22nd & I St NW / Foggy Bottom,outgoing_trips,LightGBM,test,1.3182415782082582,2.1387706154963446,0.510900906319375,53.81364454148019,52.081542550862125
31257,22nd & I St NW / Foggy Bottom,outgoing_trips,LightGBM,val,1.0915918398700994,1.7160472266782971,0.5032569159131002,56.50824758721768,54.46177646886551
31257,22nd & I St NW / Foggy Bottom,outgoing_trips,Linear Regression,test,1.360724806523914,2.0411844113369355,0.5545151630020904,54.72252413610348,53.759984575295285
31257,22nd & I St NW / Foggy Bottom,outgoing_trips,Linear Regression,val,1.151853053589361,1.7053188748861152,0.5094485589746873,57.79817517960504,57.46833316107338
31257,22nd & I St NW / Foggy Bottom,outgoing_trips,Naive (same hour last week),test,1.7779426875214066,2.7933957310077924,0.1656786237441875,83.85446560121372,70.24357239512855
31257,22nd & I St NW / Foggy Bottom,outgoing_trips,Naive (same hour last week),val,1.5229420471365138,2.35788120566529,0.062184946900561,85.4516061193402,75.98273119745512
31257,22nd & I St NW / Foggy Bottom,outgoing_trips,Poisson,test,1.47503170397516,2.206962821586341,0.4792149904464337,57.9581211203513,58.27606087107996
31257,22nd & I St NW / Foggy Bottom,outgoing_trips,Poisson,val,1.2226623959270768,1.7703260852399412,0.4713358082816572,55.10658942432335,61.00115782451441
31257,22nd & I St NW / Foggy Bottom,outgoing_trips,Polynomial Regression,test,1.433894826445491,2.245701896074134,0.4607717309949116,60.12980166422166,56.65081093746529
31257,22nd & I St NW / Foggy Bottom,outgoing_trips,Polynomial Regression,val,1.197758298870757,1.7494781820762555,0.4837139158503876,61.10963958651545,59.75864087128979
31257,22nd & I St NW / Foggy Bottom,outgoing_trips,Random Forest,test,1.3498432414138528,2.0252861740732437,0.5614276614993873,56.387344898995714,53.33007195103264
31257,22nd & I St NW / Foggy Bottom,outgoing_trips,Random Forest,val,1.145598837441779,1.6982781546238075,0.5134908593634184,60.40693142737842,57.15629737134257
31257,22nd & I St NW / Foggy Bottom,outgoing_trips,Soft Two-Stage,test,1.34198363187574,2.134017110658433,0.513072575651206,52.0422484840075,53.01955178890216
31257,22nd & I St NW / Foggy Bottom,outgoing_trips,Soft Two-Stage,val,1.1177613947584983,1.7115544901759707,0.5058545301607371,54.71873370238407,55.7674297328101
31257,22nd & I St NW / Foggy Bottom,outgoing_trips,XGBoost,test,1.3589994042172178,2.130430253976071,0.5147080555970411,50.88017339861221,53.69181678637173
31257,22nd & I St NW / Foggy Bottom,outgoing_trips,XGBoost,val,1.1120281340873566,1.713731141532186,0.5045968823983582,54.758402396313976,55.48138549016844
31258,Lincoln Memorial,incoming_trips,GAM,test,2.409251399257593,3.659993033851469,0.4042940887970916,98.41284060767592,82.6387570727493
31258,Lincoln Memorial,incoming_trips,GAM,val,2.2920946661756942,3.63693533151143,0.5674175346678167,86.32276788101028,63.77781546973269
31258,Lincoln Memorial,incoming_trips,HistGradientBoosting,test,1.7953931543729302,3.1599418028492465,0.5559523658762028,76.30800276533436,61.58305388139292
31258,Lincoln Memorial,incoming_trips,HistGradientBoosting,val,1.9560368924239464,3.4812377839066184,0.6036625319506317,71.71553921480208,54.42696665977989
31258,Lincoln Memorial,incoming_trips,LightGBM,test,1.785718367200862,3.1433640507330005,0.560599288213192,76.13128019378381,61.2512029225891
31258,Lincoln Memorial,incoming_trips,LightGBM,val,1.9580631830211457,3.484848478143601,0.602839953525605,71.29340264768574,54.48334844439956
31258,Lincoln Memorial,incoming_trips,Linear Regression,test,1.922108737468909,3.281628355687563,0.5210941045162026,80.49828105683304,65.92947380752732
31258,Lincoln Memorial,incoming_trips,Linear Regression,val,2.140142519255705,3.627117793272551,0.5697498075718728,81.17958828762485,59.54972832765044
31258,Lincoln Memorial,incoming_trips,Naive (same hour last week),test,2.5453818929101497,4.534715957847665,0.0855255615259913,105.20363584587209,87.30811403508771
31258,Lincoln Memorial,incoming_trips,Naive (same hour last week),val,2.906637823067289,5.143184921123323,0.134908524553273,108.3486807118043,80.87755425312847
31258,Lincoln Memorial,incoming_trips,Poisson,test,2.229625654334897,3.4084167853667178,0.4833733767513498,75.67211394679664,76.47748710181453
31258,Lincoln Memorial,incoming_trips,Poisson,val,2.39141327553158,3.761176519089043,0.5373578624465615,74.84393742854269,66.5413679676663
31258,Lincoln Memorial,incoming_trips,Polynomial Regression,test,2.1259149361411778,3.502767642947949,0.4543752645133839,78.36279854824288,72.92014773519962
31258,Lincoln Memorial,incoming_trips,Polynomial Regression,val,2.223277560697507,3.683440171702937,0.5562840973356709,76.6907442021433,61.86297106163854
31258,Lincoln Memorial,incoming_trips,Random Forest,test,2.0893604439210485,3.3283862243972444,0.5073496180918033,83.25375342205628,71.66630689342287
31258,Lincoln Memorial,incoming_trips,Random Forest,val,2.1513317824485774,3.524715540699161,0.5937008626101459,77.13040610146017,59.86107094961463
31258,Lincoln Memorial,incoming_trips,Soft Two-Stage,test,1.8194624098019836,3.0890964202221376,0.575640117571837,71.59254056067613,62.40864366954719
31258,Lincoln Memorial,incoming_trips,Soft Two-Stage,val,1.991785386512056,3.455881714809041,0.6094150614689678,67.51333394203053,55.42167289635794
31258,Lincoln Memorial,incoming_trips,XGBoost,test,1.8949356801685304,3.1916552932035938,0.5469946274566415,72.16291998507307,64.99742176768547
31258,Lincoln Memorial,incoming_trips,XGBoost,val,1.9835523265175463,3.4839298411027277,0.6030493157654954,67.5835995556542,55.19258699129927
31258,Lincoln Memorial,outgoing_trips,GAM,test,2.3683447931516493,3.6446260874122616,0.4333895801986976,99.32066681861352,81.87367108661364
31258,Lincoln Memorial,outgoing_trips,GAM,val,2.3133672160275687,3.7170633025672166,0.5672687821087412,87.05149169559874,63.16505816013348
31258,Lincoln Memorial,outgoing_trips,HistGradientBoosting,test,1.7806756443236245,3.204272671714426,0.562036891452771,75.43813873114745,61.55795069909866
31258,Lincoln Memorial,outgoing_trips,HistGradientBoosting,val,2.0136920919145447,3.5898316017631937,0.5963857740355349,72.37035780196898,54.98261461524372
31258,Lincoln Memorial,outgoing_trips,LightGBM,test,1.771374529941808,3.191234615814715,0.5655937486956526,75.96362998259065,61.23641120795791
31258,Lincoln Memorial,outgoing_trips,LightGBM,val,2.0140305843081965,3.587361294542378,0.5969410692092028,72.69540980074156,54.99185694027696
31258,Lincoln Memorial,outgoing_trips,Linear Regression,test,1.8949306382375,3.3149358860509883,0.531263401353705,80.33913195960868,65.50774543285418
31258,Lincoln Memorial,outgoing_trips,Linear Regression,val,2.1887512911236824,3.7381481325556383,0.562345571884757,81.81155361672245,59.76249755942209
31258,Lincoln Memorial,outgoing_trips,Naive (same hour last week),test,2.559310423564334,4.64441741057857,0.0798871693695729,108.32592604655626,88.47535225164779
31258,Lincoln Memorial,outgoing_trips,Naive (same hour last week),val,2.995104178526699,5.301756211192597,0.1196450305978532,110.27762448293176,81.77946342524947
31258,Lincoln Memorial,outgoing_trips,Poisson,test,2.2039830468431907,3.421560789907274,0.5006246296692549,73.83282031486374,76.19168610056244
31258,Lincoln Memorial,outgoing_trips,Poisson,val,2.430948741174092,3.872715970764073,0.5302685858213056,74.8304891686597,66.37554883493037
31258,Lincoln Memorial,outgoing_trips,Polynomial Regression,test,2.139725922369595,3.439671751014517,0.4953240638147793,78.35970938863032,73.9703175357591
31258,Lincoln Memorial,outgoing_trips,Polynomial Regression,val,2.255633220091771,3.6871055165568185,0.5742158947238363,75.68331173171323,61.58866718085624
31258,Lincoln Memorial,outgoing_trips,Random Forest,test,2.114089761833432,3.393398802248524,0.5088112601271446,84.67464719782863,73.08407555708659
31258,Lincoln Memorial,outgoing_trips,Random Forest,val,2.209177380260748,3.609728431694351,0.5918992690197795,78.54546088858561,60.320219264557295
31258,Lincoln Memorial,outgoing_trips,Soft Two-Stage,test,1.7804533432786622,3.148068800826103,0.5772661465406448,72.14599363722178,61.55026575276396
31258,Lincoln Memorial,outgoing_trips,Soft Two-Stage,val,2.024851876513515,3.5247296525206444,0.6108922000508927,69.54260328280243,55.28732561761495
31258,Lincoln Memorial,outgoing_trips,XGBoost,test,1.8874355421813604,3.228717676000535,0.5553290681260539,73.96768546177069,65.24863998881689
31258,Lincoln Memorial,outgoing_trips,XGBoost,val,2.0597579277956526,3.581242635384945,0.5983148238092593,69.96719680240273,56.24041371538912
31265,5th St & Massachusetts Ave NW,incoming_trips,GAM,test,1.390890144804327,1.971746122066505,0.545312761602545,62.61789836830015,57.93611745454204
31265,5th St & Massachusetts Ave NW,incoming_trips,GAM,val,1.3925912421489923,1.9986774946365584,0.5758959552637744,60.49542968263144,55.95465885811153
31265,5th St & Massachusetts Ave NW,incoming_trips,HistGradientBoosting,test,1.263393481935412,1.958788744709506,0.5512691023467704,56.3759818324171,52.62537335111411
31265,5th St & Massachusetts Ave NW,incoming_trips,HistGradientBoosting,val,1.269382974390138,1.9996711484770096,0.5754741589832155,54.91907036325606,51.00412033518727
31265,5th St & Massachusetts Ave NW,incoming_trips,LightGBM,test,1.259289987350243,1.9487020308850984,0.5558786513399132,56.34289953083537,52.454446448548495
31265,5th St & Massachusetts Ave NW,incoming_trips,LightGBM,val,1.265428582600382,1.9911782426813187,0.5790725521646927,54.84110805713538,50.84523189980856
31265,5th St & Massachusetts Ave NW,incoming_trips,Linear Regression,test,1.3053499057722469,1.9583322022920815,0.5514782528384106,57.58945178250941,54.37302560709107
31265,5th St & Massachusetts Ave NW,incoming_trips,Linear Regression,val,1.345780452418037,2.008838960499744,0.5715726226744812,57.13178677444405,54.07378980551543
31265,5th St & Massachusetts Ave NW,incoming_trips,Naive (same hour last week),test,1.7263386231304942,2.6871124138721725,0.1555334626236068,83.2540682168951,71.90888339357048
31265,5th St & Massachusetts Ave NW,incoming_trips,Naive (same hour last week),val,1.7931230786747123,2.7931659740316164,0.1717137429195916,83.90585558110784,72.04812662976349
31265,5th St & Massachusetts Ave NW,incoming_trips,Poisson,test,1.40921534143882,2.04160718468963,0.5125218602093583,53.90123295840892,58.69943492325768
31265,5th St & Massachusetts Ave NW,incoming_trips,Poisson,val,1.4311450820409086,2.0680119546470843,0.5459611031907652,53.65233043857636,57.50376163395078
31265,5th St & Massachusetts Ave NW,incoming_trips,Polynomial Regression,test,1.3251121128853922,1.9646381170785023,0.5485850832292313,60.5804711543306,55.19620028896306
31265,5th St & Massachusetts Ave NW,incoming_trips,Polynomial Regression,val,1.3269500392290183,1.9639705853784124,0.5904971507272632,58.80187444628039,53.31717916898518
31265,5th St & Massachusetts Ave NW,incoming_trips,Random Forest,test,1.3156729206133713,1.942621333749456,0.5586459846390104,60.70917482030621,54.80302031411698
31265,5th St & Massachusetts Ave NW,incoming_trips,Random Forest,val,1.3301864030021502,1.973265905014228,0.5866116875303491,59.04488657157084,53.447217061932776
31265,5th St & Massachusetts Ave NW,incoming_trips,Soft Two-Stage,test,1.2705216563169102,1.9356550567546429,0.5618057167943623,54.84391292321536,52.92229022103774
31265,5th St & Massachusetts Ave NW,incoming_trips,Soft Two-Stage,val,1.2834203500138146,1.980174669580388,0.5837119240353369,53.91505356926211,51.56814554266587
31265,5th St & Massachusetts Ave NW,incoming_trips,XGBoost,test,1.2707260637996034,1.9432638842181695,0.5583539677382858,54.648079775466925,52.93080460728897
31265,5th St & Massachusetts Ave NW,incoming_trips,XGBoost,val,1.27759532807388,1.9825564629806665,0.5827098826372104,53.55988334292523,51.33409472744813
31265,5th St & Massachusetts Ave NW,outgoing_trips,GAM,test,1.321604390301064,1.876589646839947,0.5015986116354494,60.961286598751386,55.85222838293456
31265,5th St & Massachusetts Ave NW,outgoing_trips,GAM,val,1.3358030117711404,1.8919260648538283,0.5413511622164034,57.99705282075222,54.561493058577526
31265,5th St & Massachusetts Ave NW,outgoing_trips,HistGradientBoosting,test,1.2505743985742306,1.8979551895818527,0.4901851041087456,56.745081648650896,52.85043499523152
31265,5th St & Massachusetts Ave NW,outgoing_trips,HistGradientBoosting,val,1.2514570585103135,1.902927147772332,0.5360017951913798,54.16159117183602,51.116343509724615
31265,5th St & Massachusetts Ave NW,outgoing_trips,LightGBM,test,1.251292052870292,1.9034475624744995,0.4872301923838357,57.01453431940321,52.88076373198344
31265,5th St & Massachusetts Ave NW,outgoing_trips,LightGBM,val,1.2560621332875146,1.912690062237479,0.5312285223466866,54.82915242573411,51.30443992310022
31265,5th St & Massachusetts Ave NW,outgoing_trips,Linear Regression,test,1.2972967439316014,1.895255563050914,0.491634380681619,59.31225845916169,54.82496468250939
31265,5th St & Massachusetts Ave NW,outgoing_trips,Linear Regression,val,1.3245044599085725,1.918011436217805,0.5286165169512058,56.54174603527719,54.09999847173413
31265,5th St & Massachusetts Ave NW,outgoing_trips,Naive (same hour last week),test,1.7310195227765726,2.583064624915619,0.0556974661260216,84.29819476121233,73.1544919424877
31265,5th St & Massachusetts Ave NW,outgoing_trips,Naive (same hour last week),val,1.7852669930547649,2.656809364889825,0.0955329224444944,82.19284802078256,72.92005766637213
31265,5th St & Massachusetts Ave NW,outgoing_trips,Poisson,test,1.3935783604834295,1.95816713611385,0.457324610630807,55.41207849568111,58.89391517646608
31265,5th St & Massachusetts Ave NW,outgoing_trips,Poisson,val,1.4139279063294694,1.978671882737313,0.4983283708459829,53.68503916285713,57.75254058174083
31265,5th St & Massachusetts Ave NW,outgoing_trips,Polynomial Regression,test,1.3273075362173588,1.9505057476607808,0.4615627713324952,60.16684172161783,56.093248623602456
31265,5th St & Massachusetts Ave NW,outgoing_trips,Polynomial Regression,val,1.3005583175848927,1.912687049755632,0.531229998973227,57.27131937463928,53.12190719131337
31265,5th St & Massachusetts Ave NW,outgoing_trips,Random Forest,test,1.3256929806193287,1.8967138201366769,0.490851781248529,62.700192435151806,56.02501600523352
31265,5th St & Massachusetts Ave NW,outgoing_trips,Random Forest,val,1.3067750755675709,1.883885063829014,0.5452415451914358,58.18785028638258,53.37583355210889
31265,5th St & Massachusetts Ave NW,outgoing_trips,Soft Two-Stage,test,1.272275423728186,1.8956747163354872,0.4914094963062275,55.08082353995332,53.76754046335608
31265,5th St & Massachusetts Ave NW,outgoing_trips,Soft Two-Stage,val,1.2663096388316248,1.8930935809813303,0.5407849190122305,52.59058421273141,51.72300403598643
31265,5th St & Massachusetts Ave NW,outgoing_trips,XGBoost,test,1.2754174237087166,1.9005865520866776,0.4887704893114584,55.21150193065132,53.900324299260106
31265,5th St & Massachusetts Ave NW,outgoing_trips,XGBoost,val,1.269073310819223,1.8984979696296584,0.5381592492892002,52.57409669948488,51.835887499070985
31266,11th & M St NW,incoming_trips,GAM,test,1.4898727248979453,2.1869536776000817,0.5962035201229658,51.42076869825527,47.07039098752382
31266,11th & M St NW,incoming_trips,GAM,val,1.5553069074538663,2.2625112117576425,0.614098953517279,52.63112516776975,45.71248056810664
31266,11th & M St NW,incoming_trips,HistGradientBoosting,test,1.4394674409803785,2.204657034677699,0.5896396069875541,49.35570078210724,45.47790836656736
31266,11th & M St NW,incoming_trips,HistGradientBoosting,val,1.4988524338459313,2.28410054613264,0.6066991259514776,49.411831677183926,44.05321060960684
31266,11th & M St NW,incoming_trips,LightGBM,test,1.438957150873198,2.203154071221859,0.5901989197844125,49.43250341164551,45.46178648282477
31266,11th & M St NW,incoming_trips,LightGBM,val,1.497188524211612,2.278826757124596,0.608513224085474,49.48339461656676,44.004306154504526
31266,11th & M St NW,incoming_trips,Linear Regression,test,1.497330466783355,2.197863657972252,0.5921646597870924,51.9049486023163,47.30600764159358
31266,11th & M St NW,incoming_trips,Linear Regression,val,1.5611551973677131,2.2512067451203217,0.6179455707341168,52.62883690725717,45.8843693688071
31266,11th & M St NW,incoming_trips,Naive (same hour last week),test,1.9683753853179584,2.98071971730131,0.2498888155622967,77.86694591823418,62.18799596017891
31266,11th & M St NW,incoming_trips,Naive (same hour last week),val,2.0442901058863714,3.077373323804496,0.2860712920109564,77.75717797532901,60.0843288826423
31266,11th & M St NW,incoming_trips,Poisson,test,1.6640348745235969,2.394912629605461,0.515757716731355,51.52415644092708,52.57279420701264
31266,11th & M St NW,incoming_trips,Poisson,val,1.745795625058821,2.4828990394285486,0.5352572781202098,53.47154035014602,51.31119022484899
31266,11th & M St NW,incoming_trips,Polynomial Regression,test,1.5294967049467183,2.302396324772876,0.5524479746239612,55.32593816478622,48.3222537823846
31266,11th & M St NW,incoming_trips,Polynomial Regression,val,1.5303457599822328,2.2394324091471427,0.6219315869295687,53.2922486748115,44.9788401764346
31266,11th & M St NW,incoming_trips,Random Forest,test,1.4869849252010772,2.1904092868536638,0.5949264329360289,52.55833974499541,46.97915509968343
31266,11th & M St NW,incoming_trips,Random Forest,val,1.522045276188118,2.226448088206189,0.6263029896230221,52.63065758800924,44.73487822762186
31266,11th & M St NW,incoming_trips,Soft Two-Stage,test,1.4567457865343696,2.1964142119033525,0.5927024005224328,49.7421320716864,46.02379290237536
31266,11th & M St NW,incoming_trips,Soft Two-Stage,val,1.5137439060147482,2.2702808847415987,0.6114439627420303,49.63938286340248,44.490890226976994
31266,11th & M St NW,incoming_trips,XGBoost,test,1.4702044640594247,2.2244610190477268,0.5822341273659963,48.38419237862127,46.44900050748991
31266,11th & M St NW,incoming_trips,XGBoost,val,1.5364179089286334,2.316518772999066,0.5954556645772227,48.90264006020672,45.15730848348623
31266,11th & M St NW,outgoing_trips,GAM,test,1.580430799667985,2.2236930845697183,0.5219993184092158,55.492434722903695,49.17756714018928
31266,11th & M St NW,outgoing_trips,GAM,val,1.6016624000382698,2.273119196198048,0.549277445730433,53.22039483968808,46.56075483909616
31266,11th & M St NW,outgoing_trips,HistGradientBoosting,test,1.5356849472250769,2.245224720941801,0.5126977062165182,52.70115767999361,47.78523021330934
31266,11th & M St NW,outgoing_trips,HistGradientBoosting,val,1.5683721371223316,2.3024471334944647,0.5375719113115212,51.752715232168725,45.5929979821449
31266,11th & M St NW,outgoing_trips,LightGBM,test,1.527371239970255,2.2337365484259224,0.5176717211021036,52.02510202323262,47.52653625670349
31266,11th & M St NW,outgoing_trips,LightGBM,val,1.5613470321275238,2.2839759233485024,0.5449617393602308,50.86828520585192,45.38877629886486
31266,11th & M St NW,outgoing_trips,Linear Regression,test,1.5602564211436711,2.2334898127042786,0.517778269963769,54.78721123668713,48.54980991437499
31266,11th & M St NW,outgoing_trips,Linear Regression,val,1.5811579129765228,2.240787524131476,0.5620079502987552,53.83436213879895,45.9646839098163
31266,11th & M St NW,outgoing_trips,Naive (same hour last week),test,2.061993378239525,3.0154869125541506,0.1209901922706934,78.31920492688691,64.16213719847951
31266,11th & M St NW,outgoing_trips,Naive (same hour last week),val,2.0803825572127974,3.013612896389668,0.2077909431073571,78.20107193244993,60.47727799291695
31266,11th & M St NW,outgoing_trips,Poisson,test,1.6859439625935313,2.3279679501107005,0.4761187937201921,55.564975426033925,52.46077362732864
31266,11th & M St NW,outgoing_trips,Poisson,val,1.708757374986671,2.3548572324149224,0.5162800086454074,55.407281360363314,49.67403443718906
31266,11th & M St NW,outgoing_trips,Polynomial Regression,test,1.6290094618833453,2.7575016033466366,0.2649610176948241,59.45689347120076,50.68916791586281
31266,11th & M St NW,outgoing_trips,Polynomial Regression,val,1.597298793539395,2.280963559536223,0.5461612588754274,53.20065109610624,46.43390362975045
31266,11th & M St NW,outgoing_trips,Random Forest,test,1.5486573065810103,2.1847898837840543,0.538578127359669,54.74347327883056,48.18888538968727
31266,11th & M St NW,outgoing_trips,Random Forest,val,1.5861135605960848,2.2214792389000664,0.5695235580771647,53.91188461836445,46.10874591306859
31266,11th & M St NW,outgoing_trips,Soft Two-Stage,test,1.5309745957266891,2.2202901219604145,0.5234611872564596,51.93548241931492,47.63866028622712
31266,11th & M St NW,outgoing_trips,Soft Two-Stage,val,1.5636774593680036,2.272631758191653,0.5494707270576646,50.69852747132293,45.4565224427537
31266,11th & M St NW,outgoing_trips,XGBoost,test,1.5390789199485306,2.228770153007938,0.5198141134122293,50.57870708319293,47.89083896347714
31266,11th & M St NW,outgoing_trips,XGBoost,val,1.584002995891815,2.28915316805378,0.5428964684626991,49.78230316587881,46.047391231978985
31271,Constitution Ave & 2nd St NW/DOL,incoming_trips,GAM,test,1.6919019989402302,2.4493091497048765,0.1750109539190921,91.82899248517936,95.819019841701
31271,Constitution Ave & 2nd St NW/DOL,incoming_trips,GAM,val,1.5750445611762576,2.3778864351292253,0.3494992551032471,80.62473693609572,81.52287336207831
31271,Constitution Ave & 2nd St NW/DOL,incoming_trips,HistGradientBoosting,test,1.1881202953545211,2.108644507417012,0.3885404808824719,72.05408461794602,67.28789387695753
31271,Constitution Ave & 2nd St NW/DOL,incoming_trips,HistGradientBoosting,val,1.3123813238149342,2.351430552502597,0.3638934128736959,73.06565460001576,67.9276631920948
31271,Constitution Ave & 2nd St NW/DOL,incoming_trips,LightGBM,test,1.1494805241968389,2.041631591597614,0.4267874017093699,67.21842273995009,65.09957268485782
31271,Constitution Ave & 2nd St NW/DOL,incoming_trips,LightGBM,val,1.2393193472959516,2.2279504842168825,0.428946696330118,66.45661755097805,64.14604176616385
31271,Constitution Ave & 2nd St NW/DOL,incoming_trips,Linear Regression,test,1.250774411652472,2.028129235362599,0.4343442276931751,69.75224849673553,70.8362412496056
31271,Constitution Ave & 2nd St NW/DOL,incoming_trips,Linear Regression,val,1.364814269019602,2.2354601026577874,0.4250905785542826,70.7179614026396,70.64154472743922
31271,Constitution Ave & 2nd St NW/DOL,incoming_trips,Naive (same hour last week),test,1.56364881835826,2.783959074962344,-0.0658268726765936,96.25823218338134,88.55554118712014
31271,Constitution Ave & 2nd St NW/DOL,incoming_trips,Naive (same hour last week),val,1.7800296026414664,3.166846934031778,-0.1537712818407464,102.13331489702423,92.13271259355297
31271,Constitution Ave & 2nd St NW/DOL,incoming_trips,Poisson,test,1.399097148547943,2.101911946340907,0.3924388303510433,66.98587656706535,79.23633728262922
31271,Constitution Ave & 2nd St NW/DOL,incoming_trips,Poisson,val,1.4866493580328768,2.3006619320011583,0.3910646418393285,67.14807175601089,76.9476180776873
31271,Constitution Ave & 2nd St NW/DOL,incoming_trips,Polynomial Regression,test,1.289054204354299,2.0910980145226,0.3986743190088007,69.4452435990102,73.00417545544617
31271,Constitution Ave & 2nd St NW/DOL,incoming_trips,Polynomial Regression,val,1.3428142311289932,2.2168889476975173,0.4346030572590066,69.62368549010142,69.50284278393511
31271,Constitution Ave & 2nd St NW/DOL,incoming_trips,Random Forest,test,1.328021599559834,2.0856247644545984,0.401818024939865,73.96090383346181,75.21105127728298
31271,Constitution Ave & 2nd St NW/DOL,incoming_trips,Random Forest,val,1.383792585395036,2.23033636275168,0.4277229767276628,72.24982435398152,71.62384511476576
31271,Constitution Ave & 2nd St NW/DOL,incoming_trips,Soft Two-Stage,test,1.1877449584659503,2.015487165449548,0.441374127082931,62.84791307171721,67.26663708265393
31271,Constitution Ave & 2nd St NW/DOL,incoming_trips,Soft Two-Stage,val,1.273035977640802,2.196363265013542,0.4450243582061088,61.78422568768425,65.89118387423633
31271,Constitution Ave & 2nd St NW/DOL,incoming_trips,XGBoost,test,1.149905759523703,2.0366187005107323,0.4295988047965136,63.980962536812434,65.1236554226569
31271,Constitution Ave & 2nd St NW/DOL,incoming_trips,XGBoost,val,1.2404776859370723,2.225947662952611,0.4299729342414895,63.39568579507348,64.20599632026229
31271,Constitution Ave & 2nd St NW/DOL,outgoing_trips,GAM,test,1.5319908251190837,2.327411572655726,0.3514192710437631,84.49859129650474,87.7441158518149
31271,Constitution Ave & 2nd St NW/DOL,outgoing_trips,GAM,val,1.452642182370658,2.344996005793358,0.4262843240467676,76.28632174348927,75.78590013520339
31271,Constitution Ave & 2nd St NW/DOL,outgoing_trips,HistGradientBoosting,test,1.137845123297632,2.152890761775952,0.4450400403092729,72.84402192634408,65.16959023712784
31271,Constitution Ave & 2nd St NW/DOL,outgoing_trips,HistGradientBoosting,val,1.2440079225900722,2.3889792342169374,0.4045610346476839,72.88941654829208,64.90122711083221
31271,Constitution Ave & 2nd St NW/DOL,outgoing_trips,LightGBM,test,1.1031368238542,2.093498632862896,0.4752372191453869,67.33093729919321,63.181687308827165
31271,Constitution Ave & 2nd St NW/DOL,outgoing_trips,LightGBM,val,1.1750656520740128,2.2701465765213924,0.4623244348829887,67.07415889124809,61.3044349401013
31271,Constitution Ave & 2nd St NW/DOL,outgoing_trips,Linear Regression,test,1.1949314074993629,2.091758612870473,0.47610917411414,67.82978254672251,68.43918262137527
31271,Constitution Ave & 2nd St NW/DOL,outgoing_trips,Linear Regression,val,1.2961934612139794,2.2735632285971623,0.4607047749297451,69.54756597875212,67.62380261266635
31271,Constitution Ave & 2nd St NW/DOL,outgoing_trips,Naive (same hour last week),test,1.5724397762301632,2.944379161960837,-0.0380185927051801,95.18062021721578,90.0608121362715
31271,Constitution Ave & 2nd St NW/DOL,outgoing_trips,Naive (same hour last week),val,1.6939542297620402,3.18602350255806,-0.0590353386610424,99.60728544876535,88.37540837540837
31271,Constitution Ave & 2nd St NW/DOL,outgoing_trips,Poisson,test,1.3007064977265324,2.1203018603494166,0.4617140424194025,62.04568742660377,74.49740543769501
31271,Constitution Ave & 2nd St NW/DOL,outgoing_trips,Poisson,val,1.3815984586482253,2.3033241250424834,0.4464936409378542,63.714732405263575,72.07947289757864
31271,Constitution Ave & 2nd St NW/DOL,outgoing_trips,Polynomial Regression,test,1.2465047079984464,2.163598841117098,0.4395057754323175,70.15310445614742,71.39302123427969
31271,Constitution Ave & 2nd St NW/DOL,outgoing_trips,Polynomial Regression,val,1.290635910738713,2.252566543449948,0.4706197183337413,70.19585895842422,67.33385924572687
31271,Constitution Ave & 2nd St NW/DOL,outgoing_trips,Random Forest,test,1.254167877747389,2.1267628331933928,0.458428519858617,70.48702167157145,71.83192598698346
31271,Constitution Ave & 2nd St NW/DOL,outgoing_trips,Random Forest,val,1.294435176738652,2.243863539988572,0.4747024374561611,70.25654728772992,67.53207102640677
31271,Constitution Ave & 2nd St NW/DOL,outgoing_trips,Soft Two-Stage,test,1.1347298155187409,2.05947211501582,0.4921569730079657,62.34587325013487,64.99116232347251
31271,Constitution Ave & 2nd St NW/DOL,outgoing_trips,Soft Two-Stage,val,1.2081258413956446,2.233462177269839,0.4795611525434406,62.375287634086206,63.02922046318946
31271,Constitution Ave & 2nd St NW/DOL,outgoing_trips,XGBoost,test,1.1101974740426432,2.102654764764891,0.4706369731256536,65.1328915516067,63.58608301274774
31271,Constitution Ave & 2nd St NW/DOL,outgoing_trips,XGBoost,val,1.1846990329894007,2.27903661447765,0.4581050461110552,65.42057961839899,61.80701875108944
31278,18th & R St NW,incoming_trips,GAM,test,1.5965282801265572,2.1521675067530417,0.4852267628488803,67.79669409772262,63.80140161341599
31278,18th & R St NW,incoming_trips,GAM,val,1.4830894116599471,2.0384941992690764,0.508594623773486,65.12511826628985,60.54368720710816
31278,18th & R St NW,incoming_trips,HistGradientBoosting,test,1.276280166922834,2.0171993310312315,0.5477678325788387,51.20952433472833,51.003458262966994
31278,18th & R St NW,incoming_trips,HistGradientBoosting,val,1.2202738326508895,1.927887612641332,0.5604742037815206,50.69855194873034,49.81485044003144
31278,18th & R St NW,incoming_trips,LightGBM,test,1.2830827558385327,2.030875160635234,0.5416151289438775,50.73732791498144,51.27530731996399
31278,18th & R St NW,incoming_trips,LightGBM,val,1.230546984286305,1.9470704131680208,0.5516839794845352,50.38139049920728,50.23422804083949
31278,18th & R St NW,incoming_trips,Linear Regression,test,1.3490432037839404,1.9970396319472317,0.55676179537864,52.95788423768971,53.91125751411413
31278,18th & R St NW,incoming_trips,Linear Regression,val,1.2972106846127862,1.900883109591631,0.5727011075344093,53.59585996212791,52.955619070202665
31278,18th & R St NW,incoming_trips,Naive (same hour last week),test,1.7278228108231533,2.6662765631622705,0.2099142842571385,80.89898568187441,69.04827082763025
31278,18th & R St NW,incoming_trips,Naive (same hour last week),val,1.6684504155755435,2.5749385527831787,0.2159302784404487,81.78105118028871,68.11062049732745
31278,18th & R St NW,incoming_trips,Poisson,test,1.4762794882590249,2.1774080463403065,0.4730814759768228,55.96906601383703,58.99594870727619
31278,18th & R St NW,incoming_trips,Poisson,val,1.4333007190195317,2.108258297794701,0.4743839958749796,56.507203963882176,58.51117924772738
31278,18th & R St NW,incoming_trips,Polynomial Regression,test,1.3292281331865987,2.000759863345818,0.5551088641592965,55.795641810224986,53.11939601506259
31278,18th & R St NW,incoming_trips,Polynomial Regression,val,1.2448433458633628,1.8813363694145169,0.581443735762448,54.843188891976254,50.81784386111045
31278,18th & R St NW,incoming_trips,Random Forest,test,1.3023725204517718,1.959625263299746,0.5732142806456866,53.71933849818875,52.04617623248959
31278,18th & R St NW,incoming_trips,Random Forest,val,1.2479640937546987,1.8660290311862449,0.5882271238544388,53.28141554591242,50.94524115941213
31278,18th & R St NW,incoming_trips,Soft Two-Stage,test,1.3232951721784711,2.0665950196415017,0.5253488072370771,49.494743788886765,52.882299539699005
31278,18th & R St NW,incoming_trips,Soft Two-Stage,val,1.2730972770615343,1.981190327534467,0.5358339825414811,49.43735398456639,51.9712451054216
31278,18th & R St NW,incoming_trips,XGBoost,test,1.306611547375264,2.0288385553900743,0.5425340243632188,49.85719924985182,52.215578718222176
31278,18th & R St NW,incoming_trips,XGBoost,val,1.250359978792673,1.9408917415739997,0.5545247626451417,50.002866591510944,51.04304761206622
31278,18th & R St NW,outgoing_trips,GAM,test,1.4829777097372503,2.0587545813853123,0.4560268004370759,61.18505296481381,60.74923655218678
31278,18th & R St NW,outgoing_trips,GAM,val,1.4091846572249165,1.9832727669734145,0.5067484733038196,60.60368151352169,57.73601177593153
31278,18th & R St NW,outgoing_trips,HistGradientBoosting,test,1.3522849155364869,2.109660467027997,0.4287930596928435,52.29460908380786,55.39548954814369
31278,18th & R St NW,outgoing_trips,HistGradientBoosting,val,1.283057169783084,2.008542683226356,0.4940988440044964,50.98395628522684,52.568414993724986
31278,18th & R St NW,outgoing_trips,LightGBM,test,1.3479756019170563,2.1040870876217745,0.4318071445024063,53.090554831688266,55.21896126270459
31278,18th & R St NW,outgoing_trips,LightGBM,val,1.2745746579492598,1.999345224198365,0.4987214509739327,51.51309188425408,52.22087615229907
31278,18th & R St NW,outgoing_trips,Linear Regression,test,1.3793563334041556,2.0123518184828466,0.4802719372504014,55.70747463271301,56.504452924361615
31278,18th & R St NW,outgoing_trips,Linear Regression,val,1.3216025450511613,1.930453585200335,0.5326714976023116,55.316935043406346,54.147665966246905
31278,18th & R St NW,outgoing_trips,Naive (same hour last week),test,1.7898161890626785,2.706206369994657,0.0600815596970245,82.96091702917637,73.31867926293144
31278,18th & R St NW,outgoing_trips,Naive (same hour last week),val,1.713195946715245,2.6198473498712813,0.1392926425071342,81.60442187898359,70.19172458832858
31278,18th & R St NW,outgoing_trips,Poisson,test,1.5125522187855485,2.182601956516033,0.3886112733552886,58.84749664722074,61.96073746301851
31278,18th & R St NW,outgoing_trips,Poisson,val,1.468883708514165,2.166974565145625,0.4111412010329343,58.23238290070536,60.18195461995573
31278,18th & R St NW,outgoing_trips,Polynomial Regression,test,1.402964571022275,2.1423017286428268,0.4109805679095354,57.130886623909326,57.47154932926809
31278,18th & R St NW,outgoing_trips,Polynomial Regression,val,1.3032186963864525,1.955909218900573,0.5202655256470599,55.41090501731302,53.39445729515423
31278,18th & R St NW,outgoing_trips,Random Forest,test,1.4104477978320968,2.038087865999527,0.4668932849990079,57.52175028911892,57.77809494533409
31278,18th & R St NW,outgoing_trips,Random Forest,val,1.3035896230599655,1.9042541514083944,0.5452702550966237,53.99778310928859,53.40965461275216
31278,18th & R St NW,outgoing_trips,Soft Two-Stage,test,1.37606156853455,2.102244656134246,0.432801778305621,51.2370704292437,56.36948498173287
31278,18th & R St NW,outgoing_trips,Soft Two-Stage,val,1.3056056192468983,2.00228327375078,0.4972471049439545,49.70823251551173,53.49225243198912
31278,18th & R St NW,outgoing_trips,XGBoost,test,1.356544667883239,2.073657740411815,0.4481227385922537,50.24359271995781,55.56998758764049
31278,18th & R St NW,outgoing_trips,XGBoost,val,1.2871332135100046,1.987768624969464,0.5045096462796214,49.020470413199554,52.7354154697876
31281,8th & O St NW,incoming_trips,GAM,test,1.7481898147825397,2.4614174629983925,0.6336597080614681,61.60229350807545,51.14189435115816
31281,8th & O St NW,incoming_trips,GAM,val,1.5908853800060403,2.296619568051184,0.6655713155180776,56.4444150777115,46.97037210095822
31281,8th & O St NW,incoming_trips,HistGradientBoosting,test,1.4940398866443343,2.3421906475899346,0.6682899595644579,49.58484245130245,43.70694154209186
31281,8th & O St NW,incoming_trips,HistGradientBoosting,val,1.440711765983055,2.241354784137827,0.6814727356429671,49.50300375364926,42.53654511439146
31281,8th & O St NW,incoming_trips,LightGBM,test,1.4922935315152337,2.3363143799690813,0.6699523108334071,49.61527291631828,43.65585332000244
31281,8th & O St NW,incoming_trips,LightGBM,val,1.4383130171595486,2.239761953275225,0.6819253010125885,49.34170917670905,42.46572283754308
31281,8th & O St NW,incoming_trips,Linear Regression,test,1.5690368526557363,2.3773388657747714,0.6582596080728939,53.473381887642255,45.90091777967201
31281,8th & O St NW,incoming_trips,Linear Regression,val,1.521354520795316,2.2783352851238323,0.6708751522210109,53.08037949993649,44.91749615485162
31281,8th & O St NW,incoming_trips,Naive (same hour last week),test,2.056855805457244,3.2139168208281608,0.3754267245174422,77.93816120710548,60.17167095287399
31281,8th & O St NW,incoming_trips,Naive (same hour last week),val,1.992371627006717,3.100337326884918,0.3905426809254576,75.59863494183593,58.82412263009278
31281,8th & O St NW,incoming_trips,Poisson,test,1.7073427735317344,2.533908033959661,0.6117639772623624,51.57653736357617,49.94694684000021
31281,8th & O St NW,incoming_trips,Poisson,val,1.644218623969896,2.4133631858486173,0.6307072633021211,50.79167326314425,48.54501873849535
31281,8th & O St NW,incoming_trips,Polynomial Regression,test,1.6238203261006852,2.4313225715778164,0.6425631730261001,54.583441607175786,47.50356446449985
31281,8th & O St NW,incoming_trips,Polynomial Regression,val,1.5592630100753686,2.382758722527059,0.640014063286328,55.111719860678186,46.03673193993533
31281,8th & O St NW,incoming_trips,Random Forest,test,1.5298210690602991,2.2983696668168228,0.6805860386379875,52.24719804676427,44.75369140609586
31281,8th & O St NW,incoming_trips,Random Forest,val,1.475884065489661,2.2045020044864123,0.691861194358222,51.88035064189869,43.57499578860997
31281,8th & O St NW,incoming_trips,Soft Two-Stage,test,1.5063038140081306,2.330526974415771,0.6715854420738221,49.19368231804746,44.0657129250767
31281,8th & O St NW,incoming_trips,Soft Two-Stage,val,1.4552260429445492,2.22853550809254,0.6851059060023256,49.20298286393794,42.96507440897531
31281,8th & O St NW,incoming_trips,XGBoost,test,1.5289906204737431,2.341725142469135,0.6684217997099318,48.14315305207507,44.72939729711606
31281,8th & O St NW,incoming_trips,XGBoost,val,1.4656291773853112,2.240090798996547,0.6818318936018026,48.127974854832914,43.27222356116441
31281,8th & O St NW,outgoing_trips,GAM,test,1.7054478899387897,2.394935139066769,0.5615443696799616,57.808146976700336,50.12757740930825
31281,8th & O St NW,outgoing_trips,GAM,val,1.6165574148068027,2.289140623880251,0.5901352516748708,57.39737049351411,47.466648081867305
31281,8th & O St NW,outgoing_trips,HistGradientBoosting,test,1.5834650844463702,2.396978033374124,0.5607960399876266,52.98997597506148,46.54218347203275
31281,8th & O St NW,outgoing_trips,HistGradientBoosting,val,1.5225779885312625,2.295670654240691,0.5877935461198884,53.3739607496212,44.70714921526504
31281,8th & O St NW,outgoing_trips,LightGBM,test,1.5825210065022002,2.396825631795053,0.5608518880164436,52.71022045191008,46.514434550177086
31281,8th & O St NW,outgoing_trips,LightGBM,val,1.519183994893629,2.292686877018522,0.5888643730078738,53.11094391399129,44.60749206723303
31281,8th & O St NW,outgoing_trips,Linear Regression,test,1.6458794139199364,2.3893663459494445,0.5635810260609433,55.38474831203113,48.37670398162659
31281,8th & O St NW,outgoing_trips,Linear Regression,val,1.5951911081382906,2.301233101478842,0.5857935602026103,56.58235308469213,46.839273544994
31281,8th & O St NW,outgoing_trips,Naive (same hour last week),test,2.165087338737299,3.220446437954348,0.207187844920109,80.76282516140138,63.63758389261744
31281,8th & O St NW,outgoing_trips,Naive (same hour last week),val,2.1085050666059435,3.1476077927944925,0.2250800430737987,80.72865068236032,61.91160738165284
31281,8th & O St NW,outgoing_trips,Poisson,test,1.769427347855674,2.50715385463875,0.5194925664140448,54.59040464849513,52.008101140496144
31281,8th & O St NW,outgoing_trips,Poisson,val,1.7173424788857052,2.422311432290328,0.5410603504498118,55.33293974090909,50.42597951341652
31281,8th & O St NW,outgoing_trips,Polynomial Regression,test,1.7031282362725393,2.640154359005684,0.4671600520887259,57.01887544094533,50.05939671648044
31281,8th & O St NW,outgoing_trips,Polynomial Regression,val,1.59923893985738,2.455118434677709,0.5285447063314188,56.765072383950525,46.95812920823539
31281,8th & O St NW,outgoing_trips,Random Forest,test,1.6330536223394432,2.369297057455882,0.5708815680271995,56.59572811458836,47.99972039621202
31281,8th & O St NW,outgoing_trips,Random Forest,val,1.5567179846408774,2.248855875297977,0.6044340794747098,56.84192560436436,45.70959500902924
31281,8th & O St NW,outgoing_trips,Soft Two-Stage,test,1.5979595400485045,2.386774846002975,0.5645271902360669,51.00839563821318,46.968213460687416
31281,8th & O St NW,outgoing_trips,Soft Two-Stage,val,1.5376154466536938,2.288187131471357,0.5904766212978976,51.54950530246898,45.14869105362194
31281,8th & O St NW,outgoing_trips,XGBoost,test,1.6181005460635751,2.417404429218355,0.5532785913176064,50.85448216882813,47.56021034553978
31281,8th & O St NW,outgoing_trips,XGBoost,val,1.5496901389844344,2.311653589693764,0.582033831779391,51.38259915018196,45.50323779988061
31288,4th St & Madison Dr NW,incoming_trips,GAM,test,2.040701575753383,3.174942425113504,0.5304438351944596,91.28605584843034,70.48306428242856
31288,4th St & Madison Dr NW,incoming_trips,GAM,val,2.094088547726888,3.29922424343122,0.5935545030703075,82.28493019020414,62.01281133782414
31288,4th St & Madison Dr NW,incoming_trips,HistGradientBoosting,test,1.6018261154081632,2.9558383306808365,0.5930161349824847,74.25803952328482,55.32490120212974
31288,4th St & Madison Dr NW,incoming_trips,HistGradientBoosting,val,1.7509411155477583,3.216197572424245,0.613753918873845,67.56612059769232,51.851093488843055
31288,4th St & Madison Dr NW,incoming_trips,LightGBM,test,1.5989692256031047,2.956430260014073,0.5928531153701029,73.3828266678782,55.22622810353941
31288,4th St & Madison Dr NW,incoming_trips,LightGBM,val,1.7421431078856886,3.2185911106809897,0.6131788057088738,66.43313934632718,51.59055570504738
31288,4th St & Madison Dr NW,incoming_trips,Linear Regression,test,1.7383231509657544,3.042731354568565,0.5687361475340533,80.93965670700779,60.0393236565814
31288,4th St & Madison Dr NW,incoming_trips,Linear Regression,val,1.922995639046976,3.307965121630453,0.5913979980718923,76.83178596366061,56.94619069338006
31288,4th St & Madison Dr NW,incoming_trips,Naive (same hour last week),test,2.316017810252312,4.28134865911508,0.1461589468075665,107.5252029711368,79.99211356466877
31288,4th St & Madison Dr NW,incoming_trips,Naive (same hour last week),val,2.558465216896277,4.623438250831391,0.2018054283815312,103.60929944047923,75.76452341616373
31288,4th St & Madison Dr NW,incoming_trips,Poisson,test,1.9685827357459167,3.160073255794716,0.534831669705488,74.89514487521738,67.99217737538835
31288,4th St & Madison Dr NW,incoming_trips,Poisson,val,2.1237589591360635,3.4715233905871083,0.5499934469082559,70.17772187450674,62.89144926697477
31288,4th St & Madison Dr NW,incoming_trips,Polynomial Regression,test,1.99917902248972,3.180529191667948,0.5287898784530143,83.60929409955111,69.04893161666978
31288,4th St & Madison Dr NW,incoming_trips,Polynomial Regression,val,1.967456602160326,3.2327464042503924,0.6097688613644293,73.97184474217087,58.26282523609745
31288,4th St & Madison Dr NW,incoming_trips,Random Forest,test,1.7980628888085255,3.0592443811081678,0.5640424727619606,81.67804985270016,62.102653166695085
31288,4th St & Madison Dr NW,incoming_trips,Random Forest,val,1.9028622257431007,3.242096682209937,0.6075082161161174,73.56553451487635,56.34997447217256
31288,4th St & Madison Dr NW,incoming_trips,Soft Two-Stage,test,1.6245759595396316,2.9344148645561914,0.5988942697538348,70.3135177818406,56.11064995902064
31288,4th St & Madison Dr NW,incoming_trips,Soft Two-Stage,val,1.7751170690556235,3.206679585182913,0.616036642746439,64.24004969789506,52.56702254801423
31288,4th St & Madison Dr NW,incoming_trips,XGBoost,test,1.621986426260113,2.938586650356393,0.5977529746532653,70.60268560633216,56.02121099216218
31288,4th St & Madison Dr NW,incoming_trips,XGBoost,val,1.7613756903547295,3.19620381270798,0.618541253822648,64.2636323120598,52.16009537875718
31288,4th St & Madison Dr NW,outgoing_trips,GAM,test,2.0426119071195643,3.2407452185822487,0.5927485535498705,90.13896115345123,70.71635452355837
31288,4th St & Madison Dr NW,outgoing_trips,GAM,val,2.054126086616897,3.351456141222781,0.6388030363010964,82.17652345423751,60.91771143556255
31288,4th St & Madison Dr NW,outgoing_trips,HistGradientBoosting,test,1.5655308833634125,3.0396460394372644,0.641723036080087,70.81409778999294,54.19954548371592
31288,4th St & Madison Dr NW,outgoing_trips,HistGradientBoosting,val,1.6951420451395702,3.268866951274575,0.6563854867233857,65.76633353547497,50.27158489485699
31288,4th St & Madison Dr NW,outgoing_trips,LightGBM,test,1.569999168951478,3.045751542899573,0.6402823037659047,71.00706125513186,54.354240003343854
31288,4th St & Madison Dr NW,outgoing_trips,LightGBM,val,1.6957598791416997,3.2707850303605834,0.6559821217739217,66.0862902587368,50.28990754491338
31288,4th St & Madison Dr NW,outgoing_trips,Linear Regression,test,1.6926784946518754,3.1143975105579025,0.6238847482614926,77.9917849303117,58.6014661448845
31288,4th St & Madison Dr NW,outgoing_trips,Linear Regression,val,1.8567714165466076,3.3523454590642667,0.6386113217097558,76.52580460566834,55.0649086693978
31288,4th St & Madison Dr NW,outgoing_trips,Naive (same hour last week),test,2.268866308939377,4.430856835155118,0.2387132111314354,101.25194334399386,78.5494071146245
31288,4th St & Madison Dr NW,outgoing_trips,Naive (same hour last week),val,2.5560742343162928,4.8584190283317445,0.2409560059595779,104.96837809740364,75.80361966504591
31288,4th St & Madison Dr NW,outgoing_trips,Poisson,test,1.8732552688790585,3.167493250922113,0.6109510442298092,68.31730736163944,64.85313399253624
31288,4th St & Madison Dr NW,outgoing_trips,Poisson,val,2.00132080339666,3.477172919578313,0.6111970177647377,63.876865566010174,59.35170386356315
31288,4th St & Madison Dr NW,outgoing_trips,Polynomial Regression,test,2.099611893440116,3.3368986233883424,0.5682236177587092,85.3580243452746,72.68972559147026
31288,4th St & Madison Dr NW,outgoing_trips,Polynomial Regression,val,1.9754852746234293,3.307335242301505,0.6482505334864814,75.13423793171114,58.58551852720685
31288,4th St & Madison Dr NW,outgoing_trips,Random Forest,test,1.767993722040203,3.1317361681560034,0.6196852287578487,80.67137049133204,61.20892099347881
31288,4th St & Madison Dr NW,outgoing_trips,Random Forest,val,1.824049223935453,3.2716379979282606,0.6558026698369798,70.96497865957807,54.094490592332136
31288,4th St & Madison Dr NW,outgoing_trips,Soft Two-Stage,test,1.5906334255895291,3.004015984788457,0.6500730945321684,67.61422359402917,55.06860938631891
31288,4th St & Madison Dr NW,outgoing_trips,Soft Two-Stage,val,1.7061967856709146,3.214592992011207,0.6677010283460263,62.678558860071846,50.59942723037426
31288,4th St & Madison Dr NW,outgoing_trips,XGBoost,test,1.5852484534373794,3.01986006797112,0.6463721208342651,67.4807257374658,54.88217867058501
31288,4th St & Madison Dr NW,outgoing_trips,XGBoost,val,1.6994897425196038,3.237635667764509,0.6629200181630519,62.83444238557478,50.40052136868477
31289,Henry Bacon Dr & Lincoln Memorial Circle NW,incoming_trips,GAM,test,1.764742108776507,2.769296315384308,0.3765270953139774,85.45626189686693,84.55895038716315
31289,Henry Bacon Dr & Lincoln Memorial Circle NW,incoming_trips,GAM,val,1.855292891164844,2.8887536418828925,0.504013126508279,80.40765241555515,67.29871334861778
31289,Henry Bacon Dr & Lincoln Memorial Circle NW,incoming_trips,HistGradientBoosting,test,1.501939062050614,2.562321454825657,0.466240085896872,77.88088202592526,71.96654400711886
31289,Henry Bacon Dr & Lincoln Memorial Circle NW,incoming_trips,HistGradientBoosting,val,1.6833625119286455,2.823576056606634,0.5261420711841336,73.25635165752215,61.06212754416758
31289,Henry Bacon Dr & Lincoln Memorial Circle NW,incoming_trips,LightGBM,test,1.4857402292470037,2.552974675675677,0.4701270585965396,77.83031564098893,71.19036470445572
31289,Henry Bacon Dr & Lincoln Memorial Circle NW,incoming_trips,LightGBM,val,1.688851163343577,2.830305447175437,0.5238807012792005,73.74200029244359,61.26122235016989
31289,Henry Bacon Dr & Lincoln Memorial Circle NW,incoming_trips,Linear Regression,test,1.6291822246315908,2.683730480260456,0.4144600571302366,80.83297501541587,78.06349620102901
31289,Henry Bacon Dr & Lincoln Memorial Circle NW,incoming_trips,Linear Regression,val,1.8397839805670675,2.933733597627345,0.488447136761397,81.06749767473983,66.73614463850227
31289,Henry Bacon Dr & Lincoln Memorial Circle NW,incoming_trips,Naive (same hour last week),test,2.120105034821327,3.694338012222998,-0.1095630501774567,104.48751916443712,101.58643326039387
31289,Henry Bacon Dr & Lincoln Memorial Circle NW,incoming_trips,Naive (same hour last week),val,2.4176249573038824,4.088957312110493,0.0062564471179267,104.75632999905926,87.69669185974477
31289,Henry Bacon Dr & Lincoln Memorial Circle NW,incoming_trips,Poisson,test,1.9109801846341523,2.84730282524318,0.3409079901209566,74.8131496574018,91.56605819042966
31289,Henry Bacon Dr & Lincoln Memorial Circle NW,incoming_trips,Poisson,val,2.029276600298983,3.072174271058473,0.4390284113753598,73.64116252582964,73.60978144148172
31289,Henry Bacon Dr & Lincoln Memorial Circle NW,incoming_trips,Polynomial Regression,test,1.782913140340825,2.804788343327792,0.3604435012300768,77.72317672687089,85.42962908230463
31289,Henry Bacon Dr & Lincoln Memorial Circle NW,incoming_trips,Polynomial Regression,val,1.8411926408814012,2.9047889564732907,0.4984914512659788,73.26967254423703,66.78724224532833
31289,Henry Bacon Dr & Lincoln Memorial Circle NW,incoming_trips,Random Forest,test,1.810223055718432,2.8199521623425823,0.3535094058320774,82.58183377836635,86.73820429451719
31289,Henry Bacon Dr & Lincoln Memorial Circle NW,incoming_trips,Random Forest,val,1.8520949110801532,2.8611690197117645,0.5134402286777553,76.1102446203797,67.18271013099157
31289,Henry Bacon Dr & Lincoln Memorial Circle NW,incoming_trips,Soft Two-Stage,test,1.5199903457680914,2.5126056331813382,0.4867518567925447,72.31925087576921,72.83148489377852
31289,Henry Bacon Dr & Lincoln Memorial Circle NW,incoming_trips,Soft Two-Stage,val,1.710239277793095,2.7847980925896887,0.5390682795699766,68.11192921097194,62.037052727281846
31289,Henry Bacon Dr & Lincoln Memorial Circle NW,incoming_trips,XGBoost,test,1.5398963348722885,2.534324245379164,0.4778406182337028,71.98560613928073,73.78529538920336
31289,Henry Bacon Dr & Lincoln Memorial Circle NW,incoming_trips,XGBoost,val,1.6858136899820275,2.7931176572352165,0.5363101051790571,68.41395460111654,61.15104133776133
31289,Henry Bacon Dr & Lincoln Memorial Circle NW,outgoing_trips,GAM,test,1.861443186128,2.9348424927682037,0.3543749859728987,90.7106381120902,90.70082814472156
31289,Henry Bacon Dr & Lincoln Memorial Circle NW,outgoing_trips,GAM,val,1.864702261863281,2.9606138569129388,0.5234529677963005,83.49030933905713,68.16081224382053
31289,Henry Bacon Dr & Lincoln Memorial Circle NW,outgoing_trips,HistGradientBoosting,test,1.442198759510158,2.595695023600474,0.4949689495587881,79.0294239272966,70.27269100216664
31289,Henry Bacon Dr & Lincoln Memorial Circle NW,outgoing_trips,HistGradientBoosting,val,1.6560544144633618,2.8994673836072438,0.542934238661017,75.27888714468122,60.53406826299194
31289,Henry Bacon Dr & Lincoln Memorial Circle NW,outgoing_trips,LightGBM,test,1.4466466054932132,2.607281207712606,0.4904503587071794,78.33801292028573,70.48941709788082
31289,Henry Bacon Dr & Lincoln Memorial Circle NW,outgoing_trips,LightGBM,val,1.657251955638948,2.891287180340432,0.5455096196638254,75.07514575953851,60.57784221065791
31289,Henry Bacon Dr & Lincoln Memorial Circle NW,outgoing_trips,Linear Regression,test,1.5973092517415424,2.730672597674485,0.4410795297957828,81.31777217534747,77.83061713397959
31289,Henry Bacon Dr & Lincoln Memorial Circle NW,outgoing_trips,Linear Regression,val,1.8058320293518924,2.990129549819738,0.5139037798434273,82.11998723429832,66.00891757032493
31289,Henry Bacon Dr & Lincoln Memorial Circle NW,outgoing_trips,Naive (same hour last week),test,2.076378582029912,3.776508468399924,-0.0690343919205196,106.67545155543613,101.1737872719181
31289,Henry Bacon Dr & Lincoln Memorial Circle NW,outgoing_trips,Naive (same hour last week),val,2.361493794830924,4.151231420247705,0.0630937762660482,105.0184540617288,86.32012651906109
31289,Henry Bacon Dr & Lincoln Memorial Circle NW,outgoing_trips,Poisson,test,1.8872503278114636,2.902844652647152,0.3683764107636779,74.84325512775513,91.95830897474748
31289,Henry Bacon Dr & Lincoln Memorial Circle NW,outgoing_trips,Poisson,val,2.029295145449678,3.176665384685021,0.4513628957158222,75.89106835142915,74.17720685235776
31289,Henry Bacon Dr & Lincoln Memorial Circle NW,outgoing_trips,Polynomial Regression,test,1.711371313849501,2.8285398384369747,0.4002982016385596,78.6103002085291,83.38841420787594
31289,Henry Bacon Dr & Lincoln Memorial Circle NW,outgoing_trips,Polynomial Regression,val,1.80673686417874,2.947367302024696,0.5277078180425505,74.96587109745082,66.04199216781201
31289,Henry Bacon Dr & Lincoln Memorial Circle NW,outgoing_trips,Random Forest,test,1.7623401165825097,2.857358420446196,0.3880158240732489,84.80290329585569,85.87192412742658
31289,Henry Bacon Dr & Lincoln Memorial Circle NW,outgoing_trips,Random Forest,val,1.8256165479814117,2.949774163815132,0.5269361421501789,78.84870637209342,66.73210479823845
31289,Henry Bacon Dr & Lincoln Memorial Circle NW,outgoing_trips,Soft Two-Stage,test,1.5054064296936045,2.578484847711357,0.501643739185611,72.61148489383746,73.3525529466304
31289,Henry Bacon Dr & Lincoln Memorial Circle NW,outgoing_trips,Soft Two-Stage,val,1.6752539104232245,2.845810951430157,0.5596942805193079,68.936997082842,61.23587104730807
31289,Henry Bacon Dr & Lincoln Memorial Circle NW,outgoing_trips,XGBoost,test,1.613392337571109,2.6547646578270823,0.4717216580852668,77.04687641890493,78.61428284816057
31289,Henry Bacon Dr & Lincoln Memorial Circle NW,outgoing_trips,XGBoost,val,1.675895729067529,2.872862826467974,0.5512835265396068,69.824018330286,61.25933156484146
31290,17th St & Independence Ave SW,incoming_trips,GAM,test,1.726628419880624,2.8497996352793926,0.263527463528037,100.5646565503238,112.70242439626192
31290,17th St & Independence Ave SW,incoming_trips,GAM,val,1.6234962404856963,2.6976499423635567,0.4608577036846868,85.01041041746117,84.27403948100397
31290,17th St & Independence Ave SW,incoming_trips,HistGradientBoosting,test,1.5320242036762188,3.657112518324568,-0.2128428944977549,100.0,100.0
31290,17th St & Independence Ave SW,incoming_trips,HistGradientBoosting,val,1.926448821587157,4.148391742301098,-0.2749458503813782,100.0,100.0
31290,17th St & Independence Ave SW,incoming_trips,LightGBM,test,1.1364376114668409,2.406054613664412,0.4750247064136064,79.20815793240116,74.17882881614173
31290,17th St & Independence Ave SW,incoming_trips,LightGBM,val,1.2756638415666777,2.568473127922559,0.5112550643066405,72.66884918818602,66.21841324160833
31290,17th St & Independence Ave SW,incoming_trips,Linear Regression,test,1.2804593256725758,2.5136689041410096,0.4270139502007545,81.50617939877921,83.57957547929125
31290,17th St & Independence Ave SW,incoming_trips,Linear Regression,val,1.4432448220320515,2.6332088129397317,0.4863079820464048,80.0172740022434,74.91737158337773
31290,17th St & Independence Ave SW,incoming_trips,Naive (same hour last week),test,1.6934581573238954,3.6044745188008407,-0.1781804788082497,110.87266773570306,110.53729786124153
31290,17th St & Independence Ave SW,incoming_trips,Naive (same hour last week),val,1.8640555618809065,3.63425202370886,0.0214966891547265,108.1379712427815,96.7612293144208
31290,17th St & Independence Ave SW,incoming_trips,Poisson,test,1.5323089964416747,2.629477678415965,0.3730009538292855,76.25954561960978,100.01858931241246
31290,17th St & Independence Ave SW,incoming_trips,Poisson,val,1.6272073424515827,2.7620317920256823,0.434816383702905,71.64061504480131,84.46667901153813
31290,17th St & Independence Ave SW,incoming_trips,Polynomial Regression,test,1.3455966539554236,2.6017541988380857,0.3861525847253975,81.15887380217582,87.83129213798014
31290,17th St & Independence Ave SW,incoming_trips,Polynomial Regression,val,1.4547387345770837,2.673192438317825,0.4705893599086518,75.62745511639274,75.51400889947118
31290,17th St & Independence Ave SW,incoming_trips,Random Forest,test,1.419310636324336,2.54284058169432,0.4136375228850856,84.26719367553524,92.6428337697657
31290,17th St & Independence Ave SW,incoming_trips,Random Forest,val,1.4474491016424955,2.5536561376684164,0.5168777362763469,74.83219272525584,75.1356114641019
31290,17th St & Independence Ave SW,incoming_trips,Soft Two-Stage,test,1.1987485619544127,2.352846416523541,0.497986886577909,72.3309997083959,78.24605897726134
31290,17th St & Independence Ave SW,incoming_trips,Soft Two-Stage,val,1.3385782474306072,2.5340630628178697,0.5242628629516317,65.86629883644312,69.48423609446232
31290,17th St & Independence Ave SW,incoming_trips,XGBoost,test,1.1730101213060138,2.3916126663489057,0.4813079483969275,76.61639650677321,76.56603064698841
31290,17th St & Independence Ave SW,incoming_trips,XGBoost,val,1.2899698193184974,2.5542125278691152,0.5166671881349192,70.91657733862256,66.9610220039856
31290,17th St & Independence Ave SW,outgoing_trips,GAM,test,1.6667536327233965,2.849510678480749,0.3017255269717698,98.14702000245134,107.37786899841298
31290,17th St & Independence Ave SW,outgoing_trips,GAM,val,1.616251291888934,2.749689060906592,0.4719908495680724,85.6901924668762,83.13636952656228
31290,17th St & Independence Ave SW,outgoing_trips,HistGradientBoosting,test,1.552231989953191,3.7466886091236256,-0.2072043397802045,100.0,100.0
31290,17th St & Independence Ave SW,outgoing_trips,HistGradientBoosting,val,1.944096550153706,4.254285032327525,-0.2639428709769549,100.0,100.0
31290,17th St & Independence Ave SW,outgoing_trips,LightGBM,test,1.1430364110728282,2.475431547779197,0.4730281324460423,76.43479236239084,73.6382459884297
31290,17th St & Independence Ave SW,outgoing_trips,LightGBM,val,1.3067285800754116,2.6807962198654525,0.498117697216221,71.46328028959574,67.21521006619233
31290,17th St & Independence Ave SW,outgoing_trips,Linear Regression,test,1.2863408205090874,2.5706919285207084,0.4316895315004594,81.09277832856935,82.87039752014634
31290,17th St & Independence Ave SW,outgoing_trips,Linear Regression,val,1.4541562584029086,2.7011159801203646,0.490480579844747,80.40041249600787,74.79856174262223
31290,17th St & Independence Ave SW,outgoing_trips,Naive (same hour last week),test,1.682954675191232,3.6875484365439215,-0.1693945223455646,108.54569847495613,108.42159458664314
31290,17th St & Independence Ave SW,outgoing_trips,Naive (same hour last week),val,1.843675281794376,3.666425145320309,0.0612284434262304,106.16880603896554,94.8345534407028
31290,17th St & Independence Ave SW,outgoing_trips,Poisson,test,1.5305738859009204,2.689093104672018,0.3781333506340886,75.86427384460247,98.60471216980112
31290,17th St & Independence Ave SW,outgoing_trips,Poisson,val,1.643466263981198,2.8654575458964957,0.4265939987527469,72.80833330211674,84.53624712472539
31290,17th St & Independence Ave SW,outgoing_trips,Polynomial Regression,test,1.313545662160534,2.566594791603217,0.4334996202561382,77.80609376500303,84.62302482247807
31290,17th St & Independence Ave SW,outgoing_trips,Polynomial Regression,val,1.4224855445892286,2.6425148240812386,0.5123489746243588,74.40210123271409,73.16949070645502
31290,17th St & Independence Ave SW,outgoing_trips,Random Forest,test,1.4306215709561918,2.63593533710646,0.4024763592999815,83.14992459062115,92.16544822010358
31290,17th St & Independence Ave SW,outgoing_trips,Random Forest,val,1.4628972836174965,2.648461517881427,0.510151693253448,74.5229709738073,75.24818062672018
31290,17th St & Independence Ave SW,outgoing_trips,Soft Two-Stage,test,1.1998180054359626,2.455076154677593,0.4816590451402619,71.02497542334426,77.29630707276843
31290,17th St & Independence Ave SW,outgoing_trips,Soft Two-Stage,val,1.3504835205868586,2.629587077926601,0.5171086889655179,66.16053868683382,69.46586683053809
31290,17th St & Independence Ave SW,outgoing_trips,XGBoost,test,1.1814365830858582,2.45079466127565,0.4834653746422032,73.21471405631706,76.11211408685666
31290,17th St & Independence Ave SW,outgoing_trips,XGBoost,val,1.3014382481237767,2.617888861470499,0.5213955991638983,69.19839221142082,66.94308716410619
31321,15th St & Constitution Ave NW,incoming_trips,GAM,test,1.5914294185324815,2.4612097044535206,0.2641204289577373,90.66757118255978,92.3562597026834
31321,15th St & Constitution Ave NW,incoming_trips,GAM,val,1.5582863881017468,2.435358328844349,0.3389285058070019,79.94924102258759,85.31091034530725
31321,15th St & Constitution Ave NW,incoming_trips,HistGradientBoosting,test,1.237024197714423,2.252959426171788,0.3833819266613558,76.99905182824466,71.78887529172883
31321,15th St & Constitution Ave NW,incoming_trips,HistGradientBoosting,val,1.3310170147710445,2.39193401962534,0.3622931520047497,75.41730711463126,72.86868067527321
31321,15th St & Constitution Ave NW,incoming_trips,LightGBM,test,1.2200733220130826,2.2182898701379585,0.4022135029493877,74.10741974557791,70.80515621488499
31321,15th St & Constitution Ave NW,incoming_trips,LightGBM,val,1.284375230951677,2.3121257339897188,0.4041381451349921,71.15624586135296,70.31520073208613
31321,15th St & Constitution Ave NW,incoming_trips,Linear Regression,test,1.3023472953824566,2.2280290187149183,0.3969529535021363,75.47271518621757,75.57980494437778
31321,15th St & Constitution Ave NW,incoming_trips,Linear Regression,val,1.4305416683108954,2.3574330844259026,0.3805568743680613,75.63993627010555,78.31731891026986
31321,15th St & Constitution Ave NW,incoming_trips,Naive (same hour last week),test,1.669711154241352,3.0493711205880807,-0.1296140222308874,100.33086516985092,96.89922480620154
31321,15th St & Constitution Ave NW,incoming_trips,Naive (same hour last week),val,1.844358419674371,3.2777771881263846,-0.1975166105372301,101.84274057818416,100.97238671071496
31321,15th St & Constitution Ave NW,incoming_trips,Poisson,test,1.533408211033592,2.309404760319435,0.3520975499587541,69.96313331059577,88.98908447918394
31321,15th St & Constitution Ave NW,incoming_trips,Poisson,val,1.6267370323992227,2.4517577438142597,0.3299953748910313,67.6123780401047,89.05835165219955
31321,15th St & Constitution Ave NW,incoming_trips,Polynomial Regression,test,1.4390396252454438,2.339172461316394,0.3352872735930591,75.26133085528176,83.5125427517713
31321,15th St & Constitution Ave NW,incoming_trips,Polynomial Regression,val,1.5143684451434387,2.4081901805614736,0.3535956777056935,74.24741271715072,82.90655147849418
31321,15th St & Constitution Ave NW,incoming_trips,Random Forest,test,1.4402921094239576,2.275346532980815,0.3710666763669688,78.99469133970783,83.5852288242526
31321,15th St & Constitution Ave NW,incoming_trips,Random Forest,val,1.4766747865297365,2.3082898200582704,0.4061136248776126,73.56984376389177,80.84295113189974
31321,15th St & Constitution Ave NW,incoming_trips,Soft Two-Stage,test,1.2613857699948576,2.193132921675985,0.4156952492887034,66.908764524673,73.20266321728587
31321,15th St & Constitution Ave NW,incoming_trips,Soft Two-Stage,val,1.3284328729491577,2.272859723326104,0.424204913244902,63.9871788574053,72.7272076488964
31321,15th St & Constitution Ave NW,incoming_trips,XGBoost,test,1.2189964900236534,2.2143664411809683,0.4043262103872977,70.16144715438482,70.74266385819374
31321,15th St & Constitution Ave NW,incoming_trips,XGBoost,val,1.2918436692923183,2.304749563680311,0.4079339315692057,67.36962682897143,70.72407247643477
31321,15th St & Constitution Ave NW,outgoing_trips,GAM,test,1.4576475996565912,2.3692621616215512,0.3900304661588879,85.45802324998478,86.45991281500699
31321,15th St & Constitution Ave NW,outgoing_trips,GAM,val,1.4796551385507073,2.443312652532604,0.3952953560934373,80.4255619549428,85.12911752843483
31321,15th St & Constitution Ave NW,outgoing_trips,HistGradientBoosting,test,1.1672954653384966,2.249868981071021,0.4499573535402368,78.2561781873658,69.23776651249334
31321,15th St & Constitution Ave NW,outgoing_trips,HistGradientBoosting,val,1.2701743404412338,2.4048383162219777,0.4141897292339656,78.21422938532167,73.07704200245877
31321,15th St & Constitution Ave NW,outgoing_trips,LightGBM,test,1.1100415351423123,2.184464189242551,0.4814725337472305,74.25902268959828,65.84176749719994
31321,15th St & Constitution Ave NW,outgoing_trips,LightGBM,val,1.171085969630442,2.28947741666231,0.4690447199767964,73.615485105429,67.37618283285846
31321,15th St & Constitution Ave NW,outgoing_trips,Linear Regression,test,1.196976467691675,2.211661639779406,0.4684804079532739,73.00223274572876,70.99828591123031
31321,15th St & Constitution Ave NW,outgoing_trips,Linear Regression,val,1.3402918991872967,2.3897976489460437,0.4214945229932124,76.24793698948952,77.11112112250771
31321,15th St & Constitution Ave NW,outgoing_trips,Naive (same hour last week),test,1.5870533165886516,3.0827347917223507,-0.0326525801312409,98.8823817993918,94.13557256043882
31321,15th St & Constitution Ave NW,outgoing_trips,Naive (same hour last week),val,1.7417738813617214,3.329353577018533,-0.1228068543502507,102.19995660703036,100.20961614044282
31321,15th St & Constitution Ave NW,outgoing_trips,Poisson,test,1.378937494816793,2.2574504720062234,0.4462440977561737,65.51674929915619,81.79124749170644
31321,15th St & Constitution Ave NW,outgoing_trips,Poisson,val,1.4940654834158384,2.439735544540463,0.3970646838003852,65.53522375518364,85.95818905306766
31321,15th St & Constitution Ave NW,outgoing_trips,Polynomial Regression,test,1.3762121898537596,2.327800317221038,0.4111924735254382,73.67968142948513,81.62959687769404
31321,15th St & Constitution Ave NW,outgoing_trips,Polynomial Regression,val,1.4362061547310672,2.506542410871837,0.363592439331197,74.1599056937828,82.62936366437155
31321,15th St & Constitution Ave NW,outgoing_trips,Random Forest,test,1.310739549072699,2.248222608798081,0.4507620614021392,78.38606966485668,77.74610760701408
31321,15th St & Constitution Ave NW,outgoing_trips,Random Forest,val,1.358557733488819,2.3051017382362957,0.4617730841170748,74.62367669420314,78.16201082950542
31321,15th St & Constitution Ave NW,outgoing_trips,Soft Two-Stage,test,1.1550489220244935,2.1623831792739043,0.4919023157588174,67.36467787322161,68.511366614834
31321,15th St & Constitution Ave NW,outgoing_trips,Soft Two-Stage,val,1.2187475295609311,2.254264489575066,0.4852516589935904,66.89133284010576,70.11829917551198
31321,15th St & Constitution Ave NW,outgoing_trips,XGBoost,test,1.1226256158848866,2.189661186048026,0.4790023709101036,70.5539034791114,66.58818832217594
31321,15th St & Constitution Ave NW,outgoing_trips,XGBoost,val,1.1970577027870637,2.299662788362109,0.4643100095298859,70.58117890216224,68.87041663552193
31324,18th & New Hampshire Ave NW,incoming_trips,GAM,test,1.643482340137577,2.387718617715392,0.5126140808633051,57.13833920665141,51.8262594227572
31324,18th & New Hampshire Ave NW,incoming_trips,GAM,val,1.522322732352459,2.192696978853321,0.5304182253126278,57.33671646383671,52.0295764582911
31324,18th & New Hampshire Ave NW,incoming_trips,HistGradientBoosting,test,1.7680717484326176,2.738891164570689,0.3587073881758726,62.82603344388431,55.75511392756803
31324,18th & New Hampshire Ave NW,incoming_trips,HistGradientBoosting,val,1.6469370359541111,2.576528893659771,0.3516283299449493,63.46948651948863,56.28861384849
31324,18th & New Hampshire Ave NW,incoming_trips,LightGBM,test,1.5555088109083424,2.395877024616809,0.5092777699959217,52.985904879344815,49.052065361269335
31324,18th & New Hampshire Ave NW,incoming_trips,LightGBM,val,1.4233331976787629,2.210459429982492,0.5227794980301258,53.70206197596966,48.64633619430529
31324,18th & New Hampshire Ave NW,incoming_trips,Linear Regression,test,1.6081182435880046,2.296291835288176,0.54922393327291,55.90255623602328,50.71107321280002
31324,18th & New Hampshire Ave NW,incoming_trips,Linear Regression,val,1.512189373609529,2.169475604128136,0.5403116070554428,57.02975468456437,51.68324098533932
31324,18th & New Hampshire Ave NW,incoming_trips,Naive (same hour last week),test,2.0152985500627927,3.005987859169755,0.2275308734678606,79.61349679577945,63.55126728110599
31324,18th & New Hampshire Ave NW,incoming_trips,Naive (same hour last week),val,1.9193897301605372,2.8871128656631635,0.1858929409804246,82.84372994824726,65.60043583158223
31324,18th & New Hampshire Ave NW,incoming_trips,Poisson,test,2.144775147479772,3.303718297379932,0.0669332709108951,77.38225087052385,67.63423645152405
31324,18th & New Hampshire Ave NW,incoming_trips,Poisson,val,1.7893095245986206,2.6315206864884013,0.3236561067386057,66.74940300639042,61.154586172268985
31324,18th & New Hampshire Ave NW,incoming_trips,Polynomial Regression,test,1.6055104732523542,2.55800904248845,0.440614973312189,56.81058700899783,50.62883869245884
31324,18th & New Hampshire Ave NW,incoming_trips,Polynomial Regression,val,1.4768805768449518,2.1731752021982382,0.5387424607101703,58.46127627051898,50.47646550871357
31324,18th & New Hampshire Ave NW,incoming_trips,Random Forest,test,1.5811713847590505,2.2958457491093807,0.5493990551265454,55.97311903149262,49.8613196972369
31324,18th & New Hampshire Ave NW,incoming_trips,Random Forest,val,1.4605881976743706,2.143927975884508,0.5510743924004878,56.08345104327823,49.91962853208031
31324,18th & New Hampshire Ave NW,incoming_trips,Soft Two-Stage,test,1.5624604602222938,2.37319989170389,0.5185232435116188,50.49748230872611,49.271281577934445
31324,18th & New Hampshire Ave NW,incoming_trips,Soft Two-Stage,val,1.4445566779123302,2.2041034032227125,0.5255199829457273,51.49331795712517,49.37170714492956
31324,18th & New Hampshire Ave NW,incoming_trips,XGBoost,test,1.5811666664372388,2.388432783094754,0.5123224835187516,51.05954468872409,49.86117090770368
31324,18th & New Hampshire Ave NW,incoming_trips,XGBoost,val,1.4501119940937297,2.201764582956584,0.5265264100513966,52.64432250605602,49.561575391568326
31324,18th & New Hampshire Ave NW,outgoing_trips,GAM,test,1.7021469006162622,2.4378014571803264,0.5395647788155575,63.65116130494349,53.07809000853658
31324,18th & New Hampshire Ave NW,outgoing_trips,GAM,val,1.5494097882537876,2.2146271645643774,0.5546742751558262,59.25117355588214,52.54031184214129
31324,18th & New Hampshire Ave NW,outgoing_trips,HistGradientBoosting,test,1.5669160822496595,2.450606082774672,0.534715176094336,54.47893047095932,48.86118396676552
31324,18th & New Hampshire Ave NW,outgoing_trips,HistGradientBoosting,val,1.4487704748861914,2.248253754574076,0.5410480780790698,54.106069827138846,49.12764403276097
31324,18th & New Hampshire Ave NW,outgoing_trips,LightGBM,test,1.527498170145315,2.3716575199343826,0.5642114426028213,55.87946891004528,47.63201421304715
31324,18th & New Hampshire Ave NW,outgoing_trips,LightGBM,val,1.4013748907709156,2.1608332890362334,0.5760456831240846,54.86172253689748,47.52046510034729
31324,18th & New Hampshire Ave NW,outgoing_trips,Linear Regression,test,1.6106173736849587,2.345516850552331,0.573765118581858,58.94422382176582,50.22392244688866
31324,18th & New Hampshire Ave NW,outgoing_trips,Linear Regression,val,1.4947550367188034,2.1820545947371777,0.5676775754931402,56.75718351736402,50.686975358099104
31324,18th & New Hampshire Ave NW,outgoing_trips,Naive (same hour last week),test,2.068386802146364,3.135647746595516,0.2382255350073802,82.78625916505332,64.49855815443767
31324,18th & New Hampshire Ave NW,outgoing_trips,Naive (same hour last week),val,1.9423887054537172,2.933084218942462,0.2188658864567796,81.34017685611815,65.86618277286591
31324,18th & New Hampshire Ave NW,outgoing_trips,Poisson,test,2.197504767661586,3.488745401219948,0.0570027479191787,78.71354212509817,68.52484695057794
31324,18th & New Hampshire Ave NW,outgoing_trips,Poisson,val,1.7761935204341,2.6891496938936084,0.3433915087566505,65.30940543558856,60.23052272102506
31324,18th & New Hampshire Ave NW,outgoing_trips,Polynomial Regression,test,1.596398157097286,2.6866051546491594,0.4407840363470435,58.76038398463823,49.78052425510032
31324,18th & New Hampshire Ave NW,outgoing_trips,Polynomial Regression,val,1.4662918755264502,2.1828517300874712,0.5673616508271739,57.18621106831158,49.72179275992746
31324,18th & New Hampshire Ave NW,outgoing_trips,Random Forest,test,1.5576209925788915,2.302499754378607,0.5892561606905335,59.99528472343484,48.57133494961911
31324,18th & New Hampshire Ave NW,outgoing_trips,Random Forest,val,1.4316064908762487,2.113631207084464,0.5943654273915004,56.15580514350583,48.545615263372426
31324,18th & New Hampshire Ave NW,outgoing_trips,Soft Two-Stage,test,1.5548118718344954,2.399403685097807,0.5539551635598934,52.32969197864063,48.483738066140994
31324,18th & New Hampshire Ave NW,outgoing_trips,Soft Two-Stage,val,1.416507058178299,2.161083392890013,0.5759475369641345,51.19540144415473,48.033595197019416
31324,18th & New Hampshire Ave NW,outgoing_trips,XGBoost,test,1.5667676130538708,2.423606618360223,0.5449112153616398,52.83254012236248,48.85655424806456
31324,18th & New Hampshire Ave NW,outgoing_trips,XGBoost,val,1.4180670228936996,2.1786008109977466,0.5690450632513395,51.85092813530233,48.08649342525525
31600,5th & K St NW,incoming_trips,GAM,test,2.4959267452631697,3.5896232849371352,0.5271650857653095,60.23645953085855,49.22614298655762
31600,5th & K St NW,incoming_trips,GAM,val,2.148410527795636,3.123273357715749,0.584987815705244,59.06329635378699,46.36124337394431
31600,5th & K St NW,incoming_trips,HistGradientBoosting,test,2.158586823460813,3.2785608240134008,0.6055624247795517,49.88852596996937,42.57292559657126
31600,5th & K St NW,incoming_trips,HistGradientBoosting,val,1.92717751633314,2.9564967955967982,0.6281261162985643,50.82183175416739,41.587184899520814
31600,5th & K St NW,incoming_trips,LightGBM,test,2.147777698972861,3.2646676301144324,0.6088982706079983,50.07147718959477,42.359741652525926
31600,5th & K St NW,incoming_trips,LightGBM,val,1.9193805659866363,2.947585554495229,0.630364484124016,50.94421931743874,41.41893199444885
31600,5th & K St NW,incoming_trips,Linear Regression,test,2.070926007019587,2.960791744387101,0.6783174429104389,52.77499522050518,40.84402714526709
31600,5th & K St NW,incoming_trips,Linear Regression,val,1.943090733735208,2.788881448601178,0.669096804605003,54.96413194566473,41.93058134786942
31600,5th & K St NW,incoming_trips,Naive (same hour last week),test,2.6609201963694487,3.934429454137029,0.4319647130576685,73.85701779916091,52.48024138163968
31600,5th & K St NW,incoming_trips,Naive (same hour last week),val,2.5343276784697717,3.767901973032033,0.3959956794846606,77.99136342068923,54.68907397852632
31600,5th & K St NW,incoming_trips,Poisson,test,2.488519805352735,3.9338930237547887,0.4321195973259363,57.592767515970834,49.08005893829142
31600,5th & K St NW,incoming_trips,Poisson,val,2.1978199620343446,3.2997494321233534,0.5367634913469679,56.11461445702109,47.42746548376612
31600,5th & K St NW,incoming_trips,Polynomial Regression,test,1.9747124340083773,2.8402267772776977,0.7039822009489182,53.649654837385306,38.94644617207308
31600,5th & K St NW,incoming_trips,Polynomial Regression,val,1.8521876027071145,2.711427982502826,0.687221421434698,55.59050604467856,39.96895337848353
31600,5th & K St NW,incoming_trips,Random Forest,test,2.051321529024876,3.0314841066595952,0.6627729670733942,51.30834882606779,40.45737603910942
31600,5th & K St NW,incoming_trips,Random Forest,val,1.88586818848345,2.801445001857032,0.6661087363839625,53.46098627021468,40.695757596742446
31600,5th & K St NW,incoming_trips,Soft Two-Stage,test,2.164284071980086,3.266609135518538,0.6084329540773568,48.60355939601418,42.68529010036607
31600,5th & K St NW,incoming_trips,Soft Two-Stage,val,1.9372084267725167,2.9469155040328374,0.6305325174467811,49.99841306562488,41.80364514961062
31600,5th & K St NW,incoming_trips,XGBoost,test,2.34809530567649,3.5907017057905493,0.5268809380498247,47.516605779767055,46.31052392970295
31600,5th & K St NW,incoming_trips,XGBoost,val,2.056180190032417,3.1511349172455643,0.57755045147036,49.74118166992371,44.37097518256239
31600,5th & K St NW,outgoing_trips,GAM,test,2.557015046784788,3.598693810368136,0.5201707205958097,68.56912554672331,50.96806043007523
31600,5th & K St NW,outgoing_trips,GAM,val,2.166542576660052,3.090147173271779,0.5748414155777419,59.89621037535788,47.50179348162769
31600,5th & K St NW,outgoing_trips,HistGradientBoosting,test,2.180336932894994,3.378716291745861,0.5770389229360117,51.42038931569763,43.45987118591642
31600,5th & K St NW,outgoing_trips,HistGradientBoosting,val,1.8948598253943696,2.931971955175205,0.6172526007534025,50.19507443811387,41.54510558535847
31600,5th & K St NW,outgoing_trips,LightGBM,test,2.1056431324907443,3.2481277277745058,0.6091022692654782,50.54235726869421,41.97102655141076
31600,5th & K St NW,outgoing_trips,LightGBM,val,1.8570332976731043,2.857889467612458,0.6363500933624784,49.73278264691473,40.71575289813244
31600,5th & K St NW,outgoing_trips,Linear Regression,test,2.096546380113116,3.021956666853991,0.6616443627878266,55.44490414549112,41.78970426099898
31600,5th & K St NW,outgoing_trips,Linear Regression,val,1.9279761449799395,2.7902491471132955,0.653360066502088,53.273319312360414,42.27118620374649
31600,5th & K St NW,outgoing_trips,Naive (same hour last week),test,2.643794953761845,3.964032262143791,0.4178011914610864,77.56995106197934,52.69781307603031
31600,5th & K St NW,outgoing_trips,Naive (same hour last week),val,2.4846863258567686,3.722422220663264,0.3830586369821147,75.7460783003616,54.47714620934122
31600,5th & K St NW,outgoing_trips,Poisson,test,2.577465644695238,4.030333216479566,0.3981630343502824,62.49087625457746,51.37569483623238
31600,5th & K St NW,outgoing_trips,Poisson,val,2.203672572509569,3.2927626186832426,0.5172597954742992,55.81423712301322,48.315874595849984
31600,5th & K St NW,outgoing_trips,Polynomial Regression,test,1.98935292847917,2.932048976708571,0.6814780305318823,55.01190391151584,39.65305577805122
31600,5th & K St NW,outgoing_trips,Polynomial Regression,val,1.814493369074968,2.6990380650894807,0.6756524336429237,53.08141109328307,39.78305814070607
31600,5th & K St NW,outgoing_trips,Random Forest,test,2.103344476036372,3.068474740459432,0.651147325754664,53.93683774315097,41.92520825979697
31600,5th & K St NW,outgoing_trips,Random Forest,val,1.879953346383184,2.7710089975157266,0.658124092511469,51.69199173299516,41.21827864221149
31600,5th & K St NW,outgoing_trips,Soft Two-Stage,test,2.191077907976114,3.360717842399845,0.5815331548028555,49.442385251363326,43.67396717557468
31600,5th & K St NW,outgoing_trips,Soft Two-Stage,val,1.907521908680392,2.921383286695536,0.6200121545071782,48.13123569636045,41.82272379225613
31600,5th & K St NW,outgoing_trips,XGBoost,test,2.240504049449429,3.416597148610287,0.567501605463105,47.898422712120976,44.65916066069124
31600,5th & K St NW,outgoing_trips,XGBoost,val,1.9683857163966143,2.990254313044958,0.601884693383604,47.99274619443533,43.15717253828469
31603,1st & M St NE,incoming_trips,GAM,test,2.005051152111873,2.888228747465082,0.6188648397003661,56.756342868332986,45.90236027534734
31603,1st & M St NE,incoming_trips,GAM,val,1.9054910833645669,2.78909125642206,0.6510084593960968,52.53799717894753,41.48409435389285
31603,1st & M St NE,incoming_trips,HistGradientBoosting,test,1.846806697923544,2.8326664871639835,0.6333879535438793,50.66758797153668,42.2796128256987
31603,1st & M St NE,incoming_trips,HistGradientBoosting,val,1.8158057926248623,2.7567096786138023,0.6590650581413429,49.221581453855215,39.53157245773533
31603,1st & M St NE,incoming_trips,LightGBM,test,1.8371261765052804,2.8173060220760613,0.6373531667372689,50.76314867319104,42.05799315214258
31603,1st & M St NE,incoming_trips,LightGBM,val,1.806213113053632,2.739542836128048,0.6632980414034729,49.16218662545077,39.32273200294982
31603,1st & M St NE,incoming_trips,Linear Regression,test,1.931342180961632,2.8744120728486733,0.622502657332351,53.18668749238194,44.21491417418436
31603,1st & M St NE,incoming_trips,Linear Regression,val,1.877212022878189,2.7362307138910107,0.6641116982584514,52.512927466099605,40.86843615234151
31603,1st & M St NE,incoming_trips,Naive (same hour last week),test,2.6626327206302087,4.004877720123966,0.2671849784425809,78.69699182219887,60.95661265028751
31603,1st & M St NE,incoming_trips,Naive (same hour last week),val,2.507116019583286,3.704531936861728,0.3843184519804395,75.25862915499098,54.58195969561014
31603,1st & M St NE,incoming_trips,Poisson,test,2.1355053359349085,3.117059751328759,0.556078584033392,52.61215012447201,48.88889502732322
31603,1st & M St NE,incoming_trips,Poisson,val,2.166313326239813,3.101899982689268,0.5683367936475594,53.27969633892759,47.16240721900772
31603,1st & M St NE,incoming_trips,Polynomial Regression,test,1.946148689693922,2.9308501233402278,0.6075330749198982,53.76416901738976,44.55388492689248
31603,1st & M St NE,incoming_trips,Polynomial Regression,val,1.863257077912705,2.7486346991741715,0.6610594723867893,51.86026335567171,40.56462562354631
31603,1st & M St NE,incoming_trips,Random Forest,test,1.8925654383078685,2.8378421122241577,0.6320470403541426,52.31348811054691,43.32718419795771
31603,1st & M St NE,incoming_trips,Random Forest,val,1.8537406054882388,2.742668588668822,0.6625292653894252,50.95061992097199,40.35744426047444
31603,1st & M St NE,incoming_trips,Soft Two-Stage,test,1.8520025569052316,2.8194855664749667,0.6367918428290009,49.526245945427,42.398563502177
31603,1st & M St NE,incoming_trips,Soft Two-Stage,val,1.8271576637615643,2.7426597573330835,0.6625314386834011,48.50566018071358,39.77871194709818
31603,1st & M St NE,incoming_trips,XGBoost,test,1.8922108636015944,2.8525379281617638,0.628226271028343,48.14476743813295,43.31906679113008
31603,1st & M St NE,incoming_trips,XGBoost,val,1.8736363424953908,2.804292710542232,0.6471938575214204,47.58096082926062,40.79059067530183
31603,1st & M St NE,outgoing_trips,GAM,test,2.1954876978768354,3.059579262336952,0.5643395949616323,66.77816171838357,50.44536278089032
31603,1st & M St NE,outgoing_trips,GAM,val,1.900937179743284,2.7241717005390464,0.6480712524927128,54.698172613425285,41.52700223774472
31603,1st & M St NE,outgoing_trips,HistGradientBoosting,test,1.8104507307369224,2.7853633544544643,0.6389325085599091,51.79692893093426,41.59843118104117
31603,1st & M St NE,outgoing_trips,HistGradientBoosting,val,1.7803828171299594,2.6949744177412787,0.6555746695695202,50.52465190969356,38.89342689429781
31603,1st & M St NE,outgoing_trips,LightGBM,test,1.8111644133860327,2.788897984372672,0.6380155368256306,51.54022212777419,41.61482935087816
31603,1st & M St NE,outgoing_trips,LightGBM,val,1.785539968498785,2.7062136801740766,0.6526958602250104,50.51308289948394,39.00608765905939
31603,1st & M St NE,outgoing_trips,Linear Regression,test,1.9048791490616104,2.834328664732034,0.6261261487499262,53.18873943690312,43.76809754893797
31603,1st & M St NE,outgoing_trips,Linear Regression,val,1.831562989750372,2.6741774654906,0.6608699769380242,52.00191218391179,40.01148548433657
31603,1st & M St NE,outgoing_trips,Naive (same hour last week),test,2.5840849412033338,3.9163825514209023,0.286169849416989,78.4028400342833,59.37409826604758
31603,1st & M St NE,outgoing_trips,Naive (same hour last week),val,2.496982807696687,3.700642001593152,0.3505586493972981,76.44686053467285,54.547941798283794
31603,1st & M St NE,outgoing_trips,Poisson,test,2.081631582631772,3.043370596860309,0.5689433449913066,52.86255909039195,47.82930938923871
31603,1st & M St NE,outgoing_trips,Poisson,val,2.079389015942398,3.0058229931509928,0.571537720148631,52.458636198794416,45.42537924890457
31603,1st & M St NE,outgoing_trips,Polynomial Regression,test,1.9151719165750327,2.859015759593176,0.6195848781243117,53.934305072572144,44.00459278948798
31603,1st & M St NE,outgoing_trips,Polynomial Regression,val,1.8503823170493223,2.7352252080164474,0.6452095098915838,51.68084460670638,40.4226038817167
31603,1st & M St NE,outgoing_trips,Random Forest,test,1.855912929105036,2.772939070691009,0.6421464518426391,53.013270972992245,42.6430086986989
31603,1st & M St NE,outgoing_trips,Random Forest,val,1.814106118224748,2.6732957810816536,0.6610935644644786,51.17258466677252,39.63013067122985
31603,1st & M St NE,outgoing_trips,Soft Two-Stage,test,1.8289742799054287,2.795584307323651,0.636277756239768,50.02795723511425,42.02404374935508
31603,1st & M St NE,outgoing_trips,Soft Two-Stage,val,1.806912614601664,2.7159827840399293,0.6501838826020081,48.96441911147828,39.47298468858703
31603,1st & M St NE,outgoing_trips,XGBoost,test,1.8898769721109987,2.840050780014331,0.6246150263251864,48.4794045172459,43.42339497578824
31603,1st & M St NE,outgoing_trips,XGBoost,val,1.8536350235828252,2.7584209454375954,0.6391664811943325,47.37384380941392,40.493661017604666
31609,Maine Ave & 7th St SW,incoming_trips,GAM,test,1.714730566237776,2.4329255528161515,0.4418394091548169,74.68664623922946,69.1147440507877
31609,Maine Ave & 7th St SW,incoming_trips,GAM,val,1.6243909555094465,2.445134329575154,0.4992950287957336,67.19311402267618,61.60733121271037
31609,Maine Ave & 7th St SW,incoming_trips,HistGradientBoosting,test,1.389008542807865,2.334124640611233,0.4862526238517594,58.56837884200631,55.98603757974363
31609,Maine Ave & 7th St SW,incoming_trips,HistGradientBoosting,val,1.4673175616599408,2.4886665083869177,0.4813076253487043,57.85892284204649,55.65009993980162
31609,Maine Ave & 7th St SW,incoming_trips,LightGBM,test,1.3856439129630334,2.3270430923782266,0.4893652322078672,58.14914774410882,55.85042121229216
31609,Maine Ave & 7th St SW,incoming_trips,LightGBM,val,1.4628282002420356,2.4839763676428843,0.4832608383330313,57.30324149479489,55.47983453979531
31609,Maine Ave & 7th St SW,incoming_trips,Linear Regression,test,1.4611385900733127,2.273571252855489,0.512562801691372,61.954015793333525,58.893345499296615
31609,Maine Ave & 7th St SW,incoming_trips,Linear Regression,val,1.5043603287919274,2.408005421680375,0.5143857998206447,60.56243312503611,57.05499942905043
31609,Maine Ave & 7th St SW,incoming_trips,Naive (same hour last week),test,1.874871560680443,3.100405270917329,0.0935612499743392,90.58260364546574,75.5694629791542
31609,Maine Ave & 7th St SW,incoming_trips,Naive (same hour last week),val,1.9689172264602075,3.30992387190405,0.0824864911924656,91.06639564573452,74.67397875464202
31609,Maine Ave & 7th St SW,incoming_trips,Poisson,test,1.6169472273935008,2.4729041514367114,0.4233449529912707,61.53337816135638,65.17344238525459
31609,Maine Ave & 7th St SW,incoming_trips,Poisson,val,1.651761937112321,2.5864279054562123,0.4397560032786206,60.46810716528736,62.6454145161824
31609,Maine Ave & 7th St SW,incoming_trips,Polynomial Regression,test,1.5050727869521183,2.3292416216790564,0.488399907736044,64.61261615026955,60.66417809080854
31609,Maine Ave & 7th St SW,incoming_trips,Polynomial Regression,val,1.5173757246490371,2.4485666743334,0.4978883180928128,60.94062385035044,57.54862677948223
31609,Maine Ave & 7th St SW,incoming_trips,Random Forest,test,1.430013769979542,2.2459396151071838,0.5243388503592825,60.83073076453815,57.63881372808801
31609,Maine Ave & 7th St SW,incoming_trips,Random Forest,val,1.474500618882114,2.36405411565003,0.531951040106749,58.83159914319352,55.92252757423616
31609,Maine Ave & 7th St SW,incoming_trips,Soft Two-Stage,test,1.4001396127842547,2.3020730391271185,0.5002650459022925,56.458709998786446,56.43469176925721
31609,Maine Ave & 7th St SW,incoming_trips,Soft Two-Stage,val,1.4661014498876888,2.453679048680813,0.4957894063358912,55.22646962682107,55.60397717576462
31609,Maine Ave & 7th St SW,incoming_trips,XGBoost,test,1.4001648876224178,2.3098454687134846,0.496884864941934,56.63153063684406,56.43571050888021
31609,Maine Ave & 7th St SW,incoming_trips,XGBoost,val,1.4679133053949047,2.4522315799541734,0.4963841163871634,55.63748860883888,55.67269436602233
31609,Maine Ave & 7th St SW,outgoing_trips,GAM,test,1.4299325661504054,2.1789771367179727,0.4328380080729024,61.718277416825416,61.85687152761458
31609,Maine Ave & 7th St SW,outgoing_trips,GAM,val,1.4882420968281718,2.2957074698288418,0.4441437771490415,61.94880995178307,61.74995434827019
31609,Maine Ave & 7th St SW,outgoing_trips,HistGradientBoosting,test,1.3440433023078104,2.206858270402771,0.4182308903120585,59.35984100427807,58.14142278207285
31609,Maine Ave & 7th St SW,outgoing_trips,HistGradientBoosting,val,1.3880800962091862,2.3497134529798287,0.4176833819966677,56.88970366983561,57.594045186154965
31609,Maine Ave & 7th St SW,outgoing_trips,LightGBM,test,1.3311331430679338,2.180615672606213,0.4319847043154778,59.95274890395624,57.58294745225223
31609,Maine Ave & 7th St SW,outgoing_trips,LightGBM,val,1.3817459352698624,2.3316425563638363,0.4266057626675076,57.426902396223,57.33122897522299
31609,Maine Ave & 7th St SW,outgoing_trips,Linear Regression,test,1.385891630777245,2.1151455699650947,0.4655804998580413,60.92812900119063,59.95172260953125
31609,Maine Ave & 7th St SW,outgoing_trips,Linear Regression,val,1.4583835194674664,2.2792470877048223,0.4520862561443547,61.55391226594368,60.51106600284749
31609,Maine Ave & 7th St SW,outgoing_trips,Naive (same hour last week),test,1.822810823153328,2.896785956491396,-0.0023850600675414,90.4540616931916,78.85223231924141
31609,Maine Ave & 7th St SW,outgoing_trips,Naive (same hour last week),val,1.947626095867016,3.165552376604521,-0.0568865829772515,96.5182943211061,80.81065759637188
31609,Maine Ave & 7th St SW,outgoing_trips,Poisson,test,1.4999856308251958,2.2431789549359173,0.3989236838215036,59.71377849057923,64.88726857170036
31609,Maine Ave & 7th St SW,outgoing_trips,Poisson,val,1.5861436970271716,2.4080537950049967,0.3884080694381051,60.4633569603221,65.81207525977725
31609,Maine Ave & 7th St SW,outgoing_trips,Polynomial Regression,test,1.4561911475605898,2.255978843182647,0.392044464183948,68.4534565053713,62.99278082518375
31609,Maine Ave & 7th St SW,outgoing_trips,Polynomial Regression,val,1.4591581544866226,2.285001229790046,0.4493162596271272,64.07966427819397,60.543207061867
31609,Maine Ave & 7th St SW,outgoing_trips,Random Forest,test,1.3842781465776954,2.1349505673607347,0.4555256563441437,64.13183140105888,59.881925552518936
31609,Maine Ave & 7th St SW,outgoing_trips,Random Forest,val,1.4147773026216253,2.231834748083032,0.4746443017160464,61.20598491688678,58.70176232485702
31609,Maine Ave & 7th St SW,outgoing_trips,Soft Two-Stage,test,1.3477838202518255,2.1793613107435337,0.4326379985272888,57.13094802794959,58.303232327073
31609,Maine Ave & 7th St SW,outgoing_trips,Soft Two-Stage,val,1.4019824017479516,2.323221124045969,0.4307402561049898,54.89052516909572,58.170877903213615
31609,Maine Ave & 7th St SW,outgoing_trips,XGBoost,test,1.353495007299232,2.185060833258722,0.4296665583129838,57.14855926086362,58.550290245624126
31609,Maine Ave & 7th St SW,outgoing_trips,XGBoost,val,1.4032446047411329,2.3294918202294745,0.4276630867702039,54.88276725405764,58.22324907143505
31615,6th & H St NE,incoming_trips,GAM,test,1.520497286113311,2.2112829942055887,0.6268087235864086,55.30334501526586,48.11602922456191
31615,6th & H St NE,incoming_trips,GAM,val,1.4579599965890455,2.124021829884544,0.6636161003825622,53.623861342189535,46.40092274537662
31615,6th & H St NE,incoming_trips,HistGradientBoosting,test,1.4214536435759162,2.2021436775997083,0.6298871761724882,52.888929531977126,44.98180015203385
31615,6th & H St NE,incoming_trips,HistGradientBoosting,val,1.357861900173514,2.118611604208008,0.6653275658484972,49.798983571233066,43.21520842564037
31615,6th & H St NE,incoming_trips,LightGBM,test,1.413814933333585,2.190610087668549,0.6337539092830162,52.68532339807794,44.74007370594627
31615,6th & H St NE,incoming_trips,LightGBM,val,1.3572380382675702,2.1160877821536896,0.6661244561955394,50.014355777557576,43.19535344459205
31615,6th & H St NE,incoming_trips,Linear Regression,test,1.4818461652981112,2.212392585362464,0.6264341052010978,53.82996807802339,46.89291723633858
31615,6th & H St NE,incoming_trips,Linear Regression,val,1.4327073978264415,2.1301008984142134,0.6616878461065656,53.30472273451002,45.597235478891314
31615,6th & H St NE,incoming_trips,Naive (same hour last week),test,1.966206187920996,3.0327586946032725,0.2980300127909004,78.27490578010908,62.22045594132736
31615,6th & H St NE,incoming_trips,Naive (same hour last week),val,1.8781737447341456,2.93223009970614,0.358918352872831,76.263744316394,59.774613182592304
31615,6th & H St NE,incoming_trips,Poisson,test,1.601020568696456,2.369341334102936,0.5715520263765128,52.512336552272686,50.66418281445232
31615,6th & H St NE,incoming_trips,Poisson,val,1.581919250610602,2.3113523735140062,0.6016639894816063,52.0331581503482,50.34604043234017
31615,6th & H St NE,incoming_trips,Polynomial Regression,test,1.5071781440238623,2.30196202158703,0.595573933203298,56.97878009452386,47.69454591388783
31615,6th & H St NE,incoming_trips,Polynomial Regression,val,1.4127848907034386,2.241440803696756,0.6253965296627932,53.4543820016845,44.96318329908433
31615,6th & H St NE,incoming_trips,Random Forest,test,1.4573756582993198,2.1806862524004917,0.6370647068478699,54.24916799178445,46.11854977074224
31615,6th & H St NE,incoming_trips,Random Forest,val,1.3978980274942303,2.0960377325648336,0.6724214607022336,51.7485474838924,44.48939513527496
31615,6th & H St NE,incoming_trips,Soft Two-Stage,test,1.4285316453713344,2.1971734169489507,0.6315559875889756,51.22641731287608,45.205783018922354
31615,6th & H St NE,incoming_trips,Soft Two-Stage,val,1.377574565917203,2.119362965096552,0.6650901420877465,48.87847531814243,43.84258220984452
31615,6th & H St NE,incoming_trips,XGBoost,test,1.4521354596997993,2.209801730397561,0.6273085325962997,51.42871035544557,45.95272405618174
31615,6th & H St NE,incoming_trips,XGBoost,val,1.3913697768786903,2.133027357568813,0.6607576208764219,48.86815168191351,44.281627533157724
31615,6th & H St NE,outgoing_trips,GAM,test,1.562401418167423,2.206870473004597,0.5963421439263505,58.470234635644594,49.892719463810046
31615,6th & H St NE,outgoing_trips,GAM,val,1.439078573767713,2.078196893800854,0.6414067205791039,53.60868974277842,46.38321876477733
31615,6th & H St NE,outgoing_trips,HistGradientBoosting,test,1.3925133223453277,2.15291961351642,0.6158371631823596,53.82519893960941,44.46762255431377
31615,6th & H St NE,outgoing_trips,HistGradientBoosting,val,1.3223560288068203,2.069052598484766,0.6445554777466643,50.05495545094164,42.62111193031304
31615,6th & H St NE,outgoing_trips,LightGBM,test,1.398104078005572,2.1610371830019237,0.6129347346990099,53.73659220313347,44.64615414069345
31615,6th & H St NE,outgoing_trips,LightGBM,val,1.325904693985723,2.076010729304657,0.642160769978847,49.87437556798572,42.73548964138204
31615,6th & H St NE,outgoing_trips,Linear Regression,test,1.4954747732128633,2.177830928162228,0.6068954746747272,55.21884090044807,47.75552713759696
31615,6th & H St NE,outgoing_trips,Linear Regression,val,1.4101476013808825,2.0726249593003527,0.6433270195992318,52.02306911897385,45.450739019920334
31615,6th & H St NE,outgoing_trips,Naive (same hour last week),test,1.9405183240095905,2.954636668007772,0.2764510998620195,80.31185794855669,61.96726092821466
31615,6th & H St NE,outgoing_trips,Naive (same hour last week),val,1.8470909711943528,2.859075727523175,0.3212965132473239,75.9397761568045,59.53394495412844
31615,6th & H St NE,outgoing_trips,Poisson,test,1.6112075788060285,2.341756964342475,0.5454900845009872,55.20145400321407,51.45126392782093
31615,6th & H St NE,outgoing_trips,Poisson,val,1.554944549925606,2.26262571616379,0.574936121199022,51.70438578520249,50.11771736512512
31615,6th & H St NE,outgoing_trips,Polynomial Regression,test,1.4606521485149513,2.216580320009676,0.5927822807300265,58.05876088621144,46.64352389384396
31615,6th & H St NE,outgoing_trips,Polynomial Regression,val,1.3637076069963483,2.206040045685203,0.5959309869438238,52.64208844811766,43.95392261375754
31615,6th & H St NE,outgoing_trips,Random Forest,test,1.4219199256076054,2.1153772122479757,0.6291183345961067,56.41872659001432,45.40667406174857
31615,6th & H St NE,outgoing_trips,Random Forest,val,1.3510652974069453,2.0422984795319525,0.6536882784536103,51.823574532402105,43.54644589770716
31615,6th & H St NE,outgoing_trips,Soft Two-Stage,test,1.4129378426084758,2.1572169082447963,0.6143020306041731,52.80773595143724,45.1198460148297
31615,6th & H St NE,outgoing_trips,Soft Two-Stage,val,1.341773965476632,2.072986647998692,0.6432025244834398,48.9040001603836,43.2469751881881
31615,6th & H St NE,outgoing_trips,XGBoost,test,1.4295473456153638,2.172143067313244,0.6089461426296761,52.04955915580965,45.65024317417687
31615,6th & H St NE,outgoing_trips,XGBoost,val,1.3471328183115274,2.0806852037349177,0.6405474897617769,47.859721532046905,43.41969740634916
31616,3rd & H St NE,incoming_trips,GAM,test,1.2443271734686483,1.7550171364762437,0.5496397387827572,56.05193566031576,57.62126202702559
31616,3rd & H St NE,incoming_trips,GAM,val,1.2085016543990998,1.744433099646011,0.6002894271201498,52.8765822064816,52.27931847799484
31616,3rd & H St NE,incoming_trips,HistGradientBoosting,test,1.136369694449518,1.7582564757185415,0.5479756911810233,52.86471646579589,52.62205738135516
31616,3rd & H St NE,incoming_trips,HistGradientBoosting,val,1.150757019612643,1.7924609055357912,0.5779767443675379,50.65855047038114,49.78130770456506
31616,3rd & H St NE,incoming_trips,LightGBM,test,1.1333784432779126,1.7544185385363518,0.5499469024499903,52.36313777109333,52.48354102390292
31616,3rd & H St NE,incoming_trips,LightGBM,val,1.1499748129897,1.7903107803063594,0.5789886031080843,50.32695363200648,49.7474697457939
31616,3rd & H St NE,incoming_trips,Linear Regression,test,1.1905902404786015,1.7567316452709796,0.5487593783865164,53.89053010602759,55.132857078255725
31616,3rd & H St NE,incoming_trips,Linear Regression,val,1.2000206622195675,1.7593153825051502,0.5934402329833838,52.09534309643774,51.91243400617871
31616,3rd & H St NE,incoming_trips,Naive (same hour last week),test,1.572553944514214,2.425179028681261,0.1400267395064536,80.90649080848641,72.82051282051282
31616,3rd & H St NE,incoming_trips,Naive (same hour last week),val,1.553113970169646,2.403671903580329,0.2410950718820571,77.77021800435851,67.18711520464956
31616,3rd & H St NE,incoming_trips,Poisson,test,1.2894510247055724,1.865342206665057,0.4912383424233993,52.09907827573196,59.710819589723016
31616,3rd & H St NE,incoming_trips,Poisson,val,1.321306016588138,1.9124076499809992,0.5196055918696648,51.40860909095777,57.15919196026999
31616,3rd & H St NE,incoming_trips,Polynomial Regression,test,1.2540674790795965,1.8070367596666592,0.5225462440165207,58.24421768703635,58.07230795272632
31616,3rd & H St NE,incoming_trips,Polynomial Regression,val,1.1957864099469904,1.7541316784545928,0.5958325052843987,53.55535730491763,51.72926187540963
31616,3rd & H St NE,incoming_trips,Random Forest,test,1.1815934743822385,1.7410338310505733,0.5567877452813481,55.65567116274639,54.71624235851982
31616,3rd & H St NE,incoming_trips,Random Forest,val,1.1668283038192524,1.7303026597866435,0.6067387551022551,52.856614100963824,50.47654530091362
31616,3rd & H St NE,incoming_trips,Soft Two-Stage,test,1.1565677912208832,1.7489333119916717,0.5527567041142558,52.2817291923514,53.55737395349573
31616,3rd & H St NE,incoming_trips,Soft Two-Stage,val,1.1717618485559247,1.7894936585879258,0.5793728258394573,49.8081960675542,50.68996855571436
31616,3rd & H St NE,incoming_trips,XGBoost,test,1.1496803412444894,1.7503010379824682,0.5520569113165894,50.74368309600781,53.23843568046779
31616,3rd & H St NE,incoming_trips,XGBoost,val,1.1693166973555376,1.789961346346224,0.5791529335966583,48.958324201830514,50.584192251754345
31616,3rd & H St NE,outgoing_trips,GAM,test,1.199883556703247,1.684690046713883,0.5175473636561057,55.00548126747265,55.95666102206231
31616,3rd & H St NE,outgoing_trips,GAM,val,1.1989117010817465,1.736032241958883,0.5558893883519006,54.47026011718737,52.27643087226818
31616,3rd & H St NE,outgoing_trips,HistGradientBoosting,test,1.110513886014049,1.703330542225309,0.5068119654675691,53.71472504418794,51.78889962515736
31616,3rd & H St NE,outgoing_trips,HistGradientBoosting,val,1.1454148787653495,1.7826609998411556,0.5317119196088127,53.20216040355986,49.943796257737496
31616,3rd & H St NE,outgoing_trips,LightGBM,test,1.1130712379043903,1.7051947419784277,0.505731841433114,53.30417982322433,51.90816192527182
31616,3rd & H St NE,outgoing_trips,LightGBM,val,1.145906521868776,1.7808590496198748,0.5326581514823184,52.78829323297819,49.96523348842506
31616,3rd & H St NE,outgoing_trips,Linear Regression,test,1.1606562189901803,1.6896108481783016,0.5147248612926838,53.68481150574623,54.12729114117234
31616,3rd & H St NE,outgoing_trips,Linear Regression,val,1.193298641414415,1.747868544150787,0.5498128338116419,54.46644025469038,52.03168330210401
31616,3rd & H St NE,outgoing_trips,Naive (same hour last week),test,1.5260874529055828,2.3320880230649,0.075505054731614,78.89996938598368,71.1692045575551
31616,3rd & H St NE,outgoing_trips,Naive (same hour last week),val,1.5510645565296597,2.3842198211900336,0.1623392520363361,78.59269058776202,67.63143523804796
31616,3rd & H St NE,outgoing_trips,Poisson,test,1.2520494244369025,1.7741023830476723,0.4649775295236312,52.374498606766295,58.38942023555972
31616,3rd & H St NE,outgoing_trips,Poisson,val,1.29219392506679,1.8622089712835463,0.4889864617154263,54.48973227348043,56.34383777918689
31616,3rd & H St NE,outgoing_trips,Polynomial Regression,test,1.1781497677997534,1.7843913359244017,0.4587537808655344,58.07799991293137,54.943104121808325
31616,3rd & H St NE,outgoing_trips,Polynomial Regression,val,1.169178237534695,1.7320691590467026,0.5579147403944191,55.822725351819,50.9799556186627
31616,3rd & H St NE,outgoing_trips,Random Forest,test,1.155199297404407,1.6857227032835274,0.5169557289188886,55.86309748629654,53.87280718754766
31616,3rd & H St NE,outgoing_trips,Random Forest,val,1.1668607218442224,1.730218397690371,0.5588589950500268,54.93577940064574,50.87890443309242
31616,3rd & H St NE,outgoing_trips,Soft Two-Stage,test,1.1333690600331745,1.7129743472934618,0.5012115569203535,51.43672083734566,52.854752405657415
31616,3rd & H St NE,outgoing_trips,Soft Two-Stage,val,1.1753608814293055,1.7971562124994562,0.5240654490613601,51.40991199708159,51.24953890479864
31616,3rd & H St NE,outgoing_trips,XGBoost,test,1.1233176083497691,1.696029144029742,0.5110310460254782,51.65555323408897,52.38600219111718
31616,3rd & H St NE,outgoing_trips,XGBoost,val,1.1573480196769204,1.7700834351425692,0.5382966213004023,50.94710907343439,50.46411982734643
31623,Columbus Circle / Union Station,incoming_trips,GAM,test,2.628250802034803,3.822123508488797,0.7645282001759153,61.85489501147129,40.11858906106939
31623,Columbus Circle / Union Station,incoming_trips,GAM,val,2.4080599738174877,3.489341771579708,0.7582223962610704,57.56468231055983,38.15139843432904
31623,Columbus Circle / Union Station,incoming_trips,HistGradientBoosting,test,2.2752377022672534,3.5529918537389817,0.7965217971310119,49.81606196076457,34.73006697946895
31623,Columbus Circle / Union Station,incoming_trips,HistGradientBoosting,val,2.2143417294952403,3.3640015760169115,0.7752801526666949,50.597008423758126,35.08227972321139
31623,Columbus Circle / Union Station,incoming_trips,LightGBM,test,2.280392551278709,3.5812412903966457,0.793273269543693,49.145083025867294,34.80875249494652
31623,Columbus Circle / Union Station,incoming_trips,LightGBM,val,2.2144960332832646,3.364329373158494,0.7752363559496704,50.135420230784256,35.08472439043764
31623,Columbus Circle / Union Station,incoming_trips,Linear Regression,test,2.505733808467059,3.8172301520307226,0.7651307499652769,55.41281290561047,38.24844450936351
31623,Columbus Circle / Union Station,incoming_trips,Linear Regression,val,2.3997505978106672,3.5701910106355115,0.7468884553016872,56.89116051735412,38.01975125019588
31623,Columbus Circle / Union Station,incoming_trips,Naive (same hour last week),test,3.275031396278114,5.201697317553723,0.563866321451298,76.69887149064546,49.99128646613921
31623,Columbus Circle / Union Station,incoming_trips,Naive (same hour last week),val,3.1967437094386884,4.87994312750684,0.527111697620247,79.03263543999945,50.646680015152334
31623,Columbus Circle / Union Station,incoming_trips,Poisson,test,2.769114436317226,4.153938653566928,0.7218688530570172,58.35017568713607,42.26878349953397
31623,Columbus Circle / Union Station,incoming_trips,Poisson,val,2.6062053179593736,3.853550509630325,0.7051160322047316,55.551435612477576,41.29065661496325
31623,Columbus Circle / Union Station,incoming_trips,Polynomial Regression,test,2.3932165526064355,3.5987632163616867,0.7912454186074879,54.00602446204056,36.5309396400958
31623,Columbus Circle / Union Station,incoming_trips,Polynomial Regression,val,2.3252530436240595,3.461525959380268,0.7620617649591785,53.65552324282498,36.83947089876817
31623,Columbus Circle / Union Station,incoming_trips,Random Forest,test,2.3332989624863765,3.544023828508304,0.7975476901064498,51.38749413368352,35.616335457840734
31623,Columbus Circle / Union Station,incoming_trips,Random Forest,val,2.2711791791994647,3.388306611920584,0.7720212036002533,51.870545319883846,35.982767341142015
31623,Columbus Circle / Union Station,incoming_trips,Soft Two-Stage,test,2.281836874252518,3.522719248138344,0.799974421767484,47.13759024345238,34.83079917322123
31623,Columbus Circle / Union Station,incoming_trips,Soft Two-Stage,val,2.219794444695752,3.344114900954972,0.7779292128347053,47.87025253716088,35.168668231980064
31623,Columbus Circle / Union Station,incoming_trips,XGBoost,test,2.2808937690835696,3.52036529118886,0.8002416552596838,46.35677231663438,34.81640326827748
31623,Columbus Circle / Union Station,incoming_trips,XGBoost,val,2.2059057340799115,3.3204060902814523,0.7810668863996654,46.94251159008488,34.948626481274
31623,Columbus Circle / Union Station,outgoing_trips,GAM,test,2.6268530691418253,3.792787697810419,0.7387743499942385,59.8646652838945,40.2988108111275
31623,Columbus Circle / Union Station,outgoing_trips,GAM,val,2.4522218580142594,3.5233474941762464,0.7416677439198285,55.64341851966302,38.80137021499467
31623,Columbus Circle / Union Station,outgoing_trips,HistGradientBoosting,test,2.335879585204617,3.6610452865508254,0.7566065126392498,49.30943840738887,35.83495802926219
31623,Columbus Circle / Union Station,outgoing_trips,HistGradientBoosting,val,2.2488445550429765,3.4374519871009768,0.7541099460305352,49.05106654839428,35.58334244963332
31623,Columbus Circle / Union Station,outgoing_trips,LightGBM,test,2.3456398138430834,3.672860554642356,0.7550329730956075,49.45729044893387,35.98469065496378
31623,Columbus Circle / Union Station,outgoing_trips,LightGBM,val,2.250601280043265,3.4421354102292403,0.7534394542332075,48.92735845757086,35.61113901171002
31623,Columbus Circle / Union Station,outgoing_trips,Linear Regression,test,2.5228995448539355,3.8185527593983126,0.7352131932905726,56.56790360724722,38.70404958993891
31623,Columbus Circle / Union Station,outgoing_trips,Linear Regression,val,2.411820526986091,3.5883123950578546,0.7320534490148916,55.935945903493774,38.162102198816086
31623,Columbus Circle / Union Station,outgoing_trips,Naive (same hour last week),test,3.261331202192031,5.135208069149725,0.5211330752815463,77.28248437353254,50.03240213678957
31623,Columbus Circle / Union Station,outgoing_trips,Naive (same hour last week),val,3.1297961971991346,4.84928256412945,0.5106465411492072,77.88967809143386,49.522591338185485
31623,Columbus Circle / Union Station,outgoing_trips,Poisson,test,2.839093590819341,4.119686344440596,0.6918039593573979,59.43704546498575,43.554813489774254
31623,Columbus Circle / Union Station,outgoing_trips,Poisson,val,2.692213626861672,3.8417014961012943,0.6928751806210294,56.4271078327611,42.598746639630434
31623,Columbus Circle / Union Station,outgoing_trips,Polynomial Regression,test,2.4703386299202466,3.700395851702215,0.7513461877361529,54.40102223896845,37.89770743405104
31623,Columbus Circle / Union Station,outgoing_trips,Polynomial Regression,val,2.293897722412198,3.386452775785505,0.7613520390307158,51.75499753080113,36.2962162137824
31623,Columbus Circle / Union Station,outgoing_trips,Random Forest,test,2.4095730122952093,3.695199696128474,0.752044024827009,52.12383478143835,36.965496128721846
31623,Columbus Circle / Union Station,outgoing_trips,Random Forest,val,2.3184292819134926,3.463357677876004,0.7503897749968246,51.51631267021111,36.684377716808754
31623,Columbus Circle / Union Station,outgoing_trips,Soft Two-Stage,test,2.345314852334806,3.659072814513674,0.756868709624746,47.71630748553403,35.97970538856391
31623,Columbus Circle / Union Station,outgoing_trips,Soft Two-Stage,val,2.263428941939607,3.4381073652407625,0.7540161752205646,47.52884689406157,35.8141103931966
31623,Columbus Circle / Union Station,outgoing_trips,XGBoost,test,2.363548776860576,3.667808785400969,0.7557063805464062,46.31079575495366,36.259433814732965
31623,Columbus Circle / Union Station,outgoing_trips,XGBoost,val,2.257748391856302,3.421407226008727,0.7564000374730251,46.56383228418125,35.724227364837326
31627,M St & Delaware Ave NE,incoming_trips,GAM,test,2.0500876998829733,3.079185800678453,0.499561250557932,58.09646068774019,50.23279761455497
31627,M St & Delaware Ave NE,incoming_trips,GAM,val,2.025043440903473,2.986907750899632,0.5327899359318323,57.95477044417833,49.83875512499007
31627,M St & Delaware Ave NE,incoming_trips,HistGradientBoosting,test,1.80702332924024,2.781566202282493,0.5916261345680943,55.00462755671385,44.27705077577212
31627,M St & Delaware Ave NE,incoming_trips,HistGradientBoosting,val,1.8144528080615847,2.805504137535576,0.5878166955693188,54.72815910196701,44.65586631884131
31627,M St & Delaware Ave NE,incoming_trips,LightGBM,test,1.8066467696372224,2.7762468393745667,0.5931865588274536,54.353680959593454,44.267824027897255
31627,M St & Delaware Ave NE,incoming_trips,LightGBM,val,1.8097350517608992,2.799139795099596,0.5896846665938155,53.79444118433538,44.53975666101376
31627,M St & Delaware Ave NE,incoming_trips,Linear Regression,test,1.8911582547396928,2.755500550392712,0.599243898138396,57.66210453345775,46.33858828227535
31627,M St & Delaware Ave NE,incoming_trips,Linear Regression,val,1.90697486420337,2.770639301959583,0.5979976883120317,56.95041783322454,46.9329454207364
31627,M St & Delaware Ave NE,incoming_trips,Naive (same hour last week),test,2.436922023061993,3.703736199237554,0.2759655480725355,82.20435565270482,59.71130444512826
31627,M St & Delaware Ave NE,incoming_trips,Naive (same hour last week),val,2.5023340544233177,3.765196541787979,0.2575898995479995,85.36078151528945,61.58545128478158
31627,M St & Delaware Ave NE,incoming_trips,Poisson,test,2.1813123283504767,3.2382231612869763,0.4465317800120237,62.273958531875365,53.44816259832105
31627,M St & Delaware Ave NE,incoming_trips,Poisson,val,2.161827539196615,3.1893109391122847,0.4673250246053507,60.08413501588813,53.20517632965469
31627,M St & Delaware Ave NE,incoming_trips,Polynomial Regression,test,1.8792116734206536,2.695085485254132,0.6166246110723717,61.88152431871706,46.04586412144098
31627,M St & Delaware Ave NE,incoming_trips,Polynomial Regression,val,1.8675417296779464,2.691123670432795,0.6207410119247032,59.63479702698638,45.96244854361925
31627,M St & Delaware Ave NE,incoming_trips,Random Forest,test,1.8850134992680287,2.7270589938210934,0.6074742017723791,62.28845124687841,46.18802484149345
31627,M St & Delaware Ave NE,incoming_trips,Random Forest,val,1.888133222362917,2.752864242022448,0.6031392408791054,60.95589072816464,46.46922994931908
31627,M St & Delaware Ave NE,incoming_trips,Soft Two-Stage,test,1.8064909665936832,2.73294855915648,0.6057769134359814,54.62164178795119,44.264006424019
31627,M St & Delaware Ave NE,incoming_trips,Soft Two-Stage,val,1.811309825360609,2.762162796094325,0.6004537008111603,53.47886431375384,44.578513733690784
31627,M St & Delaware Ave NE,incoming_trips,XGBoost,test,1.824254825506912,2.7373327237643528,0.6045110826623955,53.75997654563677,44.69926991527973
31627,M St & Delaware Ave NE,incoming_trips,XGBoost,val,1.830740848743449,2.769576799704524,0.5983059539628254,53.02549566481569,45.056734593868114
31627,M St & Delaware Ave NE,outgoing_trips,GAM,test,1.9681075543131752,3.0048564041998307,0.5249112985387285,55.87160019902437,48.80429779805532
31627,M St & Delaware Ave NE,outgoing_trips,GAM,val,1.9275276482710364,2.8547227916515494,0.5754171002367802,56.23042249800043,48.051417276238965
31627,M St & Delaware Ave NE,outgoing_trips,HistGradientBoosting,test,1.6834589405707527,2.631361154404701,0.6356756701103649,52.54673390981171,41.74570200005442
31627,M St & Delaware Ave NE,outgoing_trips,HistGradientBoosting,val,1.704543687322476,2.6478335145734126,0.6347283522008242,52.84115710269014,42.49264079743786
31627,M St & Delaware Ave NE,outgoing_trips,LightGBM,test,1.6674822391697914,2.591620986628354,0.6465969991978133,52.9306497460576,41.34951852354964
31627,M St & Delaware Ave NE,outgoing_trips,LightGBM,val,1.6961212441296083,2.6189311802480844,0.6426590508904908,53.207258157117,42.2826773591915
31627,M St & Delaware Ave NE,outgoing_trips,Linear Regression,test,1.774746815604903,2.6371464313445627,0.6340719114314993,54.15521577460709,44.00942007214582
31627,M St & Delaware Ave NE,outgoing_trips,Linear Regression,val,1.8078954772823568,2.646774021833521,0.6350206101770228,54.95059796883432,45.06910188740616
31627,M St & Delaware Ave NE,outgoing_trips,Naive (same hour last week),test,2.308254366936865,3.551683221341793,0.3362634955831769,79.3830393517565,57.23911443293132
31627,M St & Delaware Ave NE,outgoing_trips,Naive (same hour last week),val,2.3585335306842765,3.5745026700919973,0.3343194533263989,81.1693095250525,58.79598092643052
31627,M St & Delaware Ave NE,outgoing_trips,Poisson,test,2.0535105873769948,3.1781918672002623,0.4685193217915142,57.102129248781495,50.92208605071937
31627,M St & Delaware Ave NE,outgoing_trips,Poisson,val,2.068275800387083,3.153978741524746,0.4817346933661377,56.491418352671694,51.56013384082582
31627,M St & Delaware Ave NE,outgoing_trips,Polynomial Regression,test,1.7783036556914822,2.6772829272364413,0.6228485396617389,57.93771284170654,44.09762108657973
31627,M St & Delaware Ave NE,outgoing_trips,Polynomial Regression,val,1.7486815361304544,2.585743385984705,0.6516583064012679,56.73842844248615,43.5929550744601
31627,M St & Delaware Ave NE,outgoing_trips,Random Forest,test,1.7125118450612,2.5677857909839146,0.653067616988042,57.09059257156161,42.46614362406164
31627,M St & Delaware Ave NE,outgoing_trips,Random Forest,val,1.7242762174270276,2.56892106485684,0.6561760432754485,57.29576852380151,42.98455386484328
31627,M St & Delaware Ave NE,outgoing_trips,Soft Two-Stage,test,1.6865804610460349,2.6053046226730765,0.6428552448571933,52.06402143248252,41.82310814308992
31627,M St & Delaware Ave NE,outgoing_trips,Soft Two-Stage,val,1.7094886244363503,2.622244314298261,0.6417543556121668,52.20452150793298,42.615913341350094
31627,M St & Delaware Ave NE,outgoing_trips,XGBoost,test,1.7223855474304943,2.639594610836152,0.6333921816574659,51.500394659181794,42.710987514703874
31627,M St & Delaware Ave NE,outgoing_trips,XGBoost,val,1.7263262559945394,2.6366290269741013,0.6378131552258608,51.97934232838568,43.0356593619438
31628,1st & I St SE,incoming_trips,GAM,test,1.4695175637948723,2.1875185523169085,0.5973570075516328,60.796994530816505,52.52388942005749
31628,1st & I St SE,incoming_trips,GAM,val,1.5271128805101677,2.306740592552384,0.5957252902458116,58.63516586750188,52.81395664482911
31628,1st & I St SE,incoming_trips,HistGradientBoosting,test,1.3746291357516525,2.194288709582513,0.5948608690271127,56.72271961230499,49.13236187076113
31628,1st & I St SE,incoming_trips,HistGradientBoosting,val,1.4275854523295874,2.2933591656189134,0.6004020895642144,54.94992913405397,49.37188150815391
31628,1st & I St SE,incoming_trips,LightGBM,test,1.3770170368902683,2.193324813444019,0.5952167258212591,56.85029248276287,49.21771087130442
31628,1st & I St SE,incoming_trips,LightGBM,val,1.4290767280122063,2.292456658641606,0.6007165356800036,54.90422058773144,49.42345606446373
31628,1st & I St SE,incoming_trips,Linear Regression,test,1.440062983423143,2.208299111324288,0.5896707744527594,59.51203309172504,51.4711159381511
31628,1st & I St SE,incoming_trips,Linear Regression,val,1.524082016425773,2.335762029729537,0.5854888222988983,57.94275597944337,52.70913667612051
31628,1st & I St SE,incoming_trips,Naive (same hour last week),test,1.9286448224683184,3.046674252061304,0.2189682304720411,83.32157725751473,68.93413857830735
31628,1st & I St SE,incoming_trips,Naive (same hour last week),val,2.048275076853012,3.263940490557742,0.190599400762003,83.3209031563989,70.83792723263505
31628,1st & I St SE,incoming_trips,Poisson,test,1.5550188207041904,2.322464185879193,0.5461475268932905,56.55285664017299,55.579898190435
31628,1st & I St SE,incoming_trips,Poisson,val,1.6382270928097522,2.464191444037273,0.5386527370861298,55.015737540739,56.656751284249694
31628,1st & I St SE,incoming_trips,Polynomial Regression,test,1.4876247976010435,2.361834253609428,0.5306298261055945,60.98354937409588,53.17108300900817
31628,1st & I St SE,incoming_trips,Polynomial Regression,val,1.512569329270226,2.3201326716070354,0.5910175264375978,60.21989198597375,52.31097975657739
31628,1st & I St SE,incoming_trips,Random Forest,test,1.432152534899942,2.1781842411060293,0.6007858939608844,60.96848436879794,51.18837857336405
31628,1st & I St SE,incoming_trips,Random Forest,val,1.4708156428231882,2.257353381283185,0.612850982647855,58.14811126879555,50.86696247801253
31628,1st & I St SE,incoming_trips,Soft Two-Stage,test,1.389070724295266,2.1791800910307657,0.6004207749685568,55.87668533463144,49.648536987277545
31628,1st & I St SE,incoming_trips,Soft Two-Stage,val,1.437556113814015,2.277075342749796,0.6060565727562899,53.56111664153216,49.71670872432073
31628,1st & I St SE,incoming_trips,XGBoost,test,1.3908439443433305,2.189094020888297,0.5967768252149663,54.49303656432466,49.71191589203962
31628,1st & I St SE,incoming_trips,XGBoost,val,1.4448510908952783,2.2862175075300417,0.6028869582693311,52.295863026609545,49.96899957211068
31628,1st & I St SE,outgoing_trips,GAM,test,1.4502440247684645,2.090693517718999,0.5618087093147661,58.94677505015198,52.57952486835953
31628,1st & I St SE,outgoing_trips,GAM,val,1.4856029072945856,2.17178021788848,0.5658349418495927,55.89896059899574,51.87060359677338
31628,1st & I St SE,outgoing_trips,HistGradientBoosting,test,1.3217682026549198,2.076177627748017,0.5678723957417566,53.40041422332127,47.921551749056015
31628,1st & I St SE,outgoing_trips,HistGradientBoosting,val,1.3992764628934895,2.171838035469554,0.5658118246783592,53.54268758493031,48.85647057679793
31628,1st & I St SE,outgoing_trips,LightGBM,test,1.3288820234257068,2.0813677515815368,0.5657091905615017,53.67495179901064,48.17946787195565
31628,1st & I St SE,outgoing_trips,LightGBM,val,1.4008043319298886,2.1737887316497244,0.5650315182599186,53.487876589319214,48.909816924429386
31628,1st & I St SE,outgoing_trips,Linear Regression,test,1.3888230327224351,2.092112771938642,0.5612135805489777,56.057662618197845,50.35266750948223
31628,1st & I St SE,outgoing_trips,Linear Regression,val,1.4789209212394197,2.191186726906614,0.5580410843070147,55.45423528091384,51.63729855394881
31628,1st & I St SE,outgoing_trips,Naive (same hour last week),test,1.8661947710925904,2.8773298883200527,0.1700301618458817,81.23073237782316,67.66008526842998
31628,1st & I St SE,outgoing_trips,Naive (same hour last week),val,1.9982921553000117,3.0482663248779165,0.1446793860527733,82.52367988959261,69.77141721327767
31628,1st & I St SE,outgoing_trips,Poisson,test,1.485099614261885,2.1871794128996305,0.5204302127787298,52.14456924398898,53.84323656326774
31628,1st & I St SE,outgoing_trips,Poisson,val,1.571776124295037,2.295387676495252,0.5150072866607384,52.23981790746647,54.87938660180207
31628,1st & I St SE,outgoing_trips,Polynomial Regression,test,1.4069421445653965,2.10453939693861,0.5559855373929719,57.604399615396105,51.0095875005104
31628,1st & I St SE,outgoing_trips,Polynomial Regression,val,1.4463466446815756,2.146183859205787,0.5760086748221792,56.36776735512059,50.49995062706532
31628,1st & I St SE,outgoing_trips,Random Forest,test,1.360959263039598,2.0439461920986397,0.5811853032317517,55.61270988868897,49.342448714615
31628,1st & I St SE,outgoing_trips,Random Forest,val,1.4259867763064902,2.127323141099351,0.5834280232374875,54.40302836013328,49.7890751592125
31628,1st & I St SE,outgoing_trips,Soft Two-Stage,test,1.3309903916330426,2.064726109423475,0.57262619899032,52.114825434914366,48.25590811007832
31628,1st & I St SE,outgoing_trips,Soft Two-Stage,val,1.4070536460739087,2.15808097172771,0.5712949559655845,52.13676933835168,49.128015000863215
31628,1st & I St SE,outgoing_trips,XGBoost,test,1.3392254394361174,2.072098798068556,0.5695686316600805,51.85747051859371,48.55447503630512
31628,1st & I St SE,outgoing_trips,XGBoost,val,1.424128555072248,2.1728167109711816,0.5654204280232217,51.294045916362585,49.72419439157048
31646,Maine Ave & 9th St SW,incoming_trips,GAM,test,1.3756194766594292,2.264055306879757,0.5032513198828567,62.37315531513858,58.38850065933292
31646,Maine Ave & 9th St SW,incoming_trips,GAM,val,1.4375893055488669,2.471172768159084,0.505503383148328,60.03565518101398,55.72823794251532
31646,Maine Ave & 9th St SW,incoming_trips,HistGradientBoosting,test,1.2975833081733714,2.248863505734348,0.5098953171648913,60.083188297335774,55.0762366557984
31646,Maine Ave & 9th St SW,incoming_trips,HistGradientBoosting,val,1.3755033636668903,2.4552981770734803,0.5118361803206981,57.75995677305708,53.32147258280576
31646,Maine Ave & 9th St SW,incoming_trips,LightGBM,test,1.2982378345673633,2.252174593658893,0.5084510549112445,60.11044242186752,55.10401818654553
31646,Maine Ave & 9th St SW,incoming_trips,LightGBM,val,1.3732676842472868,2.4564722637200638,0.5113692035091408,57.60627475503649,53.2348063324532
31646,Maine Ave & 9th St SW,incoming_trips,Linear Regression,test,1.3663505889537848,2.220139899034301,0.5223350861554149,62.425695051764286,57.99508048384474
31646,Maine Ave & 9th St SW,incoming_trips,Linear Regression,val,1.4172991235098973,2.400498439089561,0.5333836399561664,60.83154075690314,54.94168778650054
31646,Maine Ave & 9th St SW,incoming_trips,Naive (same hour last week),test,1.829090078776116,3.094600108973046,0.0719492384707806,87.93308684797123,77.63616980034891
31646,Maine Ave & 9th St SW,incoming_trips,Naive (same hour last week),val,1.936923602413754,3.3887047747032755,0.0701249932419357,91.0905393112268,75.08496270468288
31646,Maine Ave & 9th St SW,incoming_trips,Poisson,test,1.4803175287489423,2.355842729613977,0.4621573380452531,59.392508944276265,62.83243474661749
31646,Maine Ave & 9th St SW,incoming_trips,Poisson,val,1.5569469570269057,2.5571704018929475,0.4704872232575599,57.75131321342043,60.35514465095694
31646,Maine Ave & 9th St SW,incoming_trips,Polynomial Regression,test,1.3993138084044172,2.313881706834205,0.4811462454667705,66.00342240775548,59.39421228830339
31646,Maine Ave & 9th St SW,incoming_trips,Polynomial Regression,val,1.4647558068552406,2.4795810846677124,0.5021325481763335,62.06523744280141,56.78134903830859
31646,Maine Ave & 9th St SW,incoming_trips,Random Forest,test,1.3458817695268055,2.1979884716746003,0.5318193298533178,62.1373655315866,57.12627650361161
31646,Maine Ave & 9th St SW,incoming_trips,Random Forest,val,1.39414285274371,2.364024712425487,0.5474556678222509,59.15843222709412,54.04403352450901
31646,Maine Ave & 9th St SW,incoming_trips,Soft Two-Stage,test,1.3048752589186132,2.227010102015293,0.5193742525230183,57.94488191778668,55.38574526491632
31646,Maine Ave & 9th St SW,incoming_trips,Soft Two-Stage,val,1.3808279254521771,2.4351388879912483,0.519819435155998,55.369069585813214,53.52787954824766
31646,Maine Ave & 9th St SW,incoming_trips,XGBoost,test,1.3180290281003773,2.240859814796447,0.5133776681940352,57.44428857524626,55.94406017218068
31646,Maine Ave & 9th St SW,incoming_trips,XGBoost,val,1.3947017505540515,2.4531770003313422,0.512679283178485,54.4850042146958,54.06569923253844
31646,Maine Ave & 9th St SW,outgoing_trips,GAM,test,1.3713978125668298,2.3347993438848493,0.3964850416488414,61.62262931601708,62.556366213273954
31646,Maine Ave & 9th St SW,outgoing_trips,GAM,val,1.4560136307210252,2.536096574583946,0.396307060309722,59.31246025271369,60.350012829744045
31646,Maine Ave & 9th St SW,outgoing_trips,HistGradientBoosting,test,1.2856985786340338,2.2585092408569247,0.4352806653138641,57.61485504877236,58.64719222089106
31646,Maine Ave & 9th St SW,outgoing_trips,HistGradientBoosting,val,1.3696502973152864,2.459532197102853,0.4322076378954554,54.97509504231321,56.77035658952412
31646,Maine Ave & 9th St SW,outgoing_trips,LightGBM,test,1.2781600569797151,2.2565008561513595,0.4362845747696195,58.32195838492415,58.30332225333468
31646,Maine Ave & 9th St SW,outgoing_trips,LightGBM,val,1.3676066543711174,2.4602369383269287,0.4318822068946262,55.763069486715,56.685650048803794
31646,Maine Ave & 9th St SW,outgoing_trips,Linear Regression,test,1.3562301255424871,2.208054007010344,0.4602305547258911,62.77305072760264,61.864491561434455
31646,Maine Ave & 9th St SW,outgoing_trips,Linear Regression,val,1.4234959893226369,2.41099076778825,0.4543984234891467,60.26632605841799,59.00219572543992
31646,Maine Ave & 9th St SW,outgoing_trips,Naive (same hour last week),test,1.809567302203448,3.0673454791753443,-0.0416319710557968,92.98489976600231,82.54348505364024
31646,Maine Ave & 9th St SW,outgoing_trips,Naive (same hour last week),val,1.9491062279403395,3.412760110578487,-0.0931909953144527,93.9005387686264,80.78810759792356
31646,Maine Ave & 9th St SW,outgoing_trips,Poisson,test,1.4897514345030438,2.366990429572095,0.3797283705776489,62.34405314770819,67.95507142387336
31646,Maine Ave & 9th St SW,outgoing_trips,Poisson,val,1.582305876858437,2.5948733786712808,0.3680003134308326,59.61164821621352,65.58467445232493
31646,Maine Ave & 9th St SW,outgoing_trips,Polynomial Regression,test,1.4187959803018797,2.40103737444016,0.3617559803258452,67.1807789062655,64.71843553517428
31646,Maine Ave & 9th St SW,outgoing_trips,Polynomial Regression,val,1.4709153137877409,2.487456191529841,0.4192417293062803,61.36960905423251,60.96766966020635
31646,Maine Ave & 9th St SW,outgoing_trips,Random Forest,test,1.3363401699585558,2.1802376453622623,0.4737445798298151,63.710025240139146,60.95721043988641
31646,Maine Ave & 9th St SW,outgoing_trips,Random Forest,val,1.3813746372614812,2.340352761672461,0.4859005147647978,58.54864098763994,57.25631637124865
31646,Maine Ave & 9th St SW,outgoing_trips,Soft Two-Stage,test,1.2891863920118805,2.235490243122459,0.4467333773724731,56.70102518712699,58.80628896798282
31646,Maine Ave & 9th St SW,outgoing_trips,Soft Two-Stage,val,1.376874400723155,2.444543348234425,0.4391070161278012,53.808565952138274,57.06978698230992
31646,Maine Ave & 9th St SW,outgoing_trips,XGBoost,test,1.304075904526471,2.2460857232847817,0.4414763490270011,56.40396090747623,59.48547467840516
31646,Maine Ave & 9th St SW,outgoing_trips,XGBoost,val,1.3885681320055958,2.453435506683244,0.4350190374638334,53.835974262233286,57.55447807175624
