station_id,station_name,target,model,phase,MAE,RMSE,R2,MAPE,WMAPE
31101,14th & V St NW,incoming_trips,GAM,test,1.98433422388116,2.9603620551710037,0.6589741087287826,53.12941604575426,41.38478848272556
31101,14th & V St NW,incoming_trips,GAM,val,1.8798659025063416,2.763804755440465,0.6641644112103292,53.28024275670372,41.65517627901506
31101,14th & V St NW,incoming_trips,HistGradientBoosting,test,1.969650929028603,2.989755140584164,0.6521684778352324,50.60754574848683,41.07855728215995
31101,14th & V St NW,incoming_trips,HistGradientBoosting,val,1.8248662406672225,2.742110674598956,0.6694159041739538,49.892385596782,40.436461366350166
31101,14th & V St NW,incoming_trips,LightGBM,test,1.9609038195148727,2.960748133473342,0.6588851525266988,50.43285529439153,40.89612970886893
31101,14th & V St NW,incoming_trips,LightGBM,val,1.8169878020160632,2.716456707845873,0.6755725646018412,49.88904000502685,40.26188628076566
31101,14th & V St NW,incoming_trips,Linear Regression,test,1.9544590203974144,2.864827410126834,0.6806296301189251,53.962601190410254,40.76171855721928
31101,14th & V St NW,incoming_trips,Linear Regression,val,1.8530009453948504,2.667667614431981,0.6871217093626525,54.025342357131954,41.05988673058751
31101,14th & V St NW,incoming_trips,Naive (same hour last week),test,2.652243406781596,3.964118664346606,0.3885077071610457,77.22275244918802,55.3145387875613
31101,14th & V St NW,incoming_trips,Naive (same hour last week),val,2.4687464419902083,3.7051619370919737,0.3964317513915923,76.35348414888118,54.70393823952367
31101,14th & V St NW,incoming_trips,Poisson,test,2.3019813766492283,3.595288776024481,0.4970031646908597,57.60347667015916,48.00955968872468
31101,14th & V St NW,incoming_trips,Poisson,val,2.144984709544992,3.32535492291779,0.5138301660560152,55.32800925858216,47.52983501257327
31101,14th & V St NW,incoming_trips,Polynomial Regression,test,2.108134537101382,3.3895553983224507,0.5529221359244921,62.29560912658319,43.96673748862091
31101,14th & V St NW,incoming_trips,Polynomial Regression,val,1.9315055017016145,4.223794316539617,0.2156362390415812,56.819367065430406,42.7994369438789
31101,14th & V St NW,incoming_trips,Random Forest,test,1.949836374362816,2.8927881970965217,0.6743650819586655,53.70764489812292,40.66530978390377
31101,14th & V St NW,incoming_trips,Random Forest,val,1.8092201611369056,2.6378549465820127,0.6940758105307471,52.11191821101582,40.08976631749487
31101,14th & V St NW,incoming_trips,Soft Two-Stage,test,1.9624479676952935,2.967746270928389,0.657270702607763,49.43968657571267,40.928334085059
31101,14th & V St NW,incoming_trips,Soft Two-Stage,val,1.8272609676621607,2.719464966059846,0.6748536119351959,48.85658039744314,40.48952513806989
31101,14th & V St NW,incoming_trips,XGBoost,test,2.061152711169337,3.1244726410318417,0.620115873310974,47.94116164291804,42.98689603584033
31101,14th & V St NW,incoming_trips,XGBoost,val,1.8871829088643477,2.818293691420493,0.6507917507971102,47.52855559102068,41.81731081705367
31101,14th & V St NW,outgoing_trips,GAM,test,2.106776772253345,2.957414421403295,0.5987659002867505,61.55868860223437,43.85592544184958
31101,14th & V St NW,outgoing_trips,GAM,val,1.968537269959308,2.848061042787219,0.6508857998126414,55.7654365772851,42.1884311211083
31101,14th & V St NW,outgoing_trips,HistGradientBoosting,test,2.0110576623701077,3.012328287840688,0.5837271724557614,51.46820175007938,41.86337919694791
31101,14th & V St NW,outgoing_trips,HistGradientBoosting,val,1.9094875048281488,2.9010126803085985,0.6377835402023491,49.757277610717374,40.92291434021188
31101,14th & V St NW,outgoing_trips,LightGBM,test,2.0467123138050014,3.080981845183375,0.5645365177509544,50.87579216737693,42.60558774774344
31101,14th & V St NW,outgoing_trips,LightGBM,val,1.9410615269594285,2.96970469447614,0.6204268723955799,49.234730602749785,41.59958857860685
31101,14th & V St NW,outgoing_trips,Linear Regression,test,2.006875690617897,2.8837669276825357,0.6185006728018573,55.5349008904556,41.77632477154303
31101,14th & V St NW,outgoing_trips,Linear Regression,val,1.9782199871992636,2.852763846569612,0.6497319122631836,55.3216793474534,42.39594492111446
31101,14th & V St NW,outgoing_trips,Naive (same hour last week),test,2.8097956387715493,4.1148735143712365,0.2232407334952554,81.68554851607006,58.49038667205362
31101,14th & V St NW,outgoing_trips,Naive (same hour last week),val,2.670272116588865,3.974113549450751,0.3202496015410845,80.28558412525948,57.22756332048217
31101,14th & V St NW,outgoing_trips,Poisson,test,2.436476952186581,3.659290228566349,0.3857188698210175,61.84799966212516,50.71916159470082
31101,14th & V St NW,outgoing_trips,Poisson,val,2.3577188879311697,3.564948960738277,0.4530148193107645,59.122996193844415,50.52912252378962
31101,14th & V St NW,outgoing_trips,Polynomial Regression,test,2.1248983207007344,3.1712482613063497,0.5386463648106141,60.38030513744766,44.23315443358066
31101,14th & V St NW,outgoing_trips,Polynomial Regression,val,1.9948625148838688,3.2783636097395705,0.5374239235959313,58.44530500209123,42.75261692505251
31101,14th & V St NW,outgoing_trips,Random Forest,test,2.071760246201655,3.040142017572596,0.5760045400986009,56.27747983879863,43.1270004907201
31101,14th & V St NW,outgoing_trips,Random Forest,val,1.96893195310428,2.88246653295271,0.6424000292808354,53.83061723087261,42.19688971771728
31101,14th & V St NW,outgoing_trips,Soft Two-Stage,test,2.035980624276915,3.047566315240464,0.5739311420970681,50.65900811236619,42.3821904794579
31101,14th & V St NW,outgoing_trips,Soft Two-Stage,val,1.9339415262073796,2.927265312731696,0.6311981419594581,49.049000332196734,41.44699727851109
31101,14th & V St NW,outgoing_trips,XGBoost,test,2.101111394091735,3.129680438185505,0.5506616839141608,49.13549471469929,43.7379915413397
31101,14th & V St NW,outgoing_trips,XGBoost,val,1.9972495205957084,3.0247460747070503,0.6062262414452169,47.986974818835705,42.80377370404594
31104,Adams Mill & Columbia Rd NW,incoming_trips,GAM,test,2.2321463581667507,3.292986022806889,0.3330411143067584,64.65841492703984,57.1226515650877
31104,Adams Mill & Columbia Rd NW,incoming_trips,GAM,val,1.7992926164316492,2.713633799940105,0.4742139923670379,57.56774418646921,53.581023428898
31104,Adams Mill & Columbia Rd NW,incoming_trips,HistGradientBoosting,test,1.8016418665644496,2.8042973941208054,0.5163096476640909,47.89997903422158,46.10565082898885
31104,Adams Mill & Columbia Rd NW,incoming_trips,HistGradientBoosting,val,1.5987734322028744,2.5456568960790578,0.5372927734603701,49.634016023088215,47.6097750560719
31104,Adams Mill & Columbia Rd NW,incoming_trips,LightGBM,test,1.7897964455151492,2.7860878445238755,0.5225708858994657,47.76619416461848,45.80251575150376
31104,Adams Mill & Columbia Rd NW,incoming_trips,LightGBM,val,1.5898253777598486,2.5318990919667663,0.5422805890324371,49.41037111961951,47.34331149679511
31104,Adams Mill & Columbia Rd NW,incoming_trips,Linear Regression,test,1.736328647953218,2.494105771883104,0.6173964255708572,50.471734979094194,44.434226275812186
31104,Adams Mill & Columbia Rd NW,incoming_trips,Linear Regression,val,1.6316072936105726,2.372801523425199,0.5979969303025217,52.93154831033052,48.58753258215793
31104,Adams Mill & Columbia Rd NW,incoming_trips,Naive (same hour last week),test,2.240895079346957,3.348979529434564,0.3101665108867929,76.31364675142292,57.3465392818535
31104,Adams Mill & Columbia Rd NW,incoming_trips,Naive (same hour last week),val,2.208470909711944,3.4064822909480448,0.1714498210955357,79.76942375010009,65.76591849189666
31104,Adams Mill & Columbia Rd NW,incoming_trips,Poisson,test,2.277410736826429,3.927749438501265,0.0511297319526976,59.94121084637067,58.28100810431148
31104,Adams Mill & Columbia Rd NW,incoming_trips,Poisson,val,1.970710713750032,3.3365120663383614,0.2051376178800217,58.29007866693433,58.68567233629391
31104,Adams Mill & Columbia Rd NW,incoming_trips,Polynomial Regression,test,1.76101069064482,2.623947337919316,0.5765233026469212,56.29019278285049,45.06586215373237
31104,Adams Mill & Columbia Rd NW,incoming_trips,Polynomial Regression,val,1.6368333447673395,2.495003368759304,0.555523486921174,56.80063819066616,48.743158836005776
31104,Adams Mill & Columbia Rd NW,incoming_trips,Random Forest,test,1.7078025150888003,2.5115744179363837,0.6120181675588598,53.47108223081249,43.7042166408473
31104,Adams Mill & Columbia Rd NW,incoming_trips,Random Forest,val,1.599153133815994,2.3775540914304614,0.5963849452636112,55.20008070022776,47.62108216690131
31104,Adams Mill & Columbia Rd NW,incoming_trips,Soft Two-Stage,test,1.834597023090822,2.824409176093195,0.5093469353782933,47.38175172719503,46.949003199966434
31104,Adams Mill & Columbia Rd NW,incoming_trips,Soft Two-Stage,val,1.620155670360098,2.5559284151342463,0.5335512680803872,48.77587507726813,48.24651540236232
31104,Adams Mill & Columbia Rd NW,incoming_trips,XGBoost,test,1.8594771161931851,2.8382350441995454,0.504531550840899,46.22050993479243,47.5857073676808
31104,Adams Mill & Columbia Rd NW,incoming_trips,XGBoost,val,1.6527415193084931,2.565034442117613,0.5302217061051189,48.24810852826659,49.21688738077743
31104,Adams Mill & Columbia Rd NW,outgoing_trips,GAM,test,2.283288881738222,3.189507597280424,0.3561875513321478,71.11800141325399,55.53363317453445
31104,Adams Mill & Columbia Rd NW,outgoing_trips,GAM,val,1.8755860641643216,2.607418092346449,0.5141409888708266,58.04747627357123,49.59588258785259
31104,Adams Mill & Columbia Rd NW,outgoing_trips,HistGradientBoosting,test,1.801576452042292,2.736279673348459,0.5261585413891924,50.24966741017251,43.817532955983765
31104,Adams Mill & Columbia Rd NW,outgoing_trips,HistGradientBoosting,val,1.7243979557030464,2.6130875858375013,0.5120258165919372,51.25483973711989,45.59803475821122
31104,Adams Mill & Columbia Rd NW,outgoing_trips,LightGBM,test,1.778298253042652,2.6919662411082657,0.5413817777769003,50.41255930425466,43.25136589120759
31104,Adams Mill & Columbia Rd NW,outgoing_trips,LightGBM,val,1.7130725730216283,2.5894202428017987,0.520825178101709,51.386419647472025,45.29855911139233
31104,Adams Mill & Columbia Rd NW,outgoing_trips,Linear Regression,test,1.8219731319142076,2.5103145166582728,0.6011878663377616,55.618248767148174,44.31361636752435
31104,Adams Mill & Columbia Rd NW,outgoing_trips,Linear Regression,val,1.7683606442608557,2.444025756171211,0.5731252474315199,54.33177214023076,46.76053451315097
31104,Adams Mill & Columbia Rd NW,outgoing_trips,Naive (same hour last week),test,2.469916657152643,3.618841738303381,0.1711970861248196,82.48624407609918,60.07275150640047
31104,Adams Mill & Columbia Rd NW,outgoing_trips,Naive (same hour last week),val,2.514858248889901,3.665633188721573,0.0397442409289249,83.01116406988332,66.50007526719855
31104,Adams Mill & Columbia Rd NW,outgoing_trips,Poisson,test,2.844196556117053,4.820698898423821,-0.4707271186759578,78.99452572459226,69.1759021326445
31104,Adams Mill & Columbia Rd NW,outgoing_trips,Poisson,val,2.389947500686379,3.99522510291096,-0.140699943727216,66.8095620309442,63.197076316509005
31104,Adams Mill & Columbia Rd NW,outgoing_trips,Polynomial Regression,test,2.0294139114704413,2.9113681280661354,0.4635783044447732,69.56968833773402,49.35894385519006
31104,Adams Mill & Columbia Rd NW,outgoing_trips,Polynomial Regression,val,1.8898655470953345,2.8395238239233165,0.4237911210154785,63.52604873425347,49.97347313002656
31104,Adams Mill & Columbia Rd NW,outgoing_trips,Random Forest,test,1.7979733666920603,2.5390891051996336,0.5919926638477029,60.31258357282674,43.72989953310126
31104,Adams Mill & Columbia Rd NW,outgoing_trips,Random Forest,val,1.7225402980575355,2.436175308156582,0.5758631694217732,57.73716841053583,45.548912954506505
31104,Adams Mill & Columbia Rd NW,outgoing_trips,Soft Two-Stage,test,1.8260918784991824,2.7485953698656416,0.5218835247998141,49.323047585484346,44.413791585744974
31104,Adams Mill & Columbia Rd NW,outgoing_trips,Soft Two-Stage,val,1.7532714190782428,2.6268539075114856,0.5068707620593198,50.47600169157891,46.36153206010599
31104,Adams Mill & Columbia Rd NW,outgoing_trips,XGBoost,test,1.815790146582102,2.6941170532223806,0.5406486365748547,48.472950718730274,44.16323520371152
31104,Adams Mill & Columbia Rd NW,outgoing_trips,XGBoost,val,1.7622374683563304,2.6025007357685834,0.5159718338416177,49.72745633670691,46.598620155272165
31107,Lamont & Mt Pleasant NW,incoming_trips,GAM,test,1.681812090938556,2.4750313442686878,0.5364960148032345,58.0040407999681,50.72830367619687
31107,Lamont & Mt Pleasant NW,incoming_trips,GAM,val,1.471281308828945,2.121666012633478,0.5362823905986611,58.54319177365475,53.2218440504309
31107,Lamont & Mt Pleasant NW,incoming_trips,HistGradientBoosting,test,1.7265929618235538,2.7569151530047686,0.4249059599480882,50.91372485616312,52.07902390789114
31107,Lamont & Mt Pleasant NW,incoming_trips,HistGradientBoosting,val,1.4380366669147848,2.279801895271436,0.4645810103156608,51.4395210510508,52.01925883654265
31107,Lamont & Mt Pleasant NW,incoming_trips,LightGBM,test,1.7142521098403494,2.732328063955863,0.435117979885006,49.996191975627006,51.706788216163154
31107,Lamont & Mt Pleasant NW,incoming_trips,LightGBM,val,1.4282561782674883,2.2567900535552696,0.4753352731224887,50.56308542001968,51.665461341529465
31107,Lamont & Mt Pleasant NW,incoming_trips,Linear Regression,test,1.6198734564701252,2.3397796664126784,0.5857695783602321,50.89145796813583,48.86005580502712
31107,Lamont & Mt Pleasant NW,incoming_trips,Linear Regression,val,1.4311103121882558,2.0709183934172226,0.5582001944842147,51.64185078965468,51.76870622713942
31107,Lamont & Mt Pleasant NW,incoming_trips,Naive (same hour last week),test,2.0289987441488755,3.085677648954846,0.2795677007064653,78.72482811760737,61.20045456110748
31107,Lamont & Mt Pleasant NW,incoming_trips,Naive (same hour last week),val,1.8760104747808264,2.812987721320621,0.1848543365633188,82.0227376836339,67.86243822075782
31107,Lamont & Mt Pleasant NW,incoming_trips,Poisson,test,3.0580127517708107,6.346234433115298,-2.0473636877088506,86.19606467369856,92.23848511574272
31107,Lamont & Mt Pleasant NW,incoming_trips,Poisson,val,1.984334773150352,3.5592657157966623,-0.3050296298104793,69.93515089783013,71.7809403318762
31107,Lamont & Mt Pleasant NW,incoming_trips,Polynomial Regression,test,1.7244472477623338,3.270950414401803,0.190456878493758,64.1847383237322,52.014302982713865
31107,Lamont & Mt Pleasant NW,incoming_trips,Polynomial Regression,val,1.5092134355330016,3.061119770630247,0.0347046944395018,61.10409110921423,54.593993427868014
31107,Lamont & Mt Pleasant NW,incoming_trips,Random Forest,test,1.594254560177716,2.361754515541997,0.5779522641937763,52.4182016806813,48.08731599778441
31107,Lamont & Mt Pleasant NW,incoming_trips,Random Forest,val,1.4287384943827883,2.072570041315605,0.5574952041712089,55.40776835323683,51.682908550922704
31107,Lamont & Mt Pleasant NW,incoming_trips,Soft Two-Stage,test,1.727023435870963,2.7265263220499514,0.4375143394380084,50.05625630438163,52.09200824681899
31107,Lamont & Mt Pleasant NW,incoming_trips,Soft Two-Stage,val,1.4440626364929294,2.2501683288274386,0.4784096295761099,51.0249602270507,52.23724108862192
31107,Lamont & Mt Pleasant NW,incoming_trips,XGBoost,test,1.7613977821148383,2.7225527087843053,0.4391526671207437,47.29304732779846,53.12883767879014
31107,Lamont & Mt Pleasant NW,incoming_trips,XGBoost,val,1.474419826296774,2.2591298638992425,0.4742467781238549,48.97913085120511,53.3353761711885
31107,Lamont & Mt Pleasant NW,outgoing_trips,GAM,test,1.8352276947725947,2.6999691928747303,0.4745516115142794,56.08782408655383,49.99614138626884
31107,Lamont & Mt Pleasant NW,outgoing_trips,GAM,val,1.5834871339592458,2.31032650303565,0.4993155370335146,55.6314599475722,51.18795545662147
31107,Lamont & Mt Pleasant NW,outgoing_trips,HistGradientBoosting,test,1.8692290006884775,2.8695911908364926,0.4064565623092635,52.21978626153195,50.92242105321715
31107,Lamont & Mt Pleasant NW,outgoing_trips,HistGradientBoosting,val,1.5704186446521793,2.4172460316073354,0.451900878142228,52.08799448035442,50.7655022303279
31107,Lamont & Mt Pleasant NW,outgoing_trips,LightGBM,test,1.8828576884045567,2.8855111598686505,0.3998525523872835,52.21833083483958,51.293700213783
31107,Lamont & Mt Pleasant NW,outgoing_trips,LightGBM,val,1.5756767968119567,2.424225580071955,0.4487311493020356,52.07228204148689,50.93547775634676
31107,Lamont & Mt Pleasant NW,outgoing_trips,Linear Regression,test,1.759329490411184,2.4773731926528915,0.5576201729708465,54.65647243819113,47.92848658407428
31107,Lamont & Mt Pleasant NW,outgoing_trips,Linear Regression,val,1.565738556165558,2.225896528781658,0.5352415027037243,54.57099074971805,50.61421324549906
31107,Lamont & Mt Pleasant NW,outgoing_trips,Naive (same hour last week),test,2.352551661148533,3.440356717566248,0.1468617822904178,84.17732020485052,64.08932570291117
31107,Lamont & Mt Pleasant NW,outgoing_trips,Naive (same hour last week),val,2.1162472959125584,3.1191927710881338,0.0873551114828304,83.76568357298122,68.41001104159
31107,Lamont & Mt Pleasant NW,outgoing_trips,Poisson,test,3.058965338712776,6.002724911380742,-1.5972235333642315,85.78649250973695,83.33378141883928
31107,Lamont & Mt Pleasant NW,outgoing_trips,Poisson,val,2.065041897558181,3.5329131649111365,-0.1708016359431858,70.10458527645275,66.75474047204085
31107,Lamont & Mt Pleasant NW,outgoing_trips,Polynomial Regression,test,1.9710074251318743,2.97956232546314,0.3600922126234599,67.05561164586882,53.69511705875245
31107,Lamont & Mt Pleasant NW,outgoing_trips,Polynomial Regression,val,1.6732221430223335,2.5649864543303464,0.3828545288584538,63.35200156639386,54.08873788062258
31107,Lamont & Mt Pleasant NW,outgoing_trips,Random Forest,test,1.9095806890102145,2.72155165932493,0.4661175909855307,62.71975000484743,52.02170084299722
31107,Lamont & Mt Pleasant NW,outgoing_trips,Random Forest,val,1.6349708211882892,2.3475340749982494,0.4830587315386957,59.96054881834919,52.85222201875872
31107,Lamont & Mt Pleasant NW,outgoing_trips,Soft Two-Stage,test,1.8986461371589871,2.9007871095472115,0.393481348804483,50.98473433368841,51.723816606666986
31107,Lamont & Mt Pleasant NW,outgoing_trips,Soft Two-Stage,val,1.5893648012762585,2.430980745644224,0.4456546198076703,50.64782010493557,51.37795748844085
31107,Lamont & Mt Pleasant NW,outgoing_trips,XGBoost,test,1.939183292855716,2.909192258042655,0.3899614317668071,48.99981877154727,52.828148986449406
31107,Lamont & Mt Pleasant NW,outgoing_trips,XGBoost,val,1.6104174498080426,2.4259795004789018,0.4479331778071398,49.23590119052126,52.05850740398984
31108,4th & M St SW,incoming_trips,GAM,test,1.5054822967692567,2.197812522646753,0.5925196098331358,56.14871048276038,48.511954372017954
31108,4th & M St SW,incoming_trips,GAM,val,1.378609589666361,2.0582695257268098,0.617112156274354,56.0328800981999,47.65932467149354
31108,4th & M St SW,incoming_trips,HistGradientBoosting,test,1.3947191185681933,2.153362779437243,0.6088351427293945,52.42592428767425,44.9427737456361
31108,4th & M St SW,incoming_trips,HistGradientBoosting,val,1.325906600542924,2.068368589537963,0.6133455988620558,53.78199708287583,45.83735209229513
31108,4th & M St SW,incoming_trips,LightGBM,test,1.4008531934330193,2.165037230455342,0.6045822467380106,52.466900770794425,45.1404352927666
31108,4th & M St SW,incoming_trips,LightGBM,val,1.3232625369377646,2.071862734096961,0.6120381263550956,53.66522968306351,45.74594529608906
31108,4th & M St SW,incoming_trips,Linear Regression,test,1.4462029585268987,2.1479725422550677,0.6107909974929397,54.62019740293877,46.60176482134172
31108,4th & M St SW,incoming_trips,Linear Regression,val,1.3759909903434853,2.07077182692915,0.6124465694040839,56.417056613453134,47.56879819013946
31108,4th & M St SW,incoming_trips,Naive (same hour last week),test,1.9469117479164288,3.0011034238218017,0.240220886008132,79.55355169275045,62.73636965639026
31108,4th & M St SW,incoming_trips,Naive (same hour last week),val,1.894910622794034,2.941708533291888,0.2178926437778842,80.11539787948827,65.50814768165
31108,4th & M St SW,incoming_trips,Poisson,test,1.628803443527081,2.470703680266092,0.4850479985209776,52.37642452177907,52.48579707841109
31108,4th & M St SW,incoming_trips,Poisson,val,1.5353280695501144,2.272163748778953,0.533398271420463,52.988264012793486,53.07717245870525
31108,4th & M St SW,incoming_trips,Polynomial Regression,test,1.6155791345823505,3.4961194024094264,-0.0310932396098635,59.288499201412,52.05966315873302
31108,4th & M St SW,incoming_trips,Polynomial Regression,val,1.4680386845968727,2.5689660808723325,0.4035365579511889,57.68898855278087,50.75093980482694
31108,4th & M St SW,incoming_trips,Random Forest,test,1.542546910729097,2.288073500973088,0.5583630834672482,60.61985579342202,49.70630708217261
31108,4th & M St SW,incoming_trips,Random Forest,val,1.415155046297701,2.120519837042886,0.5936018060680051,59.023240874625614,48.9227220799524
31108,4th & M St SW,incoming_trips,Soft Two-Stage,test,1.414190296692212,2.160911775514029,0.6060877394933066,51.069808556080766,45.57020384345186
31108,4th & M St SW,incoming_trips,Soft Two-Stage,val,1.337988244262054,2.070064948765218,0.6127111145322426,52.03076018893083,46.25502144908141
31108,4th & M St SW,incoming_trips,XGBoost,test,1.440649262070648,2.1746573394144675,0.6010604476078483,49.33130609088053,46.4228051154323
31108,4th & M St SW,incoming_trips,XGBoost,val,1.3478231235710405,2.073972413626865,0.6112476377604793,50.82927921974053,46.59501887083543
31108,4th & M St SW,outgoing_trips,GAM,test,1.4342798945557385,2.0564350403376115,0.5932997313222459,55.03917137452464,47.046614973649824
31108,4th & M St SW,outgoing_trips,GAM,val,1.3359461756824214,1.915711400885373,0.5970817042368046,54.99681264062431,47.12106044343082
31108,4th & M St SW,outgoing_trips,HistGradientBoosting,test,1.3937613402838789,2.155766480436073,0.5530613649055897,50.82145835287564,45.71754327059316
31108,4th & M St SW,outgoing_trips,HistGradientBoosting,val,1.2872403694460977,1.973817181055665,0.5722690556637345,51.86454744848295,45.403125034517
31108,4th & M St SW,outgoing_trips,LightGBM,test,1.3899623895393465,2.152261086588705,0.554513676358896,51.04708549540159,45.59293176787303
31108,4th & M St SW,outgoing_trips,LightGBM,val,1.285611418659586,1.9723122374018311,0.5729210568486354,52.02558191892685,45.345669210421846
31108,4th & M St SW,outgoing_trips,Linear Regression,test,1.3774862251593536,2.063221300696089,0.5906110707709245,51.85148605269272,45.183694139874845
31108,4th & M St SW,outgoing_trips,Linear Regression,val,1.3078797005395515,1.9258536196818223,0.5928041257768248,53.80222228037276,46.13110883032361
31108,4th & M St SW,outgoing_trips,Naive (same hour last week),test,1.8833200137001944,2.857221958358974,0.2148865330560531,77.00398800835713,61.77583043103772
31108,4th & M St SW,outgoing_trips,Naive (same hour last week),val,1.805077991574633,2.721628930032641,0.1867676505387977,79.55229536201895,63.6681257780812
31108,4th & M St SW,outgoing_trips,Poisson,test,1.514003619149515,2.186155253298668,0.5403720077165974,50.80126990441668,49.661677340113854
31108,4th & M St SW,outgoing_trips,Poisson,val,1.4279565985244225,2.025913262703865,0.5493923963901985,51.349347565000215,50.36642225147586
31108,4th & M St SW,outgoing_trips,Polynomial Regression,test,1.5276765983172482,2.621543364904515,0.339065288962468,57.218572922468006,50.11017235764063
31108,4th & M St SW,outgoing_trips,Polynomial Regression,val,1.4039251708251814,2.264126295008957,0.4371947788869601,56.73213115217754,49.51879352378447
31108,4th & M St SW,outgoing_trips,Random Forest,test,1.4198557645102008,2.1059252022219934,0.5734888859752083,54.09668442834617,46.57348103713009
31108,4th & M St SW,outgoing_trips,Random Forest,val,1.316274377586269,1.943372824227497,0.5853620283505618,53.77698221084993,46.427203157865954
31108,4th & M St SW,outgoing_trips,Soft Two-Stage,test,1.3977760031756736,2.139495305409366,0.559782660932614,49.20646712968114,45.8492304677966
31108,4th & M St SW,outgoing_trips,Soft Two-Stage,val,1.29778300738713,1.9627873797522588,0.5770360682748092,50.31202977251531,45.77498154243269
31108,4th & M St SW,outgoing_trips,XGBoost,test,1.4121477252043946,2.160587348875593,0.5510601819889549,48.252313603803344,46.32064533971948
31108,4th & M St SW,outgoing_trips,XGBoost,val,1.3057180464627227,1.977947058716205,0.5704772742212532,49.59031146501808,46.05486366845546
31114,18th St & Wyoming Ave NW,incoming_trips,GAM,test,2.4194411680962973,3.408102943290518,-0.0062422285023502,109.82664042497734,90.40906651602162
31114,18th St & Wyoming Ave NW,incoming_trips,GAM,val,1.8332818880225832,2.623579331528411,0.4187540433066823,76.66334106267954,66.42895673296071
31114,18th St & Wyoming Ave NW,incoming_trips,HistGradientBoosting,test,1.324340465908654,2.1395046145929557,0.6034448580409624,51.081554252932726,49.4876200550081
31114,18th St & Wyoming Ave NW,incoming_trips,HistGradientBoosting,val,1.3863995904313984,2.198768823191583,0.5917457788430021,52.790949569942846,50.23617972176646
31114,18th St & Wyoming Ave NW,incoming_trips,LightGBM,test,1.328060449800779,2.1535089809048733,0.5982364757160532,51.15047878756861,49.62662747357092
31114,18th St & Wyoming Ave NW,incoming_trips,LightGBM,val,1.3809352578521223,2.207094970005207,0.5886480266408519,52.59531503700041,50.03817966795327
31114,18th St & Wyoming Ave NW,incoming_trips,Linear Regression,test,1.4008567250285275,2.1089266304787397,0.6146990566571491,55.04736500314637,52.34686030087404
31114,18th St & Wyoming Ave NW,incoming_trips,Linear Regression,val,1.4484496279664978,2.151281774684318,0.6091895760449513,56.174077140098376,52.48456240946305
31114,18th St & Wyoming Ave NW,incoming_trips,Naive (same hour last week),test,1.8059139171138257,2.880106047698068,0.2813886228767994,80.8676598045572,67.48293515358363
31114,18th St & Wyoming Ave NW,incoming_trips,Naive (same hour last week),val,1.9118752134805876,2.9836550448815826,0.2482580873317288,84.90591447604227,69.27678534593011
31114,18th St & Wyoming Ave NW,incoming_trips,Poisson,test,1.5452573894217678,2.4133373008438825,0.4954395777751043,54.84934566482954,57.74278785812827
31114,18th St & Wyoming Ave NW,incoming_trips,Poisson,val,1.6171470649894395,2.524905923510279,0.4616534360502864,57.24231062017861,58.59731289163022
31114,18th St & Wyoming Ave NW,incoming_trips,Polynomial Regression,test,1.4273042345516913,2.186126069123344,0.5859740743540778,58.6478559407947,53.33514415715983
31114,18th St & Wyoming Ave NW,incoming_trips,Polynomial Regression,val,1.4470058462184847,2.1907321309320267,0.5947247344375227,58.40873790446991,52.43224698765193
31114,18th St & Wyoming Ave NW,incoming_trips,Random Forest,test,1.421094069193106,2.131222137867215,0.6065092134929233,60.85338359566271,53.103084266477886
31114,18th St & Wyoming Ave NW,incoming_trips,Random Forest,val,1.4469799119288946,2.1505195239721093,0.6094664739871363,60.038074782262754,52.43130725884517
31114,18th St & Wyoming Ave NW,incoming_trips,Soft Two-Stage,test,1.3573506674753466,2.1569552493532798,0.5969495594802902,50.78542771438992,50.721136930104784
31114,18th St & Wyoming Ave NW,incoming_trips,Soft Two-Stage,val,1.4014717009512268,2.205287494133045,0.5893214950079104,51.50603471816064,50.7823175438534
31114,18th St & Wyoming Ave NW,incoming_trips,XGBoost,test,1.365700466068185,2.149407725633706,0.5997652975321103,50.38179037318075,51.03315009509912
31114,18th St & Wyoming Ave NW,incoming_trips,XGBoost,val,1.4022818009650295,2.1862844939142265,0.5963686483671201,51.21757885746136,50.81167151233902
31114,18th St & Wyoming Ave NW,outgoing_trips,GAM,test,2.4501915555470304,3.3899047348292357,-0.0188475215973791,106.54404298215736,83.00610263019315
31114,18th St & Wyoming Ave NW,outgoing_trips,GAM,val,1.9217283401288296,2.713165531406959,0.349735066048077,75.34294424622236,62.75950030248946
31114,18th St & Wyoming Ave NW,outgoing_trips,HistGradientBoosting,test,1.4813179795143632,2.314771202547182,0.5249379398430225,55.30816409306684,50.18319157828779
31114,18th St & Wyoming Ave NW,outgoing_trips,HistGradientBoosting,val,1.502131231152143,2.329240207292493,0.5207453786239333,53.42921167826149,49.05636425674601
31114,18th St & Wyoming Ave NW,outgoing_trips,LightGBM,test,1.4739833995025318,2.3047127538326007,0.529057574236263,55.78638264560885,49.93471512760656
31114,18th St & Wyoming Ave NW,outgoing_trips,LightGBM,val,1.494973483802993,2.3155811114058578,0.5263497733849829,53.746719973616685,48.82260767547292
31114,18th St & Wyoming Ave NW,outgoing_trips,Linear Regression,test,1.5709182029460274,2.280789688156714,0.5387836571557969,59.748732914269375,53.21861357418005
31114,18th St & Wyoming Ave NW,outgoing_trips,Linear Regression,val,1.5844877627909306,2.2740764859186857,0.5431770773292313,58.44625813797803,51.74595084625844
31114,18th St & Wyoming Ave NW,outgoing_trips,Naive (same hour last week),test,2.139741979678045,3.249667358072329,0.0637064699251495,89.74357316726433,72.488880293947
31114,18th St & Wyoming Ave NW,outgoing_trips,Naive (same hour last week),val,2.173858590458841,3.2964120931927727,0.0401115847315296,88.32549402764893,70.993530155425
31114,18th St & Wyoming Ave NW,outgoing_trips,Poisson,test,1.744277558891059,2.564829913433601,0.4167545673062885,61.455512584404445,59.09157663247645
31114,18th St & Wyoming Ave NW,outgoing_trips,Poisson,val,1.8160687158130224,2.66600694453528,0.3721436289393502,61.41348391285606,59.30888499660064
31114,18th St & Wyoming Ave NW,outgoing_trips,Polynomial Regression,test,1.592543259009688,2.467858562540197,0.4600236512024436,63.882138552389954,53.95121410042877
31114,18th St & Wyoming Ave NW,outgoing_trips,Polynomial Regression,val,1.585182651156287,2.320191352205747,0.524461853876761,60.25736645356775,51.76864440063088
31114,18th St & Wyoming Ave NW,outgoing_trips,Random Forest,test,1.585227122280347,2.2953406715172964,0.5328799482177327,65.26928891696325,53.70336246007952
31114,18th St & Wyoming Ave NW,outgoing_trips,Random Forest,val,1.582023790218656,2.2891072002523134,0.5371182953512603,61.48100797856535,51.66548281955252
31114,18th St & Wyoming Ave NW,outgoing_trips,Soft Two-Stage,test,1.4911738599188011,2.285213582274798,0.5369927414363881,55.771564116625896,50.517083113629
31114,18th St & Wyoming Ave NW,outgoing_trips,Soft Two-Stage,val,1.508274287886591,2.2913836840455777,0.5361971793243623,53.76319127874175,49.25698323234896
31114,18th St & Wyoming Ave NW,outgoing_trips,XGBoost,test,1.4892275843371234,2.290455696168946,0.5348660950347062,53.49658314346202,50.45114837056223
31114,18th St & Wyoming Ave NW,outgoing_trips,XGBoost,val,1.5163752565340314,2.3131909532437893,0.5273270785370379,51.68243326236216,49.52154338565627
31116,California St & Florida Ave NW,incoming_trips,GAM,test,1.5054702324145437,2.0639954831143896,0.5488964155469205,65.17502191103289,60.02555428677615
31116,California St & Florida Ave NW,incoming_trips,GAM,val,1.3111324933509263,1.9012526939422671,0.6368951575812908,52.73630955900324,51.071832043202
31116,California St & Florida Ave NW,incoming_trips,HistGradientBoosting,test,1.239405004978836,1.9191485101808428,0.6099898053988386,50.42869104134836,49.41709959308823
31116,California St & Florida Ave NW,incoming_trips,HistGradientBoosting,val,1.2199705880252525,1.8946573442507644,0.6394099728837814,47.5342608480763,47.52085184772837
31116,California St & Florida Ave NW,incoming_trips,LightGBM,test,1.240191046154587,1.9198966850285804,0.6096856572890721,49.74938069467248,49.44844033716328
31116,California St & Florida Ave NW,incoming_trips,LightGBM,val,1.222540905030843,1.894825290489105,0.6393460431997258,46.93273774490468,47.620972010315285
31116,California St & Florida Ave NW,incoming_trips,Linear Regression,test,1.320382126945633,1.944547645242748,0.5995982469148751,54.091420747291686,52.6457895571595
31116,California St & Florida Ave NW,incoming_trips,Linear Regression,val,1.3006218371725993,1.9146341083250251,0.6317659549241926,51.41152340555431,50.66241616057716
31116,California St & Florida Ave NW,incoming_trips,Naive (same hour last week),test,1.7167484872702363,2.665698438983495,0.2475444874038103,80.07264015534547,68.44956300072833
31116,California St & Florida Ave NW,incoming_trips,Naive (same hour last week),val,1.687805988842081,2.634819699550689,0.3026446138760692,76.04562512959085,65.74419017207734
31116,California St & Florida Ave NW,incoming_trips,Poisson,test,1.438110282412583,2.1427228875085644,0.5138270293927558,52.216532986163934,57.33980318486805
31116,California St & Florida Ave NW,incoming_trips,Poisson,val,1.4116817034410407,2.0864096651519195,0.5627281421582894,50.2558373133134,54.98847082367687
31116,California St & Florida Ave NW,incoming_trips,Polynomial Regression,test,1.4164123427755193,2.183108540535405,0.4953277209220063,61.6919834367942,56.47467093213208
31116,California St & Florida Ave NW,incoming_trips,Polynomial Regression,val,1.3137493169902446,2.293217923923237,0.4717457362694268,54.69970843199189,51.17376375343853
31116,California St & Florida Ave NW,incoming_trips,Random Forest,test,1.3137862077654396,1.9307156961958944,0.6052742600716319,57.41736542716483,52.38279949844086
31116,California St & Florida Ave NW,incoming_trips,Random Forest,val,1.2568835126272186,1.8552971778140688,0.6542363582106171,51.73397781068777,48.95870095531693
31116,California St & Florida Ave NW,incoming_trips,Soft Two-Stage,test,1.2591689697353734,1.918802397782262,0.61013046693799,51.33136716239628,50.20512111212735
31116,California St & Florida Ave NW,incoming_trips,Soft Two-Stage,val,1.241494741462307,1.8941303416884017,0.6396105425962579,48.65918730203296,48.35927050853044
31116,California St & Florida Ave NW,incoming_trips,XGBoost,test,1.2628321824013715,1.922292122490708,0.608711066432369,49.0906705935235,50.3511793775201
31116,California St & Florida Ave NW,incoming_trips,XGBoost,val,1.2356571540566468,1.8912420311901923,0.6407088017782097,46.29140852262334,48.13188213624059
31116,California St & Florida Ave NW,outgoing_trips,GAM,test,1.4231054267948475,2.0674213411342977,0.5132387959777331,57.71033333847255,53.74689734950013
31116,California St & Florida Ave NW,outgoing_trips,GAM,val,1.3615777205495432,1.964193993393908,0.5824277220713592,56.58422627843757,52.8166112515972
31116,California St & Florida Ave NW,outgoing_trips,HistGradientBoosting,test,1.33490068711091,2.0569592601087576,0.5181527917823989,52.394427348133874,50.415639523993015
31116,California St & Florida Ave NW,outgoing_trips,HistGradientBoosting,val,1.260067012127282,1.9815538963712551,0.5750139449118483,50.37879465138817,48.87893546291811
31116,California St & Florida Ave NW,outgoing_trips,LightGBM,test,1.3328679468869302,2.0509649587855026,0.5209570561935886,52.196880795491886,50.33886834590644
31116,California St & Florida Ave NW,outgoing_trips,LightGBM,val,1.256882129355512,1.9723371469086195,0.5789582035119345,50.16872894140205,48.75539149425608
31116,California St & Florida Ave NW,outgoing_trips,Linear Regression,test,1.4056984328957696,2.0415307761156054,0.5253539956250683,55.94226921263794,53.08948160457936
31116,California St & Florida Ave NW,outgoing_trips,Linear Regression,val,1.3352070008338834,1.970239259613342,0.5798534140234785,54.12456874111069,51.79367144388304
31116,California St & Florida Ave NW,outgoing_trips,Naive (same hour last week),test,1.9245347642424933,2.879848374184712,0.0555103315419203,85.43306827973947,72.68454639530873
31116,California St & Florida Ave NW,outgoing_trips,Naive (same hour last week),val,1.8240919959011728,2.8026881583807417,0.1498169178319933,84.25653121235631,70.75788357918911
31116,California St & Florida Ave NW,outgoing_trips,Poisson,test,1.539166724680184,2.223399354669777,0.4370200641561456,54.87932760277401,58.13022310052488
31116,California St & Florida Ave NW,outgoing_trips,Poisson,val,1.4994898540711856,2.208168051779772,0.4722513321298537,55.03021224116928,58.166325361307415
31116,California St & Florida Ave NW,outgoing_trips,Polynomial Regression,test,1.4818704014993682,2.390643935829646,0.3491397325930584,58.42160452386036,55.9662937510045
31116,California St & Florida Ave NW,outgoing_trips,Polynomial Regression,val,1.3397380127338812,2.577116515448332,0.2811620288957365,56.34609275590886,51.96943276142425
31116,California St & Florida Ave NW,outgoing_trips,Random Forest,test,1.373481627137525,2.0107411819665613,0.5395628975053459,55.92248788587033,51.87273875516377
31116,California St & Florida Ave NW,outgoing_trips,Random Forest,val,1.3027040498500713,1.9235265915936208,0.5995398639460847,54.01286688049504,50.53285782984355
31116,California St & Florida Ave NW,outgoing_trips,Soft Two-Stage,test,1.347030299778138,2.040967342532126,0.5256159506233513,51.411557066361965,50.873742651589815
31116,California St & Florida Ave NW,outgoing_trips,Soft Two-Stage,val,1.273782882086078,1.955824555137387,0.585978694770147,49.84503194977056,49.41098424769023
31116,California St & Florida Ave NW,outgoing_trips,XGBoost,test,1.3809441654398185,2.079263070154393,0.5076467070458093,49.726581257145874,52.15457892845537
31116,California St & Florida Ave NW,outgoing_trips,XGBoost,val,1.2823687995759534,1.9706033808647023,0.5796981045234164,48.137290497558666,49.74403836531931
31119,14th & Belmont St NW,incoming_trips,GAM,test,2.6584793793371126,4.043807527699639,-0.1990169225946498,77.20931648282242,78.23680705444266
31119,14th & Belmont St NW,incoming_trips,GAM,val,1.7986019644581657,2.722536252909947,0.2713831961400952,63.46375223100874,63.439705448922
31119,14th & Belmont St NW,incoming_trips,HistGradientBoosting,test,1.6920648229125843,2.6247832376923164,0.4948373326842142,50.09018361568944,49.79604133955356
31119,14th & Belmont St NW,incoming_trips,HistGradientBoosting,val,1.4221423685679009,2.1775623639237027,0.5338850381517514,49.59081460379986,50.16134461721165
31119,14th & Belmont St NW,incoming_trips,LightGBM,test,1.6804057944122646,2.6092422836685265,0.5008016105934188,48.669127366403806,49.45292595926831
31119,14th & Belmont St NW,incoming_trips,LightGBM,val,1.4206193790865211,2.172732066861588,0.5359506291483407,48.32947244279004,50.10762622592231
31119,14th & Belmont St NW,incoming_trips,Linear Regression,test,1.6246020000751125,2.332110311975576,0.6012115803037448,52.48788596653557,47.81066733413268
31119,14th & Belmont St NW,incoming_trips,Linear Regression,val,1.4369531145903829,2.061892140194622,0.5820890733222273,51.386136657480655,50.683744449810575
31119,14th & Belmont St NW,incoming_trips,Naive (same hour last week),test,2.0989839022719488,3.1449911428701336,0.274757555142765,79.16775861306435,61.7713268151732
31119,14th & Belmont St NW,incoming_trips,Naive (same hour last week),val,1.8539223499943072,2.7943885802242936,0.232416844397364,80.07172535978296,65.39094815469258
31119,14th & Belmont St NW,incoming_trips,Poisson,test,2.8869950798764767,6.602213379829857,-2.1961229133918203,80.45941243572024,84.96183148418527
31119,14th & Belmont St NW,incoming_trips,Poisson,val,1.7491171255980933,2.9666698236152844,0.1348522787193985,58.66834090724298,61.69429225383741
31119,14th & Belmont St NW,incoming_trips,Polynomial Regression,test,1.9088640055327268,3.386010027862041,0.1593391166300927,60.67254477646793,56.1762585238758
31119,14th & Belmont St NW,incoming_trips,Polynomial Regression,val,1.5199950574050112,3.027745591776429,0.098863458128018,54.97686519763118,53.612772937585696
31119,14th & Belmont St NW,incoming_trips,Random Forest,test,1.732333171121383,2.5101157108730323,0.5380107779414272,52.65846957731463,50.98110488140374
31119,14th & Belmont St NW,incoming_trips,Random Forest,val,1.4590951116953323,2.088673589956464,0.5711622676608253,52.249412078510346,51.46472979406491
31119,14th & Belmont St NW,incoming_trips,Soft Two-Stage,test,1.7042660296985717,2.624607298091651,0.4949050526680405,49.6986902945623,50.15511256973353
31119,14th & Belmont St NW,incoming_trips,Soft Two-Stage,val,1.443900234892539,2.1760966448883248,0.5345123117072552,50.00063398756196,50.92878102510409
31119,14th & Belmont St NW,incoming_trips,XGBoost,test,1.833657516095028,2.7484477624446435,0.4461153442438267,47.12786038807931,53.9629949382668
31119,14th & Belmont St NW,incoming_trips,XGBoost,val,1.492178573492832,2.2221193824803667,0.5146147048668157,46.6864403071622,52.63163893412933
31119,14th & Belmont St NW,outgoing_trips,GAM,test,2.622302936354354,3.917010194070668,-0.1359470824006949,72.19036044224816,71.70564254348085
31119,14th & Belmont St NW,outgoing_trips,GAM,val,1.563884508838206,2.270197932657993,0.397270018040449,56.02589845882567,54.11763776496578
31119,14th & Belmont St NW,outgoing_trips,HistGradientBoosting,test,1.813371996283735,2.7889583056503477,0.4241190131299238,50.993667910951714,49.58580580497388
31119,14th & Belmont St NW,outgoing_trips,HistGradientBoosting,val,1.4056501457627313,2.1063062352033333,0.4811541176699173,50.441399148411946,48.64199688835771
31119,14th & Belmont St NW,outgoing_trips,LightGBM,test,1.80324146731732,2.774215849157553,0.4301911451766631,51.13107771882741,49.30879124697929
31119,14th & Belmont St NW,outgoing_trips,LightGBM,val,1.4047521864512411,2.10809252561362,0.4802737115759484,50.57667099262048,48.61092334266283
31119,14th & Belmont St NW,outgoing_trips,Linear Regression,test,1.689923868222144,2.395409081254783,0.5751769426035529,52.775179985468334,46.21017470578721
31119,14th & Belmont St NW,outgoing_trips,Linear Regression,val,1.4143012718954109,1.9744969902328071,0.5440593649318772,52.28264894409968,48.94136586839523
31119,14th & Belmont St NW,outgoing_trips,Naive (same hour last week),test,2.255051946569243,3.30954329708121,0.1890672667407761,79.52402949038209,61.663336663336665
31119,14th & Belmont St NW,outgoing_trips,Naive (same hour last week),val,1.919731299100535,2.813837572686197,0.0740375049779049,79.71525134126361,66.43158267995744
31119,14th & Belmont St NW,outgoing_trips,Poisson,test,3.083782678767608,6.858731458905263,-2.4828622265942046,83.89867092298948,84.32458942097117
31119,14th & Belmont St NW,outgoing_trips,Poisson,val,1.765612944107785,2.859832127981373,0.0435188196662928,62.080628662352325,61.09837472163695
31119,14th & Belmont St NW,outgoing_trips,Polynomial Regression,test,1.9821654217603988,2.876241123046354,0.3875096093636666,65.1895672151957,54.20138277097693
31119,14th & Belmont St NW,outgoing_trips,Polynomial Regression,val,1.466481129405908,2.780361898381083,0.0959384386217749,58.02950799771983,50.74703029656866
31119,14th & Belmont St NW,outgoing_trips,Random Forest,test,1.7247666696054225,2.5346203057508427,0.5243642208370678,54.63634278651358,47.16293474985606
31119,14th & Belmont St NW,outgoing_trips,Random Forest,val,1.4139678741811517,2.0086144752526005,0.5281667698897515,54.819401005152656,48.92982876534831
31119,14th & Belmont St NW,outgoing_trips,Soft Two-Stage,test,1.8217547467516573,2.780810259364204,0.4274790135676568,49.51438390316825,49.815028180562464
31119,14th & Belmont St NW,outgoing_trips,Soft Two-Stage,val,1.4041160097268397,2.082628442085212,0.4927536413890839,48.8544474957702,48.58890868535848
31119,14th & Belmont St NW,outgoing_trips,XGBoost,test,1.890941079415692,2.879707826277347,0.3860322631090315,48.784950146528544,51.70689596216922
31119,14th & Belmont St NW,outgoing_trips,XGBoost,val,1.427800230415054,2.114098445990504,0.4773081100895564,48.18383815758813,49.40849227270565
31124,14th & Irving St NW,incoming_trips,GAM,test,2.1684617280931797,3.114283347083762,0.3369980367891562,61.72369403376169,56.17068751513621
31124,14th & Irving St NW,incoming_trips,GAM,val,1.803387759289361,2.649226330052698,0.4079058317201459,55.88281378873655,53.14795882772451
31124,14th & Irving St NW,incoming_trips,HistGradientBoosting,test,1.8742093898851089,2.854615653209798,0.44295041727178,50.128012598461694,48.54853033064313
31124,14th & Irving St NW,incoming_trips,HistGradientBoosting,val,1.63502851702903,2.489278955142136,0.4772430768336972,49.963809290943054,48.186213895261965
31124,14th & Irving St NW,incoming_trips,LightGBM,test,1.8604886912495535,2.827266408729514,0.4535731466053699,50.08574375265992,48.19311659861253
31124,14th & Irving St NW,incoming_trips,LightGBM,val,1.6274923294996253,2.474286377742092,0.4835210969122288,49.852246338646914,47.96411358296493
31124,14th & Irving St NW,incoming_trips,Linear Regression,test,1.7965826409795946,2.523648886785236,0.56463207405409,52.04723180808213,46.53772801898702
31124,14th & Irving St NW,incoming_trips,Linear Regression,val,1.6209343629955713,2.2924670348999614,0.5566376026269406,51.56292124435079,47.77084259509464
31124,14th & Irving St NW,incoming_trips,Naive (same hour last week),test,2.263728736157096,3.3252022455395545,0.2441516007374166,77.93757895992417,58.63843378482285
31124,14th & Irving St NW,incoming_trips,Naive (same hour last week),val,2.120118410565866,3.11513843057554,0.1813328591071319,78.50254040161718,62.48238373263539
31124,14th & Irving St NW,incoming_trips,Poisson,test,2.2447460323520514,3.722469920953615,0.0527579658229783,62.4504728870295,58.14671584956413
31124,14th & Irving St NW,incoming_trips,Poisson,val,1.830978630551412,2.7863854514579773,0.3450094323793261,56.63433681857608,53.9610942625765
31124,14th & Irving St NW,incoming_trips,Polynomial Regression,test,1.8814830913115403,2.765182193310438,0.4773077383537819,63.00187450492111,48.7369444514041
31124,14th & Irving St NW,incoming_trips,Polynomial Regression,val,1.6502606499452683,2.361464724792829,0.5295477140052968,58.64086273635765,48.63512277185857
31124,14th & Irving St NW,incoming_trips,Random Forest,test,1.8082264614526304,2.6392942547520075,0.523816665126315,52.1570464572242,46.839343395823
31124,14th & Irving St NW,incoming_trips,Random Forest,val,1.5872936948506735,2.3289880816627138,0.5423987624810737,51.2607437011418,46.779412528935865
31124,14th & Irving St NW,incoming_trips,Soft Two-Stage,test,1.925569491855856,2.8993774804702053,0.4253438085171794,50.19070144603756,49.87893529060579
31124,14th & Irving St NW,incoming_trips,Soft Two-Stage,val,1.6655575934380062,2.5128272511162173,0.4673058534554729,49.5551522870668,49.0859416923898
31124,14th & Irving St NW,incoming_trips,XGBoost,test,2.008434127265084,2.9705137822221848,0.3967994750143516,48.26823928247301,52.02541704830801
31124,14th & Irving St NW,incoming_trips,XGBoost,val,1.706501938929268,2.551268843045918,0.4508827223296124,47.64790944710772,50.29261972221918
31124,14th & Irving St NW,outgoing_trips,GAM,test,1.8801286062253957,2.790121662546596,0.5711090278358761,56.15493183739291,44.29513815140201
31124,14th & Irving St NW,outgoing_trips,GAM,val,1.7419189005431412,2.599688768834052,0.5686545255426904,58.03070932465096,45.58918234592929
31124,14th & Irving St NW,outgoing_trips,HistGradientBoosting,test,1.7257437253082502,2.6004352231853467,0.6274430215025601,54.93049541049017,40.65788716438475
31124,14th & Irving St NW,outgoing_trips,HistGradientBoosting,val,1.6162946499930446,2.456339298500241,0.6149126583646654,56.02109982183215,42.30136747486192
31124,14th & Irving St NW,outgoing_trips,LightGBM,test,1.7180100256753623,2.584171828120515,0.6320884703344566,54.76273181315635,40.47568404672252
31124,14th & Irving St NW,outgoing_trips,LightGBM,val,1.6122515773020791,2.4478840257980368,0.6175592100975245,55.90523598418523,42.19555291708382
31124,14th & Irving St NW,outgoing_trips,Linear Regression,test,1.7592955103902543,2.590199987842805,0.6303699961738939,55.7496739962669,41.44835487521716
31124,14th & Irving St NW,outgoing_trips,Linear Regression,val,1.6791811021883765,2.49863200467442,0.6015378013215283,57.92686650110112,43.94722018093659
31124,14th & Irving St NW,outgoing_trips,Naive (same hour last week),test,2.4953761844959472,3.733363981955212,0.2321059733212807,80.57778850821859,58.79014470923665
31124,14th & Irving St NW,outgoing_trips,Naive (same hour last week),val,2.3573949675509507,3.5766679741217318,0.1835308456492904,82.23237843146511,61.69730921660359
31124,14th & Irving St NW,outgoing_trips,Poisson,test,2.7502638269700426,4.724724213248622,-0.2298539761970603,73.9947347497394,64.79520377758514
31124,14th & Irving St NW,outgoing_trips,Poisson,val,2.2184811082811486,3.5072570127272447,0.2149131293002122,67.51856490464883,58.06168114077692
31124,14th & Irving St NW,outgoing_trips,Polynomial Regression,test,2.1311672301678035,3.17674762892007,0.4440111890475636,65.9198288269714,50.209515759427056
31124,14th & Irving St NW,outgoing_trips,Polynomial Regression,val,1.855531696007356,2.689783559230005,0.5382390536611683,62.24480267683051,48.56263561498439
31124,14th & Irving St NW,outgoing_trips,Random Forest,test,1.9012313217324244,2.750626858118488,0.5831651885745064,61.7395977814044,44.79231036380199
31124,14th & Irving St NW,outgoing_trips,Random Forest,val,1.740271291298858,2.5240469287978997,0.5933906315747071,61.331908470823016,45.546061418629485
31124,14th & Irving St NW,outgoing_trips,Soft Two-Stage,test,1.74210758542004,2.6011875884839464,0.6272274118320591,53.660542902270855,41.04341368737999
31124,14th & Irving St NW,outgoing_trips,Soft Two-Stage,val,1.6298366037731185,2.445828594160957,0.6182011938382681,54.61878960965368,42.65578500831163
31124,14th & Irving St NW,outgoing_trips,XGBoost,test,1.8371355876872888,2.703312079590891,0.5973821801356135,51.18256653970264,43.2822384543358
31124,14th & Irving St NW,outgoing_trips,XGBoost,val,1.686565902444507,2.518216135018545,0.5952670760225678,52.75394177957836,44.14049382034656
31125,15th & W St NW,incoming_trips,GAM,test,1.6593456856056676,2.430004811276569,0.6582153113717127,55.79494489103132,46.48120777837488
31125,15th & W St NW,incoming_trips,GAM,val,1.566682694528458,2.32274308653187,0.6841037285246816,53.36216499573603,44.548608216923874
31125,15th & W St NW,incoming_trips,HistGradientBoosting,test,1.5804692439015418,2.4703150574001573,0.6467818371846581,51.10642013085042,44.27173912607888
31125,15th & W St NW,incoming_trips,HistGradientBoosting,val,1.5280094434500373,2.3816753632666674,0.6678706342140004,50.43531463648723,43.44893467308235
31125,15th & W St NW,incoming_trips,LightGBM,test,1.582102045690978,2.470028330687237,0.6468638277023497,51.04361565371056,44.31747679237352
31125,15th & W St NW,incoming_trips,LightGBM,val,1.5297353171060812,2.3849899135401182,0.6669455496924648,50.36361968005729,43.49800987484691
31125,15th & W St NW,incoming_trips,Linear Regression,test,1.6142350212908974,2.415815538121131,0.662195153041838,52.87822294060336,45.217578277165785
31125,15th & W St NW,incoming_trips,Linear Regression,val,1.5644567265874896,2.3350154747939285,0.6807567863650636,52.34148715725162,44.48531283870086
31125,15th & W St NW,incoming_trips,Naive (same hour last week),test,2.1633748144765383,3.304416568002907,0.3679842251632891,79.76217168049979,60.59995522722185
31125,15th & W St NW,incoming_trips,Naive (same hour last week),val,2.101787544119321,3.2317239396330004,0.3884800096805509,78.61429997421149,59.764309764309765
31125,15th & W St NW,incoming_trips,Poisson,test,1.8377743808654263,2.913829814825084,0.5085643006366617,53.66997753880788,51.47931114522457
31125,15th & W St NW,incoming_trips,Poisson,val,1.80776240525208,2.880185980387679,0.5142831029529746,53.14190656021186,51.40370760596032
31125,15th & W St NW,incoming_trips,Polynomial Regression,test,1.639908362746794,2.4774282001569983,0.6447447621951539,55.92948835193806,45.93673398349537
31125,15th & W St NW,incoming_trips,Polynomial Regression,val,1.5472681777294486,2.337374053689348,0.680111531039215,53.81671684712116,43.99655660773681
31125,15th & W St NW,incoming_trips,Random Forest,test,1.6742236579889929,2.4846487631711267,0.6426709334271574,59.0066024994246,46.89796610165208
31125,15th & W St NW,incoming_trips,Random Forest,val,1.6254862876420482,2.4152004755309764,0.6584545384657661,58.01007286963822,46.22068785405371
31125,15th & W St NW,incoming_trips,Soft Two-Stage,test,1.6029770749350447,2.474593307490463,0.6455573260110175,49.38537429584508,44.90222328618139
31125,15th & W St NW,incoming_trips,Soft Two-Stage,val,1.5520890196972226,2.393487272141622,0.6645680765961065,48.70608335062086,44.13363720538948
31125,15th & W St NW,incoming_trips,XGBoost,test,1.660174014741679,2.54166447833192,0.6260833751061807,48.58725212588544,46.50441074266004
31125,15th & W St NW,incoming_trips,XGBoost,val,1.5894068602561926,2.436686856279937,0.6523505160128653,47.73051933696526,45.194769663397246
31125,15th & W St NW,outgoing_trips,GAM,test,1.7466604452271566,2.3908696901762845,0.5854200921156681,62.89240743675413,49.38187547123936
31125,15th & W St NW,outgoing_trips,GAM,val,1.6476565538303851,2.309786327698236,0.6392360846902504,58.07619112774508,46.68785492415884
31125,15th & W St NW,outgoing_trips,HistGradientBoosting,test,1.602950750241193,2.4028964951106184,0.5812386744213112,51.40287266910071,45.31889100210649
31125,15th & W St NW,outgoing_trips,HistGradientBoosting,val,1.5492285426716144,2.358192197852669,0.6239566825967027,49.17972566757341,43.89880723411018
31125,15th & W St NW,outgoing_trips,LightGBM,test,1.6031291523445936,2.395209170195133,0.5839137834269681,51.34006710107472,45.32393481613342
31125,15th & W St NW,outgoing_trips,LightGBM,val,1.5445307941630582,2.342204237902904,0.6290383591502978,48.61632231889031,43.76569223491463
31125,15th & W St NW,outgoing_trips,Linear Regression,test,1.6116358298624869,2.318891468342432,0.6100065765991917,54.33574574134534,45.56443702193448
31125,15th & W St NW,outgoing_trips,Linear Regression,val,1.5890019800620334,2.294597779732036,0.6439650625668779,53.38670082309884,45.02582394787985
31125,15th & W St NW,outgoing_trips,Naive (same hour last week),test,2.2202306199337825,3.275474951376603,0.2218828218260015,82.3383831784651,62.770730447693744
31125,15th & W St NW,outgoing_trips,Naive (same hour last week),val,2.18797677331208,3.2735366737747964,0.2753740204413123,81.12534332621078,61.99832236417602
31125,15th & W St NW,outgoing_trips,Poisson,test,1.8844404052319068,2.9305728672007048,0.3771241587844374,57.47499325689556,53.27721348383291
31125,15th & W St NW,outgoing_trips,Poisson,val,1.884035055683272,3.005338358529445,0.3892461293450254,56.48676951185335,53.38585589774867
31125,15th & W St NW,outgoing_trips,Polynomial Regression,test,1.6557034229625722,2.451623988627495,0.5640826423947967,58.29199267683488,46.81032336505978
31125,15th & W St NW,outgoing_trips,Polynomial Regression,val,1.5548786510835304,2.271407324963856,0.6511252622984156,53.50145925104069,44.05890822192105
31125,15th & W St NW,outgoing_trips,Random Forest,test,1.617223440214583,2.321820349123766,0.6090207904032835,57.808186988337184,45.72241087388894
31125,15th & W St NW,outgoing_trips,Random Forest,val,1.5681374905874943,2.2621532796897457,0.6539622047407625,54.99902716684818,44.43460956197562
31125,15th & W St NW,outgoing_trips,Soft Two-Stage,test,1.6139205223705062,2.397536073833068,0.583104949831881,51.03367959790683,45.62903022963514
31125,15th & W St NW,outgoing_trips,Soft Two-Stage,val,1.5585825399067472,2.345094318103069,0.6281223243132559,48.29360932588687,44.16386129823513
31125,15th & W St NW,outgoing_trips,XGBoost,test,1.6214548056905642,2.3931410350278832,0.5846320096597204,49.15839160584984,45.84204074446807
31125,15th & W St NW,outgoing_trips,XGBoost,val,1.5519509773826987,2.3355257292584866,0.6311508465100045,46.52742873173874,43.97594991080218
31128,23rd & M St NW,incoming_trips,GAM,test,1.6740272240197638,2.211506891861708,0.3909884652223007,74.28320503387212,61.156174738026
31128,23rd & M St NW,incoming_trips,GAM,val,1.550196459989957,2.123913404588224,0.4831475870997399,63.85132915371094,53.86894365219304
31128,23rd & M St NW,incoming_trips,HistGradientBoosting,test,1.2905632754637195,1.9177710431404145,0.5420242972647666,54.783238832135375,47.14732953698165
31128,23rd & M St NW,incoming_trips,HistGradientBoosting,val,1.3602994275041986,2.027747797679149,0.5288916377298599,54.98655608374855,47.270068731036105
31128,23rd & M St NW,incoming_trips,LightGBM,test,1.2912047303062428,1.9142836907083924,0.5436883859475192,54.80160236857217,47.17076339986812
31128,23rd & M St NW,incoming_trips,LightGBM,val,1.3587570709007877,2.021259293276842,0.5319017734495448,54.80533300159216,47.2164722204614
31128,23rd & M St NW,incoming_trips,Linear Regression,test,1.3522487251630952,1.9251193560175304,0.5385079272996078,55.96756634390053,49.400844943708506
31128,23rd & M St NW,incoming_trips,Linear Regression,val,1.417298687689625,2.0181655570103723,0.5333336176264184,56.37977033127155,49.25077892770713
31128,23rd & M St NW,incoming_trips,Naive (same hour last week),test,1.84461696540701,2.724579967125201,0.0756253173790522,81.36647427775729,67.38822155488822
31128,23rd & M St NW,incoming_trips,Naive (same hour last week),val,1.954229762040305,2.878028282513009,0.050963203878695,83.58092024945168,67.90900098911969
31128,23rd & M St NW,incoming_trips,Poisson,test,1.4536208413885068,2.00710471027083,0.4983636671381994,54.86789793861034,53.10420816534005
31128,23rd & M St NW,incoming_trips,Poisson,val,1.520766254771791,2.125274204316084,0.4824850761562175,55.458458156061205,52.8462512983606
31128,23rd & M St NW,incoming_trips,Polynomial Regression,test,1.43514550574873,2.277872964823426,0.3538878255289058,62.8091368699012,52.42926044733536
31128,23rd & M St NW,incoming_trips,Polynomial Regression,val,1.4706210145704055,2.142424380487181,0.4740990683795477,60.39133556002706,51.10371660127348
31128,23rd & M St NW,incoming_trips,Random Forest,test,1.3703619125047886,1.938851598729303,0.5319006239229345,60.72020571516927,50.062562527650336
31128,23rd & M St NW,incoming_trips,Random Forest,val,1.418508190386886,2.022046245456044,0.5315372060424745,58.76371737485856,49.29280884735122
31128,23rd & M St NW,incoming_trips,Soft Two-Stage,test,1.3119974270891397,1.9195026340951111,0.5411968944250458,53.5022584258619,47.93036980261
31128,23rd & M St NW,incoming_trips,Soft Two-Stage,val,1.3777094639639318,2.0236803078815253,0.5307797488288459,53.503930715179095,47.8750631928594
31128,23rd & M St NW,incoming_trips,XGBoost,test,1.311139841538103,1.9188217065051465,0.5415223498577968,53.07643698048376,47.899040173641325
31128,23rd & M St NW,incoming_trips,XGBoost,val,1.3769332850602418,2.025245022169669,0.530053863945436,52.79327546626354,47.84809116788963
31128,23rd & M St NW,outgoing_trips,GAM,test,1.2849047261742874,1.8069519004286283,0.5568311063275475,55.21344683134208,50.40297593515422
31128,23rd & M St NW,outgoing_trips,GAM,val,1.3098206272429125,1.868535359381744,0.5339844697098459,54.54713986888977,49.65536329883676
31128,23rd & M St NW,outgoing_trips,HistGradientBoosting,test,1.215007647108152,1.8499812577710748,0.5354732349285661,52.12078618211597,47.66112222231315
31128,23rd & M St NW,outgoing_trips,HistGradientBoosting,val,1.270365470890967,1.9290221788093669,0.5033251255781617,52.67708357017145,48.15961641417198
31128,23rd & M St NW,outgoing_trips,LightGBM,test,1.2162974358646212,1.852407291624715,0.5342540911239795,52.377524747421454,47.711716784174016
31128,23rd & M St NW,outgoing_trips,LightGBM,val,1.2705673647183515,1.9315145205301187,0.5020408653845922,52.81638650632138,48.16727021892818
31128,23rd & M St NW,outgoing_trips,Linear Regression,test,1.243491045605534,1.8072517588957624,0.5566840089185987,53.37716495312696,48.778440899542616
31128,23rd & M St NW,outgoing_trips,Linear Regression,val,1.290905616460685,1.8740749023827403,0.531217233124889,54.0429250092175,48.93829432568282
31128,23rd & M St NW,outgoing_trips,Naive (same hour last week),test,1.6971115424135177,2.5573231738041478,0.112338644322378,80.89680816369422,66.5726185677818
31128,23rd & M St NW,outgoing_trips,Naive (same hour last week),val,1.7891381077080724,2.678831035493932,0.0421700948898767,81.08657781381027,67.82631215469614
31128,23rd & M St NW,outgoing_trips,Poisson,test,1.3373119911501123,1.8947666429779333,0.5127099473501986,51.54516649123993,52.45875646237553
31128,23rd & M St NW,outgoing_trips,Poisson,val,1.393308365744934,1.9855195193556752,0.4738057832510528,52.91931209982308,52.82038750145786
31128,23rd & M St NW,outgoing_trips,Polynomial Regression,test,1.329637692058481,2.180539095886711,0.3546373302373802,59.93983790675108,52.157716622957736
31128,23rd & M St NW,outgoing_trips,Polynomial Regression,val,1.3601352950027492,2.0437740120725154,0.4424760945164298,58.26167484722989,51.56279478595109
31128,23rd & M St NW,outgoing_trips,Random Forest,test,1.258888022868559,1.829861595290723,0.5455223090265982,54.02224899258139,49.38241834522688
31128,23rd & M St NW,outgoing_trips,Random Forest,val,1.2991307182556415,1.890264881598224,0.5230826957743377,53.9623749824947,49.25010833235196
31128,23rd & M St NW,outgoing_trips,Soft Two-Stage,test,1.2282528059991156,1.8407211478833587,0.5401119879834022,50.792014511142135,48.18069025816765
31128,23rd & M St NW,outgoing_trips,Soft Two-Stage,val,1.2826373152259956,1.9133990914363004,0.5113376540927916,51.52926704941954,48.62484262616505
31128,23rd & M St NW,outgoing_trips,XGBoost,test,1.2503254633015042,1.861657051405119,0.529591192619756,50.05335311224572,49.0465346995292
31128,23rd & M St NW,outgoing_trips,XGBoost,val,1.2942563632186608,1.937135084280574,0.4991386006616931,50.25510535597037,49.0653212972613
31201,15th & P St NW,incoming_trips,GAM,test,2.097736897788773,2.9012401716939973,0.7112618491576794,61.65959838775416,40.917665043384616
31201,15th & P St NW,incoming_trips,GAM,val,1.9027021717815469,2.6810690864584403,0.7441865523892408,56.521684922015815,38.343046014035714
31201,15th & P St NW,incoming_trips,HistGradientBoosting,test,1.8552872024759663,2.7904847268445123,0.732886335140251,50.454406126276815,36.18853269454847
31201,15th & P St NW,incoming_trips,HistGradientBoosting,val,1.7419857413722672,2.606976196994256,0.7581302853738323,49.05947533292308,35.104306090475
31201,15th & P St NW,incoming_trips,LightGBM,test,1.8646025465079767,2.803378575016933,0.7304121556210463,50.4526934056049,36.3702342831831
31201,15th & P St NW,incoming_trips,LightGBM,val,1.7454466659724464,2.619709601608591,0.7557617586282582,48.83974171087213,35.17405026439977
31201,15th & P St NW,incoming_trips,Linear Regression,test,1.939834945129551,2.8452087338809178,0.722306910261421,52.46277243655657,37.83768908671581
31201,15th & P St NW,incoming_trips,Linear Regression,val,1.829986045477084,2.6823329451573765,0.7439453141029795,51.6720015107639,36.877678591742914
31201,15th & P St NW,incoming_trips,Naive (same hour last week),test,2.624614682041329,3.952437282859788,0.4641209473897991,73.34709512916363,51.19474446052779
31201,15th & P St NW,incoming_trips,Naive (same hour last week),val,2.5083684390299443,3.768899016298876,0.49448230425119,71.98194659158197,50.54836637298092
31201,15th & P St NW,incoming_trips,Poisson,test,2.18445519047648,3.240292326361649,0.6398319446967701,51.55536125862225,42.6091593661808
31201,15th & P St NW,incoming_trips,Poisson,val,2.051592551096638,3.0334334551304925,0.6725263918968579,49.65094170289034,41.34346864969202
31201,15th & P St NW,incoming_trips,Polynomial Regression,test,2.0375460242448376,3.45645622491708,0.5901745462556001,56.342699156327,39.743604557088375
31201,15th & P St NW,incoming_trips,Polynomial Regression,val,1.7852158208701443,2.775690443567842,0.7258113831079449,51.189596292263154,35.97547392323439
31201,15th & P St NW,incoming_trips,Random Forest,test,1.900782333868548,2.7857547787238115,0.733791097662351,54.32077409519884,37.07594357500192
31201,15th & P St NW,incoming_trips,Random Forest,val,1.7793891642171338,2.595402925576138,0.7602730057375167,51.80648911164835,35.858055775787186
31201,15th & P St NW,incoming_trips,Soft Two-Stage,test,1.8752455263159624,2.799977059923948,0.7310659744085432,49.71580493254062,36.57783223472112
31201,15th & P St NW,incoming_trips,Soft Two-Stage,val,1.759737715848276,2.617877734107657,0.7561032130147204,48.15894151223961,35.46204193808601
31201,15th & P St NW,incoming_trips,XGBoost,test,1.906017267907087,2.8325741365489105,0.7247677140794964,49.08764863307463,37.17805422469252
31201,15th & P St NW,incoming_trips,XGBoost,val,1.7711638709796578,2.6328225843768958,0.7533105652580943,47.70647454497955,35.692300566295735
31201,15th & P St NW,outgoing_trips,GAM,test,1.9213623411992784,2.7130987974638647,0.7059947399579181,52.15147202937666,37.8550346324864
31201,15th & P St NW,outgoing_trips,GAM,val,1.8070192036974664,2.545687654722144,0.7396019375423913,52.3402415030081,36.43658952678004
31201,15th & P St NW,outgoing_trips,HistGradientBoosting,test,1.8605783487368224,2.7620123011868034,0.6952981439961603,48.56035905688942,36.65745722065328
31201,15th & P St NW,outgoing_trips,HistGradientBoosting,val,1.7606710282779157,2.608535019844381,0.7265859307282093,48.59298174279726,35.50202865458684
31201,15th & P St NW,outgoing_trips,LightGBM,test,1.8577602776690012,2.7573834733351146,0.696318581587345,48.40631197249023,36.60193506557523
31201,15th & P St NW,outgoing_trips,LightGBM,val,1.7579287053699355,2.602054870896354,0.7279426793729914,48.40856487135627,35.44673267657869
31201,15th & P St NW,outgoing_trips,Linear Regression,test,1.9273722898714047,2.7419652934305296,0.6997052155152197,50.751356591851135,37.9734437478544
31201,15th & P St NW,outgoing_trips,Linear Regression,val,1.8330414755026383,2.5977993190371165,0.728831828422392,51.39231823321745,36.96130051733246
31201,15th & P St NW,outgoing_trips,Naive (same hour last week),test,2.724626098869734,4.007399822755687,0.3585700535809994,75.70286095672583,53.6810850934611
31201,15th & P St NW,outgoing_trips,Naive (same hour last week),val,2.5621086189229194,3.7534605839757273,0.4339025029207031,74.40663477446589,51.66215161394003
31201,15th & P St NW,outgoing_trips,Poisson,test,2.275468952375789,3.3710831300859816,0.5460972570828648,53.31781831530944,44.83170828859242
31201,15th & P St NW,outgoing_trips,Poisson,val,2.165298916216863,3.2144858297168475,0.5848064991289913,52.57504710354386,43.66091276259863
31201,15th & P St NW,outgoing_trips,Polynomial Regression,test,1.9581543774054204,2.910861236198877,0.661571531987423,52.4006984908047,38.57991810444717
31201,15th & P St NW,outgoing_trips,Polynomial Regression,val,1.7710366865823235,2.5776613805592765,0.7330196824972329,50.590511941690295,35.71104095287329
31201,15th & P St NW,outgoing_trips,Random Forest,test,1.9250384346655056,2.797272388722739,0.6874687854232311,52.003815308142535,37.92746170284806
31201,15th & P St NW,outgoing_trips,Random Forest,val,1.8005352297527113,2.6018311284637123,0.7279894640510348,51.40591237583323,36.30584719894868
31201,15th & P St NW,outgoing_trips,Soft Two-Stage,test,1.8792492660849256,2.770014525633233,0.6935299948791652,47.972979372480026,37.02531507217731
31201,15th & P St NW,outgoing_trips,Soft Two-Stage,val,1.7672713145320431,2.600130938498145,0.7283448433654227,47.64791562289099,35.635116294446334
31201,15th & P St NW,outgoing_trips,XGBoost,test,1.91422678911761,2.8040351249288498,0.685955796508219,46.26135759443629,37.71444867148288
31201,15th & P St NW,outgoing_trips,XGBoost,val,1.7856107242472474,2.62976035518865,0.7221183535923501,46.07938837929363,36.00491067327144
31202,14th & R St NW,incoming_trips,GAM,test,1.870258941941781,2.724832182610905,0.6692747710562694,59.5063270821227,45.68336560547717
31202,14th & R St NW,incoming_trips,GAM,val,1.6546213575554147,2.42249078013464,0.6972077479887695,56.38934419512112,44.19334443318699
31202,14th & R St NW,incoming_trips,HistGradientBoosting,test,1.7120183599374714,2.7138759331228948,0.6719290433305312,49.6735797137142,41.81814555534821
31202,14th & R St NW,incoming_trips,HistGradientBoosting,val,1.543405641059431,2.420144229007771,0.6977940646705936,50.38997211426823,41.22287965401101
31202,14th & R St NW,incoming_trips,LightGBM,test,1.7120563502529411,2.7200026234074763,0.670446103055858,49.51646897910643,41.81907351533928
31202,14th & R St NW,incoming_trips,LightGBM,val,1.5425150469919526,2.419453966461332,0.6979664276957322,50.30467220747978,41.199092743371615
31202,14th & R St NW,incoming_trips,Linear Regression,test,1.7355731397942276,2.6093721099141085,0.6967087800599359,54.84411341586702,42.393499906460406
31202,14th & R St NW,incoming_trips,Linear Regression,val,1.6135423119293244,2.418362172497512,0.6982389553262556,55.00226524470977,43.09616264954159
31202,14th & R St NW,incoming_trips,Naive (same hour last week),test,2.2874757392396394,3.587982122245857,0.4265595208316145,76.5705159768308,55.87439694358459
31202,14th & R St NW,incoming_trips,Naive (same hour last week),val,2.164750085392235,3.3758962359128706,0.4119710998285677,77.87261342673953,57.81839192312371
31202,14th & R St NW,incoming_trips,Poisson,test,2.2279935084905715,3.8879726711142992,0.3266603129047091,57.66694661933002,54.42147059557968
31202,14th & R St NW,incoming_trips,Poisson,val,1.8821239905141944,2.995464145425038,0.5370343775705795,54.04853057052362,50.26972086329573
31202,14th & R St NW,incoming_trips,Polynomial Regression,test,1.9052482080972657,3.4612723504639056,0.4663465124969794,59.25472751311912,46.5380212909561
31202,14th & R St NW,incoming_trips,Polynomial Regression,val,1.6239907914034066,2.664492903312971,0.6336892802167537,55.670450995011386,43.375231483080285
31202,14th & R St NW,incoming_trips,Random Forest,test,1.7238792731401358,2.620097480634717,0.6942104042858808,51.51935502151736,42.10786288918946
31202,14th & R St NW,incoming_trips,Random Forest,val,1.569380463221575,2.344808700184897,0.7163156837595729,53.11198366330614,41.916642161765886
31202,14th & R St NW,incoming_trips,Soft Two-Stage,test,1.7442469565868235,2.7417213006681287,0.665162247688665,48.47966429429525,42.60536850649485
31202,14th & R St NW,incoming_trips,Soft Two-Stage,val,1.5617197995635697,2.4149752959463875,0.6990835862517264,49.04401000132434,41.71203320632171
31202,14th & R St NW,incoming_trips,XGBoost,test,1.7809996638102186,2.7710080789443734,0.6579706385038293,47.40444230508047,43.50309840016092
31202,14th & R St NW,incoming_trips,XGBoost,val,1.57938940151223,2.436729826073154,0.6936377497667725,48.02544235586538,42.1839712732086
31202,14th & R St NW,outgoing_trips,GAM,test,2.0251252217714963,2.7574281599865165,0.5683520585423836,66.13567755339439,49.75058006814533
31202,14th & R St NW,outgoing_trips,GAM,val,1.7743505183578403,2.4404804887507985,0.606879416801275,60.0798914047278,47.04072143058019
31202,14th & R St NW,outgoing_trips,HistGradientBoosting,test,1.7522307513499924,2.6825834956646477,0.5914664219093406,49.92312795515523,43.04647206785938
31202,14th & R St NW,outgoing_trips,HistGradientBoosting,val,1.6107962903657114,2.449778386111591,0.6038782391672515,50.29229293629005,42.70465096526319
31202,14th & R St NW,outgoing_trips,LightGBM,test,1.7400838536050596,2.662224256211809,0.5976439524347107,50.01420561279792,42.74806325721299
31202,14th & R St NW,outgoing_trips,LightGBM,val,1.6044945178621688,2.4385770799860547,0.6074923922932622,50.514073855673146,42.5375814252873
31202,14th & R St NW,outgoing_trips,Linear Regression,test,1.7667265715217289,2.508314542815286,0.6428215457865037,52.55238529671345,43.40258607718299
31202,14th & R St NW,outgoing_trips,Linear Regression,val,1.6931162425974904,2.3931196213531027,0.6219894517623041,54.25258731668065,44.887077662271
31202,14th & R St NW,outgoing_trips,Naive (same hour last week),test,2.391254709441717,3.5583791084157905,0.2811708294769225,77.85786357366312,58.7451618331744
31202,14th & R St NW,outgoing_trips,Naive (same hour last week),val,2.3143572811112376,3.435603316285896,0.2209216600547351,82.11950138782626,61.35711914033023
31202,14th & R St NW,outgoing_trips,Poisson,test,2.454810688712512,4.152022618953052,0.0213200690728462,64.87143032479226,60.30652050943202
31202,14th & R St NW,outgoing_trips,Poisson,val,2.08846349034061,3.1568931453492923,0.3421984872762856,60.02990683195959,55.36833238450172
31202,14th & R St NW,outgoing_trips,Polynomial Regression,test,1.8529657357158007,2.8728726622981307,0.5314520797612312,57.08064113060717,45.52119503880265
31202,14th & R St NW,outgoing_trips,Polynomial Regression,val,1.6554050977376016,2.4554714834303804,0.6020349866048555,55.85930490210652,43.8872980573798
31202,14th & R St NW,outgoing_trips,Random Forest,test,1.7760645733490144,2.5867969266719677,0.62012043349239,54.36795955886631,43.63198967286704
31202,14th & R St NW,outgoing_trips,Random Forest,val,1.6268075561975852,2.36834104965682,0.6297768354654745,53.36043847330291,43.12913388898968
31202,14th & R St NW,outgoing_trips,Soft Two-Stage,test,1.7593894794906462,2.66457148038966,0.5969341428251131,49.01246280967737,43.22233816923367
31202,14th & R St NW,outgoing_trips,Soft Two-Stage,val,1.6207193433832086,2.4357256765704847,0.6084097659611092,49.28493065639975,42.96772614004262
31202,14th & R St NW,outgoing_trips,XGBoost,test,1.8008773105606866,2.705859093008101,0.5843463339851214,47.99110457129393,44.24155596342922
31202,14th & R St NW,outgoing_trips,XGBoost,val,1.6426887563773975,2.4663412186180222,0.5985038123443668,48.48230264015031,43.55016857515373
31203,14th St & Rhode Island Ave NW,incoming_trips,GAM,test,1.589140710064321,2.4575231804706785,0.6585521680587723,54.89493413632128,46.14076135994095
31203,14th St & Rhode Island Ave NW,incoming_trips,GAM,val,1.5262971904975402,2.306002179141544,0.6541002892674979,56.86396288306522,46.74152100467188
31203,14th St & Rhode Island Ave NW,incoming_trips,HistGradientBoosting,test,1.538397232289754,2.4716382228043576,0.6546186211133103,51.65136703344781,44.667422539947474
31203,14th St & Rhode Island Ave NW,incoming_trips,HistGradientBoosting,val,1.4606407921987912,2.314431336465218,0.6515669249030619,52.48196476592748,44.7308510386401
31203,14th St & Rhode Island Ave NW,incoming_trips,LightGBM,test,1.5352647689407934,2.460548616980521,0.6577109433478494,51.42353180751219,44.57647134667819
31203,14th St & Rhode Island Ave NW,incoming_trips,LightGBM,val,1.463144068826662,2.308288062905963,0.6534141854691737,52.34018308724535,44.80751170329349
31203,14th St & Rhode Island Ave NW,incoming_trips,Linear Regression,test,1.6016891423011357,2.451583628707361,0.6602006540708343,55.79995529989221,46.505105570377054
31203,14th St & Rhode Island Ave NW,incoming_trips,Linear Regression,val,1.5151918752263298,2.2960875759707533,0.6570682707908352,56.780969925869606,46.40143040485653
31203,14th St & Rhode Island Ave NW,incoming_trips,Naive (same hour last week),test,2.1657723484416027,3.443143130313308,0.3297462282185547,83.40930901594291,62.88328305764577
31203,14th St & Rhode Island Ave NW,incoming_trips,Naive (same hour last week),val,2.016053740179893,3.164023397889665,0.3488063679645792,79.36706301376807,61.739888423988845
31203,14th St & Rhode Island Ave NW,incoming_trips,Poisson,test,1.7605451493112143,2.656427847966828,0.6010438517534347,52.55020282304472,51.11749581601395
31203,14th St & Rhode Island Ave NW,incoming_trips,Poisson,val,1.6769035292137997,2.4921300664129897,0.5960085427586599,53.41249011195165,51.35370884618132
31203,14th St & Rhode Island Ave NW,incoming_trips,Polynomial Regression,test,1.720700551431702,3.010256580028263,0.4876860964353873,61.52448731695252,49.96060639105737
31203,14th St & Rhode Island Ave NW,incoming_trips,Polynomial Regression,val,1.54393134732884,2.4386707807692267,0.6131548809402413,57.32585183647628,47.28155168615482
31203,14th St & Rhode Island Ave NW,incoming_trips,Random Forest,test,1.5837483547333142,2.4073356037943223,0.6723558701493058,55.65815309854777,45.98419411644877
31203,14th St & Rhode Island Ave NW,incoming_trips,Random Forest,val,1.5130544084084114,2.2681912121255183,0.6653505627231656,56.321846969682746,46.33597234676108
31203,14th St & Rhode Island Ave NW,incoming_trips,Soft Two-Stage,test,1.5691215087388417,2.494749691322444,0.6481293294577737,50.680494390690725,45.55950308298311
31203,14th St & Rhode Island Ave NW,incoming_trips,Soft Two-Stage,val,1.4886753561843495,2.3312781083079317,0.646475966943819,51.56882125643519,45.5893851233164
31203,14th St & Rhode Island Ave NW,incoming_trips,XGBoost,test,1.5713502947093383,2.488116115866142,0.649998099995018,49.89847190073309,45.62421596896972
31203,14th St & Rhode Island Ave NW,incoming_trips,XGBoost,val,1.4839299666041754,2.3290322241995547,0.6471567879573652,50.71835194337431,45.44406170392075
31203,14th St & Rhode Island Ave NW,outgoing_trips,GAM,test,1.8887428607078367,2.5269994198769936,0.4853546890573297,72.15339176642148,55.15418808781446
31203,14th St & Rhode Island Ave NW,outgoing_trips,GAM,val,1.6617144830360862,2.298623974780071,0.5378935956634654,61.17943269193095,49.89176598812411
31203,14th St & Rhode Island Ave NW,outgoing_trips,HistGradientBoosting,test,1.6085456647692034,2.3941596615054923,0.5380404451470611,53.91843028523146,46.97200025908803
31203,14th St & Rhode Island Ave NW,outgoing_trips,HistGradientBoosting,val,1.5460509665110436,2.3191976011656026,0.5295844930822338,52.858918973271685,46.41905322143539
31203,14th St & Rhode Island Ave NW,outgoing_trips,LightGBM,test,1.6093330407856117,2.397398141279288,0.5367898531178842,53.69731399546404,46.99499284627828
31203,14th St & Rhode Island Ave NW,outgoing_trips,LightGBM,val,1.544902012250981,2.313672384334947,0.5318232428915299,52.74940648382884,46.3845567073475
31203,14th St & Rhode Island Ave NW,outgoing_trips,Linear Regression,test,1.6444014941341996,2.323472010590008,0.5649164874280703,56.1366464289788,48.01904546464896
31203,14th St & Rhode Island Ave NW,outgoing_trips,Linear Regression,val,1.5903018204069028,2.257728876350518,0.5541901102694573,55.34715254014978,47.74765285144713
31203,14th St & Rhode Island Ave NW,outgoing_trips,Naive (same hour last week),test,2.2536819271606348,3.3216295655383896,0.1107986146106757,83.24095365807305,65.81096849474912
31203,14th St & Rhode Island Ave NW,outgoing_trips,Naive (same hour last week),val,2.1755664351588297,3.197687881543762,0.105710224683894,83.97364869610226,65.31979626021263
31203,14th St & Rhode Island Ave NW,outgoing_trips,Poisson,test,1.852389479320931,2.60754294609074,0.4520250879062566,59.59182846381255,54.09261360017348
31203,14th St & Rhode Island Ave NW,outgoing_trips,Poisson,val,1.7622854951770843,2.4766208813752586,0.4635550220963281,56.31924536093186,52.91133731289213
31203,14th St & Rhode Island Ave NW,outgoing_trips,Polynomial Regression,test,1.7346236864021864,2.670421138492576,0.4252787569250259,60.85241190306423,50.65367184262961
31203,14th St & Rhode Island Ave NW,outgoing_trips,Polynomial Regression,val,1.63696211244783,2.7639445469399955,0.3318641513948169,58.62956682678183,49.14859410532011
31203,14th St & Rhode Island Ave NW,outgoing_trips,Random Forest,test,1.672959158383213,2.375262486810493,0.5453041866064727,59.67137251137654,48.85297305643795
31203,14th St & Rhode Island Ave NW,outgoing_trips,Random Forest,val,1.588317511922869,2.2700777606406497,0.5492999655006231,57.029487159977634,47.68807543574525
31203,14th St & Rhode Island Ave NW,outgoing_trips,Soft Two-Stage,test,1.6249675268394326,2.400658677678687,0.5355290357715548,52.98058110630295,47.45154381592462
31203,14th St & Rhode Island Ave NW,outgoing_trips,Soft Two-Stage,val,1.560992294297539,2.3149541049323847,0.5313043811807812,51.87384277419645,46.86765569622016
31203,14th St & Rhode Island Ave NW,outgoing_trips,XGBoost,test,1.6413663684020696,2.4109273495492363,0.5315470448348109,51.49480595603334,47.93041513863553
31203,14th St & Rhode Island Ave NW,outgoing_trips,XGBoost,val,1.5731965878856355,2.3315151852865927,0.524574337875866,50.692664035464986,47.234080714455054
31212,New Hampshire Ave & Ward Pl NW,incoming_trips,GAM,test,1.373242968828138,1.9012920375224245,0.4851821008915059,60.58872895249047,52.568660303158346
31212,New Hampshire Ave & Ward Pl NW,incoming_trips,GAM,val,1.4951589823545208,2.108395369462548,0.5487097661068057,57.71267586464266,49.88596467869532
31212,New Hampshire Ave & Ward Pl NW,incoming_trips,HistGradientBoosting,test,1.2881026762274526,1.904736883968991,0.4833148703972452,55.07570552640257,49.30943289662277
31212,New Hampshire Ave & Ward Pl NW,incoming_trips,HistGradientBoosting,val,1.424808765666558,2.133515793874322,0.5378919306983415,53.12439240509709,47.53873039374479
31212,New Hampshire Ave & Ward Pl NW,incoming_trips,LightGBM,test,1.2866450618021528,1.900435007460196,0.4856461169038528,55.20443918108858,49.25363444047488
31212,New Hampshire Ave & Ward Pl NW,incoming_trips,LightGBM,val,1.4197983868952069,2.1257185827758573,0.5412634267792134,53.10411568011135,47.37155915552576
31212,New Hampshire Ave & Ward Pl NW,incoming_trips,Linear Regression,test,1.3388354279629358,1.91875373832214,0.4756823746814942,58.52715165902118,51.25151660122964
31212,New Hampshire Ave & Ward Pl NW,incoming_trips,Linear Regression,val,1.4737839073320982,2.1081738599225552,0.5488045868812754,57.65724204764568,49.17278551169206
31212,New Hampshire Ave & Ward Pl NW,incoming_trips,Naive (same hour last week),test,1.8265783765270007,2.675274856693,-0.0192783389245301,82.34444494765418,69.92264324111709
31212,New Hampshire Ave & Ward Pl NW,incoming_trips,Naive (same hour last week),val,2.035295457133098,3.029589550251345,0.0682070588156023,84.29608339510874,67.90761282479866
31212,New Hampshire Ave & Ward Pl NW,incoming_trips,Poisson,test,1.4143731517268183,1.9519909358208516,0.4573602893358836,54.32589794006183,54.14315124328133
31212,New Hampshire Ave & Ward Pl NW,incoming_trips,Poisson,val,1.6149465575637123,2.2517988802454867,0.4852326117337298,56.96197666794877,53.882675942417904
31212,New Hampshire Ave & Ward Pl NW,incoming_trips,Polynomial Regression,test,1.4700587197933923,2.7442310437960145,-0.0725000596845899,65.00582808150193,56.27483207320625
31212,New Hampshire Ave & Ward Pl NW,incoming_trips,Polynomial Regression,val,1.5110575681235006,2.2241207991793384,0.4978094098411518,58.43402873728135,50.4164208358483
31212,New Hampshire Ave & Ward Pl NW,incoming_trips,Random Forest,test,1.340870600325342,1.895364328008456,0.4883872200722853,58.85513396068405,51.32942436191457
31212,New Hampshire Ave & Ward Pl NW,incoming_trips,Random Forest,val,1.4638102392398995,2.108805545685009,0.5485341571750522,56.00230228052404,48.84001417430496
31212,New Hampshire Ave & Ward Pl NW,incoming_trips,Soft Two-Stage,test,1.305206512134353,1.8988893387145716,0.4864824490210716,54.48957367718001,49.96417918703202
31212,New Hampshire Ave & Ward Pl NW,incoming_trips,Soft Two-Stage,val,1.4411097492485043,2.136312514058623,0.5366796274836304,52.098035128345664,48.08261254995296
31212,New Hampshire Ave & Ward Pl NW,incoming_trips,XGBoost,test,1.2998553045534549,1.9015411730532483,0.4850471738721224,53.62999837570042,49.75933137792802
31212,New Hampshire Ave & Ward Pl NW,incoming_trips,XGBoost,val,1.444099180482124,2.145328017571898,0.532760837243315,50.70312282953358,48.18235489353629
31212,New Hampshire Ave & Ward Pl NW,outgoing_trips,GAM,test,1.3120351935643064,1.8152561855749572,0.5370678606688161,57.32775162887255,51.81296781077439
31212,New Hampshire Ave & Ward Pl NW,outgoing_trips,GAM,val,1.4299402723338377,2.079389413227355,0.5572154687103459,56.11291839169952,49.54305882409504
31212,New Hampshire Ave & Ward Pl NW,outgoing_trips,HistGradientBoosting,test,1.242456307229964,1.843397036848722,0.5226034760657672,56.65232567139873,49.0652605727108
31212,New Hampshire Ave & Ward Pl NW,outgoing_trips,HistGradientBoosting,val,1.3632423075207332,2.0945281720129008,0.5507447142244954,54.01220809435674,47.23217825228639
31212,New Hampshire Ave & Ward Pl NW,outgoing_trips,LightGBM,test,1.24218371448101,1.844790357416455,0.5218815287440879,56.345855917842734,49.05449574003231
31212,New Hampshire Ave & Ward Pl NW,outgoing_trips,LightGBM,val,1.3653134326918694,2.098702508702684,0.5489522231033432,53.92472921184185,47.30393640762402
31212,New Hampshire Ave & Ward Pl NW,outgoing_trips,Linear Regression,test,1.2877681474754283,1.8291761131015207,0.5299408346645396,56.3640428220747,50.85464925039349
31212,New Hampshire Ave & Ward Pl NW,outgoing_trips,Linear Regression,val,1.431562769943023,2.071246659098463,0.5606765098444486,56.30645635132427,49.59927340595491
31212,New Hampshire Ave & Ward Pl NW,outgoing_trips,Naive (same hour last week),test,1.7708642539102637,2.6279127333193983,0.0297953297464749,82.47510717976189,69.93237150586114
31212,New Hampshire Ave & Ward Pl NW,outgoing_trips,Naive (same hour last week),val,1.9919162017533871,2.989544953277519,0.0847684985149148,83.33272170435828,69.0138067061144
31212,New Hampshire Ave & Ward Pl NW,outgoing_trips,Poisson,test,1.3572644197339636,1.9014950766621688,0.4920372181847937,52.340442814828215,53.59909401465188
31212,New Hampshire Ave & Ward Pl NW,outgoing_trips,Poisson,val,1.567147659223114,2.27485187589258,0.4700595989519227,55.9436180398118,54.29687530949353
31212,New Hampshire Ave & Ward Pl NW,outgoing_trips,Polynomial Regression,test,1.373135656074137,2.1327634554429165,0.360961735865255,61.19462465741595,54.2258575813948
31212,New Hampshire Ave & Ward Pl NW,outgoing_trips,Polynomial Regression,val,1.4679697467868125,2.259482130232848,0.4771963569743607,58.44827092788316,50.86066385021134
31212,New Hampshire Ave & Ward Pl NW,outgoing_trips,Random Forest,test,1.309947300204756,1.845417290968388,0.5215565059646802,60.5005655271676,51.73051579122389
31212,New Hampshire Ave & Ward Pl NW,outgoing_trips,Random Forest,val,1.4142148745671368,2.06682506721445,0.5625501986059205,56.61396904889685,48.99822186715252
31212,New Hampshire Ave & Ward Pl NW,outgoing_trips,Soft Two-Stage,test,1.2576320954790643,1.8350641425265457,0.5269097686462635,54.41587971311659,49.66456052435132
31212,New Hampshire Ave & Ward Pl NW,outgoing_trips,Soft Two-Stage,val,1.3943176940246431,2.1155022828635373,0.5417021921054075,51.81534636308237,48.30884539099976
31212,New Hampshire Ave & Ward Pl NW,outgoing_trips,XGBoost,test,1.262241875804103,1.8459122198605844,0.5212998406964541,54.18307769347869,49.84660320184012
31212,New Hampshire Ave & Ward Pl NW,outgoing_trips,XGBoost,val,1.3912114448295638,2.113222378369861,0.5426894868980106,51.2169126981983,48.20122335281285
31213,17th & K St NW,incoming_trips,GAM,test,1.3284068364391008,2.0857739161747046,0.6579876572505838,57.470769558749154,49.20295788383831
31213,17th & K St NW,incoming_trips,GAM,val,1.2036237828675196,1.8362030489413688,0.6413162723786601,56.98391769546986,50.8486180131093
31213,17th & K St NW,incoming_trips,HistGradientBoosting,test,1.2111108453001114,1.967573608185552,0.6956528127032982,51.96364101127345,44.85842309702164
31213,17th & K St NW,incoming_trips,HistGradientBoosting,val,1.1132182515469349,1.753528512067153,0.6728884116788988,52.84189492474245,47.02932132437099
31213,17th & K St NW,incoming_trips,LightGBM,test,1.2054248108847796,1.9683598264629152,0.6954095373029157,52.05045812959964,44.64781765282385
31213,17th & K St NW,incoming_trips,LightGBM,val,1.1106243393962103,1.751969702848815,0.6734697286229951,53.17078449299613,46.91973820546856
31213,17th & K St NW,incoming_trips,Linear Regression,test,1.3140576774525423,2.0163273508864266,0.6803833481012493,57.30415038394614,48.671478335617465
31213,17th & K St NW,incoming_trips,Linear Regression,val,1.2023474535173049,1.8049740243023733,0.653413071977972,57.09760997219947,50.79469785590423
31213,17th & K St NW,incoming_trips,Naive (same hour last week),test,1.69585569128896,2.737685064312501,0.4107843295119533,82.16326233418923,62.81292286874154
31213,17th & K St NW,incoming_trips,Naive (same hour last week),val,1.5516338380963224,2.481217155856972,0.3450625616358976,78.37595064886905,65.55074555074555
31213,17th & K St NW,incoming_trips,Poisson,test,1.52419227808311,2.459598029627001,0.5244068528162797,56.60287497084007,56.45466916326946
31213,17th & K St NW,incoming_trips,Poisson,val,1.339169151171615,2.0057613073280454,0.572014786774409,53.03171058925103,56.57490454420536
31213,17th & K St NW,incoming_trips,Polynomial Regression,test,1.4063371035936445,2.442205514838745,0.531109179589683,58.738554920644894,52.089422743474
31213,17th & K St NW,incoming_trips,Polynomial Regression,val,1.250211980722938,2.166011240322589,0.5008952785947373,58.96889755323858,52.81679570317252
31213,17th & K St NW,incoming_trips,Random Forest,test,1.2812953100756432,1.972918329080865,0.6939971083542392,56.7426780328076,47.457990616342016
31213,17th & K St NW,incoming_trips,Random Forest,val,1.1712204016125825,1.7637230070984558,0.6690738959451576,56.11919382834132,49.47969594691347
31213,17th & K St NW,incoming_trips,Soft Two-Stage,test,1.227748711389202,1.9591031116388864,0.698267629901097,50.278484548540405,45.47467423485293
31213,17th & K St NW,incoming_trips,Soft Two-Stage,val,1.1307863318873617,1.7403047128094045,0.6778034701021309,50.92645263353761,47.77150722927704
31213,17th & K St NW,incoming_trips,XGBoost,test,1.2508018479994905,1.9877514169761683,0.689378538500578,49.19342999867286,46.32854104629372
31213,17th & K St NW,incoming_trips,XGBoost,val,1.1244102423771456,1.7443590479530906,0.6763004984443689,50.497512068726735,47.50214121596185
31213,17th & K St NW,outgoing_trips,GAM,test,1.3269497585973231,2.08753753848992,0.628239810853986,56.66321280928144,51.10250147535154
31213,17th & K St NW,outgoing_trips,GAM,val,1.185863841749767,1.8714023566577185,0.6163586495129469,54.86192351048499,52.96436370245717
31213,17th & K St NW,outgoing_trips,HistGradientBoosting,test,1.2724672313094274,2.083942959471682,0.6295189934601034,53.67132931890605,49.0043109349247
31213,17th & K St NW,outgoing_trips,HistGradientBoosting,val,1.1104883724842602,1.8517178548829023,0.624386930291174,53.11366737678894,49.597861050237775
31213,17th & K St NW,outgoing_trips,LightGBM,test,1.2661818318753006,2.080851092670315,0.6306175150568389,53.76130855350853,48.76225231004114
31213,17th & K St NW,outgoing_trips,LightGBM,val,1.109040241918465,1.850934054367957,0.6247048441766266,53.18633753500196,49.53318303976546
31213,17th & K St NW,outgoing_trips,Linear Regression,test,1.3180402006861915,2.013407081999151,0.65417413125266,57.5013099562024,50.75938321232128
31213,17th & K St NW,outgoing_trips,Linear Regression,val,1.1781123348617009,1.8372423565230132,0.6302365625201982,56.40304989407517,52.61815732057116
31213,17th & K St NW,outgoing_trips,Naive (same hour last week),test,1.7241694257335312,2.758416114157241,0.3508966428598626,81.63572882323359,66.39992965177629
31213,17th & K St NW,outgoing_trips,Naive (same hour last week),val,1.5433223272230443,2.562861069165256,0.2804827752841099,79.99581656584785,68.92957030256801
31213,17th & K St NW,outgoing_trips,Poisson,test,1.5485091529369288,2.8177134309847296,0.3226892991928441,56.92288967717792,59.63503196700035
31213,17th & K St NW,outgoing_trips,Poisson,val,1.2836571940619337,1.9991710509812,0.5621846583868952,51.71445002085064,57.33211866486633
31213,17th & K St NW,outgoing_trips,Polynomial Regression,test,1.435472788567789,2.452941380376533,0.4867031108122344,62.07044119637423,55.28185963359683
31213,17th & K St NW,outgoing_trips,Polynomial Regression,val,1.2575624312822955,2.1839129054124435,0.4775295935028163,61.41718212755725,56.16664548157845
31213,17th & K St NW,outgoing_trips,Random Forest,test,1.330520936446837,2.077895499913983,0.6316660945121932,56.53548739150097,51.24003201872075
31213,17th & K St NW,outgoing_trips,Random Forest,val,1.1534063453107544,1.8078202355774025,0.6419847274198536,55.07758116997966,51.51471106465474
31213,17th & K St NW,outgoing_trips,Soft Two-Stage,test,1.276254468059854,2.053458643831409,0.6402786503124783,52.222543980151706,49.15016217787663
31213,17th & K St NW,outgoing_trips,Soft Two-Stage,val,1.1281588896865224,1.8367441692639568,0.6304370656899037,51.4097821169335,50.38708125154705
31213,17th & K St NW,outgoing_trips,XGBoost,test,1.29678596074894,2.0687653529966186,0.6348958569220232,52.34880582149418,49.94085574305296
31213,17th & K St NW,outgoing_trips,XGBoost,val,1.1264329830742266,1.8390965169477356,0.6294898491790226,51.55592518199116,50.309996899775896
31214,17th & Corcoran St NW,incoming_trips,GAM,test,1.7395796454126826,2.595817953517641,0.590993208601,55.95898553579053,49.037648410690295
31214,17th & Corcoran St NW,incoming_trips,GAM,val,1.486757978235827,2.2404762852668108,0.6448759320345199,54.65281534340406,45.453010278273744
31214,17th & Corcoran St NW,incoming_trips,HistGradientBoosting,test,1.5347054502492383,2.391118709628541,0.6529561672631063,48.65679479518689,43.26237460972284
31214,17th & Corcoran St NW,incoming_trips,HistGradientBoosting,val,1.4015162451244785,2.172887740573901,0.6659788373404452,50.18399428936368,42.8470088792798
31214,17th & Corcoran St NW,incoming_trips,LightGBM,test,1.5353063042561728,2.3815917932886115,0.6557161063651555,48.308452984877846,43.27931230361682
31214,17th & Corcoran St NW,incoming_trips,LightGBM,val,1.401579192092852,2.166435854643446,0.6679594890923046,49.775612963132254,42.84893328745002
31214,17th & Corcoran St NW,incoming_trips,Linear Regression,test,1.6052305378167802,2.3702267831522965,0.6589941273851228,52.76514513435612,45.250432159942
31214,17th & Corcoran St NW,incoming_trips,Linear Regression,val,1.4655160064696118,2.18560486953439,0.6620575849773191,55.044083816365855,44.80360292673814
31214,17th & Corcoran St NW,incoming_trips,Naive (same hour last week),test,2.1183925105605663,3.253126048907232,0.3576320887327602,76.59467204487906,59.71614315139032
31214,17th & Corcoran St NW,incoming_trips,Naive (same hour last week),val,1.965843106000228,3.020895765535861,0.3543890540952417,78.5386612265122,60.09955097636534
31214,17th & Corcoran St NW,incoming_trips,Poisson,test,1.853578796530336,2.8907367966719577,0.4927767445582417,53.87595107505366,52.2512122773211
31214,17th & Corcoran St NW,incoming_trips,Poisson,val,1.6611083163033735,2.5255271592718933,0.5487642599344023,53.598183417592224,50.78323068012297
31214,17th & Corcoran St NW,incoming_trips,Polynomial Regression,test,1.6751630536440094,2.804466262559325,0.5225999112360105,54.57717312008056,47.22178548811753
31214,17th & Corcoran St NW,incoming_trips,Polynomial Regression,val,1.469685795665541,2.219387901397734,0.6515296492011945,54.801635772756754,44.93108128835131
31214,17th & Corcoran St NW,incoming_trips,Random Forest,test,1.6183855026090528,2.393030054886037,0.652401125228218,54.00984714319205,45.62126228550687
31214,17th & Corcoran St NW,incoming_trips,Random Forest,val,1.4774476282483453,2.205749209017686,0.6557993640294993,54.96681230890447,45.1683752267925
31214,17th & Corcoran St NW,incoming_trips,Soft Two-Stage,test,1.583396824649605,2.4437195616207843,0.6375193847486045,47.955961181849766,44.6349536145272
31214,17th & Corcoran St NW,incoming_trips,Soft Two-Stage,val,1.4288103441459987,2.190265726716141,0.6606147067831895,49.1831238919615,43.68144123580461
31214,17th & Corcoran St NW,incoming_trips,XGBoost,test,1.6100151613249087,2.4504940498862693,0.6355068588815673,46.79116731753248,45.38530766621033
31214,17th & Corcoran St NW,incoming_trips,XGBoost,val,1.4352095136721157,2.196626883219124,0.6586405006906625,48.046675802934296,43.87707598100244
31214,17th & Corcoran St NW,outgoing_trips,GAM,test,1.8622978678188584,2.7797512097645782,0.4308976607576513,58.99035050740671,52.7005267001337
31214,17th & Corcoran St NW,outgoing_trips,GAM,val,1.6067255505767186,2.4059969431382804,0.5392934132937096,55.968931237170914,48.291939328982686
31214,17th & Corcoran St NW,outgoing_trips,HistGradientBoosting,test,1.5957897888541277,2.4223225349064506,0.5678421026454874,50.88267955499144,45.15870625669845
31214,17th & Corcoran St NW,outgoing_trips,HistGradientBoosting,val,1.4413868314754488,2.218213270874691,0.6084016282427135,49.40392778029874,43.3224985998524
31214,17th & Corcoran St NW,outgoing_trips,LightGBM,test,1.5980149746183057,2.418877347689224,0.5690705155106943,50.7361951805748,45.22167602313821
31214,17th & Corcoran St NW,outgoing_trips,LightGBM,val,1.4416294809579298,2.2095737944138767,0.6114460753404508,49.27496326532243,43.329791702325295
31214,17th & Corcoran St NW,outgoing_trips,Linear Regression,test,1.628159357746357,2.320399463599672,0.60344445430236,54.717189981647394,46.074721551112496
31214,17th & Corcoran St NW,outgoing_trips,Linear Regression,val,1.5062593576081915,2.178900530892696,0.6221589944718398,53.94017022732363,45.27231516621979
31214,17th & Corcoran St NW,outgoing_trips,Naive (same hour last week),test,2.2032195456102293,3.275631797325825,0.2097424177478761,80.12895189141189,62.34815197725511
31214,17th & Corcoran St NW,outgoing_trips,Naive (same hour last week),val,2.0578390071729475,3.105602727716855,0.2324157093001425,79.01300772579043,61.85066046129628
31214,17th & Corcoran St NW,outgoing_trips,Poisson,test,1.9254227307728755,2.870459443481683,0.3931500155050921,59.508425961970815,54.48687548087237
31214,17th & Corcoran St NW,outgoing_trips,Poisson,val,1.711345339426202,2.499517406739101,0.5027822659650831,55.73462243847709,51.43640447669677
31214,17th & Corcoran St NW,outgoing_trips,Polynomial Regression,test,1.6469053410348,2.399720899736165,0.5758690329708218,57.5192065702705,46.60520768326381
31214,17th & Corcoran St NW,outgoing_trips,Polynomial Regression,val,1.50266288017495,2.2548222344406863,0.5953692385361733,55.51579995936733,45.16421900135715
31214,17th & Corcoran St NW,outgoing_trips,Random Forest,test,1.636306884227959,2.3479648935517354,0.5939666436029999,56.291341763673685,46.30528560013147
31214,17th & Corcoran St NW,outgoing_trips,Random Forest,val,1.4874670438256974,2.1582160291621952,0.629298702244816,54.44044810730533,44.707491088635614
31214,17th & Corcoran St NW,outgoing_trips,Soft Two-Stage,test,1.607383745200604,2.4034013782877164,0.5745670465667747,49.75514078386862,45.48679963883461
31214,17th & Corcoran St NW,outgoing_trips,Soft Two-Stage,val,1.4596330346699966,2.203609829894706,0.6135407729062559,48.725381746563954,43.870908710925264
31214,17th & Corcoran St NW,outgoing_trips,XGBoost,test,1.6480016651266964,2.44057645147998,0.5613043298355218,48.59114963178537,46.63623218158676
31214,17th & Corcoran St NW,outgoing_trips,XGBoost,val,1.4769376532241527,2.2242825741570456,0.6062557743470787,47.80621819828575,44.391018439079225
31228,8th & H St NW,incoming_trips,GAM,test,1.78182051779601,2.4356724582966267,0.4565918320262619,71.99120109741939,58.02061755223336
31228,8th & H St NW,incoming_trips,GAM,val,1.6123801018481931,2.2872810015013973,0.5288335912916006,64.73440931308016,53.2148445608473
31228,8th & H St NW,incoming_trips,HistGradientBoosting,test,1.4246725784728658,2.1508627047658706,0.5762460401070658,56.34393152950478,46.39097035147712
31228,8th & H St NW,incoming_trips,HistGradientBoosting,val,1.3996397601241244,2.1601403090685105,0.5797582491771172,55.645524319282366,46.19358189226735
31228,8th & H St NW,incoming_trips,LightGBM,test,1.4220861804054006,2.150799234416145,0.5762710490629,56.12977650275318,46.30675063820552
31228,8th & H St NW,incoming_trips,LightGBM,val,1.3984304436585933,2.1587870246446794,0.5802846302382192,55.59960563868709,46.15366972288225
31228,8th & H St NW,incoming_trips,Linear Regression,test,1.4795843656311058,2.1866035269255675,0.5620460174724822,55.856315781209055,48.17903810016304
31228,8th & H St NW,incoming_trips,Linear Regression,val,1.4720370784665082,2.1965576232217945,0.5654692886292464,57.56897062343158,48.58297632711311
31228,8th & H St NW,incoming_trips,Naive (same hour last week),test,2.042813106519009,3.127554327683378,0.1040204110770426,79.56202792561417,66.51920145730324
31228,8th & H St NW,incoming_trips,Naive (same hour last week),val,2.0357508823864285,3.109303342823847,0.1293141981965037,83.79828190952989,67.18773485645573
31228,8th & H St NW,incoming_trips,Poisson,test,1.6067516969071598,2.3025601626957317,0.5143645690367118,53.23039308004706,52.31993052979595
31228,8th & H St NW,incoming_trips,Poisson,val,1.6059740641110374,2.303528097960913,0.5221162058660334,54.61077870635831,53.00342028065249
31228,8th & H St NW,incoming_trips,Polynomial Regression,test,1.6039398391061308,2.375904588344535,0.4829335207998565,60.98897579555671,52.22836927294918
31228,8th & H St NW,incoming_trips,Polynomial Regression,val,1.5641401743341588,2.3388101121458558,0.5073650713857627,61.28371136126003,51.62273843069636
31228,8th & H St NW,incoming_trips,Random Forest,test,1.5326855735737863,2.238061909039584,0.541190308554918,60.77668000448652,49.90814877479755
31228,8th & H St NW,incoming_trips,Random Forest,val,1.4844673180338113,2.203296146906806,0.5627991225342713,59.002058727002215,48.993222810352336
31228,8th & H St NW,incoming_trips,Soft Two-Stage,test,1.4353390964474362,2.146062707745072,0.5781352802907482,54.03256175522695,46.73829936348226
31228,8th & H St NW,incoming_trips,Soft Two-Stage,val,1.4219527839203965,2.1610520503458663,0.5794034272162683,54.16590690305176,46.92999887709621
31228,8th & H St NW,incoming_trips,XGBoost,test,1.4399192346973182,2.152888507593469,0.5754474338244883,52.59921271959232,46.887440338725646
31228,8th & H St NW,incoming_trips,XGBoost,val,1.4251312633525457,2.1706257684778443,0.5756685867202436,53.31850912745103,47.03490111989105
31228,8th & H St NW,outgoing_trips,GAM,test,1.4444342330276685,2.0820748253651766,0.5718916386055097,57.523391305198615,50.33738938127376
31228,8th & H St NW,outgoing_trips,GAM,val,1.424684603233724,2.07520956158025,0.5548981498727805,58.15132072504944,51.47478246822905
31228,8th & H St NW,outgoing_trips,HistGradientBoosting,test,1.3697426949194005,2.122878844839686,0.5549472772243597,55.13034986528808,47.73444841568802
31228,8th & H St NW,outgoing_trips,HistGradientBoosting,val,1.3475176085189322,2.107811123712952,0.5408031881007981,54.73150178014778,48.68668869810268
31228,8th & H St NW,outgoing_trips,LightGBM,test,1.3705465224483429,2.1230279248818973,0.5548847670076004,54.96673661550767,47.76246116863626
31228,8th & H St NW,outgoing_trips,LightGBM,val,1.3493042552107315,2.1092227892707056,0.5401879058425377,54.63713983914397,48.75124140654019
31228,8th & H St NW,outgoing_trips,Linear Regression,test,1.4162109354062633,2.10074021821277,0.5641814173634153,56.69442525471332,49.3538298051383
31228,8th & H St NW,outgoing_trips,Linear Regression,val,1.4082536702347983,2.091433201852879,0.5479114827021278,58.37195325338156,50.88112215916835
31228,8th & H St NW,outgoing_trips,Naive (same hour last week),test,2.0142710355063365,3.052327443109048,0.0799248804999895,85.50093917047893,70.19575077584149
31228,8th & H St NW,outgoing_trips,Naive (same hour last week),val,1.9628828418535809,3.0122146872524724,0.0622062727423756,84.85350019872708,70.92023530379696
31228,8th & H St NW,outgoing_trips,Poisson,test,1.5574713924422738,2.21019893988454,0.5175816971282383,53.78458823387655,54.276644889002455
31228,8th & H St NW,outgoing_trips,Poisson,val,1.5386185784774744,2.2076558625103004,0.4962695204530419,53.18778295488932,55.59129118749293
31228,8th & H St NW,outgoing_trips,Polynomial Regression,test,1.5150507686151384,2.5839010147198627,0.3406548910110578,62.22473937555728,52.79831973541816
31228,8th & H St NW,outgoing_trips,Polynomial Regression,val,1.4721798401756578,2.606343907511199,0.2979000845586913,60.73387641611971,53.19081630779877
31228,8th & H St NW,outgoing_trips,Random Forest,test,1.4073795261449284,2.085586694330229,0.570446226168686,57.53943800594963,49.0460621847037
31228,8th & H St NW,outgoing_trips,Random Forest,val,1.4019756038239906,2.085220912579437,0.5505932164747751,57.83481396335807,50.65429153147439
31228,8th & H St NW,outgoing_trips,Soft Two-Stage,test,1.3891945585048038,2.1174589062768163,0.557216911377332,53.62048155628535,48.41233046050599
31228,8th & H St NW,outgoing_trips,Soft Two-Stage,val,1.3640653672151877,2.095994310727449,0.5459374550990423,53.10777014809865,49.28456999568469
31228,8th & H St NW,outgoing_trips,XGBoost,test,1.3965139678191918,2.1472820339952152,0.5446564125397357,52.89564625407308,48.66740607992481
31228,8th & H St NW,outgoing_trips,XGBoost,val,1.363718328494638,2.119649968392165,0.5356304031711281,52.687296052441305,49.27203126071993
31229,New Hampshire Ave & T St NW,incoming_trips,GAM,test,2.950399214248251,4.161559148165464,0.5473350107400857,77.9828896270778,49.69816096001929
31229,New Hampshire Ave & T St NW,incoming_trips,GAM,val,2.362122961496442,3.311724836985859,0.6756232745243507,62.3944025572787,41.775454010759226
31229,New Hampshire Ave & T St NW,incoming_trips,HistGradientBoosting,test,2.21370671057248,3.428534988979161,0.6927570442843979,47.7422799527705,37.28890378258111
31229,New Hampshire Ave & T St NW,incoming_trips,HistGradientBoosting,val,2.028594536032406,3.063882652286809,0.7223578170516225,46.32477693143572,35.87681891581616
31229,New Hampshire Ave & T St NW,incoming_trips,LightGBM,test,2.2172374873990672,3.425795181486002,0.6932478954562108,47.70450301439832,37.34837814598056
31229,New Hampshire Ave & T St NW,incoming_trips,LightGBM,val,2.029263866909288,3.062388841124626,0.7226284826961988,46.15272819044327,35.888656403415645
31229,New Hampshire Ave & T St NW,incoming_trips,Linear Regression,test,2.2287813658390223,3.2383235112888245,0.7259024027084239,51.57385406191235,37.54282963784688
31229,New Hampshire Ave & T St NW,incoming_trips,Linear Regression,val,2.0766220997633997,2.982592055080284,0.7368951169461233,49.561752541689856,36.726213004353305
31229,New Hampshire Ave & T St NW,incoming_trips,Naive (same hour last week),test,2.983103093960498,4.499686026265582,0.4707886073552465,73.39692323134834,50.24904325083175
31229,New Hampshire Ave & T St NW,incoming_trips,Naive (same hour last week),val,2.8171467607878857,4.185293293175906,0.4819245772819731,72.31627465344245,49.822802142483184
31229,New Hampshire Ave & T St NW,incoming_trips,Poisson,test,2.815118776349327,4.573568695359583,0.4532671412667644,56.01209616350169,47.41942222358845
31229,New Hampshire Ave & T St NW,incoming_trips,Poisson,val,2.5893207417798747,4.187104894462892,0.4814759830443382,53.145642165362936,45.79357270156788
31229,New Hampshire Ave & T St NW,incoming_trips,Polynomial Regression,test,2.2387899200624464,3.4095693773040656,0.6961467917257058,52.9804876867092,37.71141927696103
31229,New Hampshire Ave & T St NW,incoming_trips,Polynomial Regression,val,2.028160212042573,3.025806193113323,0.7292157439785356,49.41301488850923,35.869137655289606
31229,New Hampshire Ave & T St NW,incoming_trips,Random Forest,test,2.313380479495985,3.421311789554583,0.694050272659692,56.45061329391715,38.96786403566479
31229,New Hampshire Ave & T St NW,incoming_trips,Random Forest,val,2.1479822898375143,3.116594368959725,0.7127224036768751,54.31803804205519,37.98825752414902
31229,New Hampshire Ave & T St NW,incoming_trips,Soft Two-Stage,test,2.271031081275304,3.5049693394272428,0.6789052468193348,46.83442703963756,38.254507280698455
31229,New Hampshire Ave & T St NW,incoming_trips,Soft Two-Stage,val,2.074055895863854,3.121776585703205,0.7117662494174981,45.55822013635488,36.68082826582142
31229,New Hampshire Ave & T St NW,incoming_trips,XGBoost,test,2.3120713926475127,3.5422272519460347,0.6720424732784169,45.28302566452734,38.945813050634754
31229,New Hampshire Ave & T St NW,incoming_trips,XGBoost,val,2.1056202839618448,3.154105104603673,0.7057655516819055,44.24638487985315,37.23906196697048
31229,New Hampshire Ave & T St NW,outgoing_trips,GAM,test,2.411073184077161,3.4476553583630087,0.6568700754952665,58.8230331860771,40.63298960890418
31229,New Hampshire Ave & T St NW,outgoing_trips,GAM,val,2.220189707577243,3.19691765435,0.6876499748696336,52.77354818370304,38.472016339129
31229,New Hampshire Ave & T St NW,outgoing_trips,HistGradientBoosting,test,2.2135986501076053,3.336353915400365,0.6786671461243009,49.86636084426329,37.3050190023714
31229,New Hampshire Ave & T St NW,outgoing_trips,HistGradientBoosting,val,2.0868176577278,3.125354924874332,0.7014773185726785,46.96226245695171,36.16091127298123
31229,New Hampshire Ave & T St NW,outgoing_trips,LightGBM,test,2.182507186126758,3.279840475271857,0.689460860096555,49.98396284680794,36.78104522123422
31229,New Hampshire Ave & T St NW,outgoing_trips,LightGBM,val,2.068629257010484,3.0892293712547554,0.7083386001093052,47.25366106739976,35.84573800324169
31229,New Hampshire Ave & T St NW,outgoing_trips,Linear Regression,test,2.2496206026760373,3.205633407339765,0.7033539194337218,55.78174576773327,37.91208461699968
31229,New Hampshire Ave & T St NW,outgoing_trips,Linear Regression,val,2.1676767181345595,3.0723528733213072,0.7115165952273516,52.460299604256655,37.56205779776632
31229,New Hampshire Ave & T St NW,outgoing_trips,Naive (same hour last week),test,3.0855120447539672,4.579996415413609,0.3944623097491196,77.2982638770006,51.99907646130758
31229,New Hampshire Ave & T St NW,outgoing_trips,Naive (same hour last week),val,2.959467152453604,4.364511222890028,0.4178299294896441,75.94203740669754,51.28240539794026
31229,New Hampshire Ave & T St NW,outgoing_trips,Poisson,test,2.955397544517771,4.761667407208561,0.345470811044426,63.03632873756126,49.80630140537799
31229,New Hampshire Ave & T St NW,outgoing_trips,Poisson,val,2.7160541073266207,4.340131684424055,0.4243156030328852,57.38731042016551,47.06448175955828
31229,New Hampshire Ave & T St NW,outgoing_trips,Polynomial Regression,test,2.332941872274864,4.038007986256174,0.5292988592390422,58.56371980814535,39.31626940250035
31229,New Hampshire Ave & T St NW,outgoing_trips,Polynomial Regression,val,2.1709941811426514,3.952283054374909,0.5226084517635254,56.35974338603972,37.61954364711342
31229,New Hampshire Ave & T St NW,outgoing_trips,Random Forest,test,2.2365109357513404,3.207655597431592,0.7029795385259183,55.96984271183791,37.69115189565165
31229,New Hampshire Ave & T St NW,outgoing_trips,Random Forest,val,2.1293969829819983,3.036297720395233,0.718247776278506,52.93699210361053,36.8987367350568
31229,New Hampshire Ave & T St NW,outgoing_trips,Soft Two-Stage,test,2.200414622918988,3.292780253636993,0.6870057198048206,49.66307598778948,37.08283311299383
31229,New Hampshire Ave & T St NW,outgoing_trips,Soft Two-Stage,val,2.088386626712631,3.0957994355090723,0.7070966904956766,47.124270794648325,36.188098769713605
31229,New Hampshire Ave & T St NW,outgoing_trips,XGBoost,test,2.264298220481875,3.3742312975440707,0.6713295930634107,46.86028931545961,38.159441476893726
31229,New Hampshire Ave & T St NW,outgoing_trips,XGBoost,val,2.130993364704934,3.1539716475982744,0.6959855577936862,44.84658326664236,36.926399246741575
31230,Metro Center / 12th & G St NW,incoming_trips,GAM,test,1.9592904221795524,2.8384564032388355,0.1149672837530995,106.24354146362464,96.11012997239416
31230,Metro Center / 12th & G St NW,incoming_trips,GAM,val,1.6473928072850093,2.43740597637704,0.4599243849310622,79.22190724070866,70.04769087134119
31230,Metro Center / 12th & G St NW,incoming_trips,HistGradientBoosting,test,1.0995201011628082,1.8608873540220563,0.6196047913565716,60.69363796049523,53.93535263264469
31230,Metro Center / 12th & G St NW,incoming_trips,HistGradientBoosting,val,1.19257589029836,2.0011108964371087,0.6359666777442063,59.11514390815882,50.70872407286258
31230,Metro Center / 12th & G St NW,incoming_trips,LightGBM,test,1.1057525153236971,1.8694260646215888,0.6161058836592306,60.57100510702793,54.241074606408304
31230,Metro Center / 12th & G St NW,incoming_trips,LightGBM,val,1.1910191504568262,2.001306474348816,0.6358955169142027,58.5776891159674,50.64253097628924
31230,Metro Center / 12th & G St NW,incoming_trips,Linear Regression,test,1.1773713610637515,1.9184571374177295,0.5957043487024185,62.54754962507442,57.75423247960013
31230,Metro Center / 12th & G St NW,incoming_trips,Linear Regression,val,1.292764433729119,2.076125866273076,0.6081623309956778,63.62571265126841,54.96877430985114
31230,Metro Center / 12th & G St NW,incoming_trips,Naive (same hour last week),test,1.550176960840279,2.6509890405326684,0.2280116730314454,86.52151221134291,76.04166666666666
31230,Metro Center / 12th & G St NW,incoming_trips,Naive (same hour last week),val,1.7089832631219402,2.894241987896685,0.2385024594465121,86.5811647996384,72.66653756777691
31230,Metro Center / 12th & G St NW,incoming_trips,Poisson,test,1.3235376776111545,1.986075806404929,0.5667021730736168,60.14876682801631,64.92420765118784
31230,Metro Center / 12th & G St NW,incoming_trips,Poisson,val,1.4289631094141393,2.163964484155572,0.574304476822155,59.60867937929986,60.75998736437057
31230,Metro Center / 12th & G St NW,incoming_trips,Polynomial Regression,test,1.334476716597678,2.179686139378956,0.4781054111974554,71.19558725431115,65.46080623140156
31230,Metro Center / 12th & G St NW,incoming_trips,Polynomial Regression,val,1.3320903987806163,2.1712718027965354,0.5714246283036999,64.18764962330296,56.64092744234195
31230,Metro Center / 12th & G St NW,incoming_trips,Random Forest,test,1.262942375600769,1.974866067435869,0.5715795782835933,71.58326471451724,61.951793614959314
31230,Metro Center / 12th & G St NW,incoming_trips,Random Forest,val,1.2937087421366424,2.040722764352957,0.6214120003315616,65.72199139877321,55.00892661786468
31230,Metro Center / 12th & G St NW,incoming_trips,Soft Two-Stage,test,1.1192539787385662,1.8419915003381224,0.6272908003792571,58.30375044269351,54.90336917434533
31230,Metro Center / 12th & G St NW,incoming_trips,Soft Two-Stage,val,1.2081245269201677,1.98701500954084,0.6410771389114094,56.51194213660792,51.36985728088609
31230,Metro Center / 12th & G St NW,incoming_trips,XGBoost,test,1.12608543863344,1.874020758380224,0.6142164871545883,57.717758869327405,55.23847646163923
31230,Metro Center / 12th & G St NW,incoming_trips,XGBoost,val,1.206120275221903,1.9962280078464711,0.6377410576531737,56.35863513978117,51.28463583110947
31230,Metro Center / 12th & G St NW,outgoing_trips,GAM,test,1.1151882553948054,1.7433166556476956,0.5596049168759945,60.046563342573,60.61016337182365
31230,Metro Center / 12th & G St NW,outgoing_trips,GAM,val,1.1605263123107408,1.8480389456657829,0.6275529163560454,58.825459046273146,57.953733233029546
31230,Metro Center / 12th & G St NW,outgoing_trips,HistGradientBoosting,test,1.0335437102445502,1.7822111377057164,0.53973472604623,57.696393617306704,56.17280564676107
31230,Metro Center / 12th & G St NW,outgoing_trips,HistGradientBoosting,val,1.0855498213934376,1.872588404489263,0.6175919737810782,56.80703994551213,54.209597915047546
31230,Metro Center / 12th & G St NW,outgoing_trips,LightGBM,test,1.0240549806555053,1.7680784544125925,0.5470054609245747,58.54564779705055,55.657095901970536
31230,Metro Center / 12th & G St NW,outgoing_trips,LightGBM,val,1.0800785262319172,1.873887048277872,0.617061388408007,57.586676570243725,53.93637534622998
31230,Metro Center / 12th & G St NW,outgoing_trips,Linear Regression,test,1.0695888685540202,1.7394221185735266,0.5615703879028362,61.2609463825812,58.1318497124886
31230,Metro Center / 12th & G St NW,outgoing_trips,Linear Regression,val,1.1578305188874047,1.8778392047815604,0.6154443973592356,61.406699300902034,57.81911216390764
31230,Metro Center / 12th & G St NW,outgoing_trips,Naive (same hour last week),test,1.4501655440118737,2.4187209866633013,0.1522623951349196,84.65117704454994,78.81608339538347
31230,Metro Center / 12th & G St NW,outgoing_trips,Naive (same hour last week),val,1.55197540703632,2.6062528267817857,0.2592435766909907,88.16121891954012,77.50170570843757
31230,Metro Center / 12th & G St NW,outgoing_trips,Poisson,test,1.1389387436147975,1.766551943553475,0.5477873295907292,51.2663997637753,61.90099562746346
31230,Metro Center / 12th & G St NW,outgoing_trips,Poisson,val,1.235526149051141,1.9512173823760008,0.5848035306652888,53.17863715800853,61.69903438205693
31230,Metro Center / 12th & G St NW,outgoing_trips,Polynomial Regression,test,1.1980165502073363,2.653253670250211,-0.0201110455273734,64.80728305445128,65.1118575531525
31230,Metro Center / 12th & G St NW,outgoing_trips,Polynomial Regression,val,1.246123126107937,3.3757361789887725,-0.2427373062811677,61.678538330618046,62.22822047194684
31230,Metro Center / 12th & G St NW,outgoing_trips,Random Forest,test,1.0801269997096292,1.7383533697543565,0.562108988825197,57.12663203571381,58.70459413289056
31230,Metro Center / 12th & G St NW,outgoing_trips,Random Forest,val,1.1460493808573218,1.8566420714021403,0.6240771591678831,57.052007986480426,57.23079208591004
31230,Metro Center / 12th & G St NW,outgoing_trips,Soft Two-Stage,test,1.0404570350233413,1.7406199479491684,0.5609663428163814,53.71091264836121,56.54854287521375
31230,Metro Center / 12th & G St NW,outgoing_trips,Soft Two-Stage,val,1.104759041015626,1.8440445945298336,0.6291611905698017,53.412415567782034,55.16885750079739
31230,Metro Center / 12th & G St NW,outgoing_trips,XGBoost,test,1.0335609358092623,1.7701307434878215,0.545953227863513,56.647762400824696,56.17374185128647
31230,Metro Center / 12th & G St NW,outgoing_trips,XGBoost,val,1.0912934854879286,1.874232025625154,0.6169203795818732,56.34895081394908,54.496421895840776
31232,9th & F St NW,incoming_trips,GAM,test,1.2260793083977306,1.9225956655670493,0.4750243050263659,65.58290908851313,62.70716257302185
31232,9th & F St NW,incoming_trips,GAM,val,1.3945730498033198,2.162811004607873,0.5005719048039527,65.00599728442366,57.52376413104099
31232,9th & F St NW,incoming_trips,HistGradientBoosting,test,1.1438650267605934,1.8981796344994672,0.4882735108204975,60.48260450219563,58.50235763982271
31232,9th & F St NW,incoming_trips,HistGradientBoosting,val,1.3248663101700873,2.1784330834484926,0.4933310663437732,59.79998082622377,54.64847979253218
31232,9th & F St NW,incoming_trips,LightGBM,test,1.147489181756905,1.8982345382030024,0.488243907630928,60.50320703398495,58.68771308541826
31232,9th & F St NW,incoming_trips,LightGBM,val,1.3239075090068562,2.1735171439564955,0.4956152250555863,59.78295703009169,54.60893087684787
31232,9th & F St NW,incoming_trips,Linear Regression,test,1.192085833361914,1.916990977127484,0.4780806278672515,63.7929695663668,60.968584692380034
31232,9th & F St NW,incoming_trips,Linear Regression,val,1.3805615525779065,2.1668478144196013,0.4987058354002027,64.73286895052068,56.94581372418989
31232,9th & F St NW,incoming_trips,Naive (same hour last week),test,1.6218746432241122,2.7235112290521912,-0.0534686591923228,88.41009681655586,82.94990073572346
31232,9th & F St NW,incoming_trips,Naive (same hour last week),val,1.8519867926676532,3.015803379140076,0.0289493673965662,90.97103175887057,76.39130230592214
31232,9th & F St NW,incoming_trips,Poisson,test,1.3138371882409772,1.9607756071353653,0.4539667738478303,56.08116679539463,67.19549183582107
31232,9th & F St NW,incoming_trips,Poisson,val,1.4941322597166344,2.238947254123713,0.4647908206112894,58.68299821400274,61.63041204664068
31232,9th & F St NW,incoming_trips,Polynomial Regression,test,1.4122690627335772,3.389108739456224,-0.6313016902649489,66.99146242365468,72.22973677731754
31232,9th & F St NW,incoming_trips,Polynomial Regression,val,1.512338214498989,3.409104605923117,-0.2408419953774894,67.41611270949305,62.3813766869141
31232,9th & F St NW,incoming_trips,Random Forest,test,1.2330542443274464,1.9113909942829923,0.4811254732099426,63.70184077420053,63.06389189573807
31232,9th & F St NW,incoming_trips,Random Forest,val,1.4057835720587537,2.178340135634473,0.4933743017917575,64.50873371522235,57.98617908886504
31232,9th & F St NW,incoming_trips,Soft Two-Stage,test,1.1643612283360874,1.892300538256017,0.4914384697486206,58.83764776239813,59.55062477517102
31232,9th & F St NW,incoming_trips,Soft Two-Stage,val,1.3439137806136707,2.1752498777190925,0.4948107106814866,58.88283102319871,55.43415552120354
31232,9th & F St NW,incoming_trips,XGBoost,test,1.1653285865640082,1.9061295959946096,0.4839781058474189,57.21669960612085,59.60009978812418
31232,9th & F St NW,incoming_trips,XGBoost,val,1.3385930401477508,2.186689414344404,0.489483205527207,57.05159052752337,55.21468403521202
31232,9th & F St NW,outgoing_trips,GAM,test,1.117036780553848,1.861699878750438,0.4929708005102758,59.23198054087554,60.261918950918655
31232,9th & F St NW,outgoing_trips,GAM,val,1.2896069893479365,2.0567321694284493,0.521782929350386,59.64413722781665,56.5821669869264
31232,9th & F St NW,outgoing_trips,HistGradientBoosting,test,1.0776493937227862,1.8658710441989144,0.490696242792961,54.10388888953952,58.1370475463038
31232,9th & F St NW,outgoing_trips,HistGradientBoosting,val,1.2459093048884349,2.1024269852740027,0.5002975976057815,53.87551616957739,54.6649087063399
31232,9th & F St NW,outgoing_trips,LightGBM,test,1.0769286399548434,1.8657086434377612,0.49078489599179,54.32599379125623,58.09816430995611
31232,9th & F St NW,outgoing_trips,LightGBM,val,1.2460135322537458,2.104632085691144,0.4992488364963191,54.053641034893694,54.669481735361416
31232,9th & F St NW,outgoing_trips,Linear Regression,test,1.126154854753877,1.845569881902517,0.5017186660924688,60.73135422177135,60.75382097061599
31232,9th & F St NW,outgoing_trips,Linear Regression,val,1.3106798916005216,2.0630159455144232,0.5188563455939182,61.75212365662372,57.50675136340983
31232,9th & F St NW,outgoing_trips,Naive (same hour last week),test,1.5739239639228222,2.6758082453634486,-0.04742661524827,90.95233983026124,84.91007637349101
31232,9th & F St NW,outgoing_trips,Naive (same hour last week),val,1.7589661846749405,2.9150365748906166,0.0393667615903783,91.26942625591693,77.17554201218903
31232,9th & F St NW,outgoing_trips,Poisson,test,1.2546158878810314,1.9130758063965716,0.4646004660746488,52.41895356079338,67.68403893785387
31232,9th & F St NW,outgoing_trips,Poisson,val,1.4259298540249703,2.154461680081994,0.4752564114689533,54.35219879142487,62.563402477277016
31232,9th & F St NW,outgoing_trips,Polynomial Regression,test,1.31557552189028,2.763878769562102,-0.117510493003148,62.95742232343964,70.97269029463514
31232,9th & F St NW,outgoing_trips,Polynomial Regression,val,1.3884865588714148,2.2989785484917857,0.4024979071285788,62.73094745289105,60.9205587299812
31232,9th & F St NW,outgoing_trips,Random Forest,test,1.148124575107146,1.8389055153310565,0.5053107640216571,57.52500048303551,61.93904381229054
31232,9th & F St NW,outgoing_trips,Random Forest,val,1.3065740076114831,2.0578602323599333,0.5212582067850742,58.91218320790141,57.32660360101738
31232,9th & F St NW,outgoing_trips,Soft Two-Stage,test,1.1062707661175013,1.8679207144387595,0.4895766819045808,52.64369329523591,59.68111382374472
31232,9th & F St NW,outgoing_trips,Soft Two-Stage,val,1.27539254211612,2.1086602013031994,0.4973301982030038,52.917931924048055,55.95850083627676
31232,9th & F St NW,outgoing_trips,XGBoost,test,1.0970695601102378,1.8738940526984649,0.4863069433875596,52.43860398049039,59.18472700791804
31232,9th & F St NW,outgoing_trips,XGBoost,val,1.268666752110641,2.1213826093923966,0.4912462756385708,52.398143795233885,55.66340335591848
31234,20th & O St NW / Dupont South,incoming_trips,GAM,test,1.6540418163654302,2.533938340073416,0.4819984721370545,58.96811553940879,54.718254596611416
31234,20th & O St NW / Dupont South,incoming_trips,GAM,val,1.3240685192110766,1.9495537360217348,0.5468573732248296,55.9696261782166,52.52379659559588
31234,20th & O St NW / Dupont South,incoming_trips,HistGradientBoosting,test,1.5557420950426482,2.47902704090834,0.5042057527135984,54.89218499650567,51.46634819080166
31234,20th & O St NW / Dupont South,incoming_trips,HistGradientBoosting,val,1.2533902145513156,1.95803222570894,0.5429074238060179,53.08415755339847,49.72009509238158
31234,20th & O St NW / Dupont South,incoming_trips,LightGBM,test,1.5417809576562924,2.4403140698321124,0.5195696854189726,55.67157052136446,51.00449223141392
31234,20th & O St NW / Dupont South,incoming_trips,LightGBM,val,1.2488812205698805,1.942387113322733,0.5501827837670696,53.51993750320759,49.54123011727229
31234,20th & O St NW / Dupont South,incoming_trips,Linear Regression,test,1.556625799650514,2.3175736599475543,0.5666826805275592,56.848424824583546,51.49558250231844
31234,20th & O St NW / Dupont South,incoming_trips,Linear Regression,val,1.30552129151698,1.917210105806466,0.561768171996949,55.620767042731465,51.78805611035471
31234,20th & O St NW / Dupont South,incoming_trips,Naive (same hour last week),test,2.0278570613083686,3.1239566131194976,0.2126842445885641,81.65092349508028,67.0846394984326
31234,20th & O St NW / Dupont South,incoming_trips,Naive (same hour last week),val,1.7784356142548103,2.7077465083283654,0.1258609810050891,83.33389492552963,70.54785240052391
31234,20th & O St NW / Dupont South,incoming_trips,Poisson,test,1.9228717237359276,3.155430336244151,0.1967399862912162,64.98041559547917,63.61156259471612
31234,20th & O St NW / Dupont South,incoming_trips,Poisson,val,1.456464949484471,2.1925903499012085,0.4268352224506656,56.41554339411445,57.77576284414484
31234,20th & O St NW / Dupont South,incoming_trips,Polynomial Regression,test,1.7048111733106723,2.6641747581641755,0.4273828200895705,64.11577406302217,56.39778323461185
31234,20th & O St NW / Dupont South,incoming_trips,Polynomial Regression,val,1.3082962224171133,1.9910114910305745,0.5273800711963913,57.88894134500416,51.89813342436885
31234,20th & O St NW / Dupont South,incoming_trips,Random Forest,test,1.6095914892891183,2.375879833755178,0.5446053775820259,61.3779691877736,53.2477692135944
31234,20th & O St NW / Dupont South,incoming_trips,Random Forest,val,1.307164185593659,1.9092811166305463,0.5653854596314487,57.6207684594102,51.85322723485437
31234,20th & O St NW / Dupont South,incoming_trips,Soft Two-Stage,test,1.584097017215501,2.503004819765306,0.4945684742841618,53.22320589203253,52.40437275291979
31234,20th & O St NW / Dupont South,incoming_trips,Soft Two-Stage,val,1.2743216216751436,1.9607532387026805,0.5416361280373132,51.82273359545246,50.55041237149536
31234,20th & O St NW / Dupont South,incoming_trips,XGBoost,test,1.5877214577631775,2.4757548271004124,0.5055137449548207,53.45846297225159,52.52427483683073
31234,20th & O St NW / Dupont South,incoming_trips,XGBoost,val,1.265732708861016,1.9416797555653904,0.5505103433550669,51.872557655961735,50.20970318380517
31234,20th & O St NW / Dupont South,outgoing_trips,GAM,test,1.5030173663553448,2.3340990881942743,0.5334805988392329,54.44141066209035,50.95772832168169
31234,20th & O St NW / Dupont South,outgoing_trips,GAM,val,1.276716885757547,1.89118088653094,0.5592482811098742,53.77424768158728,51.52982127479682
31234,20th & O St NW / Dupont South,outgoing_trips,HistGradientBoosting,test,1.4457509752735016,2.304851447531713,0.5450988754387673,53.039192770039335,49.01619040998877
31234,20th & O St NW / Dupont South,outgoing_trips,HistGradientBoosting,val,1.2299372403222162,1.9040427310671044,0.5532328258567619,53.431415107747945,49.64173880681047
31234,20th & O St NW / Dupont South,outgoing_trips,LightGBM,test,1.444079439810857,2.2834714957590587,0.5534991180704185,52.51528603771485,48.95951930831545
31234,20th & O St NW / Dupont South,outgoing_trips,LightGBM,val,1.2315397692932792,1.9010301734966693,0.5546454486582899,53.09313190371676,49.706418793726726
31234,20th & O St NW / Dupont South,outgoing_trips,Linear Regression,test,1.474092234565617,2.199115803658425,0.5858789269355673,54.46885780630392,49.977061670448
31234,20th & O St NW / Dupont South,outgoing_trips,Linear Regression,val,1.2783506527014277,1.881703716686804,0.5636546419681414,54.25427869269287,51.59576206367648
31234,20th & O St NW / Dupont South,outgoing_trips,Naive (same hour last week),test,2.0360771777600184,3.157978459140584,0.1460165422219216,83.06434163153472,69.0303851364428
31234,20th & O St NW / Dupont South,outgoing_trips,Naive (same hour last week),val,1.7401798929750654,2.6981424488867893,0.1028653640720903,81.77070665736818,70.23574284270025
31234,20th & O St NW / Dupont South,outgoing_trips,Poisson,test,1.978557958424289,3.4323527684943924,-0.0088229785755655,65.39885661858752,67.08027543192702
31234,20th & O St NW / Dupont South,outgoing_trips,Poisson,val,1.4693486928185036,2.2849558031350496,0.3565964052747811,56.032849898382274,59.30467151796754
31234,20th & O St NW / Dupont South,outgoing_trips,Polynomial Regression,test,1.542760257736686,2.417604443109856,0.4995028349552176,59.18613087014146,52.30515617385575
31234,20th & O St NW / Dupont South,outgoing_trips,Polynomial Regression,val,1.2923582652959842,1.9949944771432395,0.5095313307337191,58.67498290997912,52.16112607000887
31234,20th & O St NW / Dupont South,outgoing_trips,Random Forest,test,1.46420893390305,2.204402152742695,0.583885562334714,54.10584911892005,49.641982009122565
31234,20th & O St NW / Dupont South,outgoing_trips,Random Forest,val,1.2641897863793548,1.859598853584684,0.5738461520084839,54.572025360831645,51.02421255351258
31234,20th & O St NW / Dupont South,outgoing_trips,Soft Two-Stage,test,1.4601365695146793,2.280744519553249,0.5545649253215936,50.57373366686191,49.5039141179759
31234,20th & O St NW / Dupont South,outgoing_trips,Soft Two-Stage,val,1.2471619155647784,1.8973587829781595,0.55636398171877,50.457544066004,50.33694731126992
31234,20th & O St NW / Dupont South,outgoing_trips,XGBoost,test,1.4973768779757155,2.306154743331816,0.5445842753786458,49.60166669487898,50.76649535200035
31234,20th & O St NW / Dupont South,outgoing_trips,XGBoost,val,1.2577665075984648,1.896376839710951,0.5568230542781383,49.97650011801104,50.764961335588055
31236,37th & O St NW / Georgetown University,incoming_trips,GAM,test,2.026243230977441,2.959154305080229,0.4525593542528572,69.55562734957019,61.38368367215927
31236,37th & O St NW / Georgetown University,incoming_trips,GAM,val,1.927530214001868,3.0115013103573904,0.3834705001189314,62.90876755166103,59.516603514074205
31236,37th & O St NW / Georgetown University,incoming_trips,HistGradientBoosting,test,1.9741003060729527,3.2025540330141693,0.3587981793054651,68.0410413599131,59.80404863173311
31236,37th & O St NW / Georgetown University,incoming_trips,HistGradientBoosting,val,1.8743212297869505,3.069839976736679,0.359352370630626,65.42562183217959,57.87366272180975
31236,37th & O St NW / Georgetown University,incoming_trips,LightGBM,test,1.691588776548052,2.7537980892109943,0.5259043137787687,58.66592525137016,51.24555076880431
31236,37th & O St NW / Georgetown University,incoming_trips,LightGBM,val,1.5974461342516308,2.6118357941496195,0.5362547358551626,56.76792207298711,49.32455404159632
31236,37th & O St NW / Georgetown University,incoming_trips,Linear Regression,test,1.7279866403748447,2.5242081963979985,0.601661613015749,59.6577679117779,52.34819971308154
31236,37th & O St NW / Georgetown University,incoming_trips,Linear Regression,val,1.6561306413826045,2.414944861680484,0.6035374340948332,56.9165851858066,51.136563273909
31236,37th & O St NW / Georgetown University,incoming_trips,Naive (same hour last week),test,2.279712295924192,3.5661510760166264,0.204937462464973,89.7259773527248,69.0623594922699
31236,37th & O St NW / Georgetown University,incoming_trips,Naive (same hour last week),val,2.1205738358191963,3.295686684590571,0.2616205803288279,83.63676927929909,65.47723677271928
31236,37th & O St NW / Georgetown University,incoming_trips,Poisson,test,2.401813403236218,4.530086750878277,-0.2829651301947566,74.53835040797007,72.76133088557408
31236,37th & O St NW / Georgetown University,incoming_trips,Poisson,val,2.410076804702594,5.053282608358895,-0.7359408497973885,71.1215247499065,74.41625795641723
31236,37th & O St NW / Georgetown University,incoming_trips,Polynomial Regression,test,1.7231963030254,2.6941178728820385,0.5462308137425793,64.00236592773014,52.20307964652399
31236,37th & O St NW / Georgetown University,incoming_trips,Polynomial Regression,val,1.644942009412717,2.6238313965191886,0.5319851884244009,61.39756505166864,50.791090415439946
31236,37th & O St NW / Georgetown University,incoming_trips,Random Forest,test,1.7405167005456856,2.6211497818459213,0.5704779212708528,63.0631344585676,52.72778950672591
31236,37th & O St NW / Georgetown University,incoming_trips,Random Forest,val,1.6430550041734524,2.4914328640171077,0.5780255785455762,59.56494948756416,50.73282510689201
31236,37th & O St NW / Georgetown University,incoming_trips,Soft Two-Stage,test,1.7097429368889845,2.7293453305612503,0.5342865381613038,54.59069833686524,51.79551891609524
31236,37th & O St NW / Georgetown University,incoming_trips,Soft Two-Stage,val,1.6187359240927068,2.583266973100593,0.546344341927095,53.08254002938283,49.98192167799699
31236,37th & O St NW / Georgetown University,incoming_trips,XGBoost,test,1.7489839689294369,2.796786292143951,0.510987027827073,55.44504304593064,52.98429974009248
31236,37th & O St NW / Georgetown University,incoming_trips,XGBoost,val,1.6446245890006097,2.645580327253592,0.5241942855143656,53.940132031348384,50.78128938369609
31236,37th & O St NW / Georgetown University,outgoing_trips,GAM,test,1.9359820374915049,3.1448891575237665,0.4576191043365253,64.65193188369109,59.185601432369175
31236,37th & O St NW / Georgetown University,outgoing_trips,GAM,val,1.8746577874521388,3.172196499786259,0.4135316884473766,61.77311286978452,58.47611374504434
31236,37th & O St NW / Georgetown University,outgoing_trips,HistGradientBoosting,test,1.8900879115534648,3.180863869833209,0.4451394298076744,66.86456620521776,57.78255564307283
31236,37th & O St NW / Georgetown University,outgoing_trips,HistGradientBoosting,val,1.8010915890067598,3.067811203956728,0.4514936670475002,64.56765305860637,56.18136671607903
31236,37th & O St NW / Georgetown University,outgoing_trips,LightGBM,test,1.6025604912834583,2.651214635080526,0.6145363101401223,56.64630499422884,48.99245172298284
31236,37th & O St NW / Georgetown University,outgoing_trips,LightGBM,val,1.5172560366630912,2.530601565701159,0.6267739636503951,54.88007297011088,47.32769744650328
31236,37th & O St NW / Georgetown University,outgoing_trips,Linear Regression,test,1.644995202619636,2.458726040535147,0.6684767591379381,58.01103665001458,50.289738507365854
31236,37th & O St NW / Georgetown University,outgoing_trips,Linear Regression,val,1.57629177857537,2.383384689827839,0.6689354509210725,55.19291453033179,49.16919661621435
31236,37th & O St NW / Georgetown University,outgoing_trips,Naive (same hour last week),test,2.1842676104578147,3.475880390833421,0.3374428510119139,87.66602959484449,66.77602875990367
31236,37th & O St NW / Georgetown University,outgoing_trips,Naive (same hour last week),val,2.097005578959353,3.343924121805416,0.3483157633806915,82.23974451323214,65.41179813190325
31236,37th & O St NW / Georgetown University,outgoing_trips,Poisson,test,2.2857314702536327,4.916486648625864,-0.3255723167899746,65.76308890281221,69.87791681948822
31236,37th & O St NW / Georgetown University,outgoing_trips,Poisson,val,2.234280917780906,5.092927092014544,-0.5116780461921031,62.6816313704621,69.69382143292857
31236,37th & O St NW / Georgetown University,outgoing_trips,Polynomial Regression,test,1.6576688344055728,2.632803040172759,0.6198714937488805,62.98845403865012,50.677188651559845
31236,37th & O St NW / Georgetown University,outgoing_trips,Polynomial Regression,val,1.5188218927873778,2.3410279905096,0.6805980225552127,56.47873225762552,47.37654112423745
31236,37th & O St NW / Georgetown University,outgoing_trips,Random Forest,test,1.6630299791109466,2.535137971252647,0.64755050079281,59.0582156529179,50.8410861297434
31236,37th & O St NW / Georgetown University,outgoing_trips,Random Forest,val,1.5565029620237547,2.42910934156653,0.6561108163786215,54.77796614432763,48.55192497586616
31236,37th & O St NW / Georgetown University,outgoing_trips,Soft Two-Stage,test,1.6556742441056698,2.7126671469691037,0.5964598855158603,54.11977865050239,50.616211315910654
31236,37th & O St NW / Georgetown University,outgoing_trips,Soft Two-Stage,val,1.565811957769904,2.5923276400686346,0.6083445550079265,51.52962662587181,48.84230005005174
31236,37th & O St NW / Georgetown University,outgoing_trips,XGBoost,test,1.6579970412831158,2.69951789466438,0.6003626055041106,53.52294529026599,50.68722238176263
31236,37th & O St NW / Georgetown University,outgoing_trips,XGBoost,val,1.5684790599643563,2.593546738096196,0.607976099537617,51.59877631304405,48.92549484556928
31241,Thomas Circle,incoming_trips,GAM,test,1.2676694768290442,1.8102803995776773,0.4578234705901273,61.48235418442136,58.53506746557857
31241,Thomas Circle,incoming_trips,GAM,val,1.337700576464521,1.8638348634504407,0.5002233972510439,58.557346270055554,53.385242471319
31241,Thomas Circle,incoming_trips,HistGradientBoosting,test,1.1802649162780443,1.8179808762594187,0.4532010955593999,55.25929606633127,54.49913227729133
31241,Thomas Circle,incoming_trips,HistGradientBoosting,val,1.2727827727072478,1.8944319040340016,0.4836798710050877,53.39166070291782,50.794488789021074
31241,Thomas Circle,incoming_trips,LightGBM,test,1.179217769920051,1.8153619293642032,0.4547753759378521,55.42789931062438,54.45077993953148
31241,Thomas Circle,incoming_trips,LightGBM,val,1.271986183108045,1.891412535444762,0.4853243940210328,53.31633553533468,50.76269831987441
31241,Thomas Circle,incoming_trips,Linear Regression,test,1.247133120405843,1.8312326209648044,0.4452005178487375,59.15564983620667,57.58679425185711
31241,Thomas Circle,incoming_trips,Linear Regression,val,1.3234339706663285,1.881127566175651,0.4909064979990276,57.83678956166335,52.81588769702999
31241,Thomas Circle,incoming_trips,Naive (same hour last week),test,1.678159607261103,2.5444333128739136,-0.071102814892056,86.0281503605426,77.48958827560757
31241,Thomas Circle,incoming_trips,Naive (same hour last week),val,1.7742229306615052,2.615933103163709,0.0155031615930764,82.80784932625829,70.80607051981099
31241,Thomas Circle,incoming_trips,Poisson,test,1.3404306674069073,1.8727732319419577,0.4197443187578362,53.47697726916255,61.89484008549265
31241,Thomas Circle,incoming_trips,Poisson,val,1.4178328957186512,1.963087346787572,0.4455781903436919,52.746150228687725,56.58318031214519
31241,Thomas Circle,incoming_trips,Polynomial Regression,test,1.3481667278593448,2.3332402191733723,0.0993253846666482,64.80511258815199,62.252055297169065
31241,Thomas Circle,incoming_trips,Polynomial Regression,val,1.3977010093095217,2.4446509394299065,0.1402052827428385,61.99621802251656,55.77975265705892
31241,Thomas Circle,incoming_trips,Random Forest,test,1.2331526314667516,1.7928738918272331,0.4681997945434124,59.44480497864429,56.94124043975579
31241,Thomas Circle,incoming_trips,Random Forest,val,1.328430015648979,1.883698202867788,0.4895141536930003,58.38003746280134,53.0152709353189
31241,Thomas Circle,incoming_trips,Soft Two-Stage,test,1.1923595652301464,1.805209076493543,0.4608569244674647,54.4145066827159,55.05760678923957
31241,Thomas Circle,incoming_trips,Soft Two-Stage,val,1.284771055152447,1.8836689489529663,0.4895300093045649,53.31631982419459,51.27291974465622
31241,Thomas Circle,incoming_trips,XGBoost,test,1.2008407160162669,1.810396858981137,0.4577537094788445,53.41588507575079,55.44922679944373
31241,Thomas Circle,incoming_trips,XGBoost,val,1.2870570785894906,1.8909124818353524,0.4855964989884657,52.42731115639633,51.364150859921374
31241,Thomas Circle,outgoing_trips,GAM,test,1.5605565139472892,2.130424396888676,0.2819472846314842,81.92144877792423,69.77139760943447
31241,Thomas Circle,outgoing_trips,GAM,val,1.4901134642873062,2.055940494439096,0.4872055300896873,65.52231095401145,54.38917240923996
31241,Thomas Circle,outgoing_trips,HistGradientBoosting,test,1.1977451512197457,1.7750458896926562,0.5015251566227045,58.39868463405025,53.55035362938977
31241,Thomas Circle,outgoing_trips,HistGradientBoosting,val,1.3296644343966824,1.9556250487929807,0.5360262243362828,55.47655718735308,48.532779484295645
31241,Thomas Circle,outgoing_trips,LightGBM,test,1.1993956872090086,1.7751739462786398,0.5014532313958087,58.669915812245776,53.62414794683122
31241,Thomas Circle,outgoing_trips,LightGBM,val,1.3295047680634484,1.956568696312036,0.5355783538868262,55.57692753368168,48.52695165981493
31241,Thomas Circle,outgoing_trips,Linear Regression,test,1.2672862409443049,1.8166302125900775,0.4778958556198414,62.46845856110493,56.65948744031017
31241,Thomas Circle,outgoing_trips,Linear Regression,val,1.3708428570866464,1.9510168515804795,0.5382102458516531,58.324853447411726,50.03579276811709
31241,Thomas Circle,outgoing_trips,Naive (same hour last week),test,1.734216234729992,2.5775338572902964,-0.051072884956165,85.16603722661262,77.53560308304834
31241,Thomas Circle,outgoing_trips,Naive (same hour last week),val,1.905271547307298,2.784367807499873,0.0594639215803329,82.82979982456084,69.54245106595187
31241,Thomas Circle,outgoing_trips,Poisson,test,1.3830511835321502,1.8830460661130453,0.4390218262556066,58.71237663929029,61.83525760072536
31241,Thomas Circle,outgoing_trips,Poisson,val,1.4631204647479883,2.031874856864794,0.4991402132526703,53.67862592326021,53.40392736517301
31241,Thomas Circle,outgoing_trips,Polynomial Regression,test,1.5387352420330476,2.6181545987236388,-0.0844627776459563,70.61267546502745,68.79578370153368
31241,Thomas Circle,outgoing_trips,Polynomial Regression,val,1.481222043724994,2.2800742819234547,0.3693037572803583,62.55561731122822,54.0646353739626
31241,Thomas Circle,outgoing_trips,Random Forest,test,1.2794337639469329,1.803586537699544,0.4853665094740266,63.09261599903455,57.20259475479141
31241,Thomas Circle,outgoing_trips,Random Forest,val,1.381721316197592,1.9571486168753915,0.5353030069725315,57.92428733359712,50.43285675170781
31241,Thomas Circle,outgoing_trips,Soft Two-Stage,test,1.2119805074610417,1.7613385165232784,0.5091941396779351,57.36150082628448,54.186806517540006
31241,Thomas Circle,outgoing_trips,Soft Two-Stage,val,1.3396806104553534,1.9405378908200377,0.5431574930348784,53.83974003572693,48.898370118561154
31241,Thomas Circle,outgoing_trips,XGBoost,test,1.213250573903013,1.7589178138140398,0.5105422946555491,55.87913413285705,54.24359030583682
31241,Thomas Circle,outgoing_trips,XGBoost,val,1.344091865716634,1.955295719465876,0.536182478527824,53.330763482046514,49.059381027258425
31247,Jefferson Dr & 14th St SW,incoming_trips,GAM,test,1.89398030405378,3.0768142580222158,0.5240765561332471,84.14544545410425,69.9973564692281
31247,Jefferson Dr & 14th St SW,incoming_trips,GAM,val,1.9651207895234293,3.1676148833140765,0.5943034533333043,77.64216705907016,58.45974764389744
31247,Jefferson Dr & 14th St SW,incoming_trips,HistGradientBoosting,test,1.5339922271166069,2.8474318109236414,0.5923934025020046,72.39322633629112,56.6929869928876
31247,Jefferson Dr & 14th St SW,incoming_trips,HistGradientBoosting,val,1.7763476457391354,3.0996921027455664,0.6115155186511265,71.17169587407905,52.84399597793939
31247,Jefferson Dr & 14th St SW,incoming_trips,LightGBM,test,1.535301583023995,2.847322095794428,0.5924248130866376,72.3975584990105,56.74137791437626
31247,Jefferson Dr & 14th St SW,incoming_trips,LightGBM,val,1.779491686017141,3.107386880678451,0.6095843512410343,71.34371617316634,52.93752702306107
31247,Jefferson Dr & 14th St SW,incoming_trips,Linear Regression,test,1.6704877458555294,2.931598670693711,0.5679404868948876,76.4072115895455,61.73756188163959
31247,Jefferson Dr & 14th St SW,incoming_trips,Linear Regression,val,1.912239557563056,3.174754110445316,0.5924726602390658,76.37253119086242,56.88660084702724
31247,Jefferson Dr & 14th St SW,incoming_trips,Naive (same hour last week),test,2.485557712067588,4.576118533086937,-0.052759260215528,106.1704921054104,91.86075949367088
31247,Jefferson Dr & 14th St SW,incoming_trips,Naive (same hour last week),val,2.7320960947284525,4.784862654538167,0.0742888096298507,106.76612338841176,81.27624983064625
31247,Jefferson Dr & 14th St SW,incoming_trips,Poisson,test,2.072003940913108,3.3758698970309435,0.4270642243347474,77.2113162333387,76.5767194871642
31247,Jefferson Dr & 14th St SW,incoming_trips,Poisson,val,2.1675715819800274,3.379511495915652,0.5382101134279014,70.74562598956643,64.48239129024041
31247,Jefferson Dr & 14th St SW,incoming_trips,Polynomial Regression,test,1.9413527100700276,3.283119239284449,0.4581140984806863,79.70218958657541,71.74813665613236
31247,Jefferson Dr & 14th St SW,incoming_trips,Polynomial Regression,val,1.9993594246050308,3.406497567527538,0.5308056999089873,78.51082765412293,59.4783018097344
31247,Jefferson Dr & 14th St SW,incoming_trips,Random Forest,test,1.7546927539528088,2.94749870721615,0.5632410771269767,79.54843126489449,64.84959422731077
31247,Jefferson Dr & 14th St SW,incoming_trips,Random Forest,val,1.906561508018067,3.1079148922929813,0.6094516599997459,76.91744248720784,56.717686373535706
31247,Jefferson Dr & 14th St SW,incoming_trips,Soft Two-Stage,test,1.5804628944447316,2.845569997042161,0.5929262612812136,69.98762042201388,58.41044089637724
31247,Jefferson Dr & 14th St SW,incoming_trips,Soft Two-Stage,val,1.8011347241114273,3.0785731761449444,0.6167911562391362,68.72496952234751,53.581378816795365
31247,Jefferson Dr & 14th St SW,incoming_trips,XGBoost,test,1.6130671269898451,2.86170947799254,0.5882954909412801,68.22173244880183,59.61542179453188
31247,Jefferson Dr & 14th St SW,incoming_trips,XGBoost,val,1.7849134777316382,3.0836002884712523,0.6155386235474369,67.26119074701717,53.0988181646016
31247,Jefferson Dr & 14th St SW,outgoing_trips,GAM,test,1.6570773656761086,2.782723073021701,0.6005976072774912,75.31939881344123,64.23411509097645
31247,Jefferson Dr & 14th St SW,outgoing_trips,GAM,val,1.816752467174442,3.0429129294456825,0.6298538405205183,74.21270308809605,55.92113590521176
31247,Jefferson Dr & 14th St SW,outgoing_trips,HistGradientBoosting,test,1.3993419851586375,2.653027903219845,0.6369601327855572,68.11906062847012,54.24339019297445
31247,Jefferson Dr & 14th St SW,outgoing_trips,HistGradientBoosting,val,1.6990310332012508,3.030414031040845,0.632888378635334,69.82050685871776,52.29757329714231
31247,Jefferson Dr & 14th St SW,outgoing_trips,LightGBM,test,1.3940228620666717,2.6478785580721604,0.6383680360878604,67.97403407315717,54.03720237582748
31247,Jefferson Dr & 14th St SW,outgoing_trips,LightGBM,val,1.696534718636766,3.0284366529014504,0.6333673109874887,69.7006585284536,52.2207346806852
31247,Jefferson Dr & 14th St SW,outgoing_trips,Linear Regression,test,1.522626280612678,2.725598622044796,0.6168273643457888,72.99074675939228,59.02232072883009
31247,Jefferson Dr & 14th St SW,outgoing_trips,Linear Regression,val,1.8037797084081844,3.07373271356408,0.6223179061078173,76.53781340532286,55.52182371538896
31247,Jefferson Dr & 14th St SW,outgoing_trips,Naive (same hour last week),test,2.3342847357004226,4.392283761198235,0.0049349704107055,103.69748035508636,90.48504160028324
31247,Jefferson Dr & 14th St SW,outgoing_trips,Naive (same hour last week),val,2.6181259250825457,4.664357794290116,0.1302830974508423,108.14249588967104,80.58807037218757
31247,Jefferson Dr & 14th St SW,outgoing_trips,Poisson,test,1.8919033909977812,3.1083237065867384,0.5016629629128302,67.53979507926095,73.33679324548402
31247,Jefferson Dr & 14th St SW,outgoing_trips,Poisson,val,2.033981576872528,3.2543696469834837,0.576622320863941,67.47287334475655,62.6076266547677
31247,Jefferson Dr & 14th St SW,outgoing_trips,Polynomial Regression,test,1.8975125528818584,3.4363534406447904,0.3909312231048879,76.57412622957546,73.55422398075854
31247,Jefferson Dr & 14th St SW,outgoing_trips,Polynomial Regression,val,1.953723460107465,3.478675476902841,0.5162488306837508,74.81215873071535,60.13721577810285
31247,Jefferson Dr & 14th St SW,outgoing_trips,Random Forest,test,1.6218659112457805,2.736333827578463,0.6138030469135597,73.84390711562166,62.86919594884844
31247,Jefferson Dr & 14th St SW,outgoing_trips,Random Forest,val,1.816024330261155,3.0228952081533067,0.6347078151740342,73.55780490116018,55.89872325185296
31247,Jefferson Dr & 14th St SW,outgoing_trips,Soft Two-Stage,test,1.437416571610774,2.6411053531243,0.640215760289094,64.297678364623,55.71929434740116
31247,Jefferson Dr & 14th St SW,outgoing_trips,Soft Two-Stage,val,1.7212124600171794,3.004315324126328,0.6391844694633617,65.86887434859793,52.98033586714407
31247,Jefferson Dr & 14th St SW,outgoing_trips,XGBoost,test,1.4910554949542505,2.682648806094021,0.6288082395328485,62.93020751676055,57.79852664323013
31247,Jefferson Dr & 14th St SW,outgoing_trips,XGBoost,val,1.7188202334785263,3.016615299510728,0.6362239899375628,65.40407624896578,52.9067011657738
31248,Smithsonian-National Mall / Jefferson Dr & 12th St SW,incoming_trips,GAM,test,1.5868916027433222,2.643785146903256,0.5403834985240912,81.55785343432345,70.15031567794873
31248,Smithsonian-National Mall / Jefferson Dr & 12th St SW,incoming_trips,GAM,val,1.719626032286782,2.9097770854694294,0.5991451133476486,73.93880348418892,58.26283779491111
31248,Smithsonian-National Mall / Jefferson Dr & 12th St SW,incoming_trips,HistGradientBoosting,test,1.3315047895591643,2.5065786823134704,0.5868516909662531,70.82579973726294,58.86065636291874
31248,Smithsonian-National Mall / Jefferson Dr & 12th St SW,incoming_trips,HistGradientBoosting,val,1.588095553782616,2.9072838204705294,0.59983177025732,67.161897433048,53.80643925808246
31248,Smithsonian-National Mall / Jefferson Dr & 12th St SW,incoming_trips,LightGBM,test,1.3307643162864533,2.507274958405901,0.5866221308523066,70.75311330648086,58.827922914873554
31248,Smithsonian-National Mall / Jefferson Dr & 12th St SW,incoming_trips,LightGBM,val,1.5866426075340676,2.909366430573716,0.5992582501282175,67.11902166755782,53.757211827225696
31248,Smithsonian-National Mall / Jefferson Dr & 12th St SW,incoming_trips,Linear Regression,test,1.4448697483923676,2.565454360899805,0.5672153169338023,75.84912150189516,63.87208098399489
31248,Smithsonian-National Mall / Jefferson Dr & 12th St SW,incoming_trips,Linear Regression,val,1.6960682207341566,2.9297271475583915,0.593629574185878,73.14162126604205,57.464673003541634
31248,Smithsonian-National Mall / Jefferson Dr & 12th St SW,incoming_trips,Naive (same hour last week),test,2.086653727594474,3.945527599087837,-0.0236546586139667,106.00972940859003,92.242858584839
31248,Smithsonian-National Mall / Jefferson Dr & 12th St SW,incoming_trips,Naive (same hour last week),val,2.4685187293635438,4.519405449577466,0.0329913626905605,107.26479099204442,83.63615322300659
31248,Smithsonian-National Mall / Jefferson Dr & 12th St SW,incoming_trips,Poisson,test,1.7583598385560388,2.7831747721902365,0.4906406833126284,73.23797285396192,77.73026055270185
31248,Smithsonian-National Mall / Jefferson Dr & 12th St SW,incoming_trips,Poisson,val,1.9116453110617655,3.107361661740544,0.5428577625078079,67.79864949733185,64.76866399357901
31248,Smithsonian-National Mall / Jefferson Dr & 12th St SW,incoming_trips,Polynomial Regression,test,1.728573491901161,3.200957204973165,0.3262434010983821,78.70095222548518,76.41352183083815
31248,Smithsonian-National Mall / Jefferson Dr & 12th St SW,incoming_trips,Polynomial Regression,val,1.7962456531492847,3.0984750839860182,0.5454687370363839,72.87275613518335,60.85879555456609
31248,Smithsonian-National Mall / Jefferson Dr & 12th St SW,incoming_trips,Random Forest,test,1.4863028006738106,2.566171813529749,0.566973218745487,76.89942138661998,65.70367533613559
31248,Smithsonian-National Mall / Jefferson Dr & 12th St SW,incoming_trips,Random Forest,val,1.6908378757066245,2.904047593502833,0.6007221645331984,72.06916627306515,57.28746311125751
31248,Smithsonian-National Mall / Jefferson Dr & 12th St SW,incoming_trips,Soft Two-Stage,test,1.3626196578311938,2.4909749685634703,0.591979463310162,68.08930844040016,60.236123866677225
31248,Smithsonian-National Mall / Jefferson Dr & 12th St SW,incoming_trips,Soft Two-Stage,val,1.6087936764215232,2.891591379467794,0.6041400313022316,63.70596100520145,54.50771461640333
31248,Smithsonian-National Mall / Jefferson Dr & 12th St SW,incoming_trips,XGBoost,test,1.3617715219545687,2.506336770723192,0.5869314335590291,67.74579104099877,60.19863107297905
31248,Smithsonian-National Mall / Jefferson Dr & 12th St SW,incoming_trips,XGBoost,val,1.590561113265123,2.8964821946884656,0.6027997898645654,63.28075512559377,53.88997514873887
31248,Smithsonian-National Mall / Jefferson Dr & 12th St SW,outgoing_trips,GAM,test,1.7707036388064827,2.847206549705985,0.5285839256110995,90.0104228991101,80.69087546072515
31248,Smithsonian-National Mall / Jefferson Dr & 12th St SW,outgoing_trips,GAM,val,1.7680153600270354,2.975717941271392,0.6196857032259593,81.54459868637719,62.9014416782819
31248,Smithsonian-National Mall / Jefferson Dr & 12th St SW,outgoing_trips,HistGradientBoosting,test,1.271275489769781,2.5132483270170933,0.6326862016025013,68.43682349384086,57.93195991308211
31248,Smithsonian-National Mall / Jefferson Dr & 12th St SW,outgoing_trips,HistGradientBoosting,val,1.4980183364229938,2.8898967681773957,0.6413062714545943,68.0949848680187,53.29564162840018
31248,Smithsonian-National Mall / Jefferson Dr & 12th St SW,outgoing_trips,LightGBM,test,1.2656860505559848,2.5021051805396666,0.635936145231141,69.77548962771688,57.67724945018402
31248,Smithsonian-National Mall / Jefferson Dr & 12th St SW,outgoing_trips,LightGBM,val,1.4888455241175695,2.874974268448186,0.645001066059774,68.82943735557163,52.969296546055055
31248,Smithsonian-National Mall / Jefferson Dr & 12th St SW,outgoing_trips,Linear Regression,test,1.3915385090704488,2.573606523088509,0.6148315230404767,76.31445519824975,63.41233963346372
31248,Smithsonian-National Mall / Jefferson Dr & 12th St SW,outgoing_trips,Linear Regression,val,1.635068603021184,2.9358615661582284,0.6298052359100575,78.60173954940001,58.1715378147813
31248,Smithsonian-National Mall / Jefferson Dr & 12th St SW,outgoing_trips,Naive (same hour last week),test,1.9997716634318987,3.953029392072128,0.0912874502315104,102.47694265704676,91.12949378284168
31248,Smithsonian-National Mall / Jefferson Dr & 12th St SW,outgoing_trips,Naive (same hour last week),val,2.32597062507116,4.516255256220285,0.123975837842585,106.19925452951937,82.75205573783772
31248,Smithsonian-National Mall / Jefferson Dr & 12th St SW,outgoing_trips,Poisson,test,1.6512029850226642,2.756932161072521,0.5580037361155892,68.81651422721741,75.24523669847311
31248,Smithsonian-National Mall / Jefferson Dr & 12th St SW,outgoing_trips,Poisson,val,1.805936942126028,3.1112471928028,0.5842539225593264,66.74521507368611,64.25059408876291
31248,Smithsonian-National Mall / Jefferson Dr & 12th St SW,outgoing_trips,Polynomial Regression,test,1.662759441645009,2.913799642046263,0.5062742136403824,76.6463300384013,75.77186384354943
31248,Smithsonian-National Mall / Jefferson Dr & 12th St SW,outgoing_trips,Polynomial Regression,val,1.7409727906266244,3.0426740978655715,0.6023783715884516,75.92848148837983,61.9393365742036
31248,Smithsonian-National Mall / Jefferson Dr & 12th St SW,outgoing_trips,Random Forest,test,1.431461993288918,2.563380270566236,0.6178863836668845,75.64159039423653,65.23165079453531
31248,Smithsonian-National Mall / Jefferson Dr & 12th St SW,outgoing_trips,Random Forest,val,1.627180119467854,2.909714802979392,0.6363697773894463,74.15786919272772,57.89088584796112
31248,Smithsonian-National Mall / Jefferson Dr & 12th St SW,outgoing_trips,Soft Two-Stage,test,1.2883190385870782,2.48784347813232,0.6400745587694887,65.01687809345317,58.7086335725728
31248,Smithsonian-National Mall / Jefferson Dr & 12th St SW,outgoing_trips,Soft Two-Stage,val,1.5129772604358245,2.8557123900826737,0.649742005674028,64.39839023534898,53.827841691610345
31248,Smithsonian-National Mall / Jefferson Dr & 12th St SW,outgoing_trips,XGBoost,test,1.2831884952163617,2.5189284683623603,0.631024008512284,66.79077565755392,58.474834970085375
31248,Smithsonian-National Mall / Jefferson Dr & 12th St SW,outgoing_trips,XGBoost,val,1.4898993906110392,2.88122095055052,0.6434567220629642,65.98225682910574,53.00679040684068
31249,Jefferson Memorial,incoming_trips,GAM,test,1.323739136394979,2.4369490111679277,0.5975968846909967,73.5056407366647,67.98376485302622
31249,Jefferson Memorial,incoming_trips,GAM,val,1.433418067645805,2.590962013735189,0.6145176084847687,73.69570619254084,64.77521551828106
31249,Jefferson Memorial,incoming_trips,HistGradientBoosting,test,1.2058760110395497,2.4306733892130064,0.5996667500871588,71.50632491671715,61.93062433711765
31249,Jefferson Memorial,incoming_trips,HistGradientBoosting,val,1.3357944517310092,2.69164781304056,0.5839754863120384,71.49990010457721,60.3636688081573
31249,Jefferson Memorial,incoming_trips,LightGBM,test,1.1931007838129088,2.386573146146686,0.6140616385984652,69.85130866473926,61.27452222466883
31249,Jefferson Memorial,incoming_trips,LightGBM,val,1.2980605952732782,2.563717532435157,0.6225818340762852,68.95344127771854,58.65850076294095
31249,Jefferson Memorial,incoming_trips,Linear Regression,test,1.3200993434136397,2.447674888125378,0.5940468516918284,75.343074620047,67.79683464649703
31249,Jefferson Memorial,incoming_trips,Linear Regression,val,1.445839345104899,2.646353823471627,0.597859074760013,76.21685460836814,65.33652484079198
31249,Jefferson Memorial,incoming_trips,Naive (same hour last week),test,1.9896106861513871,3.971484728216272,-0.0687453622028084,111.49345972667108,102.18117854001758
31249,Jefferson Memorial,incoming_trips,Naive (same hour last week),val,2.077650005692816,4.084137315988384,0.0421817143590093,107.85934424127208,93.88763119983535
31249,Jefferson Memorial,incoming_trips,Poisson,test,1.5489725439551956,2.661688338431069,0.5199540024255498,66.40046980108552,79.55116102318122
31249,Jefferson Memorial,incoming_trips,Poisson,val,1.616699652291094,2.736744922837625,0.5699181698071207,65.55792596170883,73.05758924713253
31249,Jefferson Memorial,incoming_trips,Polynomial Regression,test,1.5018303579319634,2.973448206356632,0.40091395202713,73.65547533440339,77.13006218191772
31249,Jefferson Memorial,incoming_trips,Polynomial Regression,val,1.5726320032822056,3.188189217870707,0.4163256202749302,74.82519047281451,71.06620130082122
31249,Jefferson Memorial,incoming_trips,Random Forest,test,1.3798589485682062,2.3841291069187127,0.6148516965239235,71.50926362923849,70.86593099096406
31249,Jefferson Memorial,incoming_trips,Random Forest,val,1.450526260323966,2.529173980916247,0.6326839852844235,70.35816724025302,65.54832344322593
31249,Jefferson Memorial,incoming_trips,Soft Two-Stage,test,1.2366104717848596,2.368516660548557,0.619879460186505,63.02422530100231,63.50906550784864
31249,Jefferson Memorial,incoming_trips,Soft Two-Stage,val,1.3458489198002697,2.554107645590084,0.6254059737609965,63.13044761111249,60.81802357792636
31249,Jefferson Memorial,incoming_trips,XGBoost,test,1.2112374152236542,2.398811689150222,0.6100932422934902,67.21047245476419,62.20597197270003
31249,Jefferson Memorial,incoming_trips,XGBoost,val,1.3087988340666212,2.5770592289838867,0.6186434120047013,66.44266003792339,59.14375468001201
31249,Jefferson Memorial,outgoing_trips,GAM,test,1.4425785718529958,2.4423555423981806,0.5939830527818637,76.88492883610333,74.61642677961727
31249,Jefferson Memorial,outgoing_trips,GAM,val,1.4341126600181382,2.552281178428839,0.6360231322586619,71.38656186943327,64.77993979088309
31249,Jefferson Memorial,outgoing_trips,HistGradientBoosting,test,1.1546030198783612,2.3644115233501526,0.6194843493557864,68.29047299537126,59.72108096796129
31249,Jefferson Memorial,outgoing_trips,HistGradientBoosting,val,1.2953886337587075,2.653859169634434,0.6064748499701444,69.26497147489813,58.51367193120104
31249,Jefferson Memorial,outgoing_trips,LightGBM,test,1.1386918637505483,2.320760229537023,0.6334046631817776,67.34871261541329,58.89808689377026
31249,Jefferson Memorial,outgoing_trips,LightGBM,val,1.2429776553542324,2.530028005457067,0.6423424438977436,66.71634652436673,56.14622889825254
31249,Jefferson Memorial,outgoing_trips,Linear Regression,test,1.2531262418053202,2.3546961790626098,0.622604995127619,71.06825126780818,64.8171297506366
31249,Jefferson Memorial,outgoing_trips,Linear Regression,val,1.3442805533682085,2.566820914966549,0.6318643414468644,71.08876291957468,60.72215645048844
31249,Jefferson Memorial,outgoing_trips,Naive (same hour last week),test,1.9739696312364423,4.02112244697065,-0.1005784009023944,111.09525625440816,102.1022794378174
31249,Jefferson Memorial,outgoing_trips,Naive (same hour last week),val,2.097347147899351,4.17783277432175,0.0247435018374123,110.77534389278088,94.73873688541453
31249,Jefferson Memorial,outgoing_trips,Poisson,test,1.5163918534812757,2.6929379274970118,0.5063955396429629,64.80102856844616,78.43437017032298
31249,Jefferson Memorial,outgoing_trips,Poisson,val,1.6000040912899354,2.78603414397611,0.566299805618595,64.81639468538845,72.2733796225031
31249,Jefferson Memorial,outgoing_trips,Polynomial Regression,test,1.4658831456676722,2.988267387501061,0.3921935565366997,74.4680623762123,75.82184051554944
31249,Jefferson Memorial,outgoing_trips,Polynomial Regression,val,1.492614600279044,2.9811070855244672,0.5034398069742323,73.07844842658227,67.42251611937279
31249,Jefferson Memorial,outgoing_trips,Random Forest,test,1.300596485105434,2.318798829008889,0.6340240605913827,68.7632313171911,67.27249682909233
31249,Jefferson Memorial,outgoing_trips,Random Forest,val,1.3683579683713858,2.5054263235711423,0.6492642624009786,68.24978606247048,61.80975126623062
31249,Jefferson Memorial,outgoing_trips,Soft Two-Stage,test,1.1801401587693665,2.317037193376002,0.6345799271426075,60.8496749507968,61.04197266245944
31249,Jefferson Memorial,outgoing_trips,Soft Two-Stage,val,1.289936585450984,2.539299083968203,0.6397164281827525,60.506298797341294,58.26739883776996
31249,Jefferson Memorial,outgoing_trips,XGBoost,test,1.1678036949499857,2.3594988266195704,0.621063952507813,64.79520411214875,60.40387719420647
31249,Jefferson Memorial,outgoing_trips,XGBoost,val,1.2694257642848183,2.585699703325892,0.6264292030919402,65.01744926976895,57.34090972903497
31257,22nd & I St NW / Foggy Bottom,incoming_trips,GAM,test,1.40180541924343,2.042441193498674,0.4896519157412022,58.35179719110054,54.45938821588398
31257,22nd & I St NW / Foggy Bottom,incoming_trips,GAM,val,1.2321317266895708,1.7052173737121796,0.4442949806218291,59.9950004296992,59.71314327382057
31257,22nd & I St NW / Foggy Bottom,incoming_trips,HistGradientBoosting,test,1.327881336104372,2.0970341706790143,0.462004824371269,52.82382228044514,51.58747725955023
31257,22nd & I St NW / Foggy Bottom,incoming_trips,HistGradientBoosting,val,1.1276167402975803,1.691860809440377,0.4529662988045762,55.56148932199574,54.64800435928737
31257,22nd & I St NW / Foggy Bottom,incoming_trips,LightGBM,test,1.3282695283703567,2.0954619752807195,0.4628112170192194,52.87768809466481,51.60255832074848
31257,22nd & I St NW / Foggy Bottom,incoming_trips,LightGBM,val,1.1315487954869494,1.6960029831694308,0.450284420461752,55.73177461108734,54.838564645819545
31257,22nd & I St NW / Foggy Bottom,incoming_trips,Linear Regression,test,1.3665216634417996,1.99869718777373,0.5112785850111077,55.179783837131815,53.088633239096616
31257,22nd & I St NW / Foggy Bottom,incoming_trips,Linear Regression,val,1.1834108366294565,1.6875566114231202,0.4557461330673732,56.937788691593205,57.35196920000285
31257,22nd & I St NW / Foggy Bottom,incoming_trips,Naive (same hour last week),test,1.8134490238611716,2.7531132156388622,0.0727101436814646,84.30814743252058,70.45152133416127
31257,22nd & I St NW / Foggy Bottom,incoming_trips,Naive (same hour last week),val,1.5544802459296367,2.351377560440505,-0.0566461149263191,81.22136867509198,75.33520940241681
31257,22nd & I St NW / Foggy Bottom,incoming_trips,Poisson,test,1.5084913156563944,2.1964145036945397,0.4098043932351326,59.90622520197649,58.60407803528057
31257,22nd & I St NW / Foggy Bottom,incoming_trips,Poisson,val,1.2702509848523138,1.7675629335815608,0.4029171553545719,55.36129742778411,61.56052750625102
31257,22nd & I St NW / Foggy Bottom,incoming_trips,Polynomial Regression,test,1.5040617662515894,2.439730187519082,0.2717995105600891,60.732825856148665,58.43199241815697
31257,22nd & I St NW / Foggy Bottom,incoming_trips,Polynomial Regression,val,1.281881511905628,2.101472640433656,0.1560197141226259,61.93049510280797,62.12418098034062
31257,22nd & I St NW / Foggy Bottom,incoming_trips,Random Forest,test,1.3949997459259442,2.028445280185025,0.4966223141499366,58.659184832719056,54.19499145997225
31257,22nd & I St NW / Foggy Bottom,incoming_trips,Random Forest,val,1.1915205328987852,1.6810759468588834,0.4599182647456517,58.06425496327719,57.74499167052933
31257,22nd & I St NW / Foggy Bottom,incoming_trips,Soft Two-Stage,test,1.3556919886421452,2.105170489868293,0.4578219719271114,51.4348783976793,52.66790618520603
31257,22nd & I St NW / Foggy Bottom,incoming_trips,Soft Two-Stage,val,1.1522104995329907,1.6871835574011045,0.4559867337689289,54.203309953640975,55.83989856755645
31257,22nd & I St NW / Foggy Bottom,incoming_trips,XGBoost,test,1.3661960713927837,2.1013500305875983,0.4597880735144425,50.06273128016806,53.07598416273128
31257,22nd & I St NW / Foggy Bottom,incoming_trips,XGBoost,val,1.1441010309926554,1.6871370273755857,0.456016739516676,53.1167821498248,55.44688713352366
31257,22nd & I St NW / Foggy Bottom,outgoing_trips,GAM,test,1.4696805254803398,2.1151394194391453,0.521649272279008,67.17614531513331,58.06464466703788
31257,22nd & I St NW / Foggy Bottom,outgoing_trips,GAM,val,1.2084530017383843,1.7107235023799263,0.5063342451493502,63.22716684471653,60.29222173522057
31257,22nd & I St NW / Foggy Bottom,outgoing_trips,HistGradientBoosting,test,1.256546366887689,2.0286022225168887,0.5599903162579529,53.50720856631879,49.64406688123261
31257,22nd & I St NW / Foggy Bottom,outgoing_trips,HistGradientBoosting,val,1.060537068853521,1.6641800775098494,0.5328310230219708,55.138201109430895,52.91238965996634
31257,22nd & I St NW / Foggy Bottom,outgoing_trips,LightGBM,test,1.2540365753750364,2.0227351215727274,0.5625318179796281,53.78192603405923,49.544909173251895
31257,22nd & I St NW / Foggy Bottom,outgoing_trips,LightGBM,val,1.0631131878953035,1.6645355674049604,0.5326314153105143,55.38417802053266,53.04091757148631
31257,22nd & I St NW / Foggy Bottom,outgoing_trips,Linear Regression,test,1.3072707265537469,1.967893287608261,0.5859321327934846,56.82376456927001,51.64810236303232
31257,22nd & I St NW / Foggy Bottom,outgoing_trips,Linear Regression,val,1.1175560618244735,1.656499834884469,0.537133071628054,58.55442635152727,55.75718524769571
31257,22nd & I St NW / Foggy Bottom,outgoing_trips,Naive (same hour last week),test,1.7779426875214066,2.7933957310077924,0.1656786237441875,83.85446560121372,70.24357239512855
31257,22nd & I St NW / Foggy Bottom,outgoing_trips,Naive (same hour last week),val,1.5229420471365138,2.35788120566529,0.062184946900561,85.4516061193402,75.98273119745512
31257,22nd & I St NW / Foggy Bottom,outgoing_trips,Poisson,test,1.4613104624452036,2.274123651195188,0.4470363406377085,57.32505297838727,57.73395733223968
31257,22nd & I St NW / Foggy Bottom,outgoing_trips,Poisson,val,1.1872206748928544,1.733150787691485,0.4933056569856391,53.469421734888186,59.23289699831823
31257,22nd & I St NW / Foggy Bottom,outgoing_trips,Polynomial Regression,test,1.459891749946837,2.828461529649108,0.1446004980541839,63.47398290344817,57.67790634995193
31257,22nd & I St NW / Foggy Bottom,outgoing_trips,Polynomial Regression,val,1.1984735977738088,2.2169450937234885,0.170945210937872,63.78219300595988,59.79432861422042
31257,22nd & I St NW / Foggy Bottom,outgoing_trips,Random Forest,test,1.305483195610511,1.9623341422451892,0.5882682474455284,57.73847348427634,51.57747997452623
31257,22nd & I St NW / Foggy Bottom,outgoing_trips,Random Forest,val,1.1128704477120344,1.649400439587734,0.5410920621766001,58.98898954790822,55.52341026047942
31257,22nd & I St NW / Foggy Bottom,outgoing_trips,Soft Two-Stage,test,1.2876972228763772,2.039443639119748,0.5552746798254288,51.71310228952678,50.874785634524976
31257,22nd & I St NW / Foggy Bottom,outgoing_trips,Soft Two-Stage,val,1.0860251176893474,1.6570101752225606,0.5368478243283719,53.38205470175754,54.184041176241415
31257,22nd & I St NW / Foggy Bottom,outgoing_trips,XGBoost,test,1.310201650019404,2.0510349994185955,0.550205041526507,50.22679595642632,51.76389829733856
31257,22nd & I St NW / Foggy Bottom,outgoing_trips,XGBoost,val,1.0801166354865144,1.6609569649527776,0.5346388563108575,53.18328788801582,53.88925476867789
31258,Lincoln Memorial,incoming_trips,GAM,test,1.9550569280314023,3.107127571429539,0.5706716557571562,81.56247509334331,67.05961635583903
31258,Lincoln Memorial,incoming_trips,GAM,val,2.0853759484688115,3.3994174939740893,0.6220740063254252,77.22152493604196,58.02584177222103
31258,Lincoln Memorial,incoming_trips,HistGradientBoosting,test,1.623126923821053,2.924641011039001,0.6196210079166331,71.58099973380122,55.67421963404059
31258,Lincoln Memorial,incoming_trips,HistGradientBoosting,val,1.9058124049411644,3.3765460604690367,0.6271423050075084,69.42520412997914,53.02946412988515
31258,Lincoln Memorial,incoming_trips,LightGBM,test,1.624177673299653,2.928989031866115,0.6184891594710922,71.63633602657771,55.71026096660267
31258,Lincoln Memorial,incoming_trips,LightGBM,val,1.910510296714513,3.387926326119785,0.6246247203585039,69.48731516562341,53.160183545203765
31258,Lincoln Memorial,incoming_trips,Linear Regression,test,1.7648535082141643,3.0158959140236163,0.595513445521314,76.50251364692583,60.53552583978645
31258,Lincoln Memorial,incoming_trips,Linear Regression,val,2.048231140839509,3.435245729064962,0.614065707164729,77.41386313254581,56.99228293994426
31258,Lincoln Memorial,incoming_trips,Naive (same hour last week),test,2.5453818929101497,4.534715957847665,0.0855255615259913,105.20363584587209,87.30811403508771
31258,Lincoln Memorial,incoming_trips,Naive (same hour last week),val,2.906637823067289,5.143184921123323,0.134908524553273,108.3486807118043,80.87755425312847
31258,Lincoln Memorial,incoming_trips,Poisson,test,2.14771885728652,3.2433275528324947,0.5322077579847836,72.81691821805488,73.66803520900935
31258,Lincoln Memorial,incoming_trips,Poisson,val,2.337166385735961,3.664316580155943,0.5608794831924486,72.05754940313986,65.0319415996165
31258,Lincoln Memorial,incoming_trips,Polynomial Regression,test,2.0689435601467983,4.557556936755607,0.0762901007760159,81.63665270742933,70.96599562705907
31258,Lincoln Memorial,incoming_trips,Polynomial Regression,val,2.151666269234572,4.324406597986634,0.3884234901460123,75.9155064376892,59.87037808549736
31258,Lincoln Memorial,incoming_trips,Random Forest,test,1.8497627602699835,2.992250106822794,0.6018312475850849,75.30529078906125,63.447963726522495
31258,Lincoln Memorial,incoming_trips,Random Forest,val,2.037892542346979,3.374403093168457,0.6276154324455563,73.44787740642035,56.70461016769688
31258,Lincoln Memorial,incoming_trips,Soft Two-Stage,test,1.6649271628023143,2.8944727098503065,0.6274279164623408,67.94718099874025,57.10799271219248
31258,Lincoln Memorial,incoming_trips,Soft Two-Stage,val,1.9412693608437532,3.3430121869039544,0.6345115364935735,66.15665596413437,54.01605828066114
31258,Lincoln Memorial,incoming_trips,XGBoost,test,1.7678948750248396,2.9918695482227333,0.6019325204746615,66.95738561972587,60.63984653173
31258,Lincoln Memorial,incoming_trips,XGBoost,val,1.9225013876900017,3.36710348268431,0.6292247968901825,64.82968142733554,53.49383712365368
31258,Lincoln Memorial,outgoing_trips,GAM,test,1.81634288408082,2.9520615984993857,0.628268444797191,79.76428679530126,62.79096705081068
31258,Lincoln Memorial,outgoing_trips,GAM,val,2.0054606751375896,3.3401311237791766,0.6505819425822392,75.11070084128413,54.757860881442
31258,Lincoln Memorial,outgoing_trips,HistGradientBoosting,test,1.525016227371157,2.8012221597461693,0.6652861336060922,68.78947181903331,52.71980556318413
31258,Lincoln Memorial,outgoing_trips,HistGradientBoosting,val,1.870076368599976,3.3520750173027185,0.6480785235730142,68.66441349514223,51.061276293759406
31258,Lincoln Memorial,outgoing_trips,LightGBM,test,1.52143973249532,2.7972662885617083,0.6662308284076909,69.03749886876646,52.596166148030576
31258,Lincoln Memorial,outgoing_trips,LightGBM,val,1.8671363248103847,3.3434282951337533,0.6498917542012133,68.94249728817408,50.98100022013124
31258,Lincoln Memorial,outgoing_trips,Linear Regression,test,1.6360794310065148,2.858587934944669,0.6514366581787949,74.72706830824718,56.55926011834891
31258,Lincoln Memorial,outgoing_trips,Linear Regression,val,1.9708302379186904,3.369624843904232,0.6443838994749778,75.54213084380049,53.81229825485702
31258,Lincoln Memorial,outgoing_trips,Naive (same hour last week),test,2.559310423564334,4.64441741057857,0.0798871693695729,108.32592604655626,88.47535225164779
31258,Lincoln Memorial,outgoing_trips,Naive (same hour last week),val,2.995104178526699,5.301756211192597,0.1196450305978532,110.27762448293176,81.77946342524947
31258,Lincoln Memorial,outgoing_trips,Poisson,test,2.059602887920415,3.1218026353680166,0.5842909456541056,69.06925040972753,71.20046451945737
31258,Lincoln Memorial,outgoing_trips,Poisson,val,2.2987615241185253,3.638832956782208,0.585291868231796,69.37568156781762,62.766258794208376
31258,Lincoln Memorial,outgoing_trips,Polynomial Regression,test,1.971946054305252,3.718830786529967,0.4100822915876007,75.19280672992647,68.17016809274857
31258,Lincoln Memorial,outgoing_trips,Polynomial Regression,val,2.073416638821601,3.569587963719887,0.6009250301801682,70.8238235362874,56.61335635517805
31258,Lincoln Memorial,outgoing_trips,Random Forest,test,1.7458415993120886,2.8720607827709954,0.6481432785868533,75.35991031230127,60.35373788678449
31258,Lincoln Memorial,outgoing_trips,Random Forest,val,2.008850129389689,3.351789316836597,0.648138510204936,72.24010991468549,54.8504078292338
31258,Lincoln Memorial,outgoing_trips,Soft Two-Stage,test,1.5602256091337614,2.7760935775979028,0.6712643525123216,66.11093555685336,53.93699376564951
31258,Lincoln Memorial,outgoing_trips,Soft Two-Stage,val,1.902166831440249,3.318286334390434,0.6551374545785933,66.02384084654793,51.93748649404578
31258,Lincoln Memorial,outgoing_trips,XGBoost,test,1.5865193044606036,2.7985146688562788,0.6659328490300365,64.60274165956419,54.845966719700144
31258,Lincoln Memorial,outgoing_trips,XGBoost,val,1.889251378640341,3.332892983914176,0.6520946954227501,64.71378864842488,51.58483805949612
31265,5th St & Massachusetts Ave NW,incoming_trips,GAM,test,1.3118302960011412,1.9067649105334816,0.5747884264548053,58.03971794305794,54.64295968553356
31265,5th St & Massachusetts Ave NW,incoming_trips,GAM,val,1.3152056812537043,1.9246696210458445,0.6067222715271333,57.39455278332733,52.84528797498187
31265,5th St & Massachusetts Ave NW,incoming_trips,HistGradientBoosting,test,1.2399529776624962,1.9254662436762828,0.5664066699850605,55.55162949772373,51.64898293392527
31265,5th St & Massachusetts Ave NW,incoming_trips,HistGradientBoosting,val,1.2354771757181375,1.9430501822323971,0.5991748129026905,54.27236504164251,49.64177699955352
31265,5th St & Massachusetts Ave NW,incoming_trips,LightGBM,test,1.2404637617565526,1.92135989630726,0.5682541043500748,55.65457999357988,51.670259127000406
31265,5th St & Massachusetts Ave NW,incoming_trips,LightGBM,val,1.2362644698331526,1.9393315118738907,0.6007075684000456,54.267411278896205,49.67341067086591
31265,5th St & Massachusetts Ave NW,incoming_trips,Linear Regression,test,1.2843429785820113,1.9179938692622305,0.5697655290185897,57.27284516237099,53.498003373596326
31265,5th St & Massachusetts Ave NW,incoming_trips,Linear Regression,val,1.305172725189838,1.951761974108918,0.5955725037767353,57.14830383211012,52.44216133099569
31265,5th St & Massachusetts Ave NW,incoming_trips,Naive (same hour last week),test,1.7263386231304942,2.6871124138721725,0.1555334626236068,83.2540682168951,71.90888339357048
31265,5th St & Massachusetts Ave NW,incoming_trips,Naive (same hour last week),val,1.7931230786747123,2.7931659740316164,0.1717137429195916,83.90585558110784,72.04812662976349
31265,5th St & Massachusetts Ave NW,incoming_trips,Poisson,test,1.3758989821007284,2.0195457855139947,0.5230002168365202,51.74024499465975,57.31167578571562
31265,5th St & Massachusetts Ave NW,incoming_trips,Poisson,val,1.4003189450511675,2.055095609497916,0.5516150442448999,51.86013429978681,56.26515986268541
31265,5th St & Massachusetts Ave NW,incoming_trips,Polynomial Regression,test,1.3512920301815483,1.990007615158485,0.5368515114673105,62.57019363920279,56.28669817557629
31265,5th St & Massachusetts Ave NW,incoming_trips,Polynomial Regression,val,1.323941793618303,1.9598374113591643,0.5922189336997893,59.733415267612,53.19630711994857
31265,5th St & Massachusetts Ave NW,incoming_trips,Random Forest,test,1.2831703734858837,1.8943969662724212,0.5802866786803296,58.33859176672317,53.44915969832059
31265,5th St & Massachusetts Ave NW,incoming_trips,Random Forest,val,1.2731396811914482,1.893175531302671,0.6194876689577187,56.878482571938,51.15506573907539
31265,5th St & Massachusetts Ave NW,incoming_trips,Soft Two-Stage,test,1.2550863840136277,1.9146295236855904,0.5712735504703911,54.14432526792985,52.279349617535495
31265,5th St & Massachusetts Ave NW,incoming_trips,Soft Two-Stage,val,1.2543145409404215,1.9329130301246111,0.603346220035079,53.19058809012255,50.39866697049143
31265,5th St & Massachusetts Ave NW,incoming_trips,XGBoost,test,1.253525860654902,1.9176425232113024,0.5699231388416546,53.06904307807818,52.21434760070519
31265,5th St & Massachusetts Ave NW,incoming_trips,XGBoost,val,1.2449216716545146,1.931405868036702,0.6039645494253356,51.90323338764128,50.02125917078366
31265,5th St & Massachusetts Ave NW,outgoing_trips,GAM,test,1.2948193746535108,1.8164159524219343,0.5330490898768676,60.95557270995905,54.72026875706892
31265,5th St & Massachusetts Ave NW,outgoing_trips,GAM,val,1.2976222370083972,1.8391600100965244,0.5665779450403876,57.63648756396043,53.00198161951706
31265,5th St & Massachusetts Ave NW,outgoing_trips,HistGradientBoosting,test,1.2137243108563167,1.837466224752751,0.5221634774085366,55.6373672798456,51.293116080239685
31265,5th St & Massachusetts Ave NW,outgoing_trips,HistGradientBoosting,val,1.2191745822310005,1.8481334491070176,0.5623382111877755,53.80783496187399,49.7977508056312
31265,5th St & Massachusetts Ave NW,outgoing_trips,LightGBM,test,1.2178049926270762,1.8430644456246696,0.5192473863470439,55.80554859229867,51.46556947997954
31265,5th St & Massachusetts Ave NW,outgoing_trips,LightGBM,val,1.220266692886662,1.8543438892763344,0.5593918446901653,53.90354952722888,49.842358571471664
31265,5th St & Massachusetts Ave NW,outgoing_trips,Linear Regression,test,1.2502706852818612,1.822456671836503,0.529938117686767,57.91061302339083,52.83759978955816
31265,5th St & Massachusetts Ave NW,outgoing_trips,Linear Regression,val,1.2815715811499082,1.8550336838939236,0.5590639813797739,55.7370451870929,52.34638514272262
31265,5th St & Massachusetts Ave NW,outgoing_trips,Naive (same hour last week),test,1.7310195227765726,2.583064624915619,0.0556974661260216,84.29819476121233,73.1544919424877
31265,5th St & Massachusetts Ave NW,outgoing_trips,Naive (same hour last week),val,1.7852669930547649,2.656809364889825,0.0955329224444944,82.19284802078256,72.92005766637213
31265,5th St & Massachusetts Ave NW,outgoing_trips,Poisson,test,1.355275741610929,1.9052830927677191,0.4862407684096717,53.21544335596416,57.27521094649294
31265,5th St & Massachusetts Ave NW,outgoing_trips,Poisson,val,1.3853195980855038,1.9518642090926328,0.5118298979526619,52.04269520937782,56.58402097374775
31265,5th St & Massachusetts Ave NW,outgoing_trips,Polynomial Regression,test,1.2901878118744283,2.1338499966714664,0.3555809289075744,59.59715446741699,54.524534614533046
31265,5th St & Massachusetts Ave NW,outgoing_trips,Polynomial Regression,val,1.295539999625172,1.9869660928366557,0.494113734836602,58.61899851338599,52.916931668641055
31265,5th St & Massachusetts Ave NW,outgoing_trips,Random Forest,test,1.276820889394644,1.833709273817104,0.5241154840054363,59.45368302119846,53.959636061988256
31265,5th St & Massachusetts Ave NW,outgoing_trips,Random Forest,val,1.2628823588285654,1.8250414830680424,0.5732068335285094,56.96441748925653,51.58301519597865
31265,5th St & Massachusetts Ave NW,outgoing_trips,Soft Two-Stage,test,1.238164704944438,1.8407468776780256,0.5204556743561688,54.148572391888,52.32598982248544
31265,5th St & Massachusetts Ave NW,outgoing_trips,Soft Two-Stage,val,1.233096804094218,1.842872457818812,0.5648264055358969,51.96902916450289,50.36641040952201
31265,5th St & Massachusetts Ave NW,outgoing_trips,XGBoost,test,1.239957179611827,1.8450968183102536,0.5181865366341609,53.36220974580779,52.40174146588822
31265,5th St & Massachusetts Ave NW,outgoing_trips,XGBoost,val,1.2341142665834508,1.8451292700660116,0.5637599112762541,51.55664000424254,50.40796913641096
31266,11th & M St NW,incoming_trips,GAM,test,1.4573692075643911,2.156893626015161,0.6072277340462852,51.71198754726063,46.043488995298304
31266,11th & M St NW,incoming_trips,GAM,val,1.4980621499693962,2.1803961903793456,0.6416022245386159,52.8375251907571,44.02998314486901
31266,11th & M St NW,incoming_trips,HistGradientBoosting,test,1.4082996535268704,2.1498134677104965,0.6098021081849292,48.900692151801614,44.49320684331936
31266,11th & M St NW,incoming_trips,HistGradientBoosting,val,1.4661513111461228,2.2282408496800232,0.6257009371141999,49.071419821620346,43.09208234044908
31266,11th & M St NW,incoming_trips,LightGBM,test,1.401587516603141,2.13774827435999,0.6141695591056323,48.87361859326982,44.28114650817671
31266,11th & M St NW,incoming_trips,LightGBM,val,1.4600053731880973,2.216861990782429,0.6295140090750974,49.08047603640599,42.911445278958126
31266,11th & M St NW,incoming_trips,Linear Regression,test,1.458427561782506,2.134156182279374,0.6154651036565879,52.51884443735332,46.076926178231744
31266,11th & M St NW,incoming_trips,Linear Regression,val,1.5091790667125409,2.1847582485797,0.6401667828807198,53.32965727481059,44.35672369887978
31266,11th & M St NW,incoming_trips,Naive (same hour last week),test,1.9683753853179584,2.98071971730131,0.2498888155622967,77.86694591823418,62.18799596017891
31266,11th & M St NW,incoming_trips,Naive (same hour last week),val,2.0442901058863714,3.077373323804496,0.2860712920109564,77.75717797532901,60.0843288826423
31266,11th & M St NW,incoming_trips,Poisson,test,1.630821504581386,2.367062851850651,0.5269544736276726,50.26602178249392,51.52346544015424
31266,11th & M St NW,incoming_trips,Poisson,val,1.726882517722133,2.5235278463367834,0.5199232440621235,52.30931034046834,50.75530955109424
31266,11th & M St NW,incoming_trips,Polynomial Regression,test,1.5307534610053113,2.247265677077492,0.5736245431866976,55.74096952858096,48.36195918678951
31266,11th & M St NW,incoming_trips,Polynomial Regression,val,1.5349331442503624,2.2540772019977187,0.6169706536724076,54.0411333640769,45.11366933022432
31266,11th & M St NW,incoming_trips,Random Forest,test,1.4608022489639312,2.145645998240631,0.6113134594444486,52.34336961673238,46.15195101239025
31266,11th & M St NW,incoming_trips,Random Forest,val,1.5127062165270728,2.1937259464673664,0.6372067316231362,53.141247121863785,44.46039119150447
31266,11th & M St NW,incoming_trips,Soft Two-Stage,test,1.4250419149190865,2.1404932728078974,0.6131780635670938,49.14561500438758,45.022154569240655
31266,11th & M St NW,incoming_trips,Soft Two-Stage,val,1.479560007118525,2.215235037650641,0.6300576082364087,49.19044774496975,43.4861812486096
31266,11th & M St NW,incoming_trips,XGBoost,test,1.4305163760479709,2.1560032501938933,0.6075519435878868,47.1344856303796,45.19511231353404
31266,11th & M St NW,incoming_trips,XGBoost,val,1.503180513150745,2.2491269622111725,0.6186511685047179,47.9817017287228,44.18041845531906
31266,11th & M St NW,outgoing_trips,GAM,test,1.5202019123955963,2.12721432205856,0.5625772952820063,54.92598696610004,47.30345145714956
31266,11th & M St NW,outgoing_trips,GAM,val,1.535365076408152,2.177985589367661,0.5862148738142066,52.88491572524069,44.63347388903055
31266,11th & M St NW,outgoing_trips,HistGradientBoosting,test,1.467665126964648,2.144752021357083,0.5553349493222914,51.06924761914249,45.66868750962149
31266,11th & M St NW,outgoing_trips,HistGradientBoosting,val,1.508703888079383,2.2120327502071606,0.5731768398328009,50.3672728021869,43.85842600536597
31266,11th & M St NW,outgoing_trips,LightGBM,test,1.45896028414294,2.130821864858798,0.5610923868778868,50.9855538150011,45.39782276033967
31266,11th & M St NW,outgoing_trips,LightGBM,val,1.5004328795536486,2.197398349933535,0.5788057246532099,50.195710557151415,43.61798557283188
31266,11th & M St NW,outgoing_trips,Linear Regression,test,1.5017050080545669,2.134768873721629,0.5594648677129291,53.34396309970065,46.727891454580806
31266,11th & M St NW,outgoing_trips,Linear Regression,val,1.5342294821852216,2.1667212869044192,0.590483908234336,52.87281831220866,44.60046186089697
31266,11th & M St NW,outgoing_trips,Naive (same hour last week),test,2.061993378239525,3.0154869125541506,0.1209901922706934,78.31920492688691,64.16213719847951
31266,11th & M St NW,outgoing_trips,Naive (same hour last week),val,2.0803825572127974,3.013612896389668,0.2077909431073571,78.20107193244993,60.47727799291695
31266,11th & M St NW,outgoing_trips,Poisson,test,1.6438488697814966,2.276662229291146,0.4989558106660937,53.63230597951271,51.15091921708099
31266,11th & M St NW,outgoing_trips,Poisson,val,1.689939194706105,2.3669851621813125,0.511284691891505,53.92458653959058,49.126984897572974
31266,11th & M St NW,outgoing_trips,Polynomial Regression,test,1.5539673954687103,2.606478977111944,0.3432693617135711,56.534971400749015,48.35411708021753
31266,11th & M St NW,outgoing_trips,Polynomial Regression,val,1.5644675233566905,2.3294877936027687,0.5266463285678435,54.82489714581588,45.47948981445673
31266,11th & M St NW,outgoing_trips,Random Forest,test,1.4899032106201344,2.099553167579879,0.5738793520771521,53.46372472279298,46.36066013649422
31266,11th & M St NW,outgoing_trips,Random Forest,val,1.5381840298238867,2.153503853112849,0.5954649294916698,53.55826478198319,44.71542161964452
31266,11th & M St NW,outgoing_trips,Soft Two-Stage,test,1.47227201760647,2.12925775642147,0.5617365018584177,50.38258664197882,45.812038090927096
31266,11th & M St NW,outgoing_trips,Soft Two-Stage,val,1.5106381884927078,2.192849297911164,0.5805478315256744,49.29661705072736,43.9146566363203
31266,11th & M St NW,outgoing_trips,XGBoost,test,1.4796088908140272,2.137005213468177,0.5585413932622929,49.16643887577378,46.04033633393749
31266,11th & M St NW,outgoing_trips,XGBoost,val,1.5231707979118092,2.201886754852266,0.577083304851848,48.405365936355736,44.2789829479344
31271,Constitution Ave & 2nd St NW/DOL,incoming_trips,GAM,test,1.5266827372665652,2.2595302859988493,0.2979026947648545,84.40087665185072,86.46200760195167
31271,Constitution Ave & 2nd St NW/DOL,incoming_trips,GAM,val,1.454005253787291,2.2317960586862395,0.4269736513652542,75.03257271151035,75.25798894462713
31271,Constitution Ave & 2nd St NW/DOL,incoming_trips,HistGradientBoosting,test,1.1602088415997316,2.063498446635178,0.4144428814389822,71.59734887880404,65.70715921099217
31271,Constitution Ave & 2nd St NW/DOL,incoming_trips,HistGradientBoosting,val,1.2934407247970374,2.314584581229184,0.3836722945143647,72.38010628729816,66.94731502087559
31271,Constitution Ave & 2nd St NW/DOL,incoming_trips,LightGBM,test,1.1153411445464865,1.98991925269674,0.4554573754203777,65.88484736634854,63.16612624520028
31271,Constitution Ave & 2nd St NW/DOL,incoming_trips,LightGBM,val,1.2155372661792636,2.1816393071043243,0.4524402973800524,65.12939212964537,62.9151028867492
31271,Constitution Ave & 2nd St NW/DOL,incoming_trips,Linear Regression,test,1.1986587990079542,1.981278925318876,0.460175970722911,68.50951048119343,67.88473050892713
31271,Constitution Ave & 2nd St NW/DOL,incoming_trips,Linear Regression,val,1.31438877852295,2.158616674121641,0.4639360104090135,69.16137377979199,68.03156722120967
31271,Constitution Ave & 2nd St NW/DOL,incoming_trips,Naive (same hour last week),test,1.56364881835826,2.783959074962344,-0.0658268726765936,96.25823218338134,88.55554118712014
31271,Constitution Ave & 2nd St NW/DOL,incoming_trips,Naive (same hour last week),val,1.7800296026414664,3.166846934031778,-0.1537712818407464,102.13331489702423,92.13271259355297
31271,Constitution Ave & 2nd St NW/DOL,incoming_trips,Poisson,test,1.348892356958236,2.0592643713200465,0.4168434156628344,63.08249000199031,76.39304380316301
31271,Constitution Ave & 2nd St NW/DOL,incoming_trips,Poisson,val,1.435230408956159,2.234629427808428,0.4255177604732826,63.59085260451312,74.28622005929604
31271,Constitution Ave & 2nd St NW/DOL,incoming_trips,Polynomial Regression,test,1.2992427999708442,2.242637242422644,0.3083617035098837,70.48996020235585,73.58119542832422
31271,Constitution Ave & 2nd St NW/DOL,incoming_trips,Polynomial Regression,val,1.3417739933857178,2.3525298217213253,0.3632985274862387,71.23509360633167,69.44900102484979
31271,Constitution Ave & 2nd St NW/DOL,incoming_trips,Random Forest,test,1.2919613543067416,2.03868701941735,0.4284396573885775,73.02836283655192,73.16881871442358
31271,Constitution Ave & 2nd St NW/DOL,incoming_trips,Random Forest,val,1.3501114229576632,2.172035348083215,0.4572505939110275,70.93981091278741,69.88053879331224
31271,Constitution Ave & 2nd St NW/DOL,incoming_trips,Soft Two-Stage,test,1.1574958988024526,1.973542290353666,0.4643836238877714,61.89801011195407,65.55351466190794
31271,Constitution Ave & 2nd St NW/DOL,incoming_trips,Soft Two-Stage,val,1.244279951499636,2.1472970047926987,0.4695434504567993,60.76591263575381,64.40279812612
31271,Constitution Ave & 2nd St NW/DOL,incoming_trips,XGBoost,test,1.123413652234351,1.9896877421919283,0.4555840740331935,63.7420349754464,63.623303891896285
31271,Constitution Ave & 2nd St NW/DOL,incoming_trips,XGBoost,val,1.2218984197302352,2.1791490211060305,0.4536896349860129,62.76872392224728,63.24435040656879
31271,Constitution Ave & 2nd St NW/DOL,outgoing_trips,GAM,test,1.4669323429067975,2.2549349139784103,0.391184523998486,82.83898972505031,84.01791925404198
31271,Constitution Ave & 2nd St NW/DOL,outgoing_trips,GAM,val,1.3642544106548236,2.207039611724288,0.4918022268760368,73.19532087173175,71.17461531797633
31271,Constitution Ave & 2nd St NW/DOL,outgoing_trips,HistGradientBoosting,test,1.0978502826493093,2.077579466817663,0.4831875700216359,70.57442343489609,62.87890293418754
31271,Constitution Ave & 2nd St NW/DOL,outgoing_trips,HistGradientBoosting,val,1.2136716485859125,2.3035532761922557,0.4463835019204984,70.84999875169217,63.31855117035977
31271,Constitution Ave & 2nd St NW/DOL,outgoing_trips,LightGBM,test,1.0555660950541244,2.0138156831324534,0.5144241276677015,65.74531917647191,60.457094269136704
31271,Constitution Ave & 2nd St NW/DOL,outgoing_trips,LightGBM,val,1.1319365709698943,2.166191518203822,0.5104396868820512,65.00886920646238,59.05434453714631
31271,Constitution Ave & 2nd St NW/DOL,outgoing_trips,Linear Regression,test,1.1345849096884746,1.9880587652189696,0.5267658285016938,68.62968231283723,64.98286290434415
31271,Constitution Ave & 2nd St NW/DOL,outgoing_trips,Linear Regression,val,1.2324622040851794,2.140244322920445,0.5220976023957277,69.871283322607,64.29887459744657
31271,Constitution Ave & 2nd St NW/DOL,outgoing_trips,Naive (same hour last week),test,1.5724397762301632,2.944379161960837,-0.0380185927051801,95.18062021721578,90.0608121362715
31271,Constitution Ave & 2nd St NW/DOL,outgoing_trips,Naive (same hour last week),val,1.6939542297620402,3.18602350255806,-0.0590353386610424,99.60728544876535,88.37540837540837
31271,Constitution Ave & 2nd St NW/DOL,outgoing_trips,Poisson,test,1.244167894106517,2.05250953136814,0.4955849607077045,58.13143147631602,71.25918122329813
31271,Constitution Ave & 2nd St NW/DOL,outgoing_trips,Poisson,val,1.3291996344034374,2.209535286050849,0.4906522581941351,59.99414898561173,69.34577005622447
31271,Constitution Ave & 2nd St NW/DOL,outgoing_trips,Polynomial Regression,test,1.2250921000377215,2.097395343757986,0.47328187807954,69.82673906354952,70.16662331936445
31271,Constitution Ave & 2nd St NW/DOL,outgoing_trips,Polynomial Regression,val,1.290170390502137,2.2115676065915317,0.4897148357856113,68.89898356771104,67.30957255586738
31271,Constitution Ave & 2nd St NW/DOL,outgoing_trips,Random Forest,test,1.1946712168039888,2.046130602394654,0.4987153994982574,69.41928734538457,68.42428031116286
31271,Constitution Ave & 2nd St NW/DOL,outgoing_trips,Random Forest,val,1.2409070034178622,2.132798452241448,0.5254170455158869,68.01915833106017,64.73944883290218
31271,Constitution Ave & 2nd St NW/DOL,outgoing_trips,Soft Two-Stage,test,1.0967561744477337,1.9912661018198996,0.5252376587547025,60.57910348151114,62.816238357338
31271,Constitution Ave & 2nd St NW/DOL,outgoing_trips,Soft Two-Stage,val,1.1707222945344211,2.141441812687715,0.5215626697022289,60.49804046899886,61.07783732043849
31271,Constitution Ave & 2nd St NW/DOL,outgoing_trips,XGBoost,test,1.064134184760389,2.01351243977916,0.514570354127901,63.60940995588389,60.94782792333909
31271,Constitution Ave & 2nd St NW/DOL,outgoing_trips,XGBoost,val,1.143203597714213,2.171370853118866,0.5080958238482947,63.35287048275663,59.64215740257757
31278,18th & R St NW,incoming_trips,GAM,test,1.5034715060361945,2.055680110853972,0.5303493932841346,63.155697535045874,60.08261210589939
31278,18th & R St NW,incoming_trips,GAM,val,1.365103170750513,1.9233501307956191,0.5625407074152762,59.96997023563059,55.72717243179993
31278,18th & R St NW,incoming_trips,HistGradientBoosting,test,1.2544702634238103,1.9849293699698605,0.562121183789259,50.9485127996161,50.13187807888107
31278,18th & R St NW,incoming_trips,HistGradientBoosting,val,1.2059853602718364,1.9071139841014395,0.5698952439250069,50.3290519279243,49.23155667798066
31278,18th & R St NW,incoming_trips,LightGBM,test,1.256708757981412,1.990074099545352,0.5598483698542601,50.74421559091867,50.22133411424029
31278,18th & R St NW,incoming_trips,LightGBM,val,1.2055720291483738,1.9058063149139088,0.5704848698378775,49.96004962158372,49.2146833930289
31278,18th & R St NW,incoming_trips,Linear Regression,test,1.3165157686123448,1.9633462382360027,0.5715919636512947,52.817287562018,52.61137702927059
31278,18th & R St NW,incoming_trips,Linear Regression,val,1.2591366997301003,1.8590750865165495,0.5912904313273668,53.67612011762967,51.40133689857993
31278,18th & R St NW,incoming_trips,Naive (same hour last week),test,1.7278228108231533,2.6662765631622705,0.2099142842571385,80.89898568187441,69.04827082763025
31278,18th & R St NW,incoming_trips,Naive (same hour last week),val,1.6684504155755435,2.5749385527831787,0.2159302784404487,81.78105118028871,68.11062049732745
31278,18th & R St NW,incoming_trips,Poisson,test,1.4899040839493354,2.259296794198782,0.4327031241670982,55.65571551674488,59.54042280916247
31278,18th & R St NW,incoming_trips,Poisson,val,1.4417564107173475,2.177124853722044,0.439484515111051,56.08111886544221,58.85636325972794
31278,18th & R St NW,incoming_trips,Polynomial Regression,test,1.3488601928566577,2.0882031095413214,0.5153711145131945,57.5918905940513,53.90394392385923
31278,18th & R St NW,incoming_trips,Polynomial Regression,val,1.2579090083112794,1.8928631100051228,0.5762991274689759,55.73839352281833,51.35121924237959
31278,18th & R St NW,incoming_trips,Random Forest,test,1.276851258687278,1.913794221942748,0.592943871445067,53.19920840716927,51.02628056776105
31278,18th & R St NW,incoming_trips,Random Forest,val,1.2280941642398808,1.8334561165955243,0.6024772547066543,52.53019579603016,50.13409734844932
31278,18th & R St NW,incoming_trips,Soft Two-Stage,test,1.294233063405703,2.0198029095666974,0.5465996963522783,49.10306741412781,51.72090246541907
31278,18th & R St NW,incoming_trips,Soft Two-Stage,val,1.2441501668829524,1.9344055001816367,0.5574972435283921,48.75210050930677,50.78954643612816
31278,18th & R St NW,incoming_trips,XGBoost,test,1.2927667360444624,2.0118319905138398,0.5501712190499852,48.95582193263167,51.66230422946184
31278,18th & R St NW,incoming_trips,XGBoost,val,1.2345179458275597,1.9306591681752856,0.5592095597501827,48.78742612158904,50.3963333404762
31278,18th & R St NW,outgoing_trips,GAM,test,1.3478668915548773,1.9467587747394852,0.513601050863119,56.72221624184747,55.21450801201557
31278,18th & R St NW,outgoing_trips,GAM,val,1.3022602492088626,1.921611264618992,0.5369428301735459,55.14486728052488,53.355188546911606
31278,18th & R St NW,outgoing_trips,HistGradientBoosting,test,1.2754998594240845,1.986082469391684,0.4937524875449817,52.038770374579904,52.250038671291534
31278,18th & R St NW,outgoing_trips,HistGradientBoosting,val,1.2266520805567604,1.91610521243388,0.5395926524768331,50.25801833135134,50.25742978742373
31278,18th & R St NW,outgoing_trips,LightGBM,test,1.2797208459857918,1.9890516929314253,0.4922376605635601,52.209772726864486,52.42294869511529
31278,18th & R St NW,outgoing_trips,LightGBM,val,1.224575372667586,1.9121653748267928,0.5414840572873755,50.03528682403161,50.17234453579983
31278,18th & R St NW,outgoing_trips,Linear Regression,test,1.307284430354167,1.9091114471282589,0.5322315679058498,54.70770230096297,53.55207335830208
31278,18th & R St NW,outgoing_trips,Linear Regression,val,1.2625876133454337,1.840155653120357,0.5753680563353515,53.725433267790926,51.72975233480871
31278,18th & R St NW,outgoing_trips,Naive (same hour last week),test,1.7898161890626785,2.706206369994657,0.0600815596970245,82.96091702917637,73.31867926293144
31278,18th & R St NW,outgoing_trips,Naive (same hour last week),val,1.713195946715245,2.6198473498712813,0.1392926425071342,81.60442187898359,70.19172458832858
31278,18th & R St NW,outgoing_trips,Poisson,test,1.482443137403924,2.223515224553421,0.3654752581857667,57.12588858037493,60.7273381373163
31278,18th & R St NW,outgoing_trips,Poisson,val,1.4401638029922543,2.158945659251738,0.4154967050140676,56.43752828005483,59.0052651102345
31278,18th & R St NW,outgoing_trips,Polynomial Regression,test,1.3852367766168698,2.203219306686065,0.3770060869097531,60.14546652997991,56.745341532069794
31278,18th & R St NW,outgoing_trips,Polynomial Regression,val,1.2805221766280035,2.0614633778441025,0.4670888720572991,56.57065835244435,52.46455323657114
31278,18th & R St NW,outgoing_trips,Random Forest,test,1.344366715332933,1.9333248760017283,0.5202908257703425,55.901762429032544,55.07112552427817
31278,18th & R St NW,outgoing_trips,Random Forest,val,1.2638930662783574,1.8412474064313695,0.5748640436957225,53.21422574822719,51.78323833149607
31278,18th & R St NW,outgoing_trips,Soft Two-Stage,test,1.3131641263007507,2.005413847904911,0.4838494847048212,50.14146876885819,53.79293135472957
31278,18th & R St NW,outgoing_trips,Soft Two-Stage,val,1.255118797340118,1.923005759499063,0.5362705140139327,48.53125882750551,51.42374584614571
31278,18th & R St NW,outgoing_trips,XGBoost,test,1.3151615434985346,1.999062775210836,0.4871135676974387,48.48754844725983,53.87475427697906
31278,18th & R St NW,outgoing_trips,XGBoost,val,1.25435924712378,1.927114100398046,0.5342869589360386,47.429660480616135,51.3926261486596
31281,8th & O St NW,incoming_trips,GAM,test,1.5829323337656411,2.299314211857832,0.6803234500113206,55.52341995003671,46.30741896213637
31281,8th & O St NW,incoming_trips,GAM,val,1.4985533070707078,2.1967339765022813,0.6940289525445543,53.9974789853152,44.2442977544777
31281,8th & O St NW,incoming_trips,HistGradientBoosting,test,1.438818052181532,2.250068562255604,0.6938701802227603,48.83417716361981,42.09147095640773
31281,8th & O St NW,incoming_trips,HistGradientBoosting,val,1.4127504986977273,2.19112809050489,0.69558858630455,49.54979882078312,41.71099781518805
31281,8th & O St NW,incoming_trips,LightGBM,test,1.439238545239064,2.244660617389484,0.695339952044723,48.67308205600092,42.10377214438049
31281,8th & O St NW,incoming_trips,LightGBM,val,1.4090579175374918,2.184258657411428,0.6974943223300998,49.39998148584592,41.60197556048067
31281,8th & O St NW,incoming_trips,Linear Regression,test,1.504960995132434,2.2861456995307874,0.6839746342486925,52.71344866615109,44.026429833221975
31281,8th & O St NW,incoming_trips,Linear Regression,val,1.4813184188901496,2.2154835215827204,0.6887836197650878,53.40154670076949,43.73544330076706
31281,8th & O St NW,incoming_trips,Naive (same hour last week),test,2.056855805457244,3.2139168208281608,0.3754267245174422,77.93816120710548,60.17167095287399
31281,8th & O St NW,incoming_trips,Naive (same hour last week),val,1.992371627006717,3.100337326884918,0.3905426809254576,75.59863494183593,58.82412263009278
31281,8th & O St NW,incoming_trips,Poisson,test,1.6789751689262389,2.532040574969745,0.6123360167189273,49.531704129381055,49.1170752634345
31281,8th & O St NW,incoming_trips,Poisson,val,1.620610674691597,2.414305576606493,0.6304187978008697,49.47188388801559,47.848001733952856
31281,8th & O St NW,incoming_trips,Polynomial Regression,test,1.6299220446153992,2.889357470835584,0.4952030941041988,55.33032911426631,47.68206535782467
31281,8th & O St NW,incoming_trips,Polynomial Regression,val,1.5333339617683768,2.536920651325824,0.5919257732959813,55.51247585028707,45.27118524341688
31281,8th & O St NW,incoming_trips,Random Forest,test,1.4919823233915075,2.2262248970588816,0.700323834518882,52.088371354631256,43.64674917533221
31281,8th & O St NW,incoming_trips,Random Forest,val,1.4575663177402285,2.16324757584662,0.7032861285213864,52.3916340669643,43.03417025921885
31281,8th & O St NW,incoming_trips,Soft Two-Stage,test,1.4629879279042013,2.247679452976378,0.6945199286963605,48.40489524502031,42.79854133299789
31281,8th & O St NW,incoming_trips,Soft Two-Stage,val,1.4262406661918257,2.175318055346185,0.6999656850337949,48.77853104678225,42.1092906116808
31281,8th & O St NW,incoming_trips,XGBoost,test,1.4860759744053835,2.274680853019683,0.687136372646264,47.15432949404756,43.47396366125632
31281,8th & O St NW,incoming_trips,XGBoost,val,1.4342623707131597,2.1888411358664164,0.6962237037007459,47.500333134728514,42.346128822017214
31281,8th & O St NW,outgoing_trips,GAM,test,1.5926291600727074,2.246384660814813,0.6142495965381837,56.07460424505221,46.81153964119746
31281,8th & O St NW,outgoing_trips,GAM,val,1.5294974343972034,2.1798429012786187,0.6283398368413168,55.54818637356197,44.91032350331184
31281,8th & O St NW,outgoing_trips,HistGradientBoosting,test,1.500345781544036,2.2719519989486083,0.6054187519628516,50.6701135975604,44.09908959914165
31281,8th & O St NW,outgoing_trips,HistGradientBoosting,val,1.4638813858921036,2.2002289344404886,0.6213557507928038,51.42322099200018,42.98365275571793
31281,8th & O St NW,outgoing_trips,LightGBM,test,1.5015586793353242,2.2693362624979114,0.6063268049541786,50.63235901230119,44.13473983992653
31281,8th & O St NW,outgoing_trips,LightGBM,val,1.463633558581008,2.194523348237943,0.6233169887668838,51.233289344500776,42.97637585255749
31281,8th & O St NW,outgoing_trips,Linear Regression,test,1.5476094889727463,2.232125676820235,0.6191311753094082,52.82530682802237,45.48829367084659
31281,8th & O St NW,outgoing_trips,Linear Regression,val,1.5221156130395324,2.1844960522893344,0.6267514318559432,54.1110392216012,44.69357257731416
31281,8th & O St NW,outgoing_trips,Naive (same hour last week),test,2.165087338737299,3.220446437954348,0.207187844920109,80.76282516140138,63.63758389261744
31281,8th & O St NW,outgoing_trips,Naive (same hour last week),val,2.1085050666059435,3.1476077927944925,0.2250800430737987,80.72865068236032,61.91160738165284
31281,8th & O St NW,outgoing_trips,Poisson,test,1.728902278456984,2.470582210830757,0.533408568515954,52.22702163227988,50.816963278539326
31281,8th & O St NW,outgoing_trips,Poisson,val,1.68496443104385,2.4025412899051286,0.548521220576575,52.81262110405066,49.475269449913526
31281,8th & O St NW,outgoing_trips,Polynomial Regression,test,1.690830643919577,2.943017838796524,0.337899481185871,59.06413956045151,49.6979382888979
31281,8th & O St NW,outgoing_trips,Polynomial Regression,val,1.5742647303699435,2.7474111051517887,0.4096046604005204,56.01982019431679,46.224816551348
31281,8th & O St NW,outgoing_trips,Random Forest,test,1.5578797435769052,2.250563166373208,0.6128131913261109,54.54425495752161,45.79016333553729
31281,8th & O St NW,outgoing_trips,Random Forest,val,1.5101011991081172,2.174866439523549,0.6300348593341888,55.21374621385776,44.34079577349088
31281,8th & O St NW,outgoing_trips,Soft Two-Stage,test,1.5183141559430016,2.2695018520086507,0.606269351564684,49.28273531566036,44.62722715404279
31281,8th & O St NW,outgoing_trips,Soft Two-Stage,val,1.4797062244070538,2.1953067092957617,0.6230480178595452,49.79848937847933,43.44831428512688
31281,8th & O St NW,outgoing_trips,XGBoost,test,1.5351899462095266,2.293799297390782,0.5977936065257515,48.70472425177372,45.12325080150753
31281,8th & O St NW,outgoing_trips,XGBoost,val,1.493303763530123,2.221050028530598,0.6141555089059283,49.62660967191541,43.8475760734323
31288,4th St & Madison Dr NW,incoming_trips,GAM,test,1.802952661775826,2.921884631320732,0.6023124760692486,80.1444723664143,62.27153929217059
31288,4th St & Madison Dr NW,incoming_trips,GAM,val,1.8933132138916504,3.0809736438679662,0.6455503002315954,74.14087597559278,56.067196997910806
31288,4th St & Madison Dr NW,incoming_trips,HistGradientBoosting,test,1.525682031268219,2.806840567685441,0.633012452512822,69.18383151467917,52.69498782286409
31288,4th St & Madison Dr NW,incoming_trips,HistGradientBoosting,val,1.6808230320584103,3.071305597833144,0.6477713249669987,65.0987925764262,49.77466769132142
31288,4th St & Madison Dr NW,incoming_trips,LightGBM,test,1.521628908146759,2.8104466405550976,0.6320688763376958,68.82315912716801,52.554998448176114
31288,4th St & Madison Dr NW,incoming_trips,LightGBM,val,1.6752045648215257,3.0712006068980857,0.6477954060521811,64.89550268325748,49.60828649930025
31288,4th St & Madison Dr NW,incoming_trips,Linear Regression,test,1.6303966837612662,2.8701473134121405,0.6162713600571286,76.27131365775521,56.31168987801629
31288,4th St & Madison Dr NW,incoming_trips,Linear Regression,val,1.805514495910325,3.103581474192165,0.6403293927657366,73.456416192756,53.46718978246193
31288,4th St & Madison Dr NW,incoming_trips,Naive (same hour last week),test,2.316017810252312,4.28134865911508,0.1461589468075665,107.5252029711368,79.99211356466877
31288,4th St & Madison Dr NW,incoming_trips,Naive (same hour last week),val,2.558465216896277,4.623438250831391,0.2018054283815312,103.60929944047923,75.76452341616373
31288,4th St & Madison Dr NW,incoming_trips,Poisson,test,1.886056463910652,3.0459900045589325,0.5678119184012911,69.04861018201451,65.14183189035252
31288,4th St & Madison Dr NW,incoming_trips,Poisson,val,2.043722558766679,3.3672453658302306,0.5766221099117941,64.70462439726589,60.52130966535534
31288,4th St & Madison Dr NW,incoming_trips,Polynomial Regression,test,1.7869991368929714,2.973663002103836,0.5880928435731139,75.40222400102653,61.72052618314486
31288,4th St & Madison Dr NW,incoming_trips,Polynomial Regression,val,1.850512770815524,3.1853945191628004,0.6211170139913749,71.75862357915845,54.79973588479972
31288,4th St & Madison Dr NW,incoming_trips,Random Forest,test,1.6823113359034612,2.8735832927412317,0.6153520533191095,77.4524266242484,58.104751542501646
31288,4th St & Madison Dr NW,incoming_trips,Random Forest,val,1.81437211918708,3.093392633637811,0.6426870631820842,72.43657297462528,53.729492979601886
31288,4th St & Madison Dr NW,incoming_trips,Soft Two-Stage,test,1.5503426610490472,2.794539929216731,0.6362219612895208,67.50237684165762,53.546732524166416
31288,4th St & Madison Dr NW,incoming_trips,Soft Two-Stage,val,1.708657290131122,3.0673904794699363,0.6486687530901383,63.40712509339747,50.598931114405886
31288,4th St & Madison Dr NW,incoming_trips,XGBoost,test,1.5408650127704708,2.8081219896099623,0.6326772904510425,65.71557536443933,53.21938740874036
31288,4th St & Madison Dr NW,incoming_trips,XGBoost,val,1.6853831179149832,3.0693998053425986,0.6482083159952664,61.790673522458285,49.90970674886981
31288,4th St & Madison Dr NW,outgoing_trips,GAM,test,1.5758763421347746,2.726053939799334,0.711834657437678,71.27299057227377,54.55771099114028
31288,4th St & Madison Dr NW,outgoing_trips,GAM,val,1.722063447457686,2.990837482070498,0.7123511516743906,70.03074975302393,51.06997318686134
31288,4th St & Madison Dr NW,outgoing_trips,HistGradientBoosting,test,1.4320355518991856,2.775652470456825,0.7012533561699158,65.57631286548984,49.57786323748999
31288,4th St & Madison Dr NW,outgoing_trips,HistGradientBoosting,val,1.6056451131834764,3.0553108202599075,0.6998158161590105,63.27704125530656,47.61743999557832
31288,4th St & Madison Dr NW,outgoing_trips,LightGBM,test,1.4300063712236497,2.776275180515893,0.7011192951445155,65.36543347392923,49.50761187963615
31288,4th St & Madison Dr NW,outgoing_trips,LightGBM,val,1.6058706961717626,3.0556721592376928,0.6997448088759134,63.47807094756421,47.62412994488314
31288,4th St & Madison Dr NW,outgoing_trips,Linear Regression,test,1.517692561605762,2.778184482756067,0.7007080608198262,73.59396086316362,52.54335631266747
31288,4th St & Madison Dr NW,outgoing_trips,Linear Regression,val,1.7104743012071266,3.0694589360979667,0.6970292754999408,74.32459261659258,50.72628237271135
31288,4th St & Madison Dr NW,outgoing_trips,Naive (same hour last week),test,2.268866308939377,4.430856835155118,0.2387132111314354,101.25194334399386,78.5494071146245
31288,4th St & Madison Dr NW,outgoing_trips,Naive (same hour last week),val,2.5560742343162928,4.8584190283317445,0.2409560059595779,104.96837809740364,75.80361966504591
31288,4th St & Madison Dr NW,outgoing_trips,Poisson,test,1.7640980595661284,2.996670641299812,0.6517822671016558,62.1511114289254,61.07405100292379
31288,4th St & Madison Dr NW,outgoing_trips,Poisson,val,1.9271194005621108,3.36558076825676,0.6357521098811112,58.8355455845321,57.15116725802613
31288,4th St & Madison Dr NW,outgoing_trips,Polynomial Regression,test,1.795019983664841,3.4148871088453925,0.5478052042169432,73.57673062592637,62.14458512616736
31288,4th St & Madison Dr NW,outgoing_trips,Polynomial Regression,val,1.8169708222158032,3.647427449020839,0.5721905886813367,71.3600913793097,53.884571621830766
31288,4th St & Madison Dr NW,outgoing_trips,Random Forest,test,1.5852081630239423,2.802798384926293,0.6953812899379463,72.82027121553153,54.88078379417672
31288,4th St & Madison Dr NW,outgoing_trips,Random Forest,val,1.7134283867544415,3.039196508847631,0.7029739269819297,68.62725247644502,50.81388952209704
31288,4th St & Madison Dr NW,outgoing_trips,Soft Two-Stage,test,1.4527805463562895,2.7438427607178784,0.7080615502289402,62.21614300554587,50.2960664250385
31288,4th St & Madison Dr NW,outgoing_trips,Soft Two-Stage,val,1.6169679482105046,3.0128015436411992,0.7081107769748467,59.94640791952425,47.9532330130094
31288,4th St & Madison Dr NW,outgoing_trips,XGBoost,test,1.4444055923973047,2.7563115450442237,0.7054022226084915,61.496229522797854,50.00612088461656
31288,4th St & Madison Dr NW,outgoing_trips,XGBoost,val,1.6036859976471358,3.0341569513341646,0.7039581600973743,58.89005302165622,47.55933994237843
31289,Henry Bacon Dr & Lincoln Memorial Circle NW,incoming_trips,GAM,test,1.533039996718945,2.4838440174077414,0.4984348338615192,78.90315179940187,73.4567687705757
31289,Henry Bacon Dr & Lincoln Memorial Circle NW,incoming_trips,GAM,val,1.7475231134377611,2.7791288066878046,0.5409430968394919,75.48417484443814,63.389482944384646
31289,Henry Bacon Dr & Lincoln Memorial Circle NW,incoming_trips,HistGradientBoosting,test,1.326760532270319,2.3614899142771417,0.5466319418649652,74.37474052700004,63.57273250632236
31289,Henry Bacon Dr & Lincoln Memorial Circle NW,incoming_trips,HistGradientBoosting,val,1.637211474062917,2.7729469293165625,0.5429830722771833,71.21280821845947,59.38804929870152
31289,Henry Bacon Dr & Lincoln Memorial Circle NW,incoming_trips,LightGBM,test,1.3230728684003952,2.358067350149865,0.5479451440077083,74.8077596173087,63.39603530809115
31289,Henry Bacon Dr & Lincoln Memorial Circle NW,incoming_trips,LightGBM,val,1.6317197906673249,2.766397373551138,0.5451394228823292,71.33390527254765,59.18884451092848
31289,Henry Bacon Dr & Lincoln Memorial Circle NW,incoming_trips,Linear Regression,test,1.4751521777015604,2.4591939621808088,0.5083406570672093,76.50375364949755,70.68303022148778
31289,Henry Bacon Dr & Lincoln Memorial Circle NW,incoming_trips,Linear Regression,val,1.7477690180683485,2.8146893280480336,0.5291201528262138,76.025643187556,63.39840286496637
31289,Henry Bacon Dr & Lincoln Memorial Circle NW,incoming_trips,Naive (same hour last week),test,2.120105034821327,3.694338012222998,-0.1095630501774567,104.48751916443712,101.58643326039387
31289,Henry Bacon Dr & Lincoln Memorial Circle NW,incoming_trips,Naive (same hour last week),val,2.4176249573038824,4.088957312110493,0.0062564471179267,104.75632999905926,87.69669185974477
31289,Henry Bacon Dr & Lincoln Memorial Circle NW,incoming_trips,Poisson,test,1.8158517744879168,2.6670262519225654,0.4217264747316954,70.98367919256279,87.00790860360867
31289,Henry Bacon Dr & Lincoln Memorial Circle NW,incoming_trips,Poisson,val,1.959361208016864,2.97144159504175,0.4752123963892213,68.96119827014321,71.07367732214975
31289,Henry Bacon Dr & Lincoln Memorial Circle NW,incoming_trips,Polynomial Regression,test,1.7287365639206222,2.701591885379118,0.4066400697018439,78.07614901351553,82.83371752396461
31289,Henry Bacon Dr & Lincoln Memorial Circle NW,incoming_trips,Polynomial Regression,val,1.7942280557264765,2.854444122266022,0.5157247628714843,70.95351670345853,65.08365346485624
31289,Henry Bacon Dr & Lincoln Memorial Circle NW,incoming_trips,Random Forest,test,1.5727895968380183,2.4634469439881426,0.5066386145292345,75.79206724296228,75.36140086818492
31289,Henry Bacon Dr & Lincoln Memorial Circle NW,incoming_trips,Random Forest,val,1.769832927084292,2.774521441723292,0.5424639255831714,72.98472600478514,64.19874694825646
31289,Henry Bacon Dr & Lincoln Memorial Circle NW,incoming_trips,Soft Two-Stage,test,1.369111938102176,2.32466421205222,0.5606615756268037,68.7555328755822,65.60203208882363
31289,Henry Bacon Dr & Lincoln Memorial Circle NW,incoming_trips,Soft Two-Stage,val,1.6613954833730584,2.7242063682967226,0.5589080026715403,66.32363812652672,60.26529769324566
31289,Henry Bacon Dr & Lincoln Memorial Circle NW,incoming_trips,XGBoost,test,1.5009967940857458,2.413856246910946,0.5263020182227898,67.770305211336,71.92139452624205
31289,Henry Bacon Dr & Lincoln Memorial Circle NW,incoming_trips,XGBoost,val,1.6619094482067154,2.745613673664047,0.5519484037330903,65.46713289132931,60.28394120348399
31289,Henry Bacon Dr & Lincoln Memorial Circle NW,outgoing_trips,GAM,test,1.8351419919226477,2.8113054530191843,0.4075839428850533,91.44195675920838,89.4192740723769
31289,Henry Bacon Dr & Lincoln Memorial Circle NW,outgoing_trips,GAM,val,1.7363209161066857,2.773226920744861,0.5818683434105858,76.32483914348882,63.46806478344023
31289,Henry Bacon Dr & Lincoln Memorial Circle NW,outgoing_trips,HistGradientBoosting,test,1.243656854532654,2.34706565019551,0.5870844613642319,71.17402941597454,60.59852241239162
31289,Henry Bacon Dr & Lincoln Memorial Circle NW,outgoing_trips,HistGradientBoosting,val,1.5336791277550217,2.7276162431819646,0.5955090862332146,68.73537032058996,56.06086140782568
31289,Henry Bacon Dr & Lincoln Memorial Circle NW,outgoing_trips,LightGBM,test,1.2443735344078242,2.34151287966677,0.5890359304339476,70.49393884775607,60.63344341276219
31289,Henry Bacon Dr & Lincoln Memorial Circle NW,outgoing_trips,LightGBM,val,1.5357809060699557,2.7209770783992964,0.5974757951004304,67.92527026214152,56.13768810559523
31289,Henry Bacon Dr & Lincoln Memorial Circle NW,outgoing_trips,Linear Regression,test,1.3997558715063636,2.40216003834176,0.5674716015606811,76.69223515517868,68.2046154791068
31289,Henry Bacon Dr & Lincoln Memorial Circle NW,outgoing_trips,Linear Regression,val,1.6150203408408546,2.706004292025076,0.6018935660323237,74.41210158136971,59.03414205762122
31289,Henry Bacon Dr & Lincoln Memorial Circle NW,outgoing_trips,Naive (same hour last week),test,2.076378582029912,3.776508468399924,-0.0690343919205196,106.67545155543613,101.1737872719181
31289,Henry Bacon Dr & Lincoln Memorial Circle NW,outgoing_trips,Naive (same hour last week),val,2.361493794830924,4.151231420247705,0.0630937762660482,105.0184540617288,86.32012651906109
31289,Henry Bacon Dr & Lincoln Memorial Circle NW,outgoing_trips,Poisson,test,1.7587069934734785,2.656401259048881,0.4710701144733684,68.70098018965267,85.69489628301177
31289,Henry Bacon Dr & Lincoln Memorial Circle NW,outgoing_trips,Poisson,val,1.904394028811944,2.9689007982175357,0.5207814649339548,68.1454775469935,69.61167286105919
31289,Henry Bacon Dr & Lincoln Memorial Circle NW,outgoing_trips,Polynomial Regression,test,1.5401091627352197,2.6018298491089005,0.4925788854931842,76.18857159708767,75.04348106585329
31289,Henry Bacon Dr & Lincoln Memorial Circle NW,outgoing_trips,Polynomial Regression,val,1.6929852433679629,2.794544621299308,0.575415308737668,72.24974037494344,61.88400779299491
31289,Henry Bacon Dr & Lincoln Memorial Circle NW,outgoing_trips,Random Forest,test,1.539281655505084,2.492415872444224,0.5343584052446967,74.9487411088332,75.00315988300528
31289,Henry Bacon Dr & Lincoln Memorial Circle NW,outgoing_trips,Random Forest,val,1.663425289817842,2.7306039777673816,0.5946224707674261,71.37823390271497,60.8034972551611
31289,Henry Bacon Dr & Lincoln Memorial Circle NW,outgoing_trips,Soft Two-Stage,test,1.2866277267378323,2.3099096970756547,0.600054554554371,66.59000659043443,62.69232453547328
31289,Henry Bacon Dr & Lincoln Memorial Circle NW,outgoing_trips,Soft Two-Stage,val,1.5580935329711023,2.692728030727056,0.6057903813232433,63.85000592365787,56.95328575031294
31289,Henry Bacon Dr & Lincoln Memorial Circle NW,outgoing_trips,XGBoost,test,1.33931859972061,2.345875254759872,0.5875032039107314,66.58926442782416,65.25974418643094
31289,Henry Bacon Dr & Lincoln Memorial Circle NW,outgoing_trips,XGBoost,val,1.5511054453038189,2.7027142507593203,0.6028610370454627,64.06261988359152,56.69784886841786
31290,17th St & Independence Ave SW,incoming_trips,GAM,test,1.465477858359861,2.482128993525643,0.4413026667931988,89.30981374668308,95.65631240311517
31290,17th St & Independence Ave SW,incoming_trips,GAM,val,1.4800837777293556,2.5331978466415115,0.5245876734923617,78.79253949334722,76.82964432504096
31290,17th St & Independence Ave SW,incoming_trips,HistGradientBoosting,test,1.5320242036762188,3.657112518324568,-0.2128428944977549,100.0,100.0
31290,17th St & Independence Ave SW,incoming_trips,HistGradientBoosting,val,1.926448821587157,4.148391742301098,-0.2749458503813782,100.0,100.0
31290,17th St & Independence Ave SW,incoming_trips,LightGBM,test,1.0531878247968318,2.267529535549075,0.5337339349608832,76.36941015816332,68.7448554839813
31290,17th St & Independence Ave SW,incoming_trips,LightGBM,val,1.2382189116231592,2.5075932314672493,0.5341496829404978,71.82493023924576,64.27468499282628
31290,17th St & Independence Ave SW,incoming_trips,Linear Regression,test,1.1910865448558527,2.2948965392478886,0.5224112090422635,80.36069690301423,77.74593521419192
31290,17th St & Independence Ave SW,incoming_trips,Linear Regression,val,1.3867502051973395,2.5088899813439585,0.5336677486855407,77.89637372833955,71.98479345300375
31290,17th St & Independence Ave SW,incoming_trips,Naive (same hour last week),test,1.6934581573238954,3.6044745188008407,-0.1781804788082497,110.87266773570306,110.53729786124153
31290,17th St & Independence Ave SW,incoming_trips,Naive (same hour last week),val,1.8640555618809065,3.63425202370886,0.0214966891547265,108.1379712427815,96.7612293144208
31290,17th St & Independence Ave SW,incoming_trips,Poisson,test,1.4763471830863768,2.5480662087309045,0.4112250554544308,72.76363414305978,96.36578714251117
31290,17th St & Independence Ave SW,incoming_trips,Poisson,val,1.5823142836853692,2.684810511707064,0.4659775724763172,67.97338752105861,82.13632596695388
31290,17th St & Independence Ave SW,incoming_trips,Polynomial Regression,test,1.406115290674828,3.170703621055289,0.0883267743665831,81.58163431561488,91.78153238706922
31290,17th St & Independence Ave SW,incoming_trips,Polynomial Regression,val,1.430394534922424,2.5640336000230013,0.5129431657239769,73.5143129244716,74.25032624245657
31290,17th St & Independence Ave SW,incoming_trips,Random Forest,test,1.279279530021426,2.288071049917045,0.5252478768581437,78.20352988234048,83.50256653593911
31290,17th St & Independence Ave SW,incoming_trips,Random Forest,val,1.3874812270387138,2.466546506318549,0.549275843729,71.75868774531664,72.02274005367035
31290,17th St & Independence Ave SW,incoming_trips,Soft Two-Stage,test,1.1131063446430078,2.2200065091816072,0.5530731989990045,69.16477939871689,72.65592423226846
31290,17th St & Independence Ave SW,incoming_trips,Soft Two-Stage,val,1.2965629897871669,2.4621209762722693,0.5508917904225255,64.5742027311397,67.3032667807369
31290,17th St & Independence Ave SW,incoming_trips,XGBoost,test,1.089242360369665,2.2377419011261277,0.5459037752901842,72.77562651248056,71.09824751827928
31290,17th St & Independence Ave SW,incoming_trips,XGBoost,val,1.2464062597962662,2.470889336275264,0.5476872731758168,69.08680158008814,64.69968191365606
31290,17th St & Independence Ave SW,outgoing_trips,GAM,test,1.192300754004587,2.2169390664937696,0.577338099889368,77.28827120815038,76.81202047900982
31290,17th St & Independence Ave SW,outgoing_trips,GAM,val,1.3139033622257297,2.3682572742059214,0.6083194220245258,72.58751427381928,67.58426489270033
31290,17th St & Independence Ave SW,outgoing_trips,HistGradientBoosting,test,1.552231989953191,3.7466886091236256,-0.2072043397802045,100.0,100.0
31290,17th St & Independence Ave SW,outgoing_trips,HistGradientBoosting,val,1.944096550153706,4.254285032327525,-0.2639428709769549,100.0,100.0
31290,17th St & Independence Ave SW,outgoing_trips,LightGBM,test,0.993964964874936,2.168235543176193,0.5957048729163128,72.36992398921527,64.03456257237103
31290,17th St & Independence Ave SW,outgoing_trips,LightGBM,val,1.1936875784284628,2.426323029414496,0.5888772423222963,70.30653849004793,61.4006325114916
31290,17th St & Independence Ave SW,outgoing_trips,Linear Regression,test,1.1160309614754051,2.1752907481840675,0.5930695266864258,76.77690240995945,71.89846419213794
31290,17th St & Independence Ave SW,outgoing_trips,Linear Regression,val,1.304175783277769,2.383682019201152,0.6032006810435884,75.38039414580898,67.0838998801092
31290,17th St & Independence Ave SW,outgoing_trips,Naive (same hour last week),test,1.682954675191232,3.6875484365439215,-0.1693945223455646,108.54569847495613,108.42159458664314
31290,17th St & Independence Ave SW,outgoing_trips,Naive (same hour last week),val,1.843675281794376,3.666425145320309,0.0612284434262304,106.16880603896554,94.8345534407028
31290,17th St & Independence Ave SW,outgoing_trips,Poisson,test,1.4424593129842902,2.549982911442431,0.4408090576630256,70.37594930091056,92.92807533413796
31290,17th St & Independence Ave SW,outgoing_trips,Poisson,val,1.5568040978897373,2.6901567721146424,0.4946067273646037,66.84567166790144,80.07853816553771
31290,17th St & Independence Ave SW,outgoing_trips,Polynomial Regression,test,1.2311567283932152,2.2839918605070038,0.5513840691092518,74.62645162507383,79.315252897883
31290,17th St & Independence Ave SW,outgoing_trips,Polynomial Regression,val,1.3274099659510548,2.3934929958896496,0.5999275931091494,72.54560247217127,68.27901452971078
31290,17th St & Independence Ave SW,outgoing_trips,Random Forest,test,1.210107994315458,2.1888980319061235,0.5879625890230731,74.74521584182231,77.95922272881064
31290,17th St & Independence Ave SW,outgoing_trips,Random Forest,val,1.3441292796678217,2.408691922153131,0.5948304589495943,71.30354650038771,69.13901881887249
31290,17th St & Independence Ave SW,outgoing_trips,Soft Two-Stage,test,1.068988094884143,2.161167572167063,0.5983364032038805,65.66812731136861,68.86780467115481
31290,17th St & Independence Ave SW,outgoing_trips,Soft Two-Stage,val,1.2600501104273478,2.414187931312729,0.5929793662502594,63.50068490604841,64.81417346930247
31290,17th St & Independence Ave SW,outgoing_trips,XGBoost,test,1.0409931748391428,2.179749532538851,0.5913996121972743,69.64342324940553,67.06427786419573
31290,17th St & Independence Ave SW,outgoing_trips,XGBoost,val,1.212944098075431,2.4292282271376964,0.5878921237308732,67.70090434679193,62.39114502721236
31321,15th St & Constitution Ave NW,incoming_trips,GAM,test,1.4988134710751344,2.306390299193082,0.353787857443513,86.76062827748248,86.98142975649044
31321,15th St & Constitution Ave NW,incoming_trips,GAM,val,1.447532359145686,2.2806265231599223,0.4202629839417017,75.86707289177212,79.24750177882291
31321,15th St & Constitution Ave NW,incoming_trips,HistGradientBoosting,test,1.1613144302498015,2.1277572191489105,0.4500114423245539,75.51858842037107,67.39517057283517
31321,15th St & Constitution Ave NW,incoming_trips,HistGradientBoosting,val,1.252502844637004,2.299505430540314,0.4106251922496581,74.42268025053374,68.57029535901519
31321,15th St & Constitution Ave NW,incoming_trips,LightGBM,test,1.1383453169438134,2.0842337130841435,0.4722814727000362,70.76240356068536,66.06219195064507
31321,15th St & Constitution Ave NW,incoming_trips,LightGBM,val,1.207930017097964,2.1937709929282487,0.4635796208186951,68.63113993757382,66.13008377592355
31321,15th St & Constitution Ave NW,incoming_trips,Linear Regression,test,1.226355847949549,2.0823468947453323,0.4732365079154229,71.82298530304486,71.16975334386869
31321,15th St & Constitution Ave NW,incoming_trips,Linear Regression,val,1.325394192447494,2.1973789469333957,0.4618137377258097,71.81112137608146,72.56085016684123
31321,15th St & Constitution Ave NW,incoming_trips,Naive (same hour last week),test,1.669711154241352,3.0493711205880807,-0.1296140222308874,100.33086516985092,96.89922480620154
31321,15th St & Constitution Ave NW,incoming_trips,Naive (same hour last week),val,1.844358419674371,3.2777771881263846,-0.1975166105372301,101.84274057818416,100.97238671071496
31321,15th St & Constitution Ave NW,incoming_trips,Poisson,test,1.4570940147457845,2.197100921729035,0.4135789902234366,65.21890829827721,84.56030262478184
31321,15th St & Constitution Ave NW,incoming_trips,Poisson,val,1.555483710724956,2.3414642189899304,0.3889204637773409,63.87196187774493,85.15747323628554
31321,15th St & Constitution Ave NW,incoming_trips,Polynomial Regression,test,1.37961377024601,2.4251133606329573,0.2855471098167303,74.36401687859285,80.06385088176508
31321,15th St & Constitution Ave NW,incoming_trips,Polynomial Regression,val,1.393497740823978,2.264238464896448,0.4285647630772107,71.36827066815728,76.28928914577696
31321,15th St & Constitution Ave NW,incoming_trips,Random Forest,test,1.3371031857702669,2.138196291245013,0.4446015636662492,77.385304664098,77.59681179461847
31321,15th St & Constitution Ave NW,incoming_trips,Random Forest,val,1.4047263512568264,2.2280533070828845,0.4466832161742738,73.75098809147418,76.90401759701244
31321,15th St & Constitution Ave NW,incoming_trips,Soft Two-Stage,test,1.1775843498625551,2.051795316243762,0.4885801540706447,65.45717470304902,68.33937136716438
31321,15th St & Constitution Ave NW,incoming_trips,Soft Two-Stage,val,1.247909581298886,2.155039873794722,0.4823534670174397,63.58150040923363,68.3188297235437
31321,15th St & Constitution Ave NW,incoming_trips,XGBoost,test,1.152736024340804,2.0955121812068844,0.466554705813312,68.16378269064074,66.89733543497715
31321,15th St & Constitution Ave NW,incoming_trips,XGBoost,val,1.2210173836188474,2.206234739296483,0.4574670411254633,65.67763686197287,66.84657283752625
31321,15th St & Constitution Ave NW,outgoing_trips,GAM,test,1.3945277816945418,2.2168469083418367,0.465985177576365,82.31576004961615,82.71598049612305
31321,15th St & Constitution Ave NW,outgoing_trips,GAM,val,1.3943814575128315,2.29269511508678,0.4675512311036567,77.03217526463152,80.22306001136644
31321,15th St & Constitution Ave NW,outgoing_trips,HistGradientBoosting,test,1.0737015523843163,2.110079870141222,0.5161845916298495,74.19835637357475,63.686272752314125
31321,15th St & Constitution Ave NW,outgoing_trips,HistGradientBoosting,val,1.1706627978409978,2.308926082864472,0.4599856812662469,76.42287787539587,67.35183645642266
31321,15th St & Constitution Ave NW,outgoing_trips,LightGBM,test,1.043863050458791,2.05734701723647,0.5400644179517924,70.82143886307021,61.91641131555868
31321,15th St & Constitution Ave NW,outgoing_trips,LightGBM,val,1.1224237998240176,2.213163789042213,0.5038507632584914,71.95048653374137,64.57649832211678
31321,15th St & Constitution Ave NW,outgoing_trips,Linear Regression,test,1.123235461002221,2.051337533775028,0.5427474252256187,71.3015658872575,66.6243610951341
31321,15th St & Constitution Ave NW,outgoing_trips,Linear Regression,val,1.2518647875553397,2.223825700540259,0.499058852856743,75.31131303973847,72.02363703064685
31321,15th St & Constitution Ave NW,outgoing_trips,Naive (same hour last week),test,1.5870533165886516,3.0827347917223507,-0.0326525801312409,98.8823817993918,94.13557256043882
31321,15th St & Constitution Ave NW,outgoing_trips,Naive (same hour last week),val,1.7417738813617214,3.329353577018533,-0.1228068543502507,102.19995660703036,100.20961614044282
31321,15th St & Constitution Ave NW,outgoing_trips,Poisson,test,1.3090662869922494,2.13809254791198,0.503253396440488,61.32117938085148,77.64685858850892
31321,15th St & Constitution Ave NW,outgoing_trips,Poisson,val,1.4335669833333269,2.3411328601629933,0.4448154939230817,62.97537694418271,82.47752400508716
31321,15th St & Constitution Ave NW,outgoing_trips,Polynomial Regression,test,1.279195855227342,2.245626055944232,0.4520299979398318,73.36031250239735,75.87510324328765
31321,15th St & Constitution Ave NW,outgoing_trips,Polynomial Regression,val,1.356752943961996,2.444625031708102,0.3946455703075203,73.89576497152558,78.05817572919042
31321,15th St & Constitution Ave NW,outgoing_trips,Random Forest,test,1.1778926451495646,2.054985100023547,0.5411198608924557,71.47917058638163,69.86633492832014
31321,15th St & Constitution Ave NW,outgoing_trips,Random Forest,val,1.2592190060377235,2.1988591157845847,0.5102437074996445,72.8152745478522,72.44674787127818
31321,15th St & Constitution Ave NW,outgoing_trips,Soft Two-Stage,test,1.0859148375437893,2.0421845362272686,0.5468188122566608,63.95309701912143,64.41069995290886
31321,15th St & Constitution Ave NW,outgoing_trips,Soft Two-Stage,val,1.1694508549441949,2.19604539158773,0.5114963183935132,65.51531188311287,67.2821096487283
31321,15th St & Constitution Ave NW,outgoing_trips,XGBoost,test,1.0653944124770924,2.0875617639232007,0.5264557429801017,68.61499562986843,63.193537339248685
31321,15th St & Constitution Ave NW,outgoing_trips,XGBoost,val,1.139649468411158,2.228766748122571,0.4968303294624803,70.14647062066491,65.56754409180662
31324,18th & New Hampshire Ave NW,incoming_trips,GAM,test,1.6028122677580448,2.290849802845077,0.5513580096731872,58.56290913898049,50.543752352004304
31324,18th & New Hampshire Ave NW,incoming_trips,GAM,val,1.491593889356613,2.135519738582432,0.5545887559115121,58.511839616205584,50.97933352875372
31324,18th & New Hampshire Ave NW,incoming_trips,HistGradientBoosting,test,1.7558629708364768,2.717201337907029,0.3688242191134893,62.91169710269872,55.37011722910678
31324,18th & New Hampshire Ave NW,incoming_trips,HistGradientBoosting,val,1.639653597542707,2.5604628562267617,0.3596890091771461,63.56990122741604,56.03968226016652
31324,18th & New Hampshire Ave NW,incoming_trips,LightGBM,test,1.5195138105092356,2.337079484842421,0.533067984336655,52.87204343448542,47.91698396547521
31324,18th & New Hampshire Ave NW,incoming_trips,LightGBM,val,1.392182741778986,2.1562853167219767,0.5458843725471825,53.58750152014346,47.58168348137923
31324,18th & New Hampshire Ave NW,incoming_trips,Linear Regression,test,1.5601148356209973,2.230956435851124,0.5745104814513323,55.87251752336555,49.19731367081047
31324,18th & New Hampshire Ave NW,incoming_trips,Linear Regression,val,1.472389100596926,2.1161391172728,0.5626366101595596,57.31910501290128,50.32295692482995
31324,18th & New Hampshire Ave NW,incoming_trips,Naive (same hour last week),test,2.0152985500627927,3.005987859169755,0.2275308734678606,79.61349679577945,63.55126728110599
31324,18th & New Hampshire Ave NW,incoming_trips,Naive (same hour last week),val,1.9193897301605372,2.8871128656631635,0.1858929409804246,82.84372994824726,65.60043583158223
31324,18th & New Hampshire Ave NW,incoming_trips,Poisson,test,2.20245026809326,3.517190792485578,-0.0575442338407907,78.06188320796143,69.4529878248447
31324,18th & New Hampshire Ave NW,incoming_trips,Poisson,val,1.7998201080723932,2.6798224978402208,0.2985995276616638,67.31154221688371,61.51381434041493
31324,18th & New Hampshire Ave NW,incoming_trips,Polynomial Regression,test,1.615497201533405,2.510241573055376,0.4613114778325368,57.90984711617539,50.943764358550894
31324,18th & New Hampshire Ave NW,incoming_trips,Polynomial Regression,val,1.471809941560505,2.1886142642528528,0.5321652825124707,59.53776388583346,50.30316256800496
31324,18th & New Hampshire Ave NW,incoming_trips,Random Forest,test,1.54096056643163,2.2096678475315654,0.5825920857031996,55.35269073379163,48.59329493582462
31324,18th & New Hampshire Ave NW,incoming_trips,Random Forest,val,1.4295750104757132,2.0960488287190557,0.570901706340929,56.31607847607919,48.85966735546809
31324,18th & New Hampshire Ave NW,incoming_trips,Soft Two-Stage,test,1.532256291321607,2.324586170003846,0.5380467936447482,50.278101247012266,48.31881068435323
31324,18th & New Hampshire Ave NW,incoming_trips,Soft Two-Stage,val,1.4198556904251445,2.15969340236264,0.5444477463207164,51.410329612471294,48.5274827963423
31324,18th & New Hampshire Ave NW,incoming_trips,XGBoost,test,1.5901958123501747,2.430426964074865,0.4950227231115344,50.33748677145916,50.14589977093598
31324,18th & New Hampshire Ave NW,incoming_trips,XGBoost,val,1.4348362041230427,2.200072707964863,0.5272537815048485,51.6528993494253,49.03948315360216
31324,18th & New Hampshire Ave NW,outgoing_trips,GAM,test,1.5915041994141437,2.234781515570737,0.6130614371874477,63.13315316805998,49.62791584844061
31324,18th & New Hampshire Ave NW,outgoing_trips,GAM,val,1.4620484793452195,2.068840229063274,0.6113752610764025,58.14186386017634,49.5778996721712
31324,18th & New Hampshire Ave NW,outgoing_trips,HistGradientBoosting,test,1.4304173139270742,2.216675786911713,0.6193058282398991,53.537255916492136,44.60473940933192
31324,18th & New Hampshire Ave NW,outgoing_trips,HistGradientBoosting,val,1.3336437095893996,2.054806893767571,0.6166296102954635,53.13968422181981,45.22370835613952
31324,18th & New Hampshire Ave NW,outgoing_trips,LightGBM,test,1.4018900826721683,2.1524586009797937,0.6410437762976622,54.20566317413324,43.71517403298631
31324,18th & New Hampshire Ave NW,outgoing_trips,LightGBM,val,1.3080552421359806,1.9880321222100843,0.6411414211851258,54.0553650615067,44.35600629968077
31324,18th & New Hampshire Ave NW,outgoing_trips,Linear Regression,test,1.4826040475010491,2.1718655492708843,0.6345417703419862,56.61751561343336,46.23207964705647
31324,18th & New Hampshire Ave NW,outgoing_trips,Linear Regression,val,1.396367553647496,2.034209238797028,0.6242769985764438,55.23032620269195,47.35066686107084
31324,18th & New Hampshire Ave NW,outgoing_trips,Naive (same hour last week),test,2.068386802146364,3.135647746595516,0.2382255350073802,82.78625916505332,64.49855815443767
31324,18th & New Hampshire Ave NW,outgoing_trips,Naive (same hour last week),val,1.9423887054537172,2.933084218942462,0.2188658864567796,81.34017685611815,65.86618277286591
31324,18th & New Hampshire Ave NW,outgoing_trips,Poisson,test,2.2399541816116524,3.931640185359175,-0.1976210033060825,76.34702243018475,69.84854810330188
31324,18th & New Hampshire Ave NW,outgoing_trips,Poisson,val,1.7656323062527215,2.7832868972863385,0.296615994756689,63.200600792925954,59.87239313469617
31324,18th & New Hampshire Ave NW,outgoing_trips,Polynomial Regression,test,1.490172312664303,2.49867503784273,0.5162829123017842,58.17711818184479,46.46808105175204
31324,18th & New Hampshire Ave NW,outgoing_trips,Polynomial Regression,val,1.3894555086888052,2.0323716165275933,0.6249555178604944,56.60193080128185,47.116280193095925
31324,18th & New Hampshire Ave NW,outgoing_trips,Random Forest,test,1.4482103374984094,2.127044447644852,0.6494701527810216,56.95730247797859,45.15957971500789
31324,18th & New Hampshire Ave NW,outgoing_trips,Random Forest,val,1.3552819206059374,1.9859788763106925,0.6418822989603216,54.615580837224606,45.95745766063839
31324,18th & New Hampshire Ave NW,outgoing_trips,Soft Two-Stage,test,1.433576412328464,2.1915701476349323,0.62788033156921,51.52039070435963,44.70324965497176
31324,18th & New Hampshire Ave NW,outgoing_trips,Soft Two-Stage,val,1.3358584047740223,2.01777490981561,0.6303233899127284,50.8823649069563,45.29880842102714
31324,18th & New Hampshire Ave NW,outgoing_trips,XGBoost,test,1.481804995894783,2.298498609404235,0.5906824520115231,50.99042403812604,46.20716280053546
31324,18th & New Hampshire Ave NW,outgoing_trips,XGBoost,val,1.3522110244332244,2.070653154409801,0.6106938586875281,50.44845267061123,45.85332391643956
31600,5th & K St NW,incoming_trips,GAM,test,2.6662530143817604,3.921336236530448,0.4357391024016944,60.93979936904454,52.5854183715067
31600,5th & K St NW,incoming_trips,GAM,val,2.133238187554241,3.194077911471104,0.5659578909900272,56.78376928308564,46.03383455268642
31600,5th & K St NW,incoming_trips,HistGradientBoosting,test,1.9766541984198636,2.975732784367063,0.6750626385846918,50.54023951744991,38.984742797864456
31600,5th & K St NW,incoming_trips,HistGradientBoosting,val,1.8050429695939123,2.736727652762992,0.6813572694122367,52.1737944104815,38.95160414226514
31600,5th & K St NW,incoming_trips,LightGBM,test,1.959036851755486,2.9459093633905438,0.6815431817526805,51.12557634156587,38.637283070694885
31600,5th & K St NW,incoming_trips,LightGBM,val,1.7939644628654368,2.724728276377926,0.6841453669553967,52.405463713976,38.71253747413364
31600,5th & K St NW,incoming_trips,Linear Regression,test,1.9968757417271408,2.849440462115293,0.7020585245790691,52.16744036671352,39.38356403095635
31600,5th & K St NW,incoming_trips,Linear Regression,val,1.8667961799610429,2.6761163764584706,0.6953151602155732,53.83747115574348,40.28419657649158
31600,5th & K St NW,incoming_trips,Naive (same hour last week),test,2.6609201963694487,3.934429454137029,0.4319647130576685,73.85701779916091,52.48024138163968
31600,5th & K St NW,incoming_trips,Naive (same hour last week),val,2.5343276784697717,3.767901973032033,0.3959956794846606,77.99136342068923,54.68907397852632
31600,5th & K St NW,incoming_trips,Poisson,test,2.608557001547477,4.392996425335324,0.2918365796821943,56.69150901320221,51.44750349362626
31600,5th & K St NW,incoming_trips,Poisson,val,2.2422396865503478,3.540092101342751,0.4668247561171671,54.19807780693053,48.38601303892214
31600,5th & K St NW,incoming_trips,Polynomial Regression,test,1.9769295307638235,2.9467184605230097,0.6813682287243898,56.807507259188895,38.990173065142265
31600,5th & K St NW,incoming_trips,Polynomial Regression,val,1.8411922692434688,3.038198317389152,0.607288976760145,55.775805261200304,39.73168153304683
31600,5th & K St NW,incoming_trips,Random Forest,test,2.019008751412524,2.9373943865088408,0.6833814823761095,52.37781618145026,39.82008433411159
31600,5th & K St NW,incoming_trips,Random Forest,val,1.8464511241699129,2.716973677417606,0.6859406583459524,54.40725102198965,39.845164058829866
31600,5th & K St NW,incoming_trips,Soft Two-Stage,test,2.003812368805985,3.007643959239509,0.6680561417031217,48.79798885720261,39.52037229148549
31600,5th & K St NW,incoming_trips,Soft Two-Stage,val,1.8209013741468767,2.7447649403202314,0.6794829258775446,50.36622116985106,39.29381776647261
31600,5th & K St NW,incoming_trips,XGBoost,test,2.115075970940084,3.1860352092619784,0.627511446120349,47.1109174773454,41.71477883736956
31600,5th & K St NW,incoming_trips,XGBoost,val,1.8814750413401249,2.850417216604973,0.6543331602296685,49.324489449512384,40.60095645829418
31600,5th & K St NW,outgoing_trips,GAM,test,2.35171958148692,3.488356075254963,0.5491432562672198,57.84166070666941,46.87597982441783
31600,5th & K St NW,outgoing_trips,GAM,val,1.9274541331998096,2.8786058792210034,0.631058897943778,52.39616003500126,42.259741011742506
31600,5th & K St NW,outgoing_trips,HistGradientBoosting,test,1.995319982280808,3.086848092078797,0.6469571120446647,49.06968495442869,39.77199491340508
31600,5th & K St NW,outgoing_trips,HistGradientBoosting,val,1.7740085887285455,2.722097978636209,0.6700864669210922,48.33907262090351,38.89542283832052
31600,5th & K St NW,outgoing_trips,LightGBM,test,1.9827533443659344,3.065126883457982,0.6519081413673985,49.06736642043799,39.52150864370029
31600,5th & K St NW,outgoing_trips,LightGBM,val,1.7638737886403275,2.7084864149353733,0.6733776133993011,48.37194383438056,38.67321572088169
31600,5th & K St NW,outgoing_trips,Linear Regression,test,1.948674371992463,2.820394031065764,0.7052753061466326,51.92175494245771,38.84222475543769
31600,5th & K St NW,outgoing_trips,Linear Regression,val,1.8187023099717023,2.6413793131387067,0.6893622949928866,50.953875036421,39.87533984493238
31600,5th & K St NW,outgoing_trips,Naive (same hour last week),test,2.643794953761845,3.964032262143791,0.4178011914610864,77.56995106197934,52.69781307603031
31600,5th & K St NW,outgoing_trips,Naive (same hour last week),val,2.4846863258567686,3.722422220663264,0.3830586369821147,75.7460783003616,54.47714620934122
31600,5th & K St NW,outgoing_trips,Poisson,test,2.590462274488203,4.565178197327511,0.2278308964570041,58.34195454100849,51.63475197925078
31600,5th & K St NW,outgoing_trips,Poisson,val,2.218280319399639,3.598518962824892,0.4234456996181089,53.178252793864125,48.63615178932832
31600,5th & K St NW,outgoing_trips,Polynomial Regression,test,2.0285563560342155,3.585336178933944,0.523726170339335,55.777946654347865,40.43448358670026
31600,5th & K St NW,outgoing_trips,Polynomial Regression,val,1.7797937357438842,2.70293809966468,0.674714410085324,52.7958321699584,39.02226311450245
31600,5th & K St NW,outgoing_trips,Random Forest,test,2.033188936023766,2.9674329482356407,0.6737437948282304,54.439125594071015,40.52682313595378
31600,5th & K St NW,outgoing_trips,Random Forest,val,1.811778099227052,2.6693111338598983,0.6827577506832025,51.20416972907501,39.72352541379266
31600,5th & K St NW,outgoing_trips,Soft Two-Stage,test,2.016485216942516,3.101021266139912,0.6437076968401976,46.85704292544107,40.19387391666363
31600,5th & K St NW,outgoing_trips,Soft Two-Stage,val,1.787091884908918,2.7282654668133617,0.6685897956807665,46.333712490420375,39.18227620548448
31600,5th & K St NW,outgoing_trips,XGBoost,test,2.2339096782674943,3.4453692591517537,0.5601865561310369,47.70882019410027,44.52771743382332
31600,5th & K St NW,outgoing_trips,XGBoost,val,1.899333074196769,2.922454230788925,0.6197335054635837,46.62171962940745,41.64318228280842
31603,1st & M St NE,incoming_trips,GAM,test,1.8074756870802795,2.583137595730698,0.6951326450021265,53.0990454891786,41.37919378760107
31603,1st & M St NE,incoming_trips,GAM,val,1.7582845674923466,2.5310588284702344,0.7125952573515202,49.956971793642,38.2792884918952
31603,1st & M St NE,incoming_trips,HistGradientBoosting,test,1.673653720068366,2.552193037079834,0.7023931787028124,48.81947928031421,38.31555915859597
31603,1st & M St NE,incoming_trips,HistGradientBoosting,val,1.7198202395973363,2.582978953375269,0.700683135908035,47.36611414112342,37.44188871522545
31603,1st & M St NE,incoming_trips,LightGBM,test,1.6640382224272172,2.543456124415949,0.7044272836478691,48.99208410848049,38.09542809785676
31603,1st & M St NE,incoming_trips,LightGBM,val,1.7117786887760311,2.571536413218455,0.7033291961992718,47.67048883339919,37.266817597897735
31603,1st & M St NE,incoming_trips,Linear Regression,test,1.7758602262911327,2.610164498614445,0.6887197266652354,50.86313794029721,40.65540962384744
31603,1st & M St NE,incoming_trips,Linear Regression,val,1.7487641485674985,2.5431628814631684,0.7098398252922417,50.05929944722368,38.07202121029258
31603,1st & M St NE,incoming_trips,Naive (same hour last week),test,2.6626327206302087,4.004877720123966,0.2671849784425809,78.69699182219887,60.95661265028751
31603,1st & M St NE,incoming_trips,Naive (same hour last week),val,2.507116019583286,3.704531936861728,0.3843184519804395,75.25862915499098,54.58195969561014
31603,1st & M St NE,incoming_trips,Poisson,test,2.0356326508910625,2.9899254533581314,0.5915521983041349,49.05784264195401,46.60247357332676
31603,1st & M St NE,incoming_trips,Poisson,val,2.1275723020676662,3.139537190186431,0.5577979867226062,50.01517580564011,46.318983538805526
31603,1st & M St NE,incoming_trips,Polynomial Regression,test,1.8851122509578848,3.0546260207524982,0.5736837017884255,51.39318693644769,43.1565556877682
31603,1st & M St NE,incoming_trips,Polynomial Regression,val,1.7793531331943415,2.5953100433037424,0.6978184487510672,49.7361502162035,38.73796834356865
31603,1st & M St NE,incoming_trips,Random Forest,test,1.7335116967862454,2.571344104343172,0.6979100757466422,50.51642250802444,39.685909441063046
31603,1st & M St NE,incoming_trips,Random Forest,val,1.7658615998840703,2.576470716741552,0.7021895909212645,49.24593965168303,38.44424666430803
31603,1st & M St NE,incoming_trips,Soft Two-Stage,test,1.6770465059318482,2.541218024432565,0.7049472299007096,47.68874929506501,38.3932314308862
31603,1st & M St NE,incoming_trips,Soft Two-Stage,val,1.7259314991863162,2.562776517018332,0.7053469619518467,46.64785914061137,37.57493581873786
31603,1st & M St NE,incoming_trips,XGBoost,test,1.7150822175252136,2.574823840825371,0.6970919008430647,47.11450242309376,39.26399671537728
31603,1st & M St NE,incoming_trips,XGBoost,val,1.766477609623062,2.6141781597726053,0.6934087079913014,46.15475225972284,38.45765769853346
31603,1st & M St NE,outgoing_trips,GAM,test,2.035637062525162,2.8250242330350157,0.6285767988152441,64.36003917370641,46.77250080180974
31603,1st & M St NE,outgoing_trips,GAM,val,1.8081307316281132,2.550777550222161,0.6914461555750298,53.88870811538781,39.49959511476115
31603,1st & M St NE,outgoing_trips,HistGradientBoosting,test,1.680097261754649,2.58682247730218,0.6885718072416737,49.68931830199335,38.6033207830565
31603,1st & M St NE,outgoing_trips,HistGradientBoosting,val,1.7237501011927123,2.596601984785096,0.6802603028725811,49.13687425103476,37.65625454240914
31603,1st & M St NE,outgoing_trips,LightGBM,test,1.6782324580019436,2.580010441792787,0.6902098528688319,49.50545159490136,38.56047349135391
31603,1st & M St NE,outgoing_trips,LightGBM,val,1.7173647495668347,2.5892776805806723,0.682061555381122,48.86653235787411,37.51676307783984
31603,1st & M St NE,outgoing_trips,Linear Regression,test,1.761049288332116,2.615087039487004,0.6817290721045008,51.541006198913976,40.46334229558774
31603,1st & M St NE,outgoing_trips,Linear Regression,val,1.754158257814808,2.535342311130679,0.6951690930420535,51.06347311963878,38.32053719285526
31603,1st & M St NE,outgoing_trips,Naive (same hour last week),test,2.5840849412033338,3.9163825514209023,0.286169849416989,78.4028400342833,59.37409826604758
31603,1st & M St NE,outgoing_trips,Naive (same hour last week),val,2.496982807696687,3.700642001593152,0.3505586493972981,76.44686053467285,54.547941798283794
31603,1st & M St NE,outgoing_trips,Poisson,test,1.9788301060717863,2.8928827917309468,0.6105189341449151,49.45344310750491,45.46725662779775
31603,1st & M St NE,outgoing_trips,Poisson,val,2.0418871847826354,2.997084295923387,0.5740253978783851,49.51842953987603,44.60613143625392
31603,1st & M St NE,outgoing_trips,Polynomial Regression,test,1.873663434231476,3.083248323492892,0.5575729400096726,55.985529681798695,43.0508591601309
31603,1st & M St NE,outgoing_trips,Polynomial Regression,val,1.799188794592275,2.646173252531753,0.6679355830549749,51.58100067533165,39.30425365726639
31603,1st & M St NE,outgoing_trips,Random Forest,test,1.7315048095742362,2.58692150549968,0.688547962727287,51.17475587959967,39.78450362545771
31603,1st & M St NE,outgoing_trips,Random Forest,val,1.7464531547579591,2.568744656442492,0.6870840782863741,50.73851238713929,38.15221504349995
31603,1st & M St NE,outgoing_trips,Soft Two-Stage,test,1.697985715070755,2.5837030411674413,0.6893224537315369,48.19758345278974,39.01434085754503
31603,1st & M St NE,outgoing_trips,Soft Two-Stage,val,1.7349278870464035,2.5858975379031466,0.682891111709508,47.86033149902325,37.900439328264056
31603,1st & M St NE,outgoing_trips,XGBoost,test,1.7390509959485283,2.605954939602658,0.6839480476281515,47.319217222250266,39.957891119102754
31603,1st & M St NE,outgoing_trips,XGBoost,val,1.7682315494880063,2.618928161281452,0.6747382748851203,46.534372163735846,38.627975871541246
31609,Maine Ave & 7th St SW,incoming_trips,GAM,test,1.7034247594755707,2.442384241689688,0.4374909570796119,75.31490717550233,68.65904683745121
31609,Maine Ave & 7th St SW,incoming_trips,GAM,val,1.583703880604656,2.3817434635512247,0.5249203575286627,66.82741888491151,60.06421618166807
31609,Maine Ave & 7th St SW,incoming_trips,HistGradientBoosting,test,1.3508007492146756,2.2498556030558734,0.5226786924538614,59.15353701095033,54.44601611693592
31609,Maine Ave & 7th St SW,incoming_trips,HistGradientBoosting,val,1.4152589571571217,2.3839301631611733,0.5240476074811284,58.132275362712114,53.67570351805422
31609,Maine Ave & 7th St SW,incoming_trips,LightGBM,test,1.3526604966522886,2.2530139083619365,0.5213376423571386,59.60767424616024,54.52097597983248
31609,Maine Ave & 7th St SW,incoming_trips,LightGBM,val,1.4128809767040642,2.382771227655887,0.5245102586583551,58.40795110831437,53.58551523616805
31609,Maine Ave & 7th St SW,incoming_trips,Linear Regression,test,1.4378743842040036,2.220464813916482,0.5350681254153665,61.95963780796648,57.95564737583576
31609,Maine Ave & 7th St SW,incoming_trips,Linear Regression,val,1.474609481950186,2.3255384461111754,0.5470779082409487,60.291535431814665,55.926656360516816
31609,Maine Ave & 7th St SW,incoming_trips,Naive (same hour last week),test,1.874871560680443,3.100405270917329,0.0935612499743392,90.58260364546574,75.5694629791542
31609,Maine Ave & 7th St SW,incoming_trips,Naive (same hour last week),val,1.9689172264602075,3.30992387190405,0.0824864911924656,91.06639564573452,74.67397875464202
31609,Maine Ave & 7th St SW,incoming_trips,Poisson,test,1.5814108717257285,2.429521579108271,0.4434001924904452,59.400711029440025,63.74109716739063
31609,Maine Ave & 7th St SW,incoming_trips,Poisson,val,1.6289945349124155,2.5575335968522066,0.4522036276287154,58.628343350756886,61.78192849182032
31609,Maine Ave & 7th St SW,incoming_trips,Polynomial Regression,test,1.5457109888488825,2.832879850270243,0.2432405709759039,66.15306136635566,62.30216074422421
31609,Maine Ave & 7th St SW,incoming_trips,Polynomial Regression,val,1.5372599094496118,2.899018938320883,0.2961525170366533,62.88540278274933,58.30276269408387
31609,Maine Ave & 7th St SW,incoming_trips,Random Forest,test,1.416526471100821,2.2089427572424825,0.5398806967604245,60.88713987180471,57.09518825812015
31609,Maine Ave & 7th St SW,incoming_trips,Random Forest,val,1.4518484917432182,2.3039843430107667,0.555434758860194,58.889710994276825,55.06341352008241
31609,Maine Ave & 7th St SW,incoming_trips,Soft Two-Stage,test,1.3691019442730046,2.2272955839799264,0.5322032048814038,56.22790495022526,55.183672771097726
31609,Maine Ave & 7th St SW,incoming_trips,Soft Two-Stage,val,1.424111774816875,2.360421549861748,0.5333883273194417,54.80223860919815,54.011459185666354
31609,Maine Ave & 7th St SW,incoming_trips,XGBoost,test,1.371307521778872,2.245161434690875,0.5246684104806167,55.69560354306731,55.27257182486374
31609,Maine Ave & 7th St SW,incoming_trips,XGBoost,val,1.4221930970140542,2.3612906162678766,0.5330446673646801,54.11428170171715,53.93869060831867
31609,Maine Ave & 7th St SW,outgoing_trips,GAM,test,1.3533031236094724,2.067656749956118,0.4893084647494905,60.50440689873709,58.5419896271008
31609,Maine Ave & 7th St SW,outgoing_trips,GAM,val,1.4093306733206743,2.1935184898148625,0.492528126722445,61.01666105913052,58.475771465303694
31609,Maine Ave & 7th St SW,outgoing_trips,HistGradientBoosting,test,1.2805299549293432,2.094295855289725,0.4760644840916774,58.0362442401746,55.39392470972994
31609,Maine Ave & 7th St SW,outgoing_trips,HistGradientBoosting,val,1.329571409665832,2.233501313661033,0.4738594168878315,56.42102709967236,55.16641010532409
31609,Maine Ave & 7th St SW,outgoing_trips,LightGBM,test,1.2801013408095987,2.0910844651714173,0.477670056022365,58.44012549861968,55.37538346578069
31609,Maine Ave & 7th St SW,outgoing_trips,LightGBM,val,1.3293822723605513,2.231009921802717,0.4750325447199474,56.97400890036896,55.15856244398489
31609,Maine Ave & 7th St SW,outgoing_trips,Linear Regression,test,1.3255103017681835,2.021912585393176,0.5116552496384283,60.75885245071627,57.33971124648124
31609,Maine Ave & 7th St SW,outgoing_trips,Linear Regression,val,1.3927659341560934,2.176769172033375,0.5002484684462931,61.271973602193,57.788469386304655
31609,Maine Ave & 7th St SW,outgoing_trips,Naive (same hour last week),test,1.822810823153328,2.896785956491396,-0.0023850600675414,90.4540616931916,78.85223231924141
31609,Maine Ave & 7th St SW,outgoing_trips,Naive (same hour last week),val,1.947626095867016,3.165552376604521,-0.0568865829772515,96.5182943211061,80.81065759637188
31609,Maine Ave & 7th St SW,outgoing_trips,Poisson,test,1.451291278035221,2.1853370427890164,0.4295223595920351,56.88003091652472,62.780819361470265
31609,Maine Ave & 7th St SW,outgoing_trips,Poisson,val,1.5464155793215153,2.367780739419835,0.4086939204000778,58.289518786911245,64.16368118471688
31609,Maine Ave & 7th St SW,outgoing_trips,Polynomial Regression,test,1.407064086552127,2.217124170308559,0.4128057347913684,65.64084379467832,60.86761326605136
31609,Maine Ave & 7th St SW,outgoing_trips,Polynomial Regression,val,1.4319748875613372,2.25072073409898,0.4657154684174537,63.00282550647951,59.4153223613531
31609,Maine Ave & 7th St SW,outgoing_trips,Random Forest,test,1.3266237614048184,2.0380565934899315,0.5038257163347472,61.67254413069045,57.38787794421575
31609,Maine Ave & 7th St SW,outgoing_trips,Random Forest,val,1.3776583805405278,2.1626999002706877,0.5066877526475151,60.8590719647048,57.16162866726878
31609,Maine Ave & 7th St SW,outgoing_trips,Soft Two-Stage,test,1.3057204555595543,2.09600856201227,0.4752071889757546,55.75442842543491,56.48363033507575
31609,Maine Ave & 7th St SW,outgoing_trips,Soft Two-Stage,val,1.354379372287811,2.231869398469564,0.4746279887526073,53.996963804144016,56.19573897772035
31609,Maine Ave & 7th St SW,outgoing_trips,XGBoost,test,1.3067341272608717,2.1010906931988464,0.4726592038782837,55.470445016334125,56.527480347086
31609,Maine Ave & 7th St SW,outgoing_trips,XGBoost,val,1.3588101645217412,2.240565022056853,0.4705261924391393,54.36253702345286,56.3795808531484
31615,6th & H St NE,incoming_trips,GAM,test,1.4256681581147872,2.1090320979124737,0.6605238953889085,54.07876316274928,45.11516816694036
31615,6th & H St NE,incoming_trips,GAM,val,1.3910158456758466,2.05421339711587,0.6853640352348882,53.5389039346255,44.270363345910646
31615,6th & H St NE,incoming_trips,HistGradientBoosting,test,1.3799361272146764,2.122969843922528,0.6560221468156345,52.37706938339278,43.66798127921295
31615,6th & H St NE,incoming_trips,HistGradientBoosting,val,1.325070704987691,2.0611505428647074,0.6832353751533392,49.94734210837032,42.17159836905059
31615,6th & H St NE,incoming_trips,LightGBM,test,1.3806079689137347,2.128699662171483,0.6541628737590997,52.28901813524433,43.68924166232668
31615,6th & H St NE,incoming_trips,LightGBM,val,1.3259966485314096,2.067804527182746,0.6811868600084233,49.97381668170556,42.20106737707494
31615,6th & H St NE,incoming_trips,Linear Regression,test,1.428048886531322,2.1334388972196843,0.6526212491154684,53.79380162832639,45.190506149527984
31615,6th & H St NE,incoming_trips,Linear Regression,val,1.3915409997232728,2.077694176329432,0.6781300044561938,53.70298791221717,44.28707685824367
31615,6th & H St NE,incoming_trips,Naive (same hour last week),test,1.966206187920996,3.0327586946032725,0.2980300127909004,78.27490578010908,62.22045594132736
31615,6th & H St NE,incoming_trips,Naive (same hour last week),val,1.8781737447341456,2.93223009970614,0.358918352872831,76.263744316394,59.774613182592304
31615,6th & H St NE,incoming_trips,Poisson,test,1.5845097457873547,2.363011977230172,0.5738380440086626,51.05773488630714,50.141698989672456
31615,6th & H St NE,incoming_trips,Poisson,val,1.583457446536731,2.381633226513131,0.5770714433595621,51.25938150352597,50.39499493760956
31615,6th & H St NE,incoming_trips,Polynomial Regression,test,1.4598070173891362,2.3018038141869663,0.5956295214339056,57.32088723924596,46.19548995740975
31615,6th & H St NE,incoming_trips,Polynomial Regression,val,1.4165810580351244,2.506802802025538,0.5314482201015789,56.1496004913462,45.08399982868608
31615,6th & H St NE,incoming_trips,Random Forest,test,1.433536064394218,2.129408671151938,0.6539324584802675,55.02371566567024,45.36414750543357
31615,6th & H St NE,incoming_trips,Random Forest,val,1.3822342845340785,2.062204956259428,0.6829112005837341,52.94877447129548,43.990882056248175
31615,6th & H St NE,incoming_trips,Soft Two-Stage,test,1.3884671367438706,2.1179257131380904,0.6576547729593267,51.2333951681361,43.93794447320915
31615,6th & H St NE,incoming_trips,Soft Two-Stage,val,1.3461026757930974,2.064409372913548,0.6822329271388148,49.16322117237997,42.8409602547044
31615,6th & H St NE,incoming_trips,XGBoost,test,1.3901079695686884,2.121922610617748,0.6563614226822533,50.77285182906536,43.98986851205659
31615,6th & H St NE,incoming_trips,XGBoost,val,1.3358527275208572,2.0570881545846094,0.6844827879495643,48.84953142395515,42.514746189135366
31615,6th & H St NE,outgoing_trips,GAM,test,1.4955904978510244,2.121222266055201,0.6270659174080087,58.90624314108494,47.75922261357367
31615,6th & H St NE,outgoing_trips,GAM,val,1.3802288996897631,2.00756201544636,0.6653685902221194,53.712526624198496,44.48642358156033
31615,6th & H St NE,outgoing_trips,HistGradientBoosting,test,1.355135694496222,2.0839206343330026,0.6400666644994107,52.75332645049787,43.27402948737617
31615,6th & H St NE,outgoing_trips,HistGradientBoosting,val,1.2843222103967886,2.0182006470024376,0.6618125824685486,48.87068733445362,41.39523660152292
31615,6th & H St NE,outgoing_trips,LightGBM,test,1.3582905141299426,2.0880072867625223,0.6386535927299276,52.60850004945118,43.37477346335692
31615,6th & H St NE,outgoing_trips,LightGBM,val,1.2896623962026916,2.023803858210556,0.6599321291807759,48.68176141415015,41.56735715907611
31615,6th & H St NE,outgoing_trips,Linear Regression,test,1.4291541949791355,2.082370888837536,0.6406018073884736,54.54248696316141,45.637688555259935
31615,6th & H St NE,outgoing_trips,Linear Regression,val,1.3588489035048676,2.0066922983902096,0.6656584658038236,51.50698770985176,43.79732080544313
31615,6th & H St NE,outgoing_trips,Naive (same hour last week),test,1.9405183240095905,2.954636668007772,0.2764510998620195,80.31185794855669,61.96726092821466
31615,6th & H St NE,outgoing_trips,Naive (same hour last week),val,1.8470909711943528,2.859075727523175,0.3212965132473239,75.9397761568045,59.53394495412844
31615,6th & H St NE,outgoing_trips,Poisson,test,1.57432932479455,2.3141405928300007,0.5561469566041328,53.655995940367774,50.27361754302186
31615,6th & H St NE,outgoing_trips,Poisson,val,1.536952424769983,2.291539724639786,0.5640029570000755,50.5047361442695,49.53780971286151
31615,6th & H St NE,outgoing_trips,Polynomial Regression,test,1.462501508465912,2.5483487574368406,0.4617581674160869,59.54309031396598,46.702580162065416
31615,6th & H St NE,outgoing_trips,Polynomial Regression,val,1.350694717596658,2.0398038999839647,0.654533771447746,53.97544579221341,43.53450166844568
31615,6th & H St NE,outgoing_trips,Random Forest,test,1.3857055841621817,2.04850087443962,0.6521980372553515,54.950025959856674,44.25022863274837
31615,6th & H St NE,outgoing_trips,Random Forest,val,1.3163039894723092,1.9869085305585867,0.6722184444225874,50.58144336741891,42.42604748453318
31615,6th & H St NE,outgoing_trips,Soft Two-Stage,test,1.3712073027506348,2.081459957699884,0.640916175399144,52.02489347310906,43.78724986252802
31615,6th & H St NE,outgoing_trips,Soft Two-Stage,val,1.2999900206113746,2.012214081931177,0.6638159295974327,48.09185954511116,41.900228811118176
31615,6th & H St NE,outgoing_trips,XGBoost,test,1.38750835203592,2.09627249935107,0.635787208102449,50.58406858398708,44.307797059618
31615,6th & H St NE,outgoing_trips,XGBoost,val,1.3104770788126847,2.0284445170511187,0.6583707640999726,46.66349096977726,42.23823920444701
31616,3rd & H St NE,incoming_trips,GAM,test,1.2133208943069502,1.711186199245106,0.5718540132085437,56.52236915455212,56.18544918442812
31616,3rd & H St NE,incoming_trips,GAM,val,1.1795563689004347,1.7038736328826325,0.61866052561856,53.267468781089065,51.02715651899975
31616,3rd & H St NE,incoming_trips,HistGradientBoosting,test,1.1097003751539718,1.7187017593330365,0.568084904838946,52.351591363218894,51.38707684892224
31616,3rd & H St NE,incoming_trips,HistGradientBoosting,val,1.12036954428905,1.74000432076163,0.6023164267334904,49.83953671573606,48.466757166382926
31616,3rd & H St NE,incoming_trips,LightGBM,test,1.1110256950857231,1.7197026374144844,0.5675817108185048,52.3842507196448,51.44844865585964
31616,3rd & H St NE,incoming_trips,LightGBM,val,1.1209215518843674,1.7384619881820826,0.6030211243989656,49.98490286993511,48.49063680343003
31616,3rd & H St NE,incoming_trips,Linear Regression,test,1.1603599942324176,1.7116737018561223,0.571610028049986,54.45210303257591,53.73298011885671
31616,3rd & H St NE,incoming_trips,Linear Regression,val,1.166615952313511,1.7092037314753576,0.6162709632300662,52.31623070245398,50.46735905614719
31616,3rd & H St NE,incoming_trips,Naive (same hour last week),test,1.572553944514214,2.425179028681261,0.1400267395064536,80.90649080848641,72.82051282051282
31616,3rd & H St NE,incoming_trips,Naive (same hour last week),val,1.553113970169646,2.403671903580329,0.2410950718820571,77.77021800435851,67.18711520464956
31616,3rd & H St NE,incoming_trips,Poisson,test,1.263910383303426,1.850090550310555,0.4995239384813864,51.09165846498861,58.52810492918165
31616,3rd & H St NE,incoming_trips,Poisson,val,1.2989103823653143,1.920421337768148,0.5155710998597551,50.33597612003107,56.19036540567679
31616,3rd & H St NE,incoming_trips,Polynomial Regression,test,1.281074476669862,2.011922883023359,0.408138623328136,60.4181545006076,59.32292540920603
31616,3rd & H St NE,incoming_trips,Polynomial Regression,val,1.2309792300709512,2.142096915527844,0.3972805165689109,57.37327371486509,53.25168978827348
31616,3rd & H St NE,incoming_trips,Random Forest,test,1.1637503535421911,1.7125656058514789,0.5711634683192321,56.252958163323626,53.88997804216788
31616,3rd & H St NE,incoming_trips,Random Forest,val,1.1621220521837925,1.7122221667195678,0.6149144438569061,53.675569104180745,50.27295465857385
31616,3rd & H St NE,incoming_trips,Soft Two-Stage,test,1.1309301291539626,1.7088077684031953,0.5730433728773177,51.49097509924112,52.37016654115547
31616,3rd & H St NE,incoming_trips,Soft Two-Stage,val,1.143486178182403,1.736205276739225,0.6040510983774697,49.03033565206488,49.46677389044007
31616,3rd & H St NE,incoming_trips,XGBoost,test,1.1259294798954145,1.7109041441891013,0.5719951442997495,50.46152715624104,52.13860065769988
31616,3rd & H St NE,incoming_trips,XGBoost,val,1.140482374539152,1.7386158115544814,0.6029508699655584,48.67917374791279,49.33683049587436
31616,3rd & H St NE,outgoing_trips,GAM,test,1.1849940849697116,1.6600849663987178,0.531536997930793,56.59450494098361,55.26228937413323
31616,3rd & H St NE,outgoing_trips,GAM,val,1.1814124422829038,1.7022491987885369,0.5730059200273846,55.666593522914766,51.51340654604947
31616,3rd & H St NE,outgoing_trips,HistGradientBoosting,test,1.0814191293868092,1.6551720542769688,0.5343056658160539,51.851455067798526,50.432063434666496
31616,3rd & H St NE,outgoing_trips,HistGradientBoosting,val,1.1175111854347584,1.7288136210884275,0.5595750352810998,51.70557783426097,48.72710490827326
31616,3rd & H St NE,outgoing_trips,LightGBM,test,1.0799697088877938,1.6586550338210069,0.5323436819517584,52.153167215586905,50.36446959934078
31616,3rd & H St NE,outgoing_trips,LightGBM,val,1.1197490467229574,1.735106983252898,0.5563626603292096,51.75809416614575,48.824682904074535
31616,3rd & H St NE,outgoing_trips,Linear Regression,test,1.1198865890086918,1.6391425632971124,0.5432820094229948,53.176938536645935,52.22599634291946
31616,3rd & H St NE,outgoing_trips,Linear Regression,val,1.1625516890352372,1.699496675849532,0.5743856954053664,54.28617645769427,50.69101665489991
31616,3rd & H St NE,outgoing_trips,Naive (same hour last week),test,1.5260874529055828,2.3320880230649,0.075505054731614,78.89996938598368,71.1692045575551
31616,3rd & H St NE,outgoing_trips,Naive (same hour last week),val,1.5510645565296597,2.3842198211900336,0.1623392520363361,78.59269058776202,67.63143523804796
31616,3rd & H St NE,outgoing_trips,Poisson,test,1.2288114103467764,1.7562729338069565,0.475677275562954,51.00671732922858,57.30571367920037
31616,3rd & H St NE,outgoing_trips,Poisson,val,1.27618237334551,1.865682325886848,0.4870784196686929,53.28268863702983,55.64568229704421
31616,3rd & H St NE,outgoing_trips,Polynomial Regression,test,1.1933075277607652,2.1594991441480325,0.2072783188781778,59.98549902940164,55.64998741165235
31616,3rd & H St NE,outgoing_trips,Polynomial Regression,val,1.1753069814328794,1.7897568465734968,0.5279764771270694,57.15778380944042,51.24718869048791
31616,3rd & H St NE,outgoing_trips,Random Forest,test,1.112658699365358,1.6326368862708218,0.5469001978741654,54.02189003015541,51.88892315909472
31616,3rd & H St NE,outgoing_trips,Random Forest,val,1.1411487029239804,1.6892421696533106,0.5795063847549901,53.39127190971895,49.75777718205491
31616,3rd & H St NE,outgoing_trips,Soft Two-Stage,test,1.107844679320611,1.6759430575918723,0.5225441910919111,50.46656252378963,51.66442096778422
31616,3rd & H St NE,outgoing_trips,Soft Two-Stage,val,1.1521028417021864,1.7554377336682585,0.5459052971307843,50.46871331330007,50.23541308975973
31616,3rd & H St NE,outgoing_trips,XGBoost,test,1.1026794233788395,1.657898170528454,0.5327703784465591,50.43109805590126,51.423538863674025
31616,3rd & H St NE,outgoing_trips,XGBoost,val,1.1385685775705807,1.7306846998186514,0.5586211837899067,50.02468153520695,49.64527536515123
31623,Columbus Circle / Union Station,incoming_trips,GAM,test,2.4670657780240624,3.574200317651857,0.7940853490953134,57.71832721759035,37.65820143897522
31623,Columbus Circle / Union Station,incoming_trips,GAM,val,2.3565964935497368,3.3801554969953824,0.7731167633506684,57.218088279469306,37.33605173953738
31623,Columbus Circle / Union Station,incoming_trips,HistGradientBoosting,test,2.1614215995442088,3.3457471213647945,0.819567113975865,47.959614829063646,32.992736032915765
31623,Columbus Circle / Union Station,incoming_trips,HistGradientBoosting,val,2.150578031416348,3.251610844366504,0.7900450218097232,48.58257725995054,34.072058101862986
31623,Columbus Circle / Union Station,incoming_trips,LightGBM,test,2.1434455923690234,3.3218704595794453,0.8221332150619152,47.57169830442468,32.718343633125855
31623,Columbus Circle / Union Station,incoming_trips,LightGBM,val,2.139913979770524,3.235274256857525,0.7921494136007282,48.51963239021308,33.903105298491106
31623,Columbus Circle / Union Station,incoming_trips,Linear Regression,test,2.442240275517792,3.6580851836100376,0.7843064796810024,54.47555975847421,37.2792558176089
31623,Columbus Circle / Union Station,incoming_trips,Linear Regression,val,2.3508068967749134,3.45955073507798,0.7623332332646909,55.68037699707544,37.244325945440885
31623,Columbus Circle / Union Station,incoming_trips,Naive (same hour last week),test,3.275031396278114,5.201697317553723,0.563866321451298,76.69887149064546,49.99128646613921
31623,Columbus Circle / Union Station,incoming_trips,Naive (same hour last week),val,3.1967437094386884,4.87994312750684,0.527111697620247,79.03263543999945,50.646680015152334
31623,Columbus Circle / Union Station,incoming_trips,Poisson,test,2.7395954124719237,4.067439673057507,0.7333315046537883,57.43025695762154,41.81819423833532
31623,Columbus Circle / Union Station,incoming_trips,Poisson,val,2.559439619547484,3.7589608733875663,0.7194148640984688,54.15497396990663,40.54973786187123
31623,Columbus Circle / Union Station,incoming_trips,Polynomial Regression,test,2.476982938528152,5.45780220473833,0.5198631326041434,58.177748943357855,37.80958063254693
31623,Columbus Circle / Union Station,incoming_trips,Polynomial Regression,val,2.34270657827284,4.0641779086198975,0.6719995257355342,54.99198364453338,37.11599090313392
31623,Columbus Circle / Union Station,incoming_trips,Random Forest,test,2.240612324391509,3.3682463075762823,0.817132236054109,50.26485156687871,34.20153244805902
31623,Columbus Circle / Union Station,incoming_trips,Random Forest,val,2.199953290608256,3.265598377082771,0.7882347998514777,49.84136082890094,34.854320672858044
31623,Columbus Circle / Union Station,incoming_trips,Soft Two-Stage,test,2.162065398404405,3.298439785447606,0.8246335177965075,46.12868559007892,33.002563216033224
31623,Columbus Circle / Union Station,incoming_trips,Soft Two-Stage,val,2.1348702972492557,3.1929636393338905,0.7975503660614689,46.41297983784971,33.82319718011474
31623,Columbus Circle / Union Station,incoming_trips,XGBoost,test,2.1876243832198665,3.34300348808167,0.8198629155875861,44.788741519392985,33.39270498174133
31623,Columbus Circle / Union Station,incoming_trips,XGBoost,val,2.1401973445418245,3.1874216112314486,0.7982525399509011,45.16027652646856,33.907594705901914
31623,Columbus Circle / Union Station,outgoing_trips,GAM,test,2.380067396732068,3.47664301833572,0.780507871294652,54.20051876852913,36.51284758380976
31623,Columbus Circle / Union Station,outgoing_trips,GAM,val,2.317149527274179,3.336252258589268,0.7683749947265919,53.135529621772,36.6641282302535
31623,Columbus Circle / Union Station,outgoing_trips,HistGradientBoosting,test,2.211760026858232,3.457672843714761,0.7828966377949413,46.61827475684834,33.93082769988835
31623,Columbus Circle / Union Station,outgoing_trips,HistGradientBoosting,val,2.135683995382209,3.2648187820703334,0.7781875897205778,46.250066139609366,33.79280920127178
31623,Columbus Circle / Union Station,outgoing_trips,LightGBM,test,2.204394894937768,3.442387219007839,0.7848119290022717,46.6487222733358,33.81783848806359
31623,Columbus Circle / Union Station,outgoing_trips,LightGBM,val,2.1360078493045127,3.2574328016232053,0.7791900643287124,46.4138200707562,33.79793352389122
31623,Columbus Circle / Union Station,outgoing_trips,Linear Regression,test,2.3897376925938447,3.586060530755541,0.7664746761125152,54.547904578999294,36.66120054195549
31623,Columbus Circle / Union Station,outgoing_trips,Linear Regression,val,2.3154733191668497,3.413671237574893,0.7575003777160026,54.30586342372493,36.63760568250062
31623,Columbus Circle / Union Station,outgoing_trips,Naive (same hour last week),test,3.261331202192031,5.135208069149725,0.5211330752815463,77.28248437353254,50.03240213678957
31623,Columbus Circle / Union Station,outgoing_trips,Naive (same hour last week),val,3.1297961971991346,4.84928256412945,0.5106465411492072,77.88967809143386,49.522591338185485
31623,Columbus Circle / Union Station,outgoing_trips,Poisson,test,2.789327848575363,4.108622565656914,0.6934571114934445,57.18126382178785,42.79135235252055
31623,Columbus Circle / Union Station,outgoing_trips,Poisson,val,2.625467535679471,3.784689226672613,0.7019232320651644,54.15171136867152,41.54262694723786
31623,Columbus Circle / Union Station,outgoing_trips,Polynomial Regression,test,2.5155056784248147,5.194491127973005,0.5100127618050402,57.07281154590606,38.59061955919599
31623,Columbus Circle / Union Station,outgoing_trips,Polynomial Regression,val,2.3238387543033325,4.241707299654428,0.6255885912047277,54.15540436118555,36.769971497885294
31623,Columbus Circle / Union Station,outgoing_trips,Random Forest,test,2.2878406665975257,3.486946219843453,0.7792049922758267,49.377232936278034,35.09798826294374
31623,Columbus Circle / Union Station,outgoing_trips,Random Forest,val,2.2135991936806527,3.2996044841176864,0.7734357144843675,49.03520508786342,35.025657055014
31623,Columbus Circle / Union Station,outgoing_trips,Soft Two-Stage,test,2.2107248122197256,3.420452782156524,0.7875454921686638,45.42563755459813,33.914946370492295
31623,Columbus Circle / Union Station,outgoing_trips,Soft Two-Stage,val,2.1471901654328733,3.25878455056609,0.7790067656724425,45.258208182631,33.974870690705714
31623,Columbus Circle / Union Station,outgoing_trips,XGBoost,test,2.239078420440901,3.446610740204414,0.7842835695449739,44.55632899190135,34.34992185767904
31623,Columbus Circle / Union Station,outgoing_trips,XGBoost,val,2.1593568981304907,3.2470000001705785,0.7806022053019894,44.42596891786823,34.16738422620181
31627,M St & Delaware Ave NE,incoming_trips,GAM,test,1.837750418311239,2.687237758451259,0.6188540356864385,56.14407851593808,45.0299491257676
31627,M St & Delaware Ave NE,incoming_trips,GAM,val,1.8640815335299663,2.7175207202683693,0.6132642700034825,56.147623698248005,45.87728895394316
31627,M St & Delaware Ave NE,incoming_trips,HistGradientBoosting,test,1.7437190958227855,2.665798384965576,0.6249115075435172,54.2834098093326,42.725922623749625
31627,M St & Delaware Ave NE,incoming_trips,HistGradientBoosting,val,1.736289174486782,2.680009586059582,0.623867150217359,52.95156002220232,42.73216526891419
31627,M St & Delaware Ave NE,incoming_trips,LightGBM,test,1.7374885752788514,2.6583485863194483,0.6270050111319652,53.4000645140327,42.57325770237351
31627,M St & Delaware Ave NE,incoming_trips,LightGBM,val,1.7345006625738577,2.6797690719380185,0.623934658336047,52.35548794647783,42.6881478392305
31627,M St & Delaware Ave NE,incoming_trips,Linear Regression,test,1.831659857605726,2.639030617153835,0.6324063530513198,56.4148023303559,44.880713606088776
31627,M St & Delaware Ave NE,incoming_trips,Linear Regression,val,1.8394715003240143,2.651781451180885,0.6317489223272927,55.73358153542218,45.271606431882255
31627,M St & Delaware Ave NE,incoming_trips,Naive (same hour last week),test,2.436922023061993,3.703736199237554,0.2759655480725355,82.20435565270482,59.71130444512826
31627,M St & Delaware Ave NE,incoming_trips,Naive (same hour last week),val,2.5023340544233177,3.765196541787979,0.2575898995479995,85.36078151528945,61.58545128478158
31627,M St & Delaware Ave NE,incoming_trips,Poisson,test,2.186620350060036,3.3897257170790938,0.3935314896744756,59.85942861387659,53.5782237563316
31627,M St & Delaware Ave NE,incoming_trips,Poisson,val,2.1661601267935517,3.3343871372887803,0.4177619101491503,58.4508736451037,53.3118065223408
31627,M St & Delaware Ave NE,incoming_trips,Polynomial Regression,test,1.896706580012351,2.7609964902348847,0.5976436604328128,61.83836506805209,46.47453753973252
31627,M St & Delaware Ave NE,incoming_trips,Polynomial Regression,val,1.842741261394208,2.6728790373235984,0.6258659980300925,59.43761576085049,45.35207918520842
31627,M St & Delaware Ave NE,incoming_trips,Random Forest,test,1.843757015273502,2.655324322036456,0.627853202204341,60.89585513392205,45.17712730237671
31627,M St & Delaware Ave NE,incoming_trips,Random Forest,val,1.83105693224018,2.654456945535015,0.6310054593161832,58.4813176985927,45.06451378895816
31627,M St & Delaware Ave NE,incoming_trips,Soft Two-Stage,test,1.7548434179862402,2.6584228484883274,0.6269841712737954,52.235202990099175,42.99849916955682
31627,M St & Delaware Ave NE,incoming_trips,Soft Two-Stage,val,1.7510312836861317,2.673464438123494,0.6257020981115986,51.182752115885535,43.094986310464016
31627,M St & Delaware Ave NE,incoming_trips,XGBoost,test,1.774102134225874,2.656218630707356,0.6276024831859794,52.618256022368,43.47039078435793
31627,M St & Delaware Ave NE,incoming_trips,XGBoost,val,1.7589596843481017,2.664584592996281,0.6281844109843475,51.22421511435248,43.29011378829652
31627,M St & Delaware Ave NE,outgoing_trips,GAM,test,1.7522102804518918,2.663673267314007,0.6266732059313898,52.95227090208703,43.45056861581485
31627,M St & Delaware Ave NE,outgoing_trips,GAM,val,1.7500409847300185,2.602460953527161,0.6471394892011315,54.22142405831328,43.62684482539667
31627,M St & Delaware Ave NE,outgoing_trips,HistGradientBoosting,test,1.604870778344331,2.5092211174222627,0.6687124430044202,51.37924668223043,39.79690602887151
31627,M St & Delaware Ave NE,outgoing_trips,HistGradientBoosting,val,1.6378334612110603,2.545881831476028,0.6623155225908515,52.39748540244047,40.82961878353981
31627,M St & Delaware Ave NE,outgoing_trips,LightGBM,test,1.604373890047105,2.495818540394463,0.6722420235047294,50.71857693473573,39.78458440326877
31627,M St & Delaware Ave NE,outgoing_trips,LightGBM,val,1.6346195612497405,2.5297129516875647,0.6665911661070765,51.91556081601736,40.74949933712668
31627,M St & Delaware Ave NE,outgoing_trips,Linear Regression,test,1.690854767156371,2.5111751090826897,0.6681962787125457,53.14596591654856,41.929100576192326
31627,M St & Delaware Ave NE,outgoing_trips,Linear Regression,val,1.724036301016971,2.529942147608848,0.6665307486541803,54.39592884110235,42.97857297863322
31627,M St & Delaware Ave NE,outgoing_trips,Naive (same hour last week),test,2.308254366936865,3.551683221341793,0.3362634955831769,79.3830393517565,57.23911443293132
31627,M St & Delaware Ave NE,outgoing_trips,Naive (same hour last week),val,2.3585335306842765,3.5745026700919973,0.3343194533263989,81.1693095250525,58.79598092643052
31627,M St & Delaware Ave NE,outgoing_trips,Poisson,test,2.0419287867342626,3.272127208170008,0.4366379154263663,54.578792970616064,50.6348854623334
31627,M St & Delaware Ave NE,outgoing_trips,Poisson,val,2.0472042156049226,3.226718915290304,0.4575535342549715,54.60779074897689,51.03483942341632
31627,M St & Delaware Ave NE,outgoing_trips,Polynomial Regression,test,1.7334786272925404,2.677243571483867,0.6228596277468339,57.74298550859967,42.98606901210396
31627,M St & Delaware Ave NE,outgoing_trips,Polynomial Regression,val,1.7085339685705725,2.583155627435684,0.6523551838540886,57.34653340044916,42.5921146853864
31627,M St & Delaware Ave NE,outgoing_trips,Random Forest,test,1.6642476588947317,2.4840114429515427,0.6753357713922952,55.51266653674891,41.26930877147091
31627,M St & Delaware Ave NE,outgoing_trips,Random Forest,val,1.6717068486809683,2.4867646535185206,0.6778159878111033,55.746775650799805,41.67404987501404
31627,M St & Delaware Ave NE,outgoing_trips,Soft Two-Stage,test,1.615091906252474,2.472825717282833,0.6782531720225528,51.38812328852025,40.0503652309196
31627,M St & Delaware Ave NE,outgoing_trips,Soft Two-Stage,val,1.639270341784559,2.5039013495875397,0.673360243982017,51.99053347964341,40.86543883938971
31627,M St & Delaware Ave NE,outgoing_trips,XGBoost,test,1.646655413984124,2.519649843325447,0.6659529518799319,49.29386386196766,40.833063731065465
31627,M St & Delaware Ave NE,outgoing_trips,XGBoost,val,1.6627160696699474,2.5425476473350144,0.6631994324039775,50.61809058613925,41.44991836941176
31628,1st & I St SE,incoming_trips,GAM,test,1.4332286281184212,2.095965300160737,0.6303550035223469,61.67994183616451,51.226840584710885
31628,1st & I St SE,incoming_trips,GAM,val,1.4527573574191377,2.154321720059996,0.6473854912852091,58.74919094312977,50.24243136798032
31628,1st & I St SE,incoming_trips,HistGradientBoosting,test,1.323369232435824,2.0932487460325766,0.6313125669906945,55.88925131665757,47.30021670980732
31628,1st & I St SE,incoming_trips,HistGradientBoosting,val,1.3399739999099431,2.1343359461654074,0.6538975964952485,53.92969134282468,46.34191069935829
31628,1st & I St SE,incoming_trips,LightGBM,test,1.3235217334406917,2.096930884752839,0.6300143435618183,56.06544538839909,47.30566744147155
31628,1st & I St SE,incoming_trips,LightGBM,val,1.3370713990059553,2.1304341688799497,0.6551618587152659,53.92463652545666,46.24152660840017
31628,1st & I St SE,incoming_trips,Linear Regression,test,1.3897060184639278,2.114908767252503,0.6236430587181361,61.011106319785135,49.67124384120437
31628,1st & I St SE,incoming_trips,Linear Regression,val,1.4325539115600223,2.1793608978445165,0.6391411450273368,58.49637512606366,49.543711628727664
31628,1st & I St SE,incoming_trips,Naive (same hour last week),test,1.9286448224683184,3.046674252061304,0.2189682304720411,83.32157725751473,68.93413857830735
31628,1st & I St SE,incoming_trips,Naive (same hour last week),val,2.048275076853012,3.263940490557742,0.190599400762003,83.3209031563989,70.83792723263505
31628,1st & I St SE,incoming_trips,Poisson,test,1.493635716805992,2.246129260330448,0.5754917390512664,53.73511228289085,53.385926889348255
31628,1st & I St SE,incoming_trips,Poisson,val,1.5583530330018462,2.3401925776750248,0.5839148148441212,52.44960426939949,53.89437190445431
31628,1st & I St SE,incoming_trips,Polynomial Regression,test,1.45223109127938,2.200810732382545,0.5924489225092856,62.63977322982102,51.90603170046555
31628,1st & I St SE,incoming_trips,Polynomial Regression,val,1.468298170029302,2.268997750500751,0.6088465290408336,60.17871877047154,50.77989772943518
31628,1st & I St SE,incoming_trips,Random Forest,test,1.382429348477832,2.099605866422151,0.6290697858540962,59.47277386293578,49.41115915823607
31628,1st & I St SE,incoming_trips,Random Forest,val,1.3844970017667972,2.1127907021289034,0.6608498513981914,56.63149297040604,47.88170249849497
31628,1st & I St SE,incoming_trips,Soft Two-Stage,test,1.3394705002569378,2.0894558413518114,0.6326474579029518,55.28906942609778,47.87571252652623
31628,1st & I St SE,incoming_trips,Soft Two-Stage,val,1.349843703633144,2.12114148760772,0.6581635775555408,52.76350125579234,46.683246373483634
31628,1st & I St SE,incoming_trips,XGBoost,test,1.335339586077441,2.088294268890221,0.6330557823868345,52.79959719501895,47.72806428814293
31628,1st & I St SE,incoming_trips,XGBoost,val,1.3574842098903743,2.128347080767844,0.6558371718168088,51.24828647107854,46.94748706673161
31628,1st & I St SE,outgoing_trips,GAM,test,1.377134592111942,2.0166712112032568,0.5922882823428299,55.97596525091344,49.92889561781738
31628,1st & I St SE,outgoing_trips,GAM,val,1.4187072701432966,2.0897879156390475,0.5979986149697885,54.08975453533036,49.53490738886334
31628,1st & I St SE,outgoing_trips,HistGradientBoosting,test,1.288899604253742,2.0182796711384023,0.5916376562204194,51.91565791329018,46.7298796873154
31628,1st & I St SE,outgoing_trips,HistGradientBoosting,val,1.3443311209569562,2.0924971357114743,0.5969556228273678,51.33717835299015,46.938025185310856
31628,1st & I St SE,outgoing_trips,LightGBM,test,1.286445572406245,2.017359120175497,0.5920100849028351,51.823506342604055,46.64090719279068
31628,1st & I St SE,outgoing_trips,LightGBM,val,1.342499814588121,2.0882640306115774,0.5985846845225848,51.45805806900917,46.87408416429127
31628,1st & I St SE,outgoing_trips,Linear Regression,test,1.3366742740343711,2.017416942382797,0.5919866966867305,54.56821565291299,48.4619809026328
31628,1st & I St SE,outgoing_trips,Linear Regression,val,1.4215808006933726,2.1058278859225665,0.5918038848001875,54.63082722817355,49.635238213038726
31628,1st & I St SE,outgoing_trips,Naive (same hour last week),test,1.8661947710925904,2.8773298883200527,0.1700301618458817,81.23073237782316,67.66008526842998
31628,1st & I St SE,outgoing_trips,Naive (same hour last week),val,1.9982921553000117,3.0482663248779165,0.1446793860527733,82.52367988959261,69.77141721327767
31628,1st & I St SE,outgoing_trips,Poisson,test,1.446443402394667,2.1290834646417296,0.5455685604232366,50.17269747859197,52.44173087286266
31628,1st & I St SE,outgoing_trips,Poisson,val,1.525182701990823,2.218433076621724,0.5469816580972096,50.52699442046145,53.25255285861816
31628,1st & I St SE,outgoing_trips,Polynomial Regression,test,1.4246036966374696,2.2829489642710925,0.477513105195286,57.804720489908426,51.6499183693348
31628,1st & I St SE,outgoing_trips,Polynomial Regression,val,1.4466163144815851,2.190774044063668,0.558207543590666,56.40101261180925,50.50936628937293
31628,1st & I St SE,outgoing_trips,Random Forest,test,1.3345320880558524,2.000362370337881,0.5988559558280198,54.54869284781884,48.38431457958198
31628,1st & I St SE,outgoing_trips,Random Forest,val,1.3794737011828735,2.0588738363612835,0.6098041987102755,53.00721629482158,48.1650467799212
31628,1st & I St SE,outgoing_trips,Soft Two-Stage,test,1.30290298448428,2.014948953973766,0.5929843646919385,50.89243112940446,47.23758119581857
31628,1st & I St SE,outgoing_trips,Soft Two-Stage,val,1.3585308717877094,2.084134563627267,0.6001706835292875,50.63093901274642,47.43381692272491
31628,1st & I St SE,outgoing_trips,XGBoost,test,1.315597185608483,2.0367023902132058,0.5841486246217864,50.5165945734275,47.69781757831327
31628,1st & I St SE,outgoing_trips,XGBoost,val,1.381366544774956,2.115797939806607,0.5879295212893153,49.999833487393005,48.23113640532077
31646,Maine Ave & 9th St SW,incoming_trips,GAM,test,1.405171640586452,2.145035057626353,0.5541061858109178,65.00408875562304,59.64284938891614
31646,Maine Ave & 9th St SW,incoming_trips,GAM,val,1.385108939853601,2.2283609968024787,0.5979054354360723,59.25004036858324,53.69383333510251
31646,Maine Ave & 9th St SW,incoming_trips,HistGradientBoosting,test,1.2372101117946102,2.102165483979157,0.5717508984758954,59.47579338782546,52.51368176588967
31646,Maine Ave & 9th St SW,incoming_trips,HistGradientBoosting,val,1.3026038898348522,2.242308583428633,0.5928561636708576,57.63075529927792,50.49551999125881
31646,Maine Ave & 9th St SW,incoming_trips,LightGBM,test,1.237931663332246,2.1078199351770657,0.5694439722285883,59.32008352228851,52.54430819503364
31646,Maine Ave & 9th St SW,incoming_trips,LightGBM,val,1.3040744674984583,2.247235519006733,0.5910649960428608,57.59147994048479,50.55252702493252
31646,Maine Ave & 9th St SW,incoming_trips,Linear Regression,test,1.299889342632609,2.092030842133179,0.5758701643070945,61.2674344748768,55.17411684492646
31646,Maine Ave & 9th St SW,incoming_trips,Linear Regression,val,1.3694767353282409,2.2233907698398565,0.5996971311980865,60.495808582497446,53.087849964196224
31646,Maine Ave & 9th St SW,incoming_trips,Naive (same hour last week),test,1.829090078776116,3.094600108973046,0.0719492384707806,87.93308684797123,77.63616980034891
31646,Maine Ave & 9th St SW,incoming_trips,Naive (same hour last week),val,1.936923602413754,3.3887047747032755,0.0701249932419357,91.0905393112268,75.08496270468288
31646,Maine Ave & 9th St SW,incoming_trips,Poisson,test,1.407437689325651,2.2551460106055394,0.5071531445340769,54.72226424373905,59.73903237450755
31646,Maine Ave & 9th St SW,incoming_trips,Poisson,val,1.4927227678559294,2.442023227156189,0.5171005769705961,54.73850360651765,57.86549000343659
31646,Maine Ave & 9th St SW,incoming_trips,Polynomial Regression,test,1.378502719658764,2.5880983591278444,0.3508811614663096,62.04896716542556,58.51088060424071
31646,Maine Ave & 9th St SW,incoming_trips,Polynomial Regression,val,1.4093553630191826,2.3363356527598813,0.5579945965711776,59.9218362741349,54.63374742197768
31646,Maine Ave & 9th St SW,incoming_trips,Random Forest,test,1.2944897938221678,2.0822732369432537,0.5798173720359519,60.773877682374334,54.94493169261663
31646,Maine Ave & 9th St SW,incoming_trips,Random Forest,val,1.3345890606287765,2.180700495186997,0.6149216075799975,57.60545640002614,51.73542710642426
31646,Maine Ave & 9th St SW,incoming_trips,Soft Two-Stage,test,1.2523246578112603,2.093623344805052,0.5752242034936225,56.6929542817512,53.15522231909687
31646,Maine Ave & 9th St SW,incoming_trips,Soft Two-Stage,val,1.3257794535588725,2.257992884126065,0.5871405367506389,54.797265983527474,51.393922145948615
31646,Maine Ave & 9th St SW,incoming_trips,XGBoost,test,1.2582812106496313,2.1064606895202767,0.5699990886360731,55.41868129937446,53.40804964179164
31646,Maine Ave & 9th St SW,incoming_trips,XGBoost,val,1.3258716377814157,2.252112652185968,0.5892880619417162,53.65481804503336,51.397495673011306
31646,Maine Ave & 9th St SW,outgoing_trips,GAM,test,1.2939832713406083,2.15900643189861,0.4839440546406388,59.28946763893581,59.02509881091756
31646,Maine Ave & 9th St SW,outgoing_trips,GAM,val,1.3829207488131845,2.315148814478676,0.4969138678000288,58.72945660165861,57.32040083447947
31646,Maine Ave & 9th St SW,outgoing_trips,HistGradientBoosting,test,1.2197147697743602,2.118884332263625,0.5029461833873752,56.81089234624272,55.63733813380701
31646,Maine Ave & 9th St SW,outgoing_trips,HistGradientBoosting,val,1.31504484878553,2.285852329085136,0.5095656697691038,56.70192958974689,54.50702646004394
31646,Maine Ave & 9th St SW,outgoing_trips,LightGBM,test,1.2210462003281366,2.12520379842143,0.4999768859761313,56.59294845063674,55.69807139190787
31646,Maine Ave & 9th St SW,outgoing_trips,LightGBM,val,1.3162887950587072,2.2917234066582304,0.5070431308305015,56.429004145392895,54.55858653610488
31646,Maine Ave & 9th St SW,outgoing_trips,Linear Regression,test,1.2980894230236069,2.07777231878187,0.5220474030753255,61.29681791405197,59.21240108459417
31646,Maine Ave & 9th St SW,outgoing_trips,Linear Regression,val,1.3770763208121497,2.255318487339759,0.5225803592405034,60.89070008403359,57.078156327008536
31646,Maine Ave & 9th St SW,outgoing_trips,Naive (same hour last week),test,1.809567302203448,3.0673454791753443,-0.0416319710557968,92.98489976600231,82.54348505364024
31646,Maine Ave & 9th St SW,outgoing_trips,Naive (same hour last week),val,1.9491062279403395,3.412760110578487,-0.0931909953144527,93.9005387686264,80.78810759792356
31646,Maine Ave & 9th St SW,outgoing_trips,Poisson,test,1.4225848350235353,2.291466947302728,0.4186788713971847,57.18729590120743,64.89126429523563
31646,Maine Ave & 9th St SW,outgoing_trips,Poisson,val,1.5236338764648625,2.484122516495318,0.4207973442406667,57.21913041212533,63.152790641769165
31646,Maine Ave & 9th St SW,outgoing_trips,Polynomial Regression,test,1.4796930473404604,3.0805426948323125,-0.0506144702415427,70.67087430343423,67.4962576901109
31646,Maine Ave & 9th St SW,outgoing_trips,Polynomial Regression,val,1.438377406278642,2.3474591144565164,0.4827737049945693,63.667024192028485,59.61901255000147
31646,Maine Ave & 9th St SW,outgoing_trips,Random Forest,test,1.2761462715288798,2.075892849095517,0.5229116855834426,61.1159756452286,58.211463349242045
31646,Maine Ave & 9th St SW,outgoing_trips,Random Forest,val,1.340007432074828,2.2017245972699886,0.5450009285008044,58.59792499936005,55.5416954974668
31646,Maine Ave & 9th St SW,outgoing_trips,Soft Two-Stage,test,1.2435944609972034,2.1153559232402754,0.5046002132045773,55.39833771535362,56.726611206512366
31646,Maine Ave & 9th St SW,outgoing_trips,Soft Two-Stage,val,1.3239277168114847,2.269651484868122,0.5164928834181186,53.89244452574288,54.87521065009565
31646,Maine Ave & 9th St SW,outgoing_trips,XGBoost,test,1.253867507039891,2.144653561112356,0.4907826300701645,55.01106086586772,57.1952166136986
31646,Maine Ave & 9th St SW,outgoing_trips,XGBoost,val,1.340734749088387,2.289568148903693,0.5079699001956075,53.61766451785114,55.571841912427104
