station_id,station_name,target,model,phase,MAE,RMSE,R2,MAPE,WMAPE
31101,14th & V St NW,incoming_trips,GAM,test,2.1846169967991367,3.104922224449137,0.624855013667298,64.38558321751916,45.5618369326245
31101,14th & V St NW,incoming_trips,GAM,val,1.9996843976895515,2.819662936265694,0.6504523484490927,60.05309549787373,44.31018509197802
31101,14th & V St NW,incoming_trips,HistGradientBoosting,test,2.0328096376192883,3.0966339815114234,0.6268551557670333,50.93938500479148,42.395779836914485
31101,14th & V St NW,incoming_trips,HistGradientBoosting,val,1.8826626475085009,2.8291914849257163,0.6480858886238106,50.43292701761155,41.717148202606566
31101,14th & V St NW,incoming_trips,LightGBM,test,2.037560560421205,3.099555921053203,0.6261506352582604,51.4450979034705,42.49486391906599
31101,14th & V St NW,incoming_trips,LightGBM,val,1.884469655497011,2.830281332932838,0.6478147109630652,50.759697630076936,41.75718895029959
31101,14th & V St NW,incoming_trips,Linear Regression,test,2.025208667154505,2.983573185839934,0.6536054220318572,54.97390358892057,42.237255858865446
31101,14th & V St NW,incoming_trips,Linear Regression,val,1.9079494309745288,2.759955744799889,0.6650991622333722,54.29978639662263,42.277467649542814
31101,14th & V St NW,incoming_trips,Naive (same hour last week),test,2.652243406781596,3.964118664346606,0.3885077071610457,77.22275244918802,55.3145387875613
31101,14th & V St NW,incoming_trips,Naive (same hour last week),val,2.4687464419902083,3.7051619370919737,0.3964317513915923,76.35348414888118,54.70393823952367
31101,14th & V St NW,incoming_trips,Poisson,test,2.2757029201583343,3.446290172336363,0.5378303975773441,58.59081408207194,47.461502637427614
31101,14th & V St NW,incoming_trips,Poisson,val,2.118191681976292,3.153241099279714,0.5628541555135589,55.86335536398514,46.93613932133554
31101,14th & V St NW,incoming_trips,Polynomial Regression,test,2.053176717164685,3.0645505737629524,0.6345472111689587,56.48382319062275,42.82055065871107
31101,14th & V St NW,incoming_trips,Polynomial Regression,val,1.871292419440996,2.725305997757164,0.6734553736929163,53.27396207011216,41.46519998978295
31101,14th & V St NW,incoming_trips,Random Forest,test,1.9769235363964743,2.922461549218049,0.667650288232831,53.40877844395919,41.23023299989695
31101,14th & V St NW,incoming_trips,Random Forest,val,1.8396784097615777,2.678806724895193,0.6845033455219184,52.25932568424081,40.76467813642793
31101,14th & V St NW,incoming_trips,Soft Two-Stage,test,2.0469734776393795,3.109831097912299,0.6236678695978051,50.279610084076445,42.69117741474196
31101,14th & V St NW,incoming_trips,Soft Two-Stage,val,1.8995069538165752,2.8405914805567525,0.6452441566289969,49.84944651087663,42.09039426639498
31101,14th & V St NW,incoming_trips,XGBoost,test,2.1383380271736683,3.260692853203266,0.586269557286762,48.6228121934651,44.59665407879937
31101,14th & V St NW,incoming_trips,XGBoost,val,1.9633853017026783,2.9440693714385,0.6189270907659506,48.14525042772007,43.5058483357838
31101,14th & V St NW,outgoing_trips,GAM,test,2.2282428279242565,3.0945709344226837,0.5606867046051695,64.15425637222282,46.38443551058432
31101,14th & V St NW,outgoing_trips,GAM,val,2.1149428508148334,2.9795042074043163,0.617917687661151,59.91996593962637,45.32610184643668
31101,14th & V St NW,outgoing_trips,HistGradientBoosting,test,2.147496552478144,3.196471809180081,0.5312781275968195,54.801517312824586,44.70357274319952
31101,14th & V St NW,outgoing_trips,HistGradientBoosting,val,2.0167678222938763,3.0458881330873293,0.6007022848184707,51.89450520242716,43.22207745646165
31101,14th & V St NW,outgoing_trips,LightGBM,test,2.161824512083533,3.2312270196645434,0.5210298966136533,54.0567136552261,45.001832120492594
31101,14th & V St NW,outgoing_trips,LightGBM,val,2.025850500995328,3.0702755296440323,0.5942826035561263,51.12282684975303,43.41673161446968
31101,14th & V St NW,outgoing_trips,Linear Regression,test,2.1525658505002494,3.088059136832003,0.5625336226194775,58.509691704721625,44.8090982829852
31101,14th & V St NW,outgoing_trips,Linear Regression,val,2.0797947773067174,2.987616636740297,0.6158342299617938,57.44207030000632,44.57283082593553
31101,14th & V St NW,outgoing_trips,Naive (same hour last week),test,2.8097956387715493,4.1148735143712365,0.2232407334952554,81.68554851607006,58.49038667205362
31101,14th & V St NW,outgoing_trips,Naive (same hour last week),val,2.670272116588865,3.974113549450751,0.3202496015410845,80.28558412525948,57.22756332048217
31101,14th & V St NW,outgoing_trips,Poisson,test,2.429676255602118,3.4686560938625024,0.4480548152591751,64.53618439632672,50.57759422681977
31101,14th & V St NW,outgoing_trips,Poisson,val,2.368678899533451,3.5064605884949875,0.4708158214739217,60.60192852250209,50.7640104792404
31101,14th & V St NW,outgoing_trips,Polynomial Regression,test,2.1957021900746656,3.215310497161436,0.525736939603443,60.19791864170053,45.707050129201214
31101,14th & V St NW,outgoing_trips,Polynomial Regression,val,2.019743192348753,2.9556741567730707,0.6240050291753196,55.93047047551018,43.285843683566206
31101,14th & V St NW,outgoing_trips,Random Forest,test,2.173583602071888,3.1680247562545487,0.5395838000476357,58.833949046033496,45.246616371289946
31101,14th & V St NW,outgoing_trips,Random Forest,val,2.056572711721528,3.004885832515315,0.6113802397117094,56.01560983760015,44.07515037589716
31101,14th & V St NW,outgoing_trips,Soft Two-Stage,test,2.158709633018839,3.210280722715434,0.5272195773960919,53.878797925181686,44.93699093474348
31101,14th & V St NW,outgoing_trips,Soft Two-Stage,val,2.03765309834184,3.0575050485814934,0.5976506602290166,51.35278850094616,43.66967732842804
31101,14th & V St NW,outgoing_trips,XGBoost,test,2.186622300309865,3.230037131646055,0.5213825897844518,52.10899487189171,45.51803771279822
31101,14th & V St NW,outgoing_trips,XGBoost,val,2.053144072137493,3.0731099483032733,0.5935331569581995,49.74256491816213,44.00166996628666
31104,Adams Mill & Columbia Rd NW,incoming_trips,GAM,test,2.415125039570021,3.558992466400845,0.2209354811160059,68.03243152691519,61.805242123451706
31104,Adams Mill & Columbia Rd NW,incoming_trips,GAM,val,1.893337825220924,2.8320246495664194,0.4273350505440592,60.521541109972624,56.38158987901056
31104,Adams Mill & Columbia Rd NW,incoming_trips,HistGradientBoosting,test,1.8611369650142175,2.891311127041703,0.4858273836865339,49.38787027344056,47.62818440576017
31104,Adams Mill & Columbia Rd NW,incoming_trips,HistGradientBoosting,val,1.6711589718777526,2.645663608298396,0.5002235458866263,50.64531294437858,49.7653395605964
31104,Adams Mill & Columbia Rd NW,incoming_trips,LightGBM,test,1.819196623813483,2.825906726553181,0.5088264920057467,48.88418867093311,46.55489300254856
31104,Adams Mill & Columbia Rd NW,incoming_trips,LightGBM,val,1.6525314511611806,2.614371998656546,0.5119758530066312,49.89067352177157,49.21063177442412
31104,Adams Mill & Columbia Rd NW,incoming_trips,Linear Regression,test,1.817816076454989,2.6140519679990053,0.5797112912410107,51.37616785200998,46.51956354243507
31104,Adams Mill & Columbia Rd NW,incoming_trips,Linear Regression,val,1.7108180847315264,2.5030924719181225,0.5526367214772816,52.927117260680745,50.94634582693767
31104,Adams Mill & Columbia Rd NW,incoming_trips,Naive (same hour last week),test,2.240895079346957,3.348979529434564,0.3101665108867929,76.31364675142292,57.3465392818535
31104,Adams Mill & Columbia Rd NW,incoming_trips,Naive (same hour last week),val,2.208470909711944,3.4064822909480448,0.1714498210955357,79.76942375010009,65.76591849189666
31104,Adams Mill & Columbia Rd NW,incoming_trips,Poisson,test,2.2075367876117986,3.531758117327294,0.2328130756948589,60.09010202265935,56.49287031493191
31104,Adams Mill & Columbia Rd NW,incoming_trips,Poisson,val,1.9348663115529217,3.0664227899587275,0.3286165795797862,57.87892087668077,57.61826410242528
31104,Adams Mill & Columbia Rd NW,incoming_trips,Polynomial Regression,test,1.777219174438464,2.6147990485927908,0.5794710248575402,56.47815856791036,45.48065196747161
31104,Adams Mill & Columbia Rd NW,incoming_trips,Polynomial Regression,val,1.7016134181465388,2.5909727274889707,0.5206726307407783,57.86665653922311,50.67224063057248
31104,Adams Mill & Columbia Rd NW,incoming_trips,Random Forest,test,1.7306304187935553,2.5488901949337124,0.6004036234007529,54.379529877882895,44.28840341897552
31104,Adams Mill & Columbia Rd NW,incoming_trips,Random Forest,val,1.6553474859065815,2.478410865718624,0.5614156272729363,55.49939816530159,49.294490298764174
31104,Adams Mill & Columbia Rd NW,incoming_trips,Soft Two-Stage,test,1.854070632242509,2.842057154727885,0.5031962066948692,48.36262864670556,47.44735053557757
31104,Adams Mill & Columbia Rd NW,incoming_trips,Soft Two-Stage,val,1.6818290460294596,2.6283654058734456,0.506737580080326,49.65706198693872,50.08308303816622
31104,Adams Mill & Columbia Rd NW,incoming_trips,XGBoost,test,1.807118432192332,2.7165427442015093,0.5461081610477083,47.85041112780421,46.24580111482934
31104,Adams Mill & Columbia Rd NW,incoming_trips,XGBoost,val,1.662119667548648,2.545373669148839,0.537395728306534,50.10527946609158,49.49615867661143
31104,Adams Mill & Columbia Rd NW,outgoing_trips,GAM,test,2.7298400082555294,3.9006158641304087,0.0371060600533389,75.41293779107949,66.39454816957816
31104,Adams Mill & Columbia Rd NW,outgoing_trips,GAM,val,2.133089653311796,3.028839636570487,0.3443961843032997,61.80877956191395,56.40501708576697
31104,Adams Mill & Columbia Rd NW,outgoing_trips,HistGradientBoosting,test,1.9229258073486697,2.9124100537198485,0.4631942846208641,52.47135815271376,46.768964392211146
31104,Adams Mill & Columbia Rd NW,outgoing_trips,HistGradientBoosting,val,1.87103144726358,2.8003605842367887,0.4395758716798447,53.4840507729695,49.47544543524318
31104,Adams Mill & Columbia Rd NW,outgoing_trips,LightGBM,test,1.9151298604416145,2.9020784707549243,0.4669960951858382,52.47445707698854,46.57935314360953
31104,Adams Mill & Columbia Rd NW,outgoing_trips,LightGBM,val,1.8658904693020035,2.7963194389910835,0.4411921786672924,53.40930727623039,49.33950321204123
31104,Adams Mill & Columbia Rd NW,outgoing_trips,Linear Regression,test,1.9911820841956536,2.766486913479106,0.5156388202504636,57.83416875700947,48.429078042567205
31104,Adams Mill & Columbia Rd NW,outgoing_trips,Linear Regression,val,1.9380075007973068,2.6955821891608327,0.4807290001966343,56.52966180253679,51.246484659047866
31104,Adams Mill & Columbia Rd NW,outgoing_trips,Naive (same hour last week),test,2.469916657152643,3.618841738303381,0.1711970861248196,82.48624407609918,60.07275150640047
31104,Adams Mill & Columbia Rd NW,outgoing_trips,Naive (same hour last week),val,2.514858248889901,3.665633188721573,0.0397442409289249,83.01116406988332,66.50007526719855
31104,Adams Mill & Columbia Rd NW,outgoing_trips,Poisson,test,2.575101025689609,3.821988889852455,0.0755340315132666,76.790205406386,62.63102180883371
31104,Adams Mill & Columbia Rd NW,outgoing_trips,Poisson,val,2.265954916835787,3.332442314765459,0.2063770954251663,66.23027667555415,59.91835626845919
31104,Adams Mill & Columbia Rd NW,outgoing_trips,Polynomial Regression,test,2.03558788312193,2.972585279381513,0.4407825258993282,66.27771643547598,49.509105790311786
31104,Adams Mill & Columbia Rd NW,outgoing_trips,Polynomial Regression,val,1.9557161219956851,2.7903471603774217,0.4435765930167213,62.42939154671164,51.71475146616922
31104,Adams Mill & Columbia Rd NW,outgoing_trips,Random Forest,test,1.9320580691718303,2.7420588382366304,0.5241548721175224,62.734008338706126,46.99107718844879
31104,Adams Mill & Columbia Rd NW,outgoing_trips,Random Forest,val,1.8770371839552336,2.675722596373543,0.4883522306373247,60.333168855804985,49.63425436302519
31104,Adams Mill & Columbia Rd NW,outgoing_trips,Soft Two-Stage,test,1.975140953146764,2.977974428313868,0.4387530210612125,52.21188265047956,48.03892929945437
31104,Adams Mill & Columbia Rd NW,outgoing_trips,Soft Two-Stage,val,1.90838942354053,2.843006360714391,0.4223768703979322,52.8930514159877,50.46329762744687
31104,Adams Mill & Columbia Rd NW,outgoing_trips,XGBoost,test,1.951803143479948,2.820329957530321,0.4966014862718602,54.00775349379777,47.471312397581045
31104,Adams Mill & Columbia Rd NW,outgoing_trips,XGBoost,val,1.907195466653008,2.756244015492673,0.4570945014105216,53.451411989974105,50.43172597806224
31107,Lamont & Mt Pleasant NW,incoming_trips,GAM,test,2.0715855595710635,2.788306716058736,0.411734802722864,74.67601272900875,62.484995751516735
31107,Lamont & Mt Pleasant NW,incoming_trips,GAM,val,1.7054629930011902,2.340259439129192,0.4358071725747093,66.70808622705829,61.69308676906694
31107,Lamont & Mt Pleasant NW,incoming_trips,HistGradientBoosting,test,1.7970304785150657,2.8573063790527367,0.3822600515586306,52.14299510821985,54.203622581058085
31107,Lamont & Mt Pleasant NW,incoming_trips,HistGradientBoosting,val,1.4904387163328587,2.365067067094024,0.4237824641447648,52.07445439025565,53.91484038530271
31107,Lamont & Mt Pleasant NW,incoming_trips,LightGBM,test,1.7731786403342862,2.8201401315153314,0.398225967274859,51.95064717750215,53.484182343358974
31107,Lamont & Mt Pleasant NW,incoming_trips,LightGBM,val,1.472223371445127,2.3334054032785265,0.4391070931437356,51.792396899483165,53.25592204037294
31107,Lamont & Mt Pleasant NW,incoming_trips,Linear Regression,test,1.7042860555329944,2.4569870878623146,0.5432297455480939,51.802131147064514,51.40618327219772
31107,Lamont & Mt Pleasant NW,incoming_trips,Linear Regression,val,1.4896904490882896,2.1606073336835783,0.5191039152605452,51.5296884547878,53.88777271145984
31107,Lamont & Mt Pleasant NW,incoming_trips,Naive (same hour last week),test,2.0289987441488755,3.085677648954846,0.2795677007064653,78.72482811760737,61.20045456110748
31107,Lamont & Mt Pleasant NW,incoming_trips,Naive (same hour last week),val,1.8760104747808264,2.812987721320621,0.1848543365633188,82.0227376836339,67.86243822075782
31107,Lamont & Mt Pleasant NW,incoming_trips,Poisson,test,2.691702506113718,5.046709586820385,-0.9271197126985952,80.62743543425456,81.18951152260772
31107,Lamont & Mt Pleasant NW,incoming_trips,Poisson,val,1.858383731533879,3.0585723383364503,0.0363106435243009,66.87276451504987,67.2248118371584
31107,Lamont & Mt Pleasant NW,incoming_trips,Polynomial Regression,test,1.6480367324865954,2.4180264918866783,0.5576009605710734,60.46726319900979,49.70954144374837
31107,Lamont & Mt Pleasant NW,incoming_trips,Polynomial Regression,val,1.4664163120182183,2.1432407372141906,0.526803568993682,59.11010499765672,53.045858601548645
31107,Lamont & Mt Pleasant NW,incoming_trips,Random Forest,test,1.738536239921629,2.5608001383510213,0.503815223887243,56.4622040143545,52.43926762448275
31107,Lamont & Mt Pleasant NW,incoming_trips,Random Forest,val,1.5010001979756602,2.191275259755158,0.5053552313483174,56.72224118216383,54.2968893691113
31107,Lamont & Mt Pleasant NW,incoming_trips,Soft Two-Stage,test,1.7703007302211329,2.790964239194182,0.4106129222903373,50.54291840868005,53.397376273311416
31107,Lamont & Mt Pleasant NW,incoming_trips,Soft Two-Stage,val,1.4831761314279917,2.309626940731449,0.450480354764046,51.234016731374986,53.65212505079098
31107,Lamont & Mt Pleasant NW,incoming_trips,XGBoost,test,1.804813304626874,2.791645703627163,0.4103250681074084,48.847404366123335,54.43837506534932
31107,Lamont & Mt Pleasant NW,incoming_trips,XGBoost,val,1.5023305473118238,2.309858224029984,0.4503702927644428,49.641744623942,54.34501316737953
31107,Lamont & Mt Pleasant NW,outgoing_trips,GAM,test,2.0323502329873304,2.9244235450254745,0.3835569075624604,61.334622811920106,55.36624686096052
31107,Lamont & Mt Pleasant NW,outgoing_trips,GAM,val,1.7168848776672687,2.426870319884346,0.4475276656161514,58.750820986879134,55.50018358686647
31107,Lamont & Mt Pleasant NW,outgoing_trips,HistGradientBoosting,test,1.998465295644472,3.0600350716729983,0.325059863652914,54.51328987741786,54.44313736175022
31107,Lamont & Mt Pleasant NW,outgoing_trips,HistGradientBoosting,val,1.6761729687917348,2.584495603625784,0.3734308760778848,53.755173157134905,54.18412655464781
31107,Lamont & Mt Pleasant NW,outgoing_trips,LightGBM,test,1.9871418128651952,3.050066073630546,0.3294503472305874,53.20046903703247,54.13465768501568
31107,Lamont & Mt Pleasant NW,outgoing_trips,LightGBM,val,1.670278449681812,2.57765084706163,0.3767452822017336,52.78999090710536,53.993579770170605
31107,Lamont & Mt Pleasant NW,outgoing_trips,Linear Regression,test,1.8771218056923693,2.6566937289990333,0.491260536030577,56.08181968782559,51.13744058241934
31107,Lamont & Mt Pleasant NW,outgoing_trips,Linear Regression,val,1.6572028457775585,2.370946549167969,0.4726961757499384,55.09188688266284,53.57089655673277
31107,Lamont & Mt Pleasant NW,outgoing_trips,Naive (same hour last week),test,2.352551661148533,3.440356717566248,0.1468617822904178,84.17732020485052,64.08932570291117
31107,Lamont & Mt Pleasant NW,outgoing_trips,Naive (same hour last week),val,2.1162472959125584,3.1191927710881338,0.0873551114828304,83.76568357298122,68.41001104159
31107,Lamont & Mt Pleasant NW,outgoing_trips,Poisson,test,2.658534768342594,4.374701955270756,-0.3794608750222603,81.70477583557548,72.42506231622536
31107,Lamont & Mt Pleasant NW,outgoing_trips,Poisson,val,1.9525127497119468,2.96506379907721,0.1753199674641535,68.50963956468871,63.117112553257385
31107,Lamont & Mt Pleasant NW,outgoing_trips,Polynomial Regression,test,1.9691540825747889,2.722618588834237,0.4656989132450229,68.6615525044133,53.64462742371416
31107,Lamont & Mt Pleasant NW,outgoing_trips,Polynomial Regression,val,1.7188496259591433,2.438595360457594,0.4421764042641067,63.0836472355686,55.56369622671754
31107,Lamont & Mt Pleasant NW,outgoing_trips,Random Forest,test,2.0472765420450725,2.937614168789723,0.3779834283184761,65.08202446629562,55.772876436217935
31107,Lamont & Mt Pleasant NW,outgoing_trips,Random Forest,val,1.7409439724531734,2.5219852252268016,0.4033735946233663,60.96344150227646,56.27792016951131
31107,Lamont & Mt Pleasant NW,outgoing_trips,Soft Two-Stage,test,2.0206623060597404,3.072685978473684,0.3194676041763625,52.87182469090946,55.04783882426369
31107,Lamont & Mt Pleasant NW,outgoing_trips,Soft Two-Stage,val,1.6948295826713506,2.584570531363662,0.3733945455168687,51.94378612259967,54.78722202650892
31107,Lamont & Mt Pleasant NW,outgoing_trips,XGBoost,test,2.094843866324753,3.138343694076352,0.2900733923664097,51.28123693897686,57.06872799557885
31107,Lamont & Mt Pleasant NW,outgoing_trips,XGBoost,val,1.741205952203825,2.614829399177247,0.3586366886946874,50.735580623481056,56.28638895180785
31108,4th & M St SW,incoming_trips,GAM,test,1.4936887854520438,2.278476663194035,0.562060018449372,54.6585732957659,48.13192580301101
31108,4th & M St SW,incoming_trips,GAM,val,1.4095231992019677,2.1426215279710696,0.5850860673948265,55.38597118965474,48.728025893847445
31108,4th & M St SW,incoming_trips,HistGradientBoosting,test,1.445351267301842,2.267921993427981,0.5661079912953937,52.15585399372061,46.57432032336412
31108,4th & M St SW,incoming_trips,HistGradientBoosting,val,1.3882509299548331,2.177042455757072,0.5716479129629436,54.0692720958037,47.99263133824018
31108,4th & M St SW,incoming_trips,LightGBM,test,1.441886261517512,2.260532115289664,0.5689310029684553,52.19523513211558,46.46266560456142
31108,4th & M St SW,incoming_trips,LightGBM,val,1.3892343116934511,2.177732558962266,0.5713763022739928,54.13111300968381,48.0266274092875
31108,4th & M St SW,incoming_trips,Linear Regression,test,1.464385699646522,2.226982084253359,0.5816316015041453,54.89437215031283,47.18767693033584
31108,4th & M St SW,incoming_trips,Linear Regression,val,1.4174469575680495,2.1539747945292427,0.5806773478043634,56.28188792466642,49.00195476785081
31108,4th & M St SW,incoming_trips,Naive (same hour last week),test,1.9469117479164288,3.0011034238218017,0.240220886008132,79.55355169275045,62.73636965639026
31108,4th & M St SW,incoming_trips,Naive (same hour last week),val,1.894910622794034,2.941708533291888,0.2178926437778842,80.11539787948827,65.50814768165
31108,4th & M St SW,incoming_trips,Poisson,test,1.6438534905313291,2.462772230070748,0.4883488884267295,53.15579948962389,52.97076272372863
31108,4th & M St SW,incoming_trips,Poisson,val,1.5750388528721435,2.300452579420294,0.5217074009539693,54.03659447069151,54.4499970273795
31108,4th & M St SW,incoming_trips,Polynomial Regression,test,1.5274323733621502,2.3884617301858766,0.5187596872916185,54.131394932838006,49.21926332970008
31108,4th & M St SW,incoming_trips,Polynomial Regression,val,1.4528366500540182,2.2050073792329905,0.5605725482202695,55.15278929620342,50.225396746534045
31108,4th & M St SW,incoming_trips,Random Forest,test,1.5217352512644755,2.2857479568977377,0.5592603659903037,56.62698324920749,49.03568194329167
31108,4th & M St SW,incoming_trips,Random Forest,val,1.4487600020076916,2.173774836982325,0.5729328129325992,57.48335400622905,50.084464684065
31108,4th & M St SW,incoming_trips,Soft Two-Stage,test,1.458854045581101,2.2633486418904227,0.5678561466035592,50.710960283064,47.00942750807469
31108,4th & M St SW,incoming_trips,Soft Two-Stage,val,1.3932546599283142,2.1617342422019323,0.5776507824528754,52.55085514719732,48.1656131549649
31108,4th & M St SW,incoming_trips,XGBoost,test,1.4665842904911903,2.268981506376774,0.565702490942147,49.01274302881279,47.2585232889866
31108,4th & M St SW,incoming_trips,XGBoost,val,1.4227550907510202,2.204786896384141,0.5606604221869744,51.72781882906568,49.185459978218574
31108,4th & M St SW,outgoing_trips,GAM,test,1.4523436503412408,2.1238207363587835,0.5662093547007607,52.5139041038826,47.639134304531055
31108,4th & M St SW,outgoing_trips,GAM,val,1.3652761447923052,1.9723670240838604,0.5728973298111074,54.62768894478764,48.15557760616368
31108,4th & M St SW,outgoing_trips,HistGradientBoosting,test,1.4335630432443736,2.221682953147142,0.525311583514493,51.70877417912024,47.02310113387061
31108,4th & M St SW,outgoing_trips,HistGradientBoosting,val,1.3233578148701286,2.026683850166429,0.5490495400459388,52.56350389390831,46.67704786154909
31108,4th & M St SW,outgoing_trips,LightGBM,test,1.438522838593492,2.2341890087530776,0.519952413596874,52.16361544737696,47.18579014807474
31108,4th & M St SW,outgoing_trips,LightGBM,val,1.3264006400973334,2.0359300234827957,0.5449254855279788,52.93503698072538,46.784373406589616
31108,4th & M St SW,outgoing_trips,Linear Regression,test,1.4228561002076892,2.140654951107291,0.5593053198594674,52.00198228102679,46.671896722162856
31108,4th & M St SW,outgoing_trips,Linear Regression,val,1.3471314360683933,1.985445052736549,0.5672146357636494,54.46165386844434,47.51558332190955
31108,4th & M St SW,outgoing_trips,Naive (same hour last week),test,1.8833200137001944,2.857221958358974,0.2148865330560531,77.00398800835713,61.77583043103772
31108,4th & M St SW,outgoing_trips,Naive (same hour last week),val,1.805077991574633,2.721628930032641,0.1867676505387977,79.55229536201895,63.6681257780812
31108,4th & M St SW,outgoing_trips,Poisson,test,1.5516397857354856,2.2468129960140826,0.5145121974588078,52.04010997761277,50.89620223666673
31108,4th & M St SW,outgoing_trips,Poisson,val,1.4643370212310685,2.0779351037850096,0.5259536789080921,52.64081734154684,51.64962072797267
31108,4th & M St SW,outgoing_trips,Polynomial Regression,test,1.47269394448834,2.3070416742852538,0.4881351021964866,53.715238266548624,48.306655655819085
31108,4th & M St SW,outgoing_trips,Polynomial Regression,val,1.3596382764341357,2.022408066489639,0.5509503127261755,54.55866552970523,47.95672054102653
31108,4th & M St SW,outgoing_trips,Random Forest,test,1.448403788437647,2.1473739420553666,0.556534513169091,53.92793839112229,47.509900696271394
31108,4th & M St SW,outgoing_trips,Random Forest,val,1.3522717745283128,1.9839608430216764,0.567861447067266,54.464492907911385,47.69689167375676
31108,4th & M St SW,outgoing_trips,Soft Two-Stage,test,1.451898254513012,2.2282265981877005,0.5225112137157506,50.10341259594375,47.62452462749305
31108,4th & M St SW,outgoing_trips,Soft Two-Stage,val,1.3408779964167947,2.026547789938766,0.5491100866010198,50.923450816231,47.29501402565644
31108,4th & M St SW,outgoing_trips,XGBoost,test,1.4712720770781955,2.236176032257832,0.5190981528299665,49.01241348926459,48.260016189671255
31108,4th & M St SW,outgoing_trips,XGBoost,val,1.3598401337292458,2.046962302706079,0.5399802157026855,50.51331074323969,47.96384038610484
31114,18th St & Wyoming Ave NW,incoming_trips,GAM,test,2.672120946710221,3.824924809685431,-0.2674269424329314,121.94100200158636,99.85114066653082
31114,18th St & Wyoming Ave NW,incoming_trips,GAM,val,1.8852540126373871,2.739446886556172,0.3662801478183859,77.80848474109662,68.31216631459289
31114,18th St & Wyoming Ave NW,incoming_trips,HistGradientBoosting,test,1.370040034490551,2.2306132873717384,0.5689519345870332,51.329263974053696,51.195309991905866
31114,18th St & Wyoming Ave NW,incoming_trips,HistGradientBoosting,val,1.420297820497946,2.2804260320417047,0.5608594685761914,52.35558637905964,51.46448185747538
31114,18th St & Wyoming Ave NW,incoming_trips,LightGBM,test,1.368421515833221,2.228994128449703,0.5695774863274741,51.1472294193679,51.1348295954914
31114,18th St & Wyoming Ave NW,incoming_trips,LightGBM,val,1.416175557022885,2.27695417802415,0.5621955971789578,52.24152129168651,51.31511166851767
31114,18th St & Wyoming Ave NW,incoming_trips,Linear Regression,test,1.44899648258247,2.1757205968868227,0.5899060364252104,55.75229028736505,54.145734602985726
31114,18th St & Wyoming Ave NW,incoming_trips,Linear Regression,val,1.4884642666021224,2.214977727356985,0.5857044484315794,56.16676284930384,53.9344925680368
31114,18th St & Wyoming Ave NW,incoming_trips,Naive (same hour last week),test,1.8059139171138257,2.880106047698068,0.2813886228767994,80.8676598045572,67.48293515358363
31114,18th St & Wyoming Ave NW,incoming_trips,Naive (same hour last week),val,1.9118752134805876,2.9836550448815826,0.2482580873317288,84.90591447604227,69.27678534593011
31114,18th St & Wyoming Ave NW,incoming_trips,Poisson,test,1.5705481066050972,2.4109790720406994,0.4964251735897254,56.372582681147776,58.68784499041829
31114,18th St & Wyoming Ave NW,incoming_trips,Poisson,val,1.6133122739329984,2.446647784943742,0.4945078097156694,57.59913451356123,58.4583592638043
31114,18th St & Wyoming Ave NW,incoming_trips,Polynomial Regression,test,1.4761973659235077,2.63422345217992,0.3988506881287736,60.30977261260042,55.16217034182594
31114,18th St & Wyoming Ave NW,incoming_trips,Polynomial Regression,val,1.4580217761544956,2.212157668006864,0.5867587202454749,57.80516585565157,52.83140913389551
31114,18th St & Wyoming Ave NW,incoming_trips,Random Forest,test,1.6843063953473394,2.635967863847368,0.3980542491729018,74.40199881348832,62.93873599337605
31114,18th St & Wyoming Ave NW,incoming_trips,Random Forest,val,1.5926281910699844,2.4561208980969744,0.4905858270374299,66.4563116353041,57.70887166206392
31114,18th St & Wyoming Ave NW,incoming_trips,Soft Two-Stage,test,1.399235794583637,2.2434844355454984,0.5639630910200812,51.034010876532165,52.28628978139111
31114,18th St & Wyoming Ave NW,incoming_trips,Soft Two-Stage,val,1.4414325921262487,2.290943581141605,0.5567994087944057,51.2907254210057,52.23030016355808
31114,18th St & Wyoming Ave NW,incoming_trips,XGBoost,test,1.396766423417028,2.2110244072443224,0.5764894787423163,50.75646136085024,52.19401494330097
31114,18th St & Wyoming Ave NW,incoming_trips,XGBoost,val,1.4352063485167788,2.261197594609445,0.568233868342746,51.20911056566763,52.00469226875229
31114,18th St & Wyoming Ave NW,outgoing_trips,GAM,test,3.450718118020022,4.999436433634551,-1.2160334310278422,150.3997047154866,116.9013343482397
31114,18th St & Wyoming Ave NW,outgoing_trips,GAM,val,2.3356055456167244,3.366724643622915,-0.0012740223116196,90.93901852818772,76.27583664442511
31114,18th St & Wyoming Ave NW,outgoing_trips,HistGradientBoosting,test,1.5750008168757668,2.476841598048886,0.4560854555867776,55.79945458105722,53.35692189137436
31114,18th St & Wyoming Ave NW,outgoing_trips,HistGradientBoosting,val,1.593784188647746,2.4789142177403014,0.4571738644202181,53.946027886157744,52.04955205210513
31114,18th St & Wyoming Ave NW,outgoing_trips,LightGBM,test,1.5702806473533244,2.4699495296349383,0.4591082412881264,55.45284774134487,53.19701485270845
31114,18th St & Wyoming Ave NW,outgoing_trips,LightGBM,val,1.5928751123339333,2.473393887442401,0.4595888273728709,53.8063843718721,52.01986358157558
31114,18th St & Wyoming Ave NW,outgoing_trips,Linear Regression,test,1.6772901488528835,2.4171746337427504,0.4819755452391573,62.19246335582934,56.82221780623634
31114,18th St & Wyoming Ave NW,outgoing_trips,Linear Regression,val,1.684599591878452,2.413325928057422,0.4855185618966608,59.98561927241813,55.0153871327004
31114,18th St & Wyoming Ave NW,outgoing_trips,Naive (same hour last week),test,2.139741979678045,3.249667358072329,0.0637064699251495,89.74357316726433,72.488880293947
31114,18th St & Wyoming Ave NW,outgoing_trips,Naive (same hour last week),val,2.173858590458841,3.2964120931927727,0.0401115847315296,88.32549402764893,70.993530155425
31114,18th St & Wyoming Ave NW,outgoing_trips,Poisson,test,1.8062742929277933,2.6141650988063594,0.3941010071820255,64.20327503904805,61.191864365710856
31114,18th St & Wyoming Ave NW,outgoing_trips,Poisson,val,1.839478161288476,2.606203375146183,0.3999957058280879,62.82013843625063,60.07338696585366
31114,18th St & Wyoming Ave NW,outgoing_trips,Polynomial Regression,test,1.6579595989587732,2.464451430567189,0.4615136074863732,65.42485001372685,56.167349167588064
31114,18th St & Wyoming Ave NW,outgoing_trips,Polynomial Regression,val,1.6381243933643417,2.436107187114449,0.4757595364756156,59.60817219820159,53.49760744745673
31114,18th St & Wyoming Ave NW,outgoing_trips,Random Forest,test,2.025501306564173,3.0382063048738264,0.1815941454053806,85.14739465959713,68.61870409667604
31114,18th St & Wyoming Ave NW,outgoing_trips,Random Forest,val,1.8940518570012397,2.8365285135454794,0.2892578691860337,73.34034653280513,61.85564609222089
31114,18th St & Wyoming Ave NW,outgoing_trips,Soft Two-Stage,test,1.5764643378179863,2.4362676012390305,0.4737596005946999,55.865885177274734,53.40650216572323
31114,18th St & Wyoming Ave NW,outgoing_trips,Soft Two-Stage,val,1.6020918269613398,2.44885162595269,0.4702600849718703,54.18543520297789,52.320861590694754
31114,18th St & Wyoming Ave NW,outgoing_trips,XGBoost,test,1.5941299865399423,2.457009961456802,0.4647606425020858,55.64587203108238,54.00496829279968
31114,18th St & Wyoming Ave NW,outgoing_trips,XGBoost,val,1.6137719226853424,2.463503833142518,0.4639019376149839,53.240417291684174,52.70230831020065
31116,California St & Florida Ave NW,incoming_trips,GAM,test,1.457881206798639,2.0545296152177364,0.5530246176343706,61.782772872015165,58.12810219569046
31116,California St & Florida Ave NW,incoming_trips,GAM,val,1.3705538141883151,1.966299295734939,0.611624698649256,54.6142998907178,53.38643848685458
31116,California St & Florida Ave NW,incoming_trips,HistGradientBoosting,test,1.2659104528964875,1.9725307659022508,0.5879913212448159,50.0382598366874,50.47391504424771
31116,California St & Florida Ave NW,incoming_trips,HistGradientBoosting,val,1.2526902353799811,1.953437386803163,0.6166889433161858,47.24185982160743,48.79536250373591
31116,California St & Florida Ave NW,incoming_trips,LightGBM,test,1.2661551642054931,1.9745302458696647,0.5871556226155525,49.79415523405866,50.48367208337544
31116,California St & Florida Ave NW,incoming_trips,LightGBM,val,1.2523620856625466,1.9528194321340369,0.616931419878781,46.99800447352903,48.78258026598433
31116,California St & Florida Ave NW,incoming_trips,Linear Regression,test,1.3383032630795593,1.9793767051438884,0.5851264929267399,53.91791253783048,53.360334492506645
31116,California St & Florida Ave NW,incoming_trips,Linear Regression,val,1.3297631320821686,1.959840068194273,0.6141721074868729,51.28190007600063,51.79754119690298
31116,California St & Florida Ave NW,incoming_trips,Naive (same hour last week),test,1.7167484872702363,2.665698438983495,0.2475444874038103,80.07264015534547,68.44956300072833
31116,California St & Florida Ave NW,incoming_trips,Naive (same hour last week),val,1.687805988842081,2.634819699550689,0.3026446138760692,76.04562512959085,65.74419017207734
31116,California St & Florida Ave NW,incoming_trips,Poisson,test,1.4442465292253517,2.127313987309341,0.5207942900850739,52.17657957461845,57.58446535635859
31116,California St & Florida Ave NW,incoming_trips,Poisson,val,1.4254168787352268,2.098250085217942,0.5577510048978009,50.44475788694769,55.523489648445526
31116,California St & Florida Ave NW,incoming_trips,Polynomial Regression,test,1.3835875618611018,2.1057334485963004,0.5304675801300998,58.43837103261061,55.16589336462759
31116,California St & Florida Ave NW,incoming_trips,Polynomial Regression,val,1.3054010549523318,1.9292318373904545,0.6261295019485642,53.37578405577146,50.84857843554342
31116,California St & Florida Ave NW,incoming_trips,Random Forest,test,1.3192471813355928,1.945534390731872,0.5991917823383976,55.706225499002485,52.60053742406436
31116,California St & Florida Ave NW,incoming_trips,Random Forest,val,1.280620113065785,1.8913642135255189,0.6406623767781622,51.37014324163031,49.88329986276739
31116,California St & Florida Ave NW,incoming_trips,Soft Two-Stage,test,1.2975332214285842,1.9969626848744684,0.5777217701019317,51.41378521740593,51.73476641702918
31116,California St & Florida Ave NW,incoming_trips,Soft Two-Stage,val,1.27642492855438,1.9509620025868344,0.6176597867765524,48.79522515134644,49.71988711856093
31116,California St & Florida Ave NW,incoming_trips,XGBoost,test,1.2864657930097634,1.9757425864741345,0.586648502852382,48.86798780669066,51.29348998986033
31116,California St & Florida Ave NW,incoming_trips,XGBoost,val,1.2690845797151526,1.9437121180626291,0.6204961024827578,46.66621597733221,49.43396249617786
31116,California St & Florida Ave NW,outgoing_trips,GAM,test,1.5708840114957954,2.1757398673867088,0.460896804643141,63.953345502086265,59.32810045141286
31116,California St & Florida Ave NW,outgoing_trips,GAM,val,1.4537448382149183,2.0832111823199218,0.5302903337463309,58.543087576254806,56.39184221376923
31116,California St & Florida Ave NW,outgoing_trips,HistGradientBoosting,test,1.40956899890135,2.17298443642634,0.4622614172404521,54.3195445613483,53.23566256199088
31116,California St & Florida Ave NW,outgoing_trips,HistGradientBoosting,val,1.331843088758412,2.096363137671322,0.5243407678443581,51.32586105397559,51.66318279553544
31116,California St & Florida Ave NW,outgoing_trips,LightGBM,test,1.4098137798617585,2.1708141543275765,0.4633350205335874,54.38373693589536,53.24490728617256
31116,California St & Florida Ave NW,outgoing_trips,LightGBM,val,1.325035078472984,2.0835497063729984,0.5301376646930674,51.19488272546053,51.39909501911587
31116,California St & Florida Ave NW,outgoing_trips,Linear Regression,test,1.4780706417050995,2.134623449416043,0.4810798695533003,57.614289704599045,55.822786955393966
31116,California St & Florida Ave NW,outgoing_trips,Linear Regression,val,1.4059816120631683,2.066257417248337,0.5379044857901851,55.47591486415732,54.53907118960696
31116,California St & Florida Ave NW,outgoing_trips,Naive (same hour last week),test,1.9245347642424933,2.879848374184712,0.0555103315419203,85.43306827973947,72.68454639530873
31116,California St & Florida Ave NW,outgoing_trips,Naive (same hour last week),val,1.8240919959011728,2.8026881583807417,0.1498169178319933,84.25653121235631,70.75788357918911
31116,California St & Florida Ave NW,outgoing_trips,Poisson,test,1.5841764645458591,2.268265402644981,0.4140700415534223,57.11460361815762,59.8301209596291
31116,California St & Florida Ave NW,outgoing_trips,Poisson,val,1.53872000912286,2.248936932951183,0.4525840404623135,56.19236262433343,59.68809221855877
31116,California St & Florida Ave NW,outgoing_trips,Polynomial Regression,test,1.504752692692251,2.195446303108927,0.4510868872249466,59.68580731191391,56.83049687517863
31116,California St & Florida Ave NW,outgoing_trips,Polynomial Regression,val,1.384528887248561,2.060262069376279,0.5405821812938155,55.085409854012326,53.70690405752192
31116,California St & Florida Ave NW,outgoing_trips,Random Forest,test,1.4579036371349874,2.131742345768598,0.4824796983962645,59.812669090948525,55.06113296682198
31116,California St & Florida Ave NW,outgoing_trips,Random Forest,val,1.3746639410524435,2.0368270337970245,0.5509742959042916,56.34832115155088,53.324235466229176
31116,California St & Florida Ave NW,outgoing_trips,Soft Two-Stage,test,1.4326788165740607,2.184287001958182,0.4566528798984965,53.27270469562888,54.108458754623136
31116,California St & Florida Ave NW,outgoing_trips,Soft Two-Stage,val,1.3466323498166723,2.081408171656397,0.5311030454422345,50.37208202770803,52.23686921844286
31116,California St & Florida Ave NW,outgoing_trips,XGBoost,test,1.4289492743770802,2.1668719952417,0.4652823984406895,51.43302786357707,53.96760389043138
31116,California St & Florida Ave NW,outgoing_trips,XGBoost,val,1.3510611143105784,2.0790828857211383,0.5321501350736308,49.18049956717537,52.40866428314553
31119,14th & Belmont St NW,incoming_trips,GAM,test,2.150072373826152,2.843847156019401,0.4069970381660659,80.35060708035921,63.27481746579062
31119,14th & Belmont St NW,incoming_trips,GAM,val,1.6933555687286996,2.292037205400174,0.4835893786305038,66.6532721795716,59.72748869581209
31119,14th & Belmont St NW,incoming_trips,HistGradientBoosting,test,1.7484566305487608,2.713783014071603,0.4599989558843718,50.57606653920912,51.45560470038839
31119,14th & Belmont St NW,incoming_trips,HistGradientBoosting,val,1.4515739703595785,2.22819893464391,0.5119551160079567,49.63341770716679,51.19944653495111
31119,14th & Belmont St NW,incoming_trips,LightGBM,test,1.7543362117509829,2.717212512037324,0.4586332588871931,49.51680387511887,51.62863581872412
31119,14th & Belmont St NW,incoming_trips,LightGBM,val,1.4525622551803807,2.2279943077978417,0.5120447511820404,48.518527845757845,51.2343049967844
31119,14th & Belmont St NW,incoming_trips,Linear Regression,test,1.6691670689259417,2.409216488024888,0.5744054937270763,52.65795873383762,49.12217974237249
31119,14th & Belmont St NW,incoming_trips,Linear Regression,val,1.4714060274355425,2.115231457639642,0.5601874341397365,51.334079765930426,51.89895642330176
31119,14th & Belmont St NW,incoming_trips,Naive (same hour last week),test,2.0989839022719488,3.1449911428701336,0.274757555142765,79.16775861306435,61.7713268151732
31119,14th & Belmont St NW,incoming_trips,Naive (same hour last week),val,1.8539223499943072,2.7943885802242936,0.232416844397364,80.07172535978296,65.39094815469258
31119,14th & Belmont St NW,incoming_trips,Poisson,test,2.6924422218949564,5.856789314769685,-1.5151481006525027,77.88198678760894,79.23630488048221
31119,14th & Belmont St NW,incoming_trips,Poisson,val,1.737049770176916,2.853660511802361,0.19950900391796,58.44402158522403,61.26865640522008
31119,14th & Belmont St NW,incoming_trips,Polynomial Regression,test,1.7696058521415314,2.5937880603251315,0.5066974806461866,59.45909848704651,52.07800846321834
31119,14th & Belmont St NW,incoming_trips,Polynomial Regression,val,1.4898250829105124,2.201387726427693,0.523629431566659,55.8167969992012,52.54862737722594
31119,14th & Belmont St NW,incoming_trips,Random Forest,test,1.7396472946669506,2.532737329780191,0.5296461938078003,51.017422888547,51.196353371595
31119,14th & Belmont St NW,incoming_trips,Random Forest,val,1.4676997023430205,2.1199302101897346,0.5582312739884281,51.951720460349215,51.76822812609433
31119,14th & Belmont St NW,incoming_trips,Soft Two-Stage,test,1.787770164672263,2.756402316075871,0.4429046003160586,50.45313127941812,52.612568868609856
31119,14th & Belmont St NW,incoming_trips,Soft Two-Stage,val,1.4795054502962497,2.241555768134512,0.5060864547565989,50.17947115547907,52.18463664090584
31119,14th & Belmont St NW,incoming_trips,XGBoost,test,1.849974683800908,2.8356375397202607,0.4104158575137764,48.532198780227866,54.44319542859306
31119,14th & Belmont St NW,incoming_trips,XGBoost,val,1.496190931813861,2.2587685135130635,0.4984718775661659,47.64906255634304,52.77316153616779
31119,14th & Belmont St NW,outgoing_trips,GAM,test,4.27748224131115,5.463116945551834,-1.2096815595871986,172.68642019149027,116.96574348040822
31119,14th & Belmont St NW,outgoing_trips,GAM,val,2.56916496264242,3.3847925075689997,-0.339860085482252,111.11861765855706,88.90499139863824
31119,14th & Belmont St NW,outgoing_trips,HistGradientBoosting,test,1.928990990902289,2.942238293287682,0.3590791737653011,52.6679769710192,52.74735292617741
31119,14th & Belmont St NW,outgoing_trips,HistGradientBoosting,val,1.4932850978122894,2.23773275156875,0.4143855502018185,51.41227923898156,51.67457158538016
31119,14th & Belmont St NW,outgoing_trips,LightGBM,test,1.9345891908362425,2.9489841587900343,0.3561368409402001,51.94564202769188,52.900433074845935
31119,14th & Belmont St NW,outgoing_trips,LightGBM,val,1.4951672008843786,2.2416628735097186,0.4123267187472255,50.90122439517432,51.73970105735588
31119,14th & Belmont St NW,outgoing_trips,Linear Regression,test,1.7868746098998822,2.548679560314664,0.5190729898486954,54.3029834118954,48.8612472156377
31119,14th & Belmont St NW,outgoing_trips,Linear Regression,val,1.4944573591025627,2.108182048000488,0.4802295691816233,53.03355411839381,51.715137248326734
31119,14th & Belmont St NW,outgoing_trips,Naive (same hour last week),test,2.255051946569243,3.30954329708121,0.1890672667407761,79.52402949038209,61.663336663336665
31119,14th & Belmont St NW,outgoing_trips,Naive (same hour last week),val,1.919731299100535,2.813837572686197,0.0740375049779049,79.71525134126361,66.43158267995744
31119,14th & Belmont St NW,outgoing_trips,Poisson,test,2.8668102270792484,5.649808899563736,-1.363285626491216,83.63983192053736,78.39157960473008
31119,14th & Belmont St NW,outgoing_trips,Poisson,val,1.7412943045252975,2.634728240387717,0.1881664397177583,61.94976915377956,60.256837306038726
31119,14th & Belmont St NW,outgoing_trips,Polynomial Regression,test,1.9820130906900788,2.863948208902773,0.3927339292670995,63.67754116481038,54.19721734938312
31119,14th & Belmont St NW,outgoing_trips,Polynomial Regression,val,1.5183484896326656,2.1953010605760754,0.4363837291793764,57.46041290436721,52.54188087326622
31119,14th & Belmont St NW,outgoing_trips,Random Forest,test,1.846789269544596,2.711600307667403,0.4556226516312878,55.93067680285274,50.49958545186413
31119,14th & Belmont St NW,outgoing_trips,Random Forest,val,1.479616230017894,2.10697146973414,0.4808263318082656,54.98272390995445,51.201565534246726
31119,14th & Belmont St NW,outgoing_trips,Soft Two-Stage,test,1.99260802749099,3.02378656940569,0.3230587730031387,51.52791369879368,54.48693092155838
31119,14th & Belmont St NW,outgoing_trips,Soft Two-Stage,val,1.5207551121520508,2.2628097365418816,0.4011867172158064,50.28459824709323,52.62516114428691
31119,14th & Belmont St NW,outgoing_trips,XGBoost,test,2.0041983074570315,3.0193143995648883,0.3250596796913206,49.99931822862541,54.80386168524019
31119,14th & Belmont St NW,outgoing_trips,XGBoost,val,1.527058788545868,2.25028368683303,0.4077979705986686,49.34789589924912,52.84329750521397
31124,14th & Irving St NW,incoming_trips,GAM,test,2.1538690026345915,2.877830985591803,0.433853096794335,71.34906802817741,55.79268526076887
31124,14th & Irving St NW,incoming_trips,GAM,val,1.8127156720021231,2.530787325523673,0.4596639300422306,60.54133746156016,53.42286338901633
31124,14th & Irving St NW,incoming_trips,HistGradientBoosting,test,1.912444520292381,2.906376905145968,0.4225658895658825,50.92023762825958,49.53895295806756
31124,14th & Irving St NW,incoming_trips,HistGradientBoosting,val,1.672619054057514,2.544987074120152,0.4535834814022766,50.81534185486736,49.29405124416866
31124,14th & Irving St NW,incoming_trips,LightGBM,test,1.9163427008485436,2.906990398330217,0.422322088234304,50.91482020804293,49.639929368700514
31124,14th & Irving St NW,incoming_trips,LightGBM,val,1.6743210962658202,2.5441016370938625,0.4539636273439184,50.70988061201993,49.34421243038285
31124,14th & Irving St NW,incoming_trips,Linear Regression,test,1.844457912007271,2.610549194731506,0.5341325892745303,51.88615926117179,47.77786375841867
31124,14th & Irving St NW,incoming_trips,Linear Regression,val,1.6543930288479918,2.358297312218238,0.5308088949414154,51.12862251814623,48.756908839580944
31124,14th & Irving St NW,incoming_trips,Naive (same hour last week),test,2.263728736157096,3.3252022455395545,0.2441516007374166,77.93757895992417,58.63843378482285
31124,14th & Irving St NW,incoming_trips,Naive (same hour last week),val,2.120118410565866,3.11513843057554,0.1813328591071319,78.50254040161718,62.48238373263539
31124,14th & Irving St NW,incoming_trips,Poisson,test,2.1691517534914606,3.440156633597631,0.1909879298642249,61.48132822020504,56.18856156867482
31124,14th & Irving St NW,incoming_trips,Poisson,val,1.8145005404403296,2.7133242623229115,0.3789078293852126,56.16489524176117,53.47546556166504
31124,14th & Irving St NW,incoming_trips,Polynomial Regression,test,1.8782029541588248,3.0347792291128823,0.370417317937274,61.367000363410206,48.65197751072676
31124,14th & Irving St NW,incoming_trips,Polynomial Regression,val,1.6897543463781597,2.5483690805658914,0.4521302621776319,59.0535173415094,49.79904846734908
31124,14th & Irving St NW,incoming_trips,Random Forest,test,1.864054024747092,2.7199887730816465,0.4942536112999091,51.00922556155466,48.28547111480387
31124,14th & Irving St NW,incoming_trips,Random Forest,val,1.6433083441266938,2.4103542684581933,0.5098664673967307,51.24320488069187,48.43023014047631
31124,14th & Irving St NW,incoming_trips,Soft Two-Stage,test,1.9565236974826448,2.944179534383227,0.407447074751595,50.16662537669793,50.680756687320304
31124,14th & Irving St NW,incoming_trips,Soft Two-Stage,val,1.6941133230348835,2.5593339186413098,0.4474054938668473,49.82047854801371,49.927512637458506
31124,14th & Irving St NW,incoming_trips,XGBoost,test,1.974664700119183,2.928967117941109,0.4135546330131967,48.6608293998203,51.150671639983216
31124,14th & Irving St NW,incoming_trips,XGBoost,val,1.7086249669680134,2.5555383077007394,0.449043325055759,48.31638717981765,50.35518785611725
31124,14th & Irving St NW,outgoing_trips,GAM,test,2.0904440705192413,3.062206940459685,0.4833818073377899,59.85059370303064,49.25009310258227
31124,14th & Irving St NW,outgoing_trips,GAM,val,1.88776013806718,2.8036518487949142,0.4983154854804531,59.637698704482304,49.40611249633195
31124,14th & Irving St NW,outgoing_trips,HistGradientBoosting,test,1.8828363714977183,2.849370938721135,0.5527003031292288,56.07009536341083,44.35893210486986
31124,14th & Irving St NW,outgoing_trips,HistGradientBoosting,val,1.730812843489727,2.6625987508577693,0.5475256364049306,55.72067411134521,45.29851665535407
31124,14th & Irving St NW,outgoing_trips,LightGBM,test,1.8875969663186964,2.8609216114119054,0.5490664592991168,56.020169647525066,44.47108996714579
31124,14th & Irving St NW,outgoing_trips,LightGBM,val,1.732315556781675,2.6718628966483484,0.5443715142564549,55.56171309681324,45.33784539233425
31124,14th & Irving St NW,outgoing_trips,Linear Regression,test,1.9195049334338332,2.8254422817433458,0.5601814902694039,56.42239615045504,45.222829931537326
31124,14th & Irving St NW,outgoing_trips,Linear Regression,val,1.7819056733035494,2.6648559556473947,0.5467581454617919,58.0264449576613,46.635708837048405
31124,14th & Irving St NW,outgoing_trips,Naive (same hour last week),test,2.4953761844959472,3.733363981955212,0.2321059733212807,80.57778850821859,58.79014470923665
31124,14th & Irving St NW,outgoing_trips,Naive (same hour last week),val,2.3573949675509507,3.5766679741217318,0.1835308456492904,82.23237843146511,61.69730921660359
31124,14th & Irving St NW,outgoing_trips,Poisson,test,2.469857423934635,3.71372316780539,0.2401643310941729,71.05626754039804,58.18893210028369
31124,14th & Irving St NW,outgoing_trips,Poisson,val,2.123620740456224,3.089799834377879,0.390683103825325,66.00929081326933,55.5790129724575
31124,14th & Irving St NW,outgoing_trips,Polynomial Regression,test,2.287125690337035,4.621645698944915,-0.1767763197945207,71.7439714488513,53.88383969460996
31124,14th & Irving St NW,outgoing_trips,Polynomial Regression,val,1.988422411754439,3.623768465586033,0.1618853871353257,63.65369003959286,52.04062708197276
31124,14th & Irving St NW,outgoing_trips,Random Forest,test,1.9949152944196549,2.8457629778138376,0.5538323551562152,66.09322496299936,46.99947028840109
31124,14th & Irving St NW,outgoing_trips,Random Forest,val,1.8213462945728245,2.631946497669325,0.5578835813535203,63.65541545942703,47.6679415513964
31124,14th & Irving St NW,outgoing_trips,Soft Two-Stage,test,1.909640656750195,2.876507840617081,0.5441397261510058,54.57335911220077,44.99043120252557
31124,14th & Irving St NW,outgoing_trips,Soft Two-Stage,val,1.7563870225739904,2.679262184732787,0.5418444425277411,54.56121388399146,45.96783938516451
31124,14th & Irving St NW,outgoing_trips,XGBoost,test,1.9918230034365128,2.9892708099666847,0.5076985154900917,51.597876449689785,46.92661705067625
31124,14th & Irving St NW,outgoing_trips,XGBoost,val,1.8237602820127756,2.771653980775915,0.5097015140204035,52.72286945225342,47.73111998843293
31125,15th & W St NW,incoming_trips,GAM,test,1.7048945987182145,2.479311471466976,0.6442044468063979,57.44296801766132,47.7571134036037
31125,15th & W St NW,incoming_trips,GAM,val,1.6273149875407895,2.410108574405271,0.659893162275761,54.54917273068794,46.27268691909725
31125,15th & W St NW,incoming_trips,HistGradientBoosting,test,1.6301100505516188,2.5486605877840702,0.6240220786881403,50.80346882186616,45.66226592721747
31125,15th & W St NW,incoming_trips,HistGradientBoosting,val,1.5758722891233152,2.464132949029697,0.644474775314867,49.95784294840578,44.80991425592489
31125,15th & W St NW,incoming_trips,LightGBM,test,1.6370412860165848,2.560061607853289,0.6206508024972283,51.10818649261633,45.85642209286919
31125,15th & W St NW,incoming_trips,LightGBM,val,1.5842816984317494,2.47245483291806,0.6420693567210887,50.36459495720338,45.04903573337884
31125,15th & W St NW,incoming_trips,Linear Regression,test,1.663317098811432,2.5133947264945338,0.6343549190001893,53.19982830108147,46.59245408708093
31125,15th & W St NW,incoming_trips,Linear Regression,val,1.6080150851357264,2.421443513404067,0.6566865385550612,52.69843520205594,45.72389436916306
31125,15th & W St NW,incoming_trips,Naive (same hour last week),test,2.1633748144765383,3.304416568002907,0.3679842251632891,79.76217168049979,60.59995522722185
31125,15th & W St NW,incoming_trips,Naive (same hour last week),val,2.101787544119321,3.2317239396330004,0.3884800096805509,78.61429997421149,59.764309764309765
31125,15th & W St NW,incoming_trips,Poisson,test,1.8431055565208023,2.829538659057183,0.5365855196722625,54.41842025024771,51.62864680535261
31125,15th & W St NW,incoming_trips,Poisson,val,1.7845626557258931,2.7679710422387607,0.5513938403601217,53.08886339246368,50.74402293848912
31125,15th & W St NW,incoming_trips,Polynomial Regression,test,1.6521875583416858,2.456418206509028,0.6507447433020701,54.24215413016247,46.28069597209641
31125,15th & W St NW,incoming_trips,Polynomial Regression,val,1.561964400271525,2.3209669187722524,0.6845866663488077,52.672514828959535,44.414443562499365
31125,15th & W St NW,incoming_trips,Random Forest,test,1.6840109413757856,2.4888784217775344,0.6414533235921573,59.408982380216415,47.17212522149895
31125,15th & W St NW,incoming_trips,Random Forest,val,1.6270742967217369,2.417753866993844,0.6577319812506024,57.35893368750191,46.26584287783934
31125,15th & W St NW,incoming_trips,Soft Two-Stage,test,1.6425265478881164,2.5414422504811425,0.6261487582879333,49.6546533952294,46.01007398046631
31125,15th & W St NW,incoming_trips,Soft Two-Stage,val,1.5990663525639786,2.465999268722569,0.6439360259727311,49.0564480864168,45.46943723960575
31125,15th & W St NW,incoming_trips,XGBoost,test,1.6988177057191758,2.6045313431031465,0.6073573135673171,49.015774851282025,47.58688888162161
31125,15th & W St NW,incoming_trips,XGBoost,val,1.6320266577352556,2.507921288358597,0.6317269389494016,48.13706883822248,46.40666321836554
31125,15th & W St NW,outgoing_trips,GAM,test,1.7264863292886636,2.486571348398888,0.5515662527687841,56.604619424157,48.81150950014333
31125,15th & W St NW,outgoing_trips,GAM,val,1.692993371933595,2.4655825155026494,0.5889273693864865,54.09279337762929,47.97251511708854
31125,15th & W St NW,outgoing_trips,HistGradientBoosting,test,1.6979569323988537,2.547584712599478,0.5292896949258452,52.82430969070035,48.00492163223124
31125,15th & W St NW,outgoing_trips,HistGradientBoosting,val,1.63400410638195,2.5016134821082563,0.5768251035309211,50.42128867229666,46.3010003431174
31125,15th & W St NW,outgoing_trips,LightGBM,test,1.6971775034223668,2.5448572559554288,0.5302970449063336,53.07469461835584,47.98288548618996
31125,15th & W St NW,outgoing_trips,LightGBM,val,1.6312808112482735,2.494606783521898,0.5791923010177372,50.593831612514485,46.22383328556455
31125,15th & W St NW,outgoing_trips,Linear Regression,test,1.7022748425720913,2.475887205277556,0.5554115775574203,55.68856236108083,48.12699830892788
31125,15th & W St NW,outgoing_trips,Linear Regression,val,1.6675507894559798,2.4439554382989503,0.5961072617120531,54.2981107437815,47.25157628013896
31125,15th & W St NW,outgoing_trips,Naive (same hour last week),test,2.2202306199337825,3.275474951376603,0.2218828218260015,82.3383831784651,62.770730447693744
31125,15th & W St NW,outgoing_trips,Naive (same hour last week),val,2.18797677331208,3.2735366737747964,0.2753740204413123,81.12534332621078,61.99832236417602
31125,15th & W St NW,outgoing_trips,Poisson,test,1.8861111988525547,2.769604724679429,0.4436705880427104,59.27238090835776,53.324450439784144
31125,15th & W St NW,outgoing_trips,Poisson,val,1.879368920280601,2.820028300622523,0.4622425788077545,57.43422305251822,53.25363668481261
31125,15th & W St NW,outgoing_trips,Polynomial Regression,test,1.7215732997800033,2.531555442059551,0.5351944296854836,57.16575209582954,48.67260751032261
31125,15th & W St NW,outgoing_trips,Polynomial Regression,val,1.610261858627489,2.365594050683902,0.621592341329587,53.27500931865451,45.62824204518401
31125,15th & W St NW,outgoing_trips,Random Forest,test,1.6892322384955647,2.4299890636077435,0.5717424027757614,57.631392012997054,47.75825563081453
31125,15th & W St NW,outgoing_trips,Random Forest,val,1.6382937104824282,2.388241864899603,0.6143120298545028,54.68779729295938,46.4225501973389
31125,15th & W St NW,outgoing_trips,Soft Two-Stage,test,1.6981465105124345,2.520309734046272,0.5393147880757807,52.63901269705011,48.01028141628228
31125,15th & W St NW,outgoing_trips,Soft Two-Stage,val,1.6380179028552897,2.473380861235913,0.5863229089165256,50.10152053632844,46.41473493604984
31125,15th & W St NW,outgoing_trips,XGBoost,test,1.7095221510630652,2.5068038405131507,0.5442390195186761,51.007252872697215,48.33189542352212
31125,15th & W St NW,outgoing_trips,XGBoost,val,1.6514553134112282,2.4751688874197413,0.5857245919835754,48.63641117360103,46.79549625013168
31128,23rd & M St NW,incoming_trips,GAM,test,1.716689738352422,2.271996637370898,0.3572171326721318,76.35378206891097,62.71473731326687
31128,23rd & M St NW,incoming_trips,GAM,val,1.5972894928744534,2.1918517803328434,0.4495532633467681,65.32934056701568,55.50541489976785
31128,23rd & M St NW,incoming_trips,HistGradientBoosting,test,1.3316665034457382,1.9778260763476645,0.5128921583935238,55.88871411146593,48.64892769303145
31128,23rd & M St NW,incoming_trips,HistGradientBoosting,val,1.402218338636922,2.0899485158550024,0.4995460610064175,55.74196055202441,48.72674052719322
31128,23rd & M St NW,incoming_trips,LightGBM,test,1.326102764023836,1.970406924333972,0.5165397479855028,56.006628470053975,48.4456711298164
31128,23rd & M St NW,incoming_trips,LightGBM,val,1.3967270406323558,2.0794366061962,0.5045677124936907,55.97812288653925,48.53591927942228
31128,23rd & M St NW,incoming_trips,Linear Regression,test,1.3783293082260577,1.9710983372705169,0.5162003974524055,56.99181729787177,50.35363034180863
31128,23rd & M St NW,incoming_trips,Linear Regression,val,1.4504239885859618,2.077019386273674,0.5057188634749002,56.9240834557589,50.40187494263304
31128,23rd & M St NW,incoming_trips,Naive (same hour last week),test,1.84461696540701,2.724579967125201,0.0756253173790522,81.36647427775729,67.38822155488822
31128,23rd & M St NW,incoming_trips,Naive (same hour last week),val,1.954229762040305,2.878028282513009,0.050963203878695,83.58092024945168,67.90900098911969
31128,23rd & M St NW,incoming_trips,Poisson,test,1.4775439037869962,2.042603731489639,0.4804621820841792,55.985929170031234,53.97817422952244
31128,23rd & M St NW,incoming_trips,Poisson,val,1.5534970345328805,2.16665225013674,0.4621373828087037,56.40476695873561,53.98363780139383
31128,23rd & M St NW,incoming_trips,Polynomial Regression,test,1.4201851940359993,2.0356239847289554,0.4840067235534487,61.05382324383327,51.88272486887436
31128,23rd & M St NW,incoming_trips,Polynomial Regression,val,1.4538376313249444,2.102432530645804,0.4935494212490591,59.08640182150183,50.52049818368739
31128,23rd & M St NW,incoming_trips,Random Forest,test,1.4156985468850634,2.0042760989788238,0.4997765823058672,62.74963888879501,51.71881703439385
31128,23rd & M St NW,incoming_trips,Random Forest,val,1.461560083335422,2.0847050988591747,0.5020540624388303,59.78125302411258,50.78885148144416
31128,23rd & M St NW,incoming_trips,Soft Two-Stage,test,1.344939649817435,1.9722857238508151,0.5156173416293623,54.217088549842,49.13382713025906
31128,23rd & M St NW,incoming_trips,Soft Two-Stage,val,1.4153022726905409,2.086868617600869,0.5010199839105578,53.9921061736432,49.181404000162296
31128,23rd & M St NW,incoming_trips,XGBoost,test,1.354121423576104,1.9808816420322752,0.511385919054751,54.32900364859167,49.46925904697653
31128,23rd & M St NW,incoming_trips,XGBoost,val,1.4199183461394658,2.0876775011973208,0.5006330932660952,53.549156761211016,49.34181141105016
31128,23rd & M St NW,outgoing_trips,GAM,test,1.4059634182534992,1.9191657204296264,0.5000793910903627,61.10129371975156,55.15174696798961
31128,23rd & M St NW,outgoing_trips,GAM,val,1.3832504519140971,1.9454311171174357,0.4948394062880376,57.06834642487467,52.43909150190571
31128,23rd & M St NW,outgoing_trips,HistGradientBoosting,test,1.2621275741737936,1.9146871503229108,0.5024099007333265,54.41967350941373,49.50949627026852
31128,23rd & M St NW,outgoing_trips,HistGradientBoosting,val,1.310045418401092,1.9874695299920648,0.4727717081121166,54.1799440204632,49.66388514251032
31128,23rd & M St NW,outgoing_trips,LightGBM,test,1.2592603667910796,1.910569945257933,0.5045475635983186,53.7668419486584,49.39702428556167
31128,23rd & M St NW,outgoing_trips,LightGBM,val,1.3076673728376764,1.9864417062208732,0.4733168814003841,53.52210548547488,49.573733320240464
31128,23rd & M St NW,outgoing_trips,Linear Regression,test,1.2902757357638222,1.8755149310400947,0.5225618298929032,54.96185608477595,50.61366460457395
31128,23rd & M St NW,outgoing_trips,Linear Regression,val,1.3342421182454909,1.9406484365799863,0.4973201437702192,54.81728373083045,50.58118320334145
31128,23rd & M St NW,outgoing_trips,Naive (same hour last week),test,1.6971115424135177,2.5573231738041478,0.112338644322378,80.89680816369422,66.5726185677818
31128,23rd & M St NW,outgoing_trips,Naive (same hour last week),val,1.7891381077080724,2.678831035493932,0.0421700948898767,81.08657781381027,67.82631215469614
31128,23rd & M St NW,outgoing_trips,Poisson,test,1.382654838164652,1.9600167037626184,0.4785704612247954,53.69360700140832,54.23742096593751
31128,23rd & M St NW,outgoing_trips,Poisson,val,1.4413384051425806,2.048023270773608,0.4401553623022977,54.64131306877656,54.641208616916806
31128,23rd & M St NW,outgoing_trips,Polynomial Regression,test,1.317879883477095,1.9428596112505367,0.487659219780247,59.277941149039016,51.69649289881265
31128,23rd & M St NW,outgoing_trips,Polynomial Regression,val,1.3474377284135348,1.9602462503577405,0.4871161637139193,57.09372611783824,51.08142942272133
31128,23rd & M St NW,outgoing_trips,Random Forest,test,1.294837902190287,1.8812272640627388,0.5196490947463948,55.35631918917618,50.79262477175298
31128,23rd & M St NW,outgoing_trips,Random Forest,val,1.340702245502005,1.9494555904666977,0.4927472138205035,54.830283298834445,50.82608693993487
31128,23rd & M St NW,outgoing_trips,Soft Two-Stage,test,1.2676474259128852,1.8933168785418133,0.5134553536742248,52.00723856330979,49.72602357280201
31128,23rd & M St NW,outgoing_trips,Soft Two-Stage,val,1.3142765227487794,1.961547749471384,0.486434882516355,52.21609770825366,49.82428651287349
31128,23rd & M St NW,outgoing_trips,XGBoost,test,1.2828483376328566,1.911893682059819,0.5038607781421099,52.17797480223674,50.3223099526454
31128,23rd & M St NW,outgoing_trips,XGBoost,val,1.3307588496895104,1.9835892318098989,0.4748283996569149,51.88334253911482,50.44913232399417
31201,15th & P St NW,incoming_trips,GAM,test,2.202589344252581,3.0385490709593745,0.6832845022817561,65.18809184416487,42.962877332832335
31201,15th & P St NW,incoming_trips,GAM,val,1.9853604344494435,2.7745978827104305,0.7260271916059533,58.16507100902712,40.00876628067516
31201,15th & P St NW,incoming_trips,HistGradientBoosting,test,1.9215655560382536,2.9064068524206306,0.7102325333448691,51.13104360912747,37.48133327099224
31201,15th & P St NW,incoming_trips,HistGradientBoosting,val,1.7924351909734846,2.700479048957756,0.7404691524629967,49.79094376801426,36.12095787977266
31201,15th & P St NW,incoming_trips,LightGBM,test,1.919552278211805,2.903132178810344,0.7108851324893678,51.10211735489395,37.44206303275181
31201,15th & P St NW,incoming_trips,LightGBM,val,1.7913059800643354,2.699992697185253,0.740562626190531,49.88109818095383,36.09820214506483
31201,15th & P St NW,incoming_trips,Linear Regression,test,2.013908001775348,2.959932154851824,0.6994613580762058,54.10073377662906,39.28253020276199
31201,15th & P St NW,incoming_trips,Linear Regression,val,1.8947612344119944,2.767645624001384,0.7273984487036724,52.61245070374761,38.18302111288671
31201,15th & P St NW,incoming_trips,Naive (same hour last week),test,2.624614682041329,3.952437282859788,0.4641209473897991,73.34709512916363,51.19474446052779
31201,15th & P St NW,incoming_trips,Naive (same hour last week),val,2.5083684390299443,3.768899016298876,0.49448230425119,71.98194659158197,50.54836637298092
31201,15th & P St NW,incoming_trips,Poisson,test,2.195035765395414,3.2316862622335814,0.6417425828948484,53.02800708050679,42.815540071480754
31201,15th & P St NW,incoming_trips,Poisson,val,2.052064511528044,2.965510685356091,0.6870273789855387,50.55976327502876,41.35297954467421
31201,15th & P St NW,incoming_trips,Polynomial Regression,test,1.9700446761870096,2.9266051307368794,0.7061910199074876,51.69332315175451,38.42694871110572
31201,15th & P St NW,incoming_trips,Polynomial Regression,val,1.840971788910272,2.753510361955635,0.7301758666776659,50.78780387548144,37.09906209159077
31201,15th & P St NW,incoming_trips,Random Forest,test,1.9690634876389008,2.8880789615291973,0.7138755755368241,55.2449541537854,38.40781001721218
31201,15th & P St NW,incoming_trips,Random Forest,val,1.83378681883522,2.6955669881539097,0.7414124457435716,52.87815879532456,36.95427136065927
31201,15th & P St NW,incoming_trips,Soft Two-Stage,test,1.9297655394535025,2.8817498348913886,0.7151282652717361,50.45213595288728,37.6412790559475
31201,15th & P St NW,incoming_trips,Soft Two-Stage,val,1.7972672483150904,2.6773497246299844,0.7448958237840273,49.031836931944,36.21833297070356
31201,15th & P St NW,incoming_trips,XGBoost,test,1.963793998931506,2.923798725850658,0.7067542333098894,50.159233029695706,38.30502535717863
31201,15th & P St NW,incoming_trips,XGBoost,val,1.8252069797230093,2.717066089394716,0.7372711499374214,48.887533553049074,36.78137138148677
31201,15th & P St NW,outgoing_trips,GAM,test,2.184350780345077,2.9886885240798007,0.6432325743327783,62.50090403732533,43.03648128538256
31201,15th & P St NW,outgoing_trips,GAM,val,1.993095298440076,2.742393705574224,0.6978051057568002,59.98472451736685,40.18861289820283
31201,15th & P St NW,outgoing_trips,HistGradientBoosting,test,1.9840097412598383,2.934927620334596,0.6559522884839224,51.5167167145966,39.08932524393217
31201,15th & P St NW,outgoing_trips,HistGradientBoosting,val,1.8509827990236956,2.735526729382601,0.6993166079343087,51.56908609984633,37.32306791823572
31201,15th & P St NW,outgoing_trips,LightGBM,test,1.981185205640416,2.929354588548899,0.6572576483758557,51.59291513927572,39.03367572306814
31201,15th & P St NW,outgoing_trips,LightGBM,val,1.8458107164156237,2.7306372803811,0.7003905233944603,51.56692002237605,37.2187784615419
31201,15th & P St NW,outgoing_trips,Linear Regression,test,2.0635964066864134,2.952174377019728,0.6518968961170264,54.70354474585193,40.65735638069661
31201,15th & P St NW,outgoing_trips,Linear Regression,val,1.950534411889258,2.762111154781323,0.693444001131067,55.80191895006077,39.330418613396745
31201,15th & P St NW,outgoing_trips,Naive (same hour last week),test,2.724626098869734,4.007399822755687,0.3585700535809994,75.70286095672583,53.6810850934611
31201,15th & P St NW,outgoing_trips,Naive (same hour last week),val,2.5621086189229194,3.7534605839757273,0.4339025029207031,74.40663477446589,51.66215161394003
31201,15th & P St NW,outgoing_trips,Poisson,test,2.297298854736316,3.30161363427636,0.5646120738629103,55.77592835334325,45.26180504450456
31201,15th & P St NW,outgoing_trips,Poisson,val,2.169269996346812,3.067060272273665,0.6220171139370174,55.00617656758765,43.740985302158144
31201,15th & P St NW,outgoing_trips,Polynomial Regression,test,2.0606581303278064,3.064508836436638,0.6249012312341288,53.84807198018405,40.59946591884575
31201,15th & P St NW,outgoing_trips,Polynomial Regression,val,1.9035133791956824,2.7877507027322617,0.6877263184065068,53.61065884076738,38.38229030138133
31201,15th & P St NW,outgoing_trips,Random Forest,test,2.0391300206791647,2.956918824894171,0.6507771220581614,54.76207672732696,40.17531513851318
31201,15th & P St NW,outgoing_trips,Random Forest,val,1.881610170766025,2.718782962484624,0.7029862227286569,54.01025207555612,37.94063577262042
31201,15th & P St NW,outgoing_trips,Soft Two-Stage,test,2.001752208862618,2.935967993803747,0.6557083291101553,50.65482520794509,39.43889060761561
31201,15th & P St NW,outgoing_trips,Soft Two-Stage,val,1.8596743275445813,2.7318008829762945,0.7001351246662163,50.39151931432646,37.4983231985492
31201,15th & P St NW,outgoing_trips,XGBoost,test,2.018466258436644,2.936202605171121,0.6556533026472082,48.75609868610071,39.768193889930856
31201,15th & P St NW,outgoing_trips,XGBoost,val,1.8704456512778,2.7270473578429097,0.7011777885508094,49.08458044272114,37.71551530183414
31202,14th & R St NW,incoming_trips,GAM,test,2.2765399957431334,3.167821465174237,0.5529982738528139,77.72550757257792,55.60727801309044
31202,14th & R St NW,incoming_trips,GAM,val,1.870274388110852,2.668551670177185,0.6325724431687394,64.91999386059578,49.95322938443502
31202,14th & R St NW,incoming_trips,HistGradientBoosting,test,1.784938167014507,2.8426645942428777,0.6400525954478447,50.29967414524992,43.59930116534222
31202,14th & R St NW,incoming_trips,HistGradientBoosting,val,1.5994998410563046,2.517896933524167,0.672888064885206,51.70637378376799,42.72110176376817
31202,14th & R St NW,incoming_trips,LightGBM,test,1.7836696175608229,2.838983952266651,0.6409841016400624,50.20161319672183,43.56831529104338
31202,14th & R St NW,incoming_trips,LightGBM,val,1.5984910496053673,2.5158784681356408,0.673412311498264,51.65891143917271,42.69415791474256
31202,14th & R St NW,incoming_trips,Linear Regression,test,1.808277016850446,2.743015008104212,0.6648461803403911,55.02396361666268,44.1693811611954
31202,14th & R St NW,incoming_trips,Linear Regression,val,1.6779535135463253,2.5264729501654437,0.6706559680503674,55.61286863456294,44.81652387020246
31202,14th & R St NW,incoming_trips,Naive (same hour last week),test,2.2874757392396394,3.587982122245857,0.4265595208316145,76.5705159768308,55.87439694358459
31202,14th & R St NW,incoming_trips,Naive (same hour last week),val,2.164750085392235,3.3758962359128706,0.4119710998285677,77.87261342673953,57.81839192312371
31202,14th & R St NW,incoming_trips,Poisson,test,2.1682655319488946,3.524266835225521,0.4467449691630502,58.34627213511291,52.96254160556727
31202,14th & R St NW,incoming_trips,Poisson,val,1.8655531535171388,2.838029325257053,0.5844203722035043,55.16606057300656,49.82712975106748
31202,14th & R St NW,incoming_trips,Polynomial Regression,test,1.8423786006300595,2.822462240195281,0.6451505906350177,56.66007973947588,45.00235411728909
31202,14th & R St NW,incoming_trips,Polynomial Regression,val,1.641524078460882,2.4637193177032426,0.6868135601877156,55.0910449434838,43.84352871038173
31202,14th & R St NW,incoming_trips,Random Forest,test,1.797038932705984,2.734122114343139,0.6670158045764099,52.07454807956105,43.89487719002682
31202,14th & R St NW,incoming_trips,Random Forest,val,1.6220282783952873,2.4336338323119238,0.6944157539988414,53.77332708291329,43.32281464890466
31202,14th & R St NW,incoming_trips,Soft Two-Stage,test,1.8245242888006168,2.883138694411372,0.6297297023112305,49.20258874002386,44.566240680455685
31202,14th & R St NW,incoming_trips,Soft Two-Stage,val,1.6270506207944713,2.537215728848383,0.6678492155509992,50.27265883465013,43.45695658203942
31202,14th & R St NW,incoming_trips,XGBoost,test,1.8606597557968756,2.89709060585476,0.6261374520600921,47.81289555519806,45.44889372549383
31202,14th & R St NW,incoming_trips,XGBoost,val,1.6453836912250384,2.5486674004292458,0.6648441375235559,49.10846819285995,43.94661525370853
31202,14th & R St NW,outgoing_trips,GAM,test,2.427004256214684,3.233052101971061,0.4066011939531256,83.33401028582021,59.62340909907561
31202,14th & R St NW,outgoing_trips,GAM,val,1.9914689897736289,2.7168905067083373,0.5127864296300263,68.75325040732788,52.79686117052064
31202,14th & R St NW,outgoing_trips,HistGradientBoosting,test,1.862626707912714,2.8397070682113035,0.5422078450576002,52.16775412602834,45.75853294050447
31202,14th & R St NW,outgoing_trips,HistGradientBoosting,val,1.6938106307000909,2.574233736502993,0.5626077749285874,52.95477526379912,44.905486943278994
31202,14th & R St NW,outgoing_trips,LightGBM,test,1.878332665829466,2.8724135767652457,0.531601815868699,51.98304203558726,46.14437600269336
31202,14th & R St NW,outgoing_trips,LightGBM,val,1.7086912165031714,2.603306345170794,0.5526724385437485,52.75992571973425,45.29999382579418
31202,14th & R St NW,outgoing_trips,Linear Regression,test,1.887814873847795,2.7027505784387693,0.5853007985482506,55.1039691595445,46.37732226407369
31202,14th & R St NW,outgoing_trips,Linear Regression,val,1.7931765224509122,2.55479711670708,0.5691878546380403,57.04740149345536,47.5398273316018
31202,14th & R St NW,outgoing_trips,Naive (same hour last week),test,2.391254709441717,3.5583791084157905,0.2811708294769225,77.85786357366312,58.7451618331744
31202,14th & R St NW,outgoing_trips,Naive (same hour last week),val,2.3143572811112376,3.435603316285896,0.2209216600547351,82.11950138782626,61.35711914033023
31202,14th & R St NW,outgoing_trips,Poisson,test,2.360179631259393,3.63540705401268,0.2497131197805302,65.9897619493783,57.98175068772375
31202,14th & R St NW,outgoing_trips,Poisson,val,2.0623757256977973,2.958981272013403,0.4220908954834308,62.14408998259001,54.67670620545068
31202,14th & R St NW,outgoing_trips,Polynomial Regression,test,1.8474869561650935,2.7277344937636343,0.5775984993543508,55.81681715317806,45.38659967759594
31202,14th & R St NW,outgoing_trips,Polynomial Regression,val,1.7030869561384792,2.485497913682294,0.5922425454375253,56.555779797094566,45.151416389762026
31202,14th & R St NW,outgoing_trips,Random Forest,test,1.8578330983657416,2.700166405842483,0.5860934295826258,55.93454523603674,45.640769923670646
31202,14th & R St NW,outgoing_trips,Random Forest,val,1.7205044624484065,2.496595963914785,0.5885930426766981,56.6161879827106,45.61318087984652
31202,14th & R St NW,outgoing_trips,Soft Two-Stage,test,1.877324399827711,2.839832047526233,0.5421675480779646,50.47205270562171,46.11960626603164
31202,14th & R St NW,outgoing_trips,Soft Two-Stage,val,1.7071368390971409,2.572008483718599,0.5633636407017595,50.95534455054981,45.25878492496058
31202,14th & R St NW,outgoing_trips,XGBoost,test,1.9100490351802015,2.872020874139277,0.5317298814262603,49.65684307566589,46.92354153571377
31202,14th & R St NW,outgoing_trips,XGBoost,val,1.7225629195078076,2.587829378035045,0.5579754595539994,50.803163519557856,45.66775369626935
31203,14th St & Rhode Island Ave NW,incoming_trips,GAM,test,1.679417285871471,2.522335223898228,0.6403047331903383,58.62041121232785,48.76194519490906
31203,14th St & Rhode Island Ave NW,incoming_trips,GAM,val,1.58631813395438,2.3540660301497875,0.6395308911664913,58.07484912015575,48.57961007852622
31203,14th St & Rhode Island Ave NW,incoming_trips,HistGradientBoosting,test,1.5946459350725617,2.5713720847850885,0.626183072879267,52.69654078476783,46.300605778833045
31203,14th St & Rhode Island Ave NW,incoming_trips,HistGradientBoosting,val,1.4988843352900176,2.3762073992710877,0.6327181562675637,52.863530865551255,45.90202620938712
31203,14th St & Rhode Island Ave NW,incoming_trips,LightGBM,test,1.5875972655138286,2.552650429011734,0.6316066322487883,52.94781172842141,46.09594738832375
31203,14th St & Rhode Island Ave NW,incoming_trips,LightGBM,val,1.4957221811170291,2.370871728601252,0.6343657353103195,52.98216080145763,45.80518799424989
31203,14th St & Rhode Island Ave NW,incoming_trips,Linear Regression,test,1.65782542755376,2.547953617178472,0.6329610538953516,56.75208338193093,48.135024761969646
31203,14th St & Rhode Island Ave NW,incoming_trips,Linear Regression,val,1.5508787203267052,2.363107073899513,0.6367567333950684,56.01932129229687,47.49430892827564
31203,14th St & Rhode Island Ave NW,incoming_trips,Naive (same hour last week),test,2.1657723484416027,3.443143130313308,0.3297462282185547,83.40930901594291,62.88328305764577
31203,14th St & Rhode Island Ave NW,incoming_trips,Naive (same hour last week),val,2.016053740179893,3.164023397889665,0.3488063679645792,79.36706301376807,61.739888423988845
31203,14th St & Rhode Island Ave NW,incoming_trips,Poisson,test,1.8020948265276029,2.7061012997916403,0.5859839159844387,54.39050979527814,52.32389228479886
31203,14th St & Rhode Island Ave NW,incoming_trips,Poisson,val,1.6950721904259984,2.501158030914344,0.5930762505996849,54.280070054266446,51.91010825840845
31203,14th St & Rhode Island Ave NW,incoming_trips,Polynomial Regression,test,1.6883732483087222,2.684336848919544,0.5926167769638764,58.10082584051926,49.02198190717041
31203,14th St & Rhode Island Ave NW,incoming_trips,Polynomial Regression,val,1.5712438001562463,2.705024626167591,0.5240369722593339,55.56569897665333,48.11797174606804
31203,14th St & Rhode Island Ave NW,incoming_trips,Random Forest,test,1.6276202795522003,2.490413725010805,0.6493513947560592,56.875559736736406,47.2580171332838
31203,14th St & Rhode Island Ave NW,incoming_trips,Random Forest,val,1.5475954875050124,2.33040950689832,0.6467393540250046,56.89320225218172,47.39376278506459
31203,14th St & Rhode Island Ave NW,incoming_trips,Soft Two-Stage,test,1.6108800895260882,2.557425313170452,0.6302271399170934,51.330039629218106,46.77196507494616
31203,14th St & Rhode Island Ave NW,incoming_trips,Soft Two-Stage,val,1.51867782330804,2.3742006128144157,0.6333382578594676,51.519420675386826,46.508184526201234
31203,14th St & Rhode Island Ave NW,incoming_trips,XGBoost,test,1.6048541648413492,2.549235362727093,0.6325916838550132,51.03901250195343,46.597002121010966
31203,14th St & Rhode Island Ave NW,incoming_trips,XGBoost,val,1.5121238534373238,2.3688349773643678,0.6349936783184124,51.34865179545878,46.30747491192474
31203,14th St & Rhode Island Ave NW,outgoing_trips,GAM,test,1.998527684667476,2.6624941474879016,0.4286857463536144,76.25188012596136,58.36007331222678
31203,14th St & Rhode Island Ave NW,outgoing_trips,GAM,val,1.7666938780897423,2.417749500374278,0.4887554072445111,65.43146978632439,53.04369579619939
31203,14th St & Rhode Island Ave NW,outgoing_trips,HistGradientBoosting,test,1.696977346820937,2.539015325771679,0.4804487663267611,55.68212382914762,49.55434099284743
31203,14th St & Rhode Island Ave NW,outgoing_trips,HistGradientBoosting,val,1.6029283319607788,2.404571619924019,0.4943132699383686,54.1745127785317,48.12675465631395
31203,14th St & Rhode Island Ave NW,outgoing_trips,LightGBM,test,1.6879259226307848,2.513463642091883,0.4908532796938775,56.02872882540626,49.29002552533103
31203,14th St & Rhode Island Ave NW,outgoing_trips,LightGBM,val,1.5938837747570551,2.3791581575058998,0.5049457995627133,54.43985746863015,47.85519841961924
31203,14th St & Rhode Island Ave NW,outgoing_trips,Linear Regression,test,1.7431648822564982,2.4731354410578272,0.5070605933854634,58.81198326516734,50.903087860258935
31203,14th St & Rhode Island Ave NW,outgoing_trips,Linear Regression,val,1.6530803782324397,2.35379708309308,0.5154437899061257,57.23867600654415,49.63253328552805
31203,14th St & Rhode Island Ave NW,outgoing_trips,Naive (same hour last week),test,2.2536819271606348,3.3216295655383896,0.1107986146106757,83.24095365807305,65.81096849474912
31203,14th St & Rhode Island Ave NW,outgoing_trips,Naive (same hour last week),val,2.1755664351588297,3.197687881543762,0.105710224683894,83.97364869610226,65.31979626021263
31203,14th St & Rhode Island Ave NW,outgoing_trips,Poisson,test,1.90068081639202,2.64814029622049,0.4348291999951622,62.02374015803858,55.50279470170929
31203,14th St & Rhode Island Ave NW,outgoing_trips,Poisson,val,1.8099949795986028,2.5141322345939363,0.4471817702729701,58.73587673336036,54.34377980314677
31203,14th St & Rhode Island Ave NW,outgoing_trips,Polynomial Regression,test,1.7513006141319332,2.535243918229946,0.4819910840616142,61.04748787510328,51.14066370788999
31203,14th St & Rhode Island Ave NW,outgoing_trips,Polynomial Regression,val,1.6365739333573242,2.46489907736092,0.4686209748234808,57.34349044136094,49.13693931110443
31203,14th St & Rhode Island Ave NW,outgoing_trips,Random Forest,test,1.7424339065397685,2.488112724989031,0.501072042418206,61.63722726280761,50.88174224831417
31203,14th St & Rhode Island Ave NW,outgoing_trips,Random Forest,val,1.6359150968884195,2.335177666798792,0.5230795113970437,58.816242839440406,49.11715822640752
31203,14th St & Rhode Island Ave NW,outgoing_trips,Soft Two-Stage,test,1.7053893639555235,2.521190547278985,0.4877180240021675,55.114120194065706,49.79998479375373
31203,14th St & Rhode Island Ave NW,outgoing_trips,Soft Two-Stage,val,1.6143173359712952,2.391151361889768,0.4999421381176119,53.66328596982618,48.46870119931592
31203,14th St & Rhode Island Ave NW,outgoing_trips,XGBoost,test,1.7124712900564816,2.514723541430296,0.4903427217705984,54.19394075243633,50.00678789666518
31203,14th St & Rhode Island Ave NW,outgoing_trips,XGBoost,val,1.6218311172616275,2.394508610529933,0.4985369597089628,53.22803116632281,48.69429700512383
31212,New Hampshire Ave & Ward Pl NW,incoming_trips,GAM,test,1.4599387320825186,1.9765356290859293,0.4436279893396146,64.59586816524909,55.88743216778455
31212,New Hampshire Ave & Ward Pl NW,incoming_trips,GAM,val,1.557004978159968,2.205370510315258,0.5062410806929513,58.64117338611615,51.94945571789621
31212,New Hampshire Ave & Ward Pl NW,incoming_trips,HistGradientBoosting,test,1.3263879821863565,1.9555092592165213,0.4554023882656939,56.12887625291344,50.77502004270047
31212,New Hampshire Ave & Ward Pl NW,incoming_trips,HistGradientBoosting,val,1.485069370080375,2.224616141541977,0.4975856953970069,53.91485755255589,49.54932486482272
31212,New Hampshire Ave & Ward Pl NW,incoming_trips,LightGBM,test,1.3211102719943038,1.9457898953012331,0.4608025041062139,56.51823660195973,50.572985762851744
31212,New Hampshire Ave & Ward Pl NW,incoming_trips,LightGBM,val,1.4773637667186903,2.210811666888316,0.5038016413052271,54.00414038196,49.29222748476773
31212,New Hampshire Ave & Ward Pl NW,incoming_trips,Linear Regression,test,1.3785038779917236,1.9642391564965305,0.4505290864849075,59.66301552820183,52.77005142838821
31212,New Hampshire Ave & Ward Pl NW,incoming_trips,Linear Regression,val,1.5261937235066645,2.194702491337692,0.5110064382164656,58.59596462422728,50.921438510709
31212,New Hampshire Ave & Ward Pl NW,incoming_trips,Naive (same hour last week),test,1.8265783765270007,2.675274856693,-0.0192783389245301,82.34444494765418,69.92264324111709
31212,New Hampshire Ave & Ward Pl NW,incoming_trips,Naive (same hour last week),val,2.035295457133098,3.029589550251345,0.0682070588156023,84.29608339510874,67.90761282479866
31212,New Hampshire Ave & Ward Pl NW,incoming_trips,Poisson,test,1.4608892973025047,1.9995037473228987,0.4306223390780754,56.55569419177077,55.92382044085764
31212,New Hampshire Ave & Ward Pl NW,incoming_trips,Poisson,val,1.657397850368303,2.3049006316626217,0.460667934421948,58.25485606872054,55.2990629075551
31212,New Hampshire Ave & Ward Pl NW,incoming_trips,Polynomial Regression,test,1.443986431485304,2.072759717751223,0.3881374124057674,64.3417390220687,55.27676742004186
31212,New Hampshire Ave & Ward Pl NW,incoming_trips,Polynomial Regression,val,1.5154811026369597,2.225614028206551,0.4971348625813273,57.40464594768336,50.56401202119897
31212,New Hampshire Ave & Ward Pl NW,incoming_trips,Random Forest,test,1.3720438617585908,1.942496595524839,0.4626261709418094,59.70745272223241,52.52275768167255
31212,New Hampshire Ave & Ward Pl NW,incoming_trips,Random Forest,val,1.5090191066195524,2.185844480254128,0.5149457140225179,56.3809121824122,50.34840758790278
31212,New Hampshire Ave & Ward Pl NW,incoming_trips,Soft Two-Stage,test,1.333823723774151,1.9412287866679483,0.4633273973673165,55.96365488472329,51.05966520929063
31212,New Hampshire Ave & Ward Pl NW,incoming_trips,Soft Two-Stage,val,1.4945975770671498,2.223608790176884,0.4980405991785672,53.18304571703501,49.867233396827146
31212,New Hampshire Ave & Ward Pl NW,incoming_trips,XGBoost,test,1.3304858187412585,1.9392840457756952,0.4644021458715086,55.49798678382499,50.93188796973333
31212,New Hampshire Ave & Ward Pl NW,incoming_trips,XGBoost,val,1.4981903329858004,2.219043465639492,0.5000996440182286,52.83624776256306,49.987105662567565
31212,New Hampshire Ave & Ward Pl NW,outgoing_trips,GAM,test,1.3824375242679514,1.898427964238496,0.493674584978524,60.57610497140613,54.59319330506306
31212,New Hampshire Ave & Ward Pl NW,outgoing_trips,GAM,val,1.480567409072641,2.1547997023324728,0.5245174347535735,56.16490503957613,51.29713433485209
31212,New Hampshire Ave & Ward Pl NW,outgoing_trips,HistGradientBoosting,test,1.294244620009786,1.9163029818325548,0.4840948857740269,58.85106208459613,51.11040859632874
31212,New Hampshire Ave & Ward Pl NW,outgoing_trips,HistGradientBoosting,val,1.4133634419804335,2.1870003096280146,0.5102003478441233,54.76457213744455,48.96872233102228
31212,New Hampshire Ave & Ward Pl NW,outgoing_trips,LightGBM,test,1.2898858088775482,1.9155132273913007,0.4845200319033459,58.35473054229666,50.93827682578199
31212,New Hampshire Ave & Ward Pl NW,outgoing_trips,LightGBM,val,1.409348147524215,2.181371997565937,0.5127181325870227,54.5953017492331,48.829604653669335
31212,New Hampshire Ave & Ward Pl NW,outgoing_trips,Linear Regression,test,1.3320658709176412,1.9008582190399577,0.4923774197444056,58.00790700593639,52.603989915994674
31212,New Hampshire Ave & Ward Pl NW,outgoing_trips,Linear Regression,val,1.478541551944727,2.150743945665841,0.526305653610933,56.666252207154976,51.22694457881869
31212,New Hampshire Ave & Ward Pl NW,outgoing_trips,Naive (same hour last week),test,1.7708642539102637,2.6279127333193983,0.0297953297464749,82.47510717976189,69.93237150586114
31212,New Hampshire Ave & Ward Pl NW,outgoing_trips,Naive (same hour last week),val,1.9919162017533871,2.989544953277519,0.0847684985149148,83.33272170435828,69.0138067061144
31212,New Hampshire Ave & Ward Pl NW,outgoing_trips,Poisson,test,1.4068584252705445,1.9704105227226905,0.4545500345090502,54.39545007564264,55.55758767783904
31212,New Hampshire Ave & Ward Pl NW,outgoing_trips,Poisson,val,1.6107783257527868,2.31887416343267,0.4493506298261417,57.04858356049654,55.80854451710741
31212,New Hampshire Ave & Ward Pl NW,outgoing_trips,Polynomial Regression,test,1.3993632639387756,1.993750477660135,0.4415515482273674,62.868989069149016,55.26159976934055
31212,New Hampshire Ave & Ward Pl NW,outgoing_trips,Polynomial Regression,val,1.4670222418043382,2.207256160718801,0.501085347699872,56.85389132489935,50.82783569928009
31212,New Hampshire Ave & Ward Pl NW,outgoing_trips,Random Forest,test,1.355343359042256,1.9120849486627245,0.4863635353136373,61.525282333898815,53.52323030591128
31212,New Hampshire Ave & Ward Pl NW,outgoing_trips,Random Forest,val,1.4619371149296132,2.1413977268902697,0.5304136568232568,56.96281007045687,50.651651599316736
31212,New Hampshire Ave & Ward Pl NW,outgoing_trips,Soft Two-Stage,test,1.2977344602161054,1.8950420410192816,0.4954790781478912,56.077068860589954,51.24822424270905
31212,New Hampshire Ave & Ward Pl NW,outgoing_trips,Soft Two-Stage,val,1.4364061175209255,2.1932592872420136,0.5073928202635651,52.631537157964544,49.767080592450846
31212,New Hampshire Ave & Ward Pl NW,outgoing_trips,XGBoost,test,1.306927597747913,1.903888435261077,0.490757696387627,56.11859640299387,51.61126613468877
31212,New Hampshire Ave & Ward Pl NW,outgoing_trips,XGBoost,val,1.4459452680279512,2.195332231283627,0.506461211594087,52.2802965475632,50.09758299443588
31213,17th & K St NW,incoming_trips,GAM,test,1.341022557215002,2.1278703585200938,0.6440429122071281,55.91733992545732,49.67023248750932
31213,17th & K St NW,incoming_trips,GAM,val,1.2211212070267317,1.871772937229162,0.6272852382740972,56.74262671115567,51.58781895774788
31213,17th & K St NW,incoming_trips,HistGradientBoosting,test,1.233718900461314,2.0154164675831696,0.6806720588715721,52.71169084905919,45.69580450414686
31213,17th & K St NW,incoming_trips,HistGradientBoosting,val,1.1386150633929644,1.7996886698722885,0.6554398631966509,53.26651941148077,48.10224195180571
31213,17th & K St NW,incoming_trips,LightGBM,test,1.2348963077847357,2.0224757989106354,0.6784311427104295,52.775973833886525,45.73941458003424
31213,17th & K St NW,incoming_trips,LightGBM,val,1.134460774375619,1.7944867725241425,0.6574288473197538,53.75553955676278,47.92673872698924
31213,17th & K St NW,incoming_trips,Linear Regression,test,1.3330907104066574,2.055907099565329,0.6677122830302353,57.1118697598367,49.37644423398137
31213,17th & K St NW,incoming_trips,Linear Regression,val,1.215538070651948,1.8327510114805508,0.6426636459983117,56.61502066457792,51.3519522584707
31213,17th & K St NW,incoming_trips,Naive (same hour last week),test,1.69585569128896,2.737685064312501,0.4107843295119533,82.16326233418923,62.81292286874154
31213,17th & K St NW,incoming_trips,Naive (same hour last week),val,1.5516338380963224,2.481217155856972,0.3450625616358976,78.37595064886905,65.55074555074555
31213,17th & K St NW,incoming_trips,Poisson,test,1.5277384820620603,2.4257793414663245,0.5373954482266468,56.35879251681746,56.58601727157302
31213,17th & K St NW,incoming_trips,Poisson,val,1.3486517187250682,2.007724587443676,0.5711765353980928,53.11461856582523,56.97550767466222
31213,17th & K St NW,incoming_trips,Polynomial Regression,test,1.3625462235846832,2.147550172869215,0.6374282579182022,57.10836539738495,50.46744913894723
31213,17th & K St NW,incoming_trips,Polynomial Regression,val,1.2115001175130276,1.814297260536408,0.6498233724998745,56.07203380730361,51.18136379084618
31213,17th & K St NW,incoming_trips,Random Forest,test,1.312224982159892,2.0112722943675587,0.681983936353161,56.72472598784592,48.6035970007548
31213,17th & K St NW,incoming_trips,Random Forest,val,1.194101490485315,1.7999273451166302,0.6553484658017226,56.25456436723611,50.4463366567221
31213,17th & K St NW,incoming_trips,Soft Two-Stage,test,1.2591609275977338,2.022120814962905,0.6785440160160654,51.01170363549461,46.63815360634536
31213,17th & K St NW,incoming_trips,Soft Two-Stage,val,1.1541804702604035,1.7910566454698076,0.6587372320256482,51.6305568942903,48.759822367951536
31213,17th & K St NW,incoming_trips,XGBoost,test,1.281355170670727,2.046806873876293,0.6706474358577188,50.39021883953267,47.46020779729744
31213,17th & K St NW,incoming_trips,XGBoost,val,1.1541777529301367,1.798799269058787,0.6557803402438758,51.42230999520822,48.759707570877296
31213,17th & K St NW,outgoing_trips,GAM,test,1.3673490909766244,2.142262099753681,0.6084930267925401,57.29929456965755,52.65833049535813
31213,17th & K St NW,outgoing_trips,GAM,val,1.218904535779644,1.9287977027174588,0.5924654556867639,55.2141437095421,54.44006375668759
31213,17th & K St NW,outgoing_trips,HistGradientBoosting,test,1.2943737297960742,2.130005434428325,0.6129601204842763,54.54708243292757,49.8479576999816
31213,17th & K St NW,outgoing_trips,HistGradientBoosting,val,1.1288030236799476,1.884987547874465,0.610768447691624,54.03379897849601,50.41585027704541
31213,17th & K St NW,outgoing_trips,LightGBM,test,1.2896028404331068,2.123436751789331,0.6153436092362063,54.61481009086477,49.6642247597326
31213,17th & K St NW,outgoing_trips,LightGBM,val,1.1315243251063436,1.8859191135185287,0.6103836341794635,54.30766958608972,50.53739205394872
31213,17th & K St NW,outgoing_trips,Linear Regression,test,1.3554084214088655,2.083875873588624,0.6295428459799803,58.34584603077098,52.198480316216376
31213,17th & K St NW,outgoing_trips,Linear Regression,val,1.2047647016444671,1.888984291585492,0.6091161206042494,55.943935702476665,53.808534831138346
31213,17th & K St NW,outgoing_trips,Naive (same hour last week),test,1.7241694257335312,2.758416114157241,0.3508966428598626,81.63572882323359,66.39992965177629
31213,17th & K St NW,outgoing_trips,Naive (same hour last week),val,1.5433223272230443,2.562861069165256,0.2804827752841099,79.99581656584785,68.92957030256801
31213,17th & K St NW,outgoing_trips,Poisson,test,1.5668525764178094,2.706301619113097,0.3751918474929416,57.52950465581927,60.34146023937564
31213,17th & K St NW,outgoing_trips,Poisson,val,1.316194386297144,2.035385625280289,0.5461791205588558,52.191474266393854,58.78533076454522
31213,17th & K St NW,outgoing_trips,Polynomial Regression,test,1.4412704469252455,2.294274895666061,0.5509598245495266,63.82318723893594,55.50513473715365
31213,17th & K St NW,outgoing_trips,Polynomial Regression,val,1.2170982185023325,1.875335544825168,0.6147443314559775,59.12403540391815,54.35938801477745
31213,17th & K St NW,outgoing_trips,Random Forest,test,1.3644950067957136,2.092689128651355,0.6264026997193874,59.41356259845079,52.54841612963267
31213,17th & K St NW,outgoing_trips,Random Forest,val,1.1857916725179007,1.842882518208573,0.6279627996175384,57.2793563244522,52.96114040032913
31213,17th & K St NW,outgoing_trips,Soft Two-Stage,test,1.3171855796137968,2.1281890336906115,0.6136199495673376,52.5651423453239,50.726470681662185
31213,17th & K St NW,outgoing_trips,Soft Two-Stage,val,1.1522740908880786,1.8817580622319927,0.612101019790737,51.831463014360544,51.464141064174896
31213,17th & K St NW,outgoing_trips,XGBoost,test,1.3203588346093336,2.11515298986551,0.6183389296359483,52.44092323311249,50.84867671624672
31213,17th & K St NW,outgoing_trips,XGBoost,val,1.1432618099457854,1.8774911182250555,0.6138581709549757,51.80700555501371,51.06162459574794
31214,17th & Corcoran St NW,incoming_trips,GAM,test,1.826759301409056,2.7084879357872,0.5547172545824497,58.87152412334697,51.49518769645315
31214,17th & Corcoran St NW,incoming_trips,GAM,val,1.561700645062999,2.330953660589372,0.6156147769072285,56.04883454411442,47.74414969399674
31214,17th & Corcoran St NW,incoming_trips,HistGradientBoosting,test,1.5868242787195126,2.4803475722195563,0.6265717738748225,49.370293803664126,44.73157137391932
31214,17th & Corcoran St NW,incoming_trips,HistGradientBoosting,val,1.4350578819515296,2.231198867220554,0.6478108554770899,50.48404982109626,43.87244031181135
31214,17th & Corcoran St NW,incoming_trips,LightGBM,test,1.60051352406563,2.4918590542766967,0.6230975126876936,48.8909425597365,45.11746252990104
31214,17th & Corcoran St NW,incoming_trips,LightGBM,val,1.4432064045927455,2.235590222321338,0.6464231624440127,49.885421587735365,44.12155609850007
31214,17th & Corcoran St NW,incoming_trips,Linear Regression,test,1.6588003438830192,2.442236192604663,0.6379593119226842,53.72851049587864,46.76053106356645
31214,17th & Corcoran St NW,incoming_trips,Linear Regression,val,1.5064554600488689,2.22959014904571,0.6483185366466013,54.8914636817394,46.0551996435978
31214,17th & Corcoran St NW,incoming_trips,Naive (same hour last week),test,2.1183925105605663,3.253126048907232,0.3576320887327602,76.59467204487906,59.71614315139032
31214,17th & Corcoran St NW,incoming_trips,Naive (same hour last week),val,1.965843106000228,3.020895765535861,0.3543890540952417,78.5386612265122,60.09955097636534
31214,17th & Corcoran St NW,incoming_trips,Poisson,test,1.8650014278132212,2.81050618367955,0.5205413634542784,54.62190945870312,52.57320901846037
31214,17th & Corcoran St NW,incoming_trips,Poisson,val,1.659150064306176,2.4503862717936498,0.5752156524627985,53.96774367539307,50.7233632037354
31214,17th & Corcoran St NW,incoming_trips,Polynomial Regression,test,1.6381375204418205,2.471953488886492,0.6290950360101374,52.60314414836057,46.17805915792322
31214,17th & Corcoran St NW,incoming_trips,Polynomial Regression,val,1.47438573770044,2.21281045664192,0.6535920629811252,54.16820754860115,45.07476742741816
31214,17th & Corcoran St NW,incoming_trips,Random Forest,test,1.609873262438512,2.3805374325849367,0.6560208765253257,52.83823021093104,45.38130762647698
31214,17th & Corcoran St NW,incoming_trips,Random Forest,val,1.4676861780768795,2.181588085778871,0.6632986091388291,53.67943662300573,44.86994918740379
31214,17th & Corcoran St NW,incoming_trips,Soft Two-Stage,test,1.6348006308236789,2.514698127638143,0.6161568695365025,48.567575022703686,46.08399435306579
31214,17th & Corcoran St NW,incoming_trips,Soft Two-Stage,val,1.4661032352656385,2.2481739375738194,0.6424315253695931,49.24568941948613,44.82155562441472
31214,17th & Corcoran St NW,incoming_trips,XGBoost,test,1.6436853726429832,2.489128473553418,0.623923080077708,48.0687758426458,46.33444959764383
31214,17th & Corcoran St NW,incoming_trips,XGBoost,val,1.4658598025538714,2.231211791403344,0.6478067753656036,48.699435056295,44.814113424869134
31214,17th & Corcoran St NW,outgoing_trips,GAM,test,1.9269798549684336,2.8476018989459804,0.402776260256976,60.64093270808705,54.530940002805984
31214,17th & Corcoran St NW,outgoing_trips,GAM,val,1.6379864301497251,2.4325945459717984,0.5290511547892189,56.30471071453446,49.23152014237573
31214,17th & Corcoran St NW,outgoing_trips,HistGradientBoosting,test,1.6724667473144463,2.534580612989504,0.5268588379604935,52.36946203263285,47.32856112602492
31214,17th & Corcoran St NW,outgoing_trips,HistGradientBoosting,val,1.48681417641765,2.2746084233519546,0.5882367670274564,50.39686578176463,44.68786842610437
31214,17th & Corcoran St NW,outgoing_trips,LightGBM,test,1.6729205669100595,2.5292306904611164,0.5288541164560144,51.97248326304448,47.34140361063974
31214,17th & Corcoran St NW,outgoing_trips,LightGBM,val,1.4847266551929537,2.26887200326366,0.5903110303510444,50.091424702705055,44.625125633289
31214,17th & Corcoran St NW,outgoing_trips,Linear Regression,test,1.7322326211938817,2.461457552626157,0.5537654255155899,56.74697513283493,49.01985503048982
31214,17th & Corcoran St NW,outgoing_trips,Linear Regression,val,1.568720401465572,2.2587469849962303,0.5939594095168146,55.17429345520701,47.14965192687742
31214,17th & Corcoran St NW,outgoing_trips,Naive (same hour last week),test,2.2032195456102293,3.275631797325825,0.2097424177478761,80.12895189141189,62.34815197725511
31214,17th & Corcoran St NW,outgoing_trips,Naive (same hour last week),val,2.0578390071729475,3.105602727716855,0.2324157093001425,79.01300772579043,61.85066046129628
31214,17th & Corcoran St NW,outgoing_trips,Poisson,test,1.9383100910454751,2.773088394758512,0.4336225659661334,60.80566305043102,54.85157045576155
31214,17th & Corcoran St NW,outgoing_trips,Poisson,val,1.724657871865789,2.4655214308691487,0.5162156193982104,56.77678548968863,51.83652757715839
31214,17th & Corcoran St NW,outgoing_trips,Polynomial Regression,test,1.7212162023401063,2.518799271280906,0.5327324382118515,57.52733388886229,48.70810518317716
31214,17th & Corcoran St NW,outgoing_trips,Polynomial Regression,val,1.5193405241023803,2.242516281099632,0.5997738248121628,55.22707128528298,45.665484303576775
31214,17th & Corcoran St NW,outgoing_trips,Random Forest,test,1.7040303687690257,2.451383954494277,0.5574104117289465,58.177378703519736,48.22176919116017
31214,17th & Corcoran St NW,outgoing_trips,Random Forest,val,1.5264672069594916,2.215083937067312,0.6095057399586465,55.53163499102767,45.87968475369657
31214,17th & Corcoran St NW,outgoing_trips,Soft Two-Stage,test,1.672522154939982,2.504847905892832,0.5378943949241042,51.50845752789427,47.33012908735882
31214,17th & Corcoran St NW,outgoing_trips,Soft Two-Stage,val,1.496678252458258,2.259365007314452,0.5937371832301217,49.864459278405945,44.98434429998248
31214,17th & Corcoran St NW,outgoing_trips,XGBoost,test,1.7076010643461683,2.5244935092242806,0.5306173508656797,50.029365349268254,48.32281507691939
31214,17th & Corcoran St NW,outgoing_trips,XGBoost,val,1.5213714620366343,2.2740451664197274,0.5884406700615106,48.980915819278,45.72652642210581
31228,8th & H St NW,incoming_trips,GAM,test,1.8662682212583237,2.579275370075921,0.3906261500432869,75.89440058787633,60.77045001673539
31228,8th & H St NW,incoming_trips,GAM,val,1.6748190772945857,2.383830449952705,0.4882168289587054,66.82230563158232,55.27557476280754
31228,8th & H St NW,incoming_trips,HistGradientBoosting,test,1.467298200175133,2.222243255799061,0.5476531346620178,56.35446394928312,47.77896923801623
31228,8th & H St NW,incoming_trips,HistGradientBoosting,val,1.444212162672155,2.235782804093273,0.5498113949798082,56.31854399078229,47.66464536581066
31228,8th & H St NW,incoming_trips,LightGBM,test,1.4659425259593832,2.2229195813899136,0.5473777549845965,56.47427111970025,47.73482503021762
31228,8th & H St NW,incoming_trips,LightGBM,val,1.4397480745137836,2.2339775139858715,0.5505381139763916,56.14598025270837,47.5173130108769
31228,8th & H St NW,incoming_trips,Linear Regression,test,1.506408215407993,2.240983107248697,0.539991817369043,55.85795613546982,49.05249101735608
31228,8th & H St NW,incoming_trips,Linear Regression,val,1.5143274906258306,2.26989317189404,0.535969943532554,57.83846457155583,49.97872519978458
31228,8th & H St NW,incoming_trips,Naive (same hour last week),test,2.042813106519009,3.127554327683378,0.1040204110770426,79.56202792561417,66.51920145730324
31228,8th & H St NW,incoming_trips,Naive (same hour last week),val,2.0357508823864285,3.109303342823847,0.1293141981965037,83.79828190952989,67.18773485645573
31228,8th & H St NW,incoming_trips,Poisson,test,1.6409288542546605,2.3467805021363617,0.4955323354568676,54.3227205832576,53.43282588355169
31228,8th & H St NW,incoming_trips,Poisson,val,1.6560122668528587,2.374672733493209,0.4921414057566725,55.97693094064622,54.65487652100052
31228,8th & H St NW,incoming_trips,Polynomial Regression,test,1.5540279250839544,2.251915067024516,0.5354928484546778,58.149850185854376,50.60311013721832
31228,8th & H St NW,incoming_trips,Polynomial Regression,val,1.5389552415895085,2.26461735645986,0.5381244871156845,59.50492660606975,50.79153722711804
31228,8th & H St NW,incoming_trips,Random Forest,test,1.6047064550672272,2.345848013781243,0.4959331541649062,62.65315987624466,52.25333224258836
31228,8th & H St NW,incoming_trips,Random Forest,val,1.535276941480311,2.2869283170567303,0.5289788819241619,60.83690040156545,50.67013894867568
31228,8th & H St NW,incoming_trips,Soft Two-Stage,test,1.4762537052979798,2.2200859503057413,0.5485309653925259,54.12993763039361,48.0705833105506
31228,8th & H St NW,incoming_trips,Soft Two-Stage,val,1.4649750800128347,2.236765105463169,0.5494157232459584,54.78996992354678,48.349902779771256
31228,8th & H St NW,incoming_trips,XGBoost,test,1.4784899396249318,2.22796106325317,0.5453223729844956,52.35663756980288,48.143400799935975
31228,8th & H St NW,incoming_trips,XGBoost,val,1.4556213331084884,2.239628086895334,0.5482615206865725,53.23274198956204,48.04119257737807
31228,8th & H St NW,outgoing_trips,GAM,test,1.6269268956467204,2.28350961924408,0.485048017121948,66.67392565881428,56.697114183853046
31228,8th & H St NW,outgoing_trips,GAM,val,1.5372262806239398,2.199285313800602,0.5000821680170844,62.23753315494464,55.54098655938156
31228,8th & H St NW,outgoing_trips,HistGradientBoosting,test,1.4346802232917268,2.2131185475946955,0.5163063345839014,57.21980291685814,49.99746986477376
31228,8th & H St NW,outgoing_trips,HistGradientBoosting,val,1.4045613880685983,2.193190973905006,0.5028489285873501,55.95709341309375,50.74771760009256
31228,8th & H St NW,outgoing_trips,LightGBM,test,1.433565918355536,2.2141832515771163,0.5158408245458602,57.57487308828054,49.95863722000533
31228,8th & H St NW,outgoing_trips,LightGBM,val,1.4025844385189787,2.1982017302914785,0.5005746637085965,56.00208203751148,50.67628912547695
31228,8th & H St NW,outgoing_trips,Linear Regression,test,1.4901519075258254,2.2093312967755234,0.5179603822787755,58.005500685554935,51.930614140282906
31228,8th & H St NW,outgoing_trips,Linear Regression,val,1.473516713609203,2.1903788769716424,0.5041229997853746,58.33943820807177,53.2391184155236
31228,8th & H St NW,outgoing_trips,Naive (same hour last week),test,2.0142710355063365,3.052327443109048,0.0799248804999895,85.50093917047893,70.19575077584149
31228,8th & H St NW,outgoing_trips,Naive (same hour last week),val,1.9628828418535809,3.0122146872524724,0.0622062727423756,84.85350019872708,70.92023530379696
31228,8th & H St NW,outgoing_trips,Poisson,test,1.6181982471598633,2.280346468200224,0.4864736671130993,56.19355217071435,56.39292769504751
31228,8th & H St NW,outgoing_trips,Poisson,val,1.598469350235891,2.278063720895862,0.4636266203920697,55.22857816925514,57.75373854589589
31228,8th & H St NW,outgoing_trips,Polynomial Regression,test,1.5340686554645375,2.3423182970599647,0.4581827024356205,61.71490395318172,53.46107803459014
31228,8th & H St NW,outgoing_trips,Polynomial Regression,val,1.4866680900583156,2.217726311246557,0.4916634021824846,60.28144595567346,53.71428621079512
31228,8th & H St NW,outgoing_trips,Random Forest,test,1.4884299047968206,2.190317594208412,0.5262216321742599,60.05982910870936,51.8706037085834
31228,8th & H St NW,outgoing_trips,Random Forest,val,1.4579496655951714,2.1764913812138023,0.5103910101835221,59.0957480797988,52.67667083352829
31228,8th & H St NW,outgoing_trips,Soft Two-Stage,test,1.451205302019115,2.2082468112124034,0.5184334998263844,55.45221287226385,50.5733557745899
31228,8th & H St NW,outgoing_trips,Soft Two-Stage,val,1.421525916683077,2.18926439049032,0.5046274856736401,53.95587953369263,51.360657066220185
31228,8th & H St NW,outgoing_trips,XGBoost,test,1.4483173187809713,2.219432430960208,0.5135425045104502,54.938674684923136,50.4727118453192
31228,8th & H St NW,outgoing_trips,XGBoost,val,1.421871486796035,2.206708599890442,0.4967017098089024,54.277498678040416,51.37314273943632
31229,New Hampshire Ave & T St NW,incoming_trips,GAM,test,3.1901047060319807,4.618034258862734,0.442584471110553,71.9730103077159,53.735893228973865
31229,New Hampshire Ave & T St NW,incoming_trips,GAM,val,2.460961674744731,3.58502333190608,0.619876107356888,56.70402586778114,43.52347144553777
31229,New Hampshire Ave & T St NW,incoming_trips,HistGradientBoosting,test,2.334474529871336,3.604863058501372,0.6603416422792437,48.77323075779764,39.3231839211197
31229,New Hampshire Ave & T St NW,incoming_trips,HistGradientBoosting,val,2.123965109075855,3.2185259236239814,0.6936236640088942,47.28031765350301,37.56350036851765
31229,New Hampshire Ave & T St NW,incoming_trips,LightGBM,test,2.31832206864056,3.5792910705682663,0.6651434514264121,48.707718921829176,39.05110290433021
31229,New Hampshire Ave & T St NW,incoming_trips,LightGBM,val,2.1124679878580035,3.197423259501852,0.6976280819376917,47.363980698731886,37.360167406380825
31229,New Hampshire Ave & T St NW,incoming_trips,Linear Regression,test,2.3287492340246216,3.4031957637496664,0.6972817343530098,53.16090929517255,39.226743862039
31229,New Hampshire Ave & T St NW,incoming_trips,Linear Regression,val,2.170757003909406,3.11981045777573,0.7121292004185616,51.574068859008825,38.391040967613705
31229,New Hampshire Ave & T St NW,incoming_trips,Naive (same hour last week),test,2.983103093960498,4.499686026265582,0.4707886073552465,73.39692323134834,50.24904325083175
31229,New Hampshire Ave & T St NW,incoming_trips,Naive (same hour last week),val,2.8171467607878857,4.185293293175906,0.4819245772819731,72.31627465344245,49.822802142483184
31229,New Hampshire Ave & T St NW,incoming_trips,Poisson,test,2.807979555303007,4.544006520294492,0.4603121332278601,57.64988839693172,47.29916522413708
31229,New Hampshire Ave & T St NW,incoming_trips,Poisson,val,2.5593828973136854,4.034765507910295,0.5185205075264905,54.339893430994536,45.26410532621743
31229,New Hampshire Ave & T St NW,incoming_trips,Polynomial Regression,test,2.272795103069273,3.3800624218854134,0.7013832227388335,52.36387081302163,38.2842214423042
31229,New Hampshire Ave & T St NW,incoming_trips,Polynomial Regression,val,2.1021050284057843,3.059553924743885,0.723141782045227,50.55038121537648,37.17689272378882
31229,New Hampshire Ave & T St NW,incoming_trips,Random Forest,test,2.488586094911704,3.6364740072373687,0.6543586139893194,62.52519476995079,41.91912460880327
31229,New Hampshire Ave & T St NW,incoming_trips,Random Forest,val,2.294120100926118,3.335497190577763,0.670949652765772,60.204446841816726,40.5727857243649
31229,New Hampshire Ave & T St NW,incoming_trips,Soft Two-Stage,test,2.3491166707617324,3.615700407522919,0.6582963333588234,48.09673000736952,39.56982426431665
31229,New Hampshire Ave & T St NW,incoming_trips,Soft Two-Stage,val,2.1461393976539624,3.23220584854821,0.6910137037597305,46.94285167307608,37.95566495428044
31229,New Hampshire Ave & T St NW,incoming_trips,XGBoost,test,2.500496258978562,3.836252333844657,0.6153381695269944,47.32885462750944,42.11974601894888
31229,New Hampshire Ave & T St NW,incoming_trips,XGBoost,val,2.228930659787716,3.3529946421820678,0.6674883132764764,45.87994905445688,39.419874320235806
31229,New Hampshire Ave & T St NW,outgoing_trips,GAM,test,3.12061330902086,4.553520679877484,0.4014429777580004,66.47480877486787,52.59062603169605
31229,New Hampshire Ave & T St NW,outgoing_trips,GAM,val,2.662294196091469,3.8869821220752634,0.5382533730530972,57.5260732409704,46.132916237760654
31229,New Hampshire Ave & T St NW,outgoing_trips,HistGradientBoosting,test,2.367474313901207,3.573162728605689,0.6314329604592359,52.13518868403941,39.8982327999782
31229,New Hampshire Ave & T St NW,outgoing_trips,HistGradientBoosting,val,2.230775986429394,3.336589069731652,0.6597610018652174,49.208790876626495,38.65545809258842
31229,New Hampshire Ave & T St NW,outgoing_trips,LightGBM,test,2.359008594710544,3.5581173454432915,0.634530248883882,51.98678027476847,39.75556293737188
31229,New Hampshire Ave & T St NW,outgoing_trips,LightGBM,val,2.2178542940603383,3.318651732023468,0.663409384701549,49.09706339467333,38.43154769508731
31229,New Hampshire Ave & T St NW,outgoing_trips,Linear Regression,test,2.407106407226881,3.443123590172104,0.6577715364251069,58.38546924609087,40.566138878862986
31229,New Hampshire Ave & T St NW,outgoing_trips,Linear Regression,val,2.309458202959647,3.273248086954787,0.6725564117619067,55.02578558823333,40.01888370870572
31229,New Hampshire Ave & T St NW,outgoing_trips,Naive (same hour last week),test,3.0855120447539672,4.579996415413609,0.3944623097491196,77.2982638770006,51.99907646130758
31229,New Hampshire Ave & T St NW,outgoing_trips,Naive (same hour last week),val,2.959467152453604,4.364511222890028,0.4178299294896441,75.94203740669754,51.28240539794026
31229,New Hampshire Ave & T St NW,outgoing_trips,Poisson,test,2.9093188916409907,4.421880966819711,0.4355506218828965,65.03943311883793,49.02975366891799
31229,New Hampshire Ave & T St NW,outgoing_trips,Poisson,val,2.699769618535047,4.113875220792067,0.4827733722546036,59.10579351953167,46.78229996368488
31229,New Hampshire Ave & T St NW,outgoing_trips,Polynomial Regression,test,2.3750009632331497,3.421828688564522,0.6619916492707463,57.24785043998728,40.02507684026467
31229,New Hampshire Ave & T St NW,outgoing_trips,Polynomial Regression,val,2.228303983187927,3.2049422254949875,0.6860799496034649,53.38346685655518,38.61262258678838
31229,New Hampshire Ave & T St NW,outgoing_trips,Random Forest,test,2.4307132531453988,3.506681678043645,0.6450202393827771,61.96473288976395,40.96397695828789
31229,New Hampshire Ave & T St NW,outgoing_trips,Random Forest,val,2.3009606184045586,3.2845569835643134,0.6702899031051375,57.81658600401301,39.8716353854067
31229,New Hampshire Ave & T St NW,outgoing_trips,Soft Two-Stage,test,2.364931602325146,3.546862713950905,0.6368386168917777,51.35402643702533,39.85538135368829
31229,New Hampshire Ave & T St NW,outgoing_trips,Soft Two-Stage,val,2.2319347481147096,3.312850349371012,0.664585153869626,48.82985115137952,38.67553741208913
31229,New Hampshire Ave & T St NW,outgoing_trips,XGBoost,test,2.4461860929584103,3.664517855488601,0.612345715741176,49.93657232222655,41.22473542198545
31229,New Hampshire Ave & T St NW,outgoing_trips,XGBoost,val,2.275146714762057,3.3822895401750945,0.6503768265892774,47.4946555040777,39.424325446385886
31230,Metro Center / 12th & G St NW,incoming_trips,GAM,test,2.182201422132694,3.193269256139329,-0.1201236022537415,117.51622809472168,107.04470349720134
31230,Metro Center / 12th & G St NW,incoming_trips,GAM,val,1.769976767241225,2.6365575712459703,0.3680636412244888,83.38922119713895,75.26000167834856
31230,Metro Center / 12th & G St NW,incoming_trips,HistGradientBoosting,test,1.1252685116689003,1.8972177624139157,0.6046067663932354,60.93588736230742,55.19840330257559
31230,Metro Center / 12th & G St NW,incoming_trips,HistGradientBoosting,val,1.2295438981087523,2.0695755418002846,0.6106309817754014,59.30560106732491,52.2806160780847
31230,Metro Center / 12th & G St NW,incoming_trips,LightGBM,test,1.1254413224848856,1.899508272193289,0.6036514740880442,61.0968745118784,55.20688028475086
31230,Metro Center / 12th & G St NW,incoming_trips,LightGBM,val,1.2241094711337754,2.065143418491548,0.6122969114179593,59.3435603856254,52.04954243303616
31230,Metro Center / 12th & G St NW,incoming_trips,Linear Regression,test,1.2030423396147245,1.9494515636414056,0.5825352914959971,62.71327609472146,59.01348483806771
31230,Metro Center / 12th & G St NW,incoming_trips,Linear Regression,val,1.3220890710491913,2.1214880486932453,0.5908524031655096,63.1287617819717,56.215667656008165
31230,Metro Center / 12th & G St NW,incoming_trips,Naive (same hour last week),test,1.550176960840279,2.6509890405326684,0.2280116730314454,86.52151221134291,76.04166666666666
31230,Metro Center / 12th & G St NW,incoming_trips,Naive (same hour last week),val,1.7089832631219402,2.894241987896685,0.2385024594465121,86.5811647996384,72.66653756777691
31230,Metro Center / 12th & G St NW,incoming_trips,Poisson,test,1.3679858671925769,2.0461132781719056,0.5401097351607251,62.04534209142616,67.10454867125773
31230,Metro Center / 12th & G St NW,incoming_trips,Poisson,val,1.4741372303414908,2.235672467398952,0.5456242108292015,60.419643648182806,62.680806032578005
31230,Metro Center / 12th & G St NW,incoming_trips,Polynomial Regression,test,1.305800246986642,2.1530442753070456,0.4907854664180353,69.07470335389789,64.0541238987231
31230,Metro Center / 12th & G St NW,incoming_trips,Polynomial Regression,val,1.3486305648449397,2.141916223467384,0.5829349608761063,63.33768382872199,57.34422081251503
31230,Metro Center / 12th & G St NW,incoming_trips,Random Forest,test,1.681261294671455,2.9548330133246363,0.0409069275302599,96.6423648821447,82.47181720445381
31230,Metro Center / 12th & G St NW,incoming_trips,Random Forest,val,1.4627897052719214,2.3752720877338382,0.4871084356358895,73.19297561485908,62.19830548704147
31230,Metro Center / 12th & G St NW,incoming_trips,Soft Two-Stage,test,1.145169800496462,1.888253151320421,0.6083345117336406,58.907484437670455,56.17463195871702
31230,Metro Center / 12th & G St NW,incoming_trips,Soft Two-Stage,val,1.244561948286501,2.057370369114472,0.6152099911319313,56.82567146717322,52.91918857378164
31230,Metro Center / 12th & G St NW,incoming_trips,XGBoost,test,1.1489838080006802,1.885427054995223,0.6095060242235568,57.18815783191289,56.36172252619824
31230,Metro Center / 12th & G St NW,incoming_trips,XGBoost,val,1.245373520435097,2.0603004825827416,0.6141131723155014,56.38149042774588,52.95369689185446
31230,Metro Center / 12th & G St NW,outgoing_trips,GAM,test,1.4764423245780307,2.157239450755021,0.3256480611421748,80.08096763996888,80.24421891895615
31230,Metro Center / 12th & G St NW,outgoing_trips,GAM,val,1.3651557824364582,2.062255367521728,0.5362037588042001,67.9145738930703,68.17240867147721
31230,Metro Center / 12th & G St NW,outgoing_trips,HistGradientBoosting,test,1.0669377833506364,1.809863604534296,0.525341135392337,59.57576335944415,57.98776398838561
31230,Metro Center / 12th & G St NW,outgoing_trips,HistGradientBoosting,val,1.1269082687215557,1.9254633200374751,0.5956915307185844,57.93938170491423,56.27493361485912
31230,Metro Center / 12th & G St NW,outgoing_trips,LightGBM,test,1.0612473534367313,1.8076168570526447,0.5265188779279097,60.92339092358235,57.67849074678784
31230,Metro Center / 12th & G St NW,outgoing_trips,LightGBM,val,1.1159438777644908,1.9231725862062496,0.5966529742824834,59.033650741097766,55.72739980899205
31230,Metro Center / 12th & G St NW,outgoing_trips,Linear Regression,test,1.1046154473678376,1.7855795463396096,0.5379932638879681,60.99603979293775,60.03553427336119
31230,Metro Center / 12th & G St NW,outgoing_trips,Linear Regression,val,1.1931034201808204,1.9176847436491269,0.5989516206240664,60.83083191606019,59.58055116811545
31230,Metro Center / 12th & G St NW,outgoing_trips,Naive (same hour last week),test,1.4501655440118737,2.4187209866633013,0.1522623951349196,84.65117704454994,78.81608339538347
31230,Metro Center / 12th & G St NW,outgoing_trips,Naive (same hour last week),val,1.55197540703632,2.6062528267817857,0.2592435766909907,88.16121891954012,77.50170570843757
31230,Metro Center / 12th & G St NW,outgoing_trips,Poisson,test,1.1809203648965774,1.812251253459061,0.5240879290336191,52.690704232766905,64.18268476128766
31230,Metro Center / 12th & G St NW,outgoing_trips,Poisson,val,1.275258131851729,1.9844290199794312,0.5705491385262168,54.12511551934104,63.68314857888184
31230,Metro Center / 12th & G St NW,outgoing_trips,Polynomial Regression,test,1.178813382575962,1.85044252111844,0.5038178899124746,65.21426462482178,64.06817087355952
31230,Metro Center / 12th & G St NW,outgoing_trips,Polynomial Regression,val,1.2445483440278178,1.9557419684731452,0.5828757390422923,62.54844827101213,62.149579858973865
31230,Metro Center / 12th & G St NW,outgoing_trips,Random Forest,test,1.139861467025156,1.810633057571301,0.5249374526604217,61.30655766142669,61.95114538144293
31230,Metro Center / 12th & G St NW,outgoing_trips,Random Forest,val,1.1939735309210835,1.909359125322377,0.6024263603333881,59.6630153292803,59.62400228610345
31230,Metro Center / 12th & G St NW,outgoing_trips,Soft Two-Stage,test,1.0806436960120802,1.799933525174042,0.5305354161167818,55.15223944368497,58.73267642944783
31230,Metro Center / 12th & G St NW,outgoing_trips,Soft Two-Stage,val,1.1463665183096747,1.920021858039773,0.597973496257181,54.16723099351381,57.24662912391331
31230,Metro Center / 12th & G St NW,outgoing_trips,XGBoost,test,1.0695461583366297,1.8143585426100937,0.5229805026544411,59.4790942232405,58.12952842436423
31230,Metro Center / 12th & G St NW,outgoing_trips,XGBoost,val,1.125519757376186,1.9385044748243223,0.5901962246381267,57.97125751548038,56.20559488875961
31232,9th & F St NW,incoming_trips,GAM,test,1.2177860784214447,1.9648746236445112,0.4516814142312289,66.05792447520119,62.28300981486298
31232,9th & F St NW,incoming_trips,GAM,val,1.41304996945162,2.229593855134523,0.4692532468105087,65.94330151796693,58.285905610733934
31232,9th & F St NW,incoming_trips,HistGradientBoosting,test,1.1834044618169823,1.9428074230668992,0.46392841489826,62.645623987875744,60.52458064378692
31232,9th & F St NW,incoming_trips,HistGradientBoosting,val,1.3627035335508424,2.233973875696211,0.4671659024301718,61.77569619950381,56.209200841483344
31232,9th & F St NW,incoming_trips,LightGBM,test,1.1890766716946155,1.9442555620431743,0.4631289579159422,63.06554559411125,60.81468274771189
31232,9th & F St NW,incoming_trips,LightGBM,val,1.3616404043618482,2.2301159542484448,0.4690046500957742,61.76267283343114,56.16534857234825
31232,9th & F St NW,incoming_trips,Linear Regression,test,1.2235711680868555,1.9716562596264156,0.4478899111191229,64.93193990044233,62.578885094434
31232,9th & F St NW,incoming_trips,Linear Regression,val,1.4206213051418248,2.243296573023989,0.462709434949624,65.61563590469467,58.59821031822968
31232,9th & F St NW,incoming_trips,Naive (same hour last week),test,1.6218746432241122,2.7235112290521912,-0.0534686591923228,88.41009681655586,82.94990073572346
31232,9th & F St NW,incoming_trips,Naive (same hour last week),val,1.8519867926676532,3.015803379140076,0.0289493673965662,90.97103175887057,76.39130230592214
31232,9th & F St NW,incoming_trips,Poisson,test,1.3552935894629154,2.018629056939638,0.4212695677254128,58.73432421070997,69.31575703670254
31232,9th & F St NW,incoming_trips,Poisson,val,1.5413750145541016,2.3243159442029966,0.4231988052661363,60.84874862654304,63.5790952558525
31232,9th & F St NW,incoming_trips,Polynomial Regression,test,1.281124574458426,2.00687391810542,0.4279902164163525,65.01385541250586,65.52242291067006
31232,9th & F St NW,incoming_trips,Polynomial Regression,val,1.4436589116703764,2.2881555045324613,0.4410063162868146,65.19397891006277,59.548472367449
31232,9th & F St NW,incoming_trips,Random Forest,test,1.2961344859597927,1.979520774097407,0.4434766290661048,67.32779019903901,66.29009670980862
31232,9th & F St NW,incoming_trips,Random Forest,val,1.4373512526831504,2.216671674809013,0.4753875751923079,65.90752895990072,59.28829217262063
31232,9th & F St NW,incoming_trips,Soft Two-Stage,test,1.1979767677885151,1.9315059074854009,0.4701470447657587,61.30430965021184,61.26987334497024
31232,9th & F St NW,incoming_trips,Soft Two-Stage,val,1.3737784708690253,2.221839283839641,0.4729387218680801,60.30919717283172,56.66602315147067
31232,9th & F St NW,incoming_trips,XGBoost,test,1.2206188173430084,1.9487644565892064,0.4606359710268563,59.906509183492815,62.42788871369503
31232,9th & F St NW,incoming_trips,XGBoost,val,1.372991848965391,2.229954451458686,0.4690815556261508,58.83443465269059,56.63357633712032
31232,9th & F St NW,outgoing_trips,GAM,test,1.1801401972538572,1.9436125969171256,0.4473718032489071,62.73637760756103,63.66622313221567
31232,9th & F St NW,outgoing_trips,GAM,val,1.3564449029729966,2.152060095792029,0.4764256256508931,62.04823347150968,59.514714670855376
31232,9th & F St NW,outgoing_trips,HistGradientBoosting,test,1.1324948548540437,1.936070514859854,0.4516523686554181,58.23819907712049,61.09585140223312
31232,9th & F St NW,outgoing_trips,HistGradientBoosting,val,1.2939541262726737,2.178738086775271,0.463364197666317,55.68609885436738,56.7728998454036
31232,9th & F St NW,outgoing_trips,LightGBM,test,1.136367683211081,1.94066146667567,0.4490487214221424,58.46258818727284,61.30478281131965
31232,9th & F St NW,outgoing_trips,LightGBM,val,1.2933205422936531,2.176538676018287,0.4644471059999435,55.687167944106,56.74510102390428
31232,9th & F St NW,outgoing_trips,Linear Regression,test,1.1837310151211529,1.9377409019862364,0.4507057626859555,62.88251051063726,63.85994063467712
31232,9th & F St NW,outgoing_trips,Linear Regression,val,1.3663903865921034,2.156262713679223,0.4743787204296854,62.302531663300485,59.951077857120815
31232,9th & F St NW,outgoing_trips,Naive (same hour last week),test,1.5739239639228222,2.6758082453634486,-0.04742661524827,90.95233983026124,84.91007637349101
31232,9th & F St NW,outgoing_trips,Naive (same hour last week),val,1.7589661846749405,2.9150365748906166,0.0393667615903783,91.26942625591693,77.17554201218903
31232,9th & F St NW,outgoing_trips,Poisson,test,1.3122988411065792,1.9836199657788145,0.4243870291205351,56.1812082950302,70.79591986482218
31232,9th & F St NW,outgoing_trips,Poisson,val,1.4742701039781785,2.2245276150706155,0.4405707166808965,56.731445900451824,64.68435569607523
31232,9th & F St NW,outgoing_trips,Polynomial Regression,test,1.251197012897163,1.991215820666142,0.4199702113609121,64.35144618767204,67.49959741294809
31232,9th & F St NW,outgoing_trips,Polynomial Regression,val,1.3825350436410873,2.210046426258333,0.4478305344503195,61.50628735281387,60.65943295184169
31232,9th & F St NW,outgoing_trips,Random Forest,test,1.239747116768812,1.948604730689876,0.4445293264659991,64.83899695578592,66.8818982247969
31232,9th & F St NW,outgoing_trips,Random Forest,val,1.3669350164247962,2.153498310000613,0.4757255859785945,61.788689921032905,59.97497376990202
31232,9th & F St NW,outgoing_trips,Soft Two-Stage,test,1.1531436523959713,1.933085766485067,0.4533417886358013,57.08085378417902,62.20981307795216
31232,9th & F St NW,outgoing_trips,Soft Two-Stage,val,1.3179183326499655,2.17939900929145,0.4630385702011576,55.15207478614887,57.82434167081952
31232,9th & F St NW,outgoing_trips,XGBoost,test,1.1566460903618174,1.939817815802405,0.4495276400828996,56.63617894110328,62.3987626600096
31232,9th & F St NW,outgoing_trips,XGBoost,val,1.3046306009440949,2.175408756986633,0.4650030109708786,54.482324775710325,57.24133563838538
31234,20th & O St NW / Dupont South,incoming_trips,GAM,test,1.7087502292368004,2.674042769350889,0.4231330556777032,58.8824621137282,56.528093280527
31234,20th & O St NW / Dupont South,incoming_trips,GAM,val,1.3821042369377128,2.020871476967315,0.5130976330548951,58.49666143530917,54.82598578665792
31234,20th & O St NW / Dupont South,incoming_trips,HistGradientBoosting,test,1.5941322278175647,2.5486040512198667,0.4759850306176394,55.55952937637287,52.73635299865562
31234,20th & O St NW / Dupont South,incoming_trips,HistGradientBoosting,val,1.2867514090446128,2.014402867713406,0.5162096967797687,54.7620931213311,51.04348324664123
31234,20th & O St NW / Dupont South,incoming_trips,LightGBM,test,1.5899083308241102,2.5372859921202946,0.4806288773662421,55.64503894441718,52.59661997087427
31234,20th & O St NW / Dupont South,incoming_trips,LightGBM,val,1.2871382100576771,2.0124730167214127,0.517136220450043,54.90709027653962,51.058827058112
31234,20th & O St NW / Dupont South,incoming_trips,Linear Regression,test,1.5990459765347178,2.395773110991988,0.5369473991456606,56.84311567992491,52.89890738553308
31234,20th & O St NW / Dupont South,incoming_trips,Linear Regression,val,1.3578256087099307,2.000810793406896,0.5227163685274026,57.31536189577711,53.86288930626133
31234,20th & O St NW / Dupont South,incoming_trips,Naive (same hour last week),test,2.0278570613083686,3.1239566131194976,0.2126842445885641,81.65092349508028,67.0846394984326
31234,20th & O St NW / Dupont South,incoming_trips,Naive (same hour last week),val,1.7784356142548103,2.7077465083283654,0.1258609810050891,83.33389492552963,70.54785240052391
31234,20th & O St NW / Dupont South,incoming_trips,Poisson,test,1.8927566426334947,3.041709365314357,0.2535952660414448,63.90843765531721,62.61530926021371
31234,20th & O St NW / Dupont South,incoming_trips,Poisson,val,1.5051487337813854,2.27323860058362,0.3838952725116542,58.65184306159817,59.7069749731354
31234,20th & O St NW / Dupont South,incoming_trips,Polynomial Regression,test,1.6505622298475762,2.5326112958341014,0.4825408933406573,60.83275058511084,54.60314450744011
31234,20th & O St NW / Dupont South,incoming_trips,Polynomial Regression,val,1.3222186021770042,1.9825109591605736,0.5314071142097575,58.604597942151074,52.45041318332788
31234,20th & O St NW / Dupont South,incoming_trips,Random Forest,test,1.6277923651903408,2.416043492640823,0.5290785730503971,59.99297524401036,53.84988226272688
31234,20th & O St NW / Dupont South,incoming_trips,Random Forest,val,1.3419504024686284,1.978555337523951,0.5332751764946566,58.2361290041992,53.23314387282401
31234,20th & O St NW / Dupont South,incoming_trips,Soft Two-Stage,test,1.6109270349129712,2.542587971552392,0.4784560264419956,53.83657760442715,53.29195112287161
31234,20th & O St NW / Dupont South,incoming_trips,Soft Two-Stage,val,1.307505777452552,2.0168243012255704,0.5150459075911973,52.92390492604111,51.866777667520736
31234,20th & O St NW / Dupont South,incoming_trips,XGBoost,test,1.6086438245075785,2.5037660827303703,0.4942609840147023,53.639058990011314,53.21641900087577
31234,20th & O St NW / Dupont South,incoming_trips,XGBoost,val,1.3046948720477405,2.0040367267527848,0.5211760665512781,53.472193354389205,51.75527329928775
31234,20th & O St NW / Dupont South,outgoing_trips,GAM,test,1.685294970008962,2.637006720463466,0.4045386128858274,58.89120753082032,57.137598770305786
31234,20th & O St NW / Dupont South,outgoing_trips,GAM,val,1.3609126002359122,2.0113992622061865,0.5014319456505762,56.70551509126591,54.92806106278212
31234,20th & O St NW / Dupont South,outgoing_trips,HistGradientBoosting,test,1.5447444425104848,2.476913298523512,0.4746451556139304,54.58801942556383,52.372427218693
31234,20th & O St NW / Dupont South,outgoing_trips,HistGradientBoosting,val,1.2776751790897216,1.996422740815265,0.5088288031332582,54.91272456195215,51.56849914041186
31234,20th & O St NW / Dupont South,outgoing_trips,LightGBM,test,1.5539735106467758,2.489139524112867,0.4694459754013304,54.41619984947616,52.685326029630765
31234,20th & O St NW / Dupont South,outgoing_trips,LightGBM,val,1.2801984231494232,2.0011895835462923,0.5064804717943472,54.512854927440976,51.67034029006656
31234,20th & O St NW / Dupont South,outgoing_trips,Linear Regression,test,1.5723304945859509,2.3534142148494093,0.5257275734691607,55.97093403719582,53.30769422132124
31234,20th & O St NW / Dupont South,outgoing_trips,Linear Regression,val,1.336130678479533,1.976254029949589,0.5187027149845478,55.6019533368849,53.927833045750376
31234,20th & O St NW / Dupont South,outgoing_trips,Naive (same hour last week),test,2.0360771777600184,3.157978459140584,0.1460165422219216,83.06434163153472,69.0303851364428
31234,20th & O St NW / Dupont South,outgoing_trips,Naive (same hour last week),val,1.7401798929750654,2.6981424488867893,0.1028653640720903,81.77070665736818,70.23574284270025
31234,20th & O St NW / Dupont South,outgoing_trips,Poisson,test,1.937990329159289,3.191532210400581,0.1277728612305898,65.19093316905996,65.70488598067045
31234,20th & O St NW / Dupont South,outgoing_trips,Poisson,val,1.5098066585303416,2.305232322494567,0.3451267129906054,58.47357793057088,60.93760342756303
31234,20th & O St NW / Dupont South,outgoing_trips,Polynomial Regression,test,1.5672013569317005,2.444845119999874,0.4881604564485481,58.14318756207596,53.13379789187057
31234,20th & O St NW / Dupont South,outgoing_trips,Polynomial Regression,val,1.3058797640359612,1.965230739695168,0.5240569689927133,57.35647253450923,52.706869939468994
31234,20th & O St NW / Dupont South,outgoing_trips,Random Forest,test,1.5326798589733055,2.341247095209932,0.5306188608079179,54.22364537126477,51.96339417359081
31234,20th & O St NW / Dupont South,outgoing_trips,Random Forest,val,1.3032013274729906,1.935386238980021,0.5384027930215761,55.70052240234901,52.59876503467339
31234,20th & O St NW / Dupont South,outgoing_trips,Soft Two-Stage,test,1.548960371329347,2.440728736276423,0.4898825731032422,51.73951263751005,52.5153624636104
31234,20th & O St NW / Dupont South,outgoing_trips,Soft Two-Stage,val,1.290609234946677,1.9773489773799435,0.5181692398251342,51.97999228425639,52.09053311215781
31234,20th & O St NW / Dupont South,outgoing_trips,XGBoost,test,1.5881561178910115,2.436838649733797,0.4915073497671732,51.61907325020086,53.84424012621394
31234,20th & O St NW / Dupont South,outgoing_trips,XGBoost,val,1.3040901010141484,1.9790902913490205,0.51732023636064,52.15781281213769,52.63463699833309
31236,37th & O St NW / Georgetown University,incoming_trips,GAM,test,2.153112036032835,3.199599001294094,0.3599809212896933,71.67097077790837,65.22708928029469
31236,37th & O St NW / Georgetown University,incoming_trips,GAM,val,2.0238756979852712,3.0219105286276,0.379201080561346,67.66848205200859,62.49147567377268
31236,37th & O St NW / Georgetown University,incoming_trips,HistGradientBoosting,test,2.039679379955736,3.283754116406721,0.3258708984812675,71.14022770439354,61.79072282029638
31236,37th & O St NW / Georgetown University,incoming_trips,HistGradientBoosting,val,1.9258210049184008,3.1319967176520285,0.3331466377482611,68.06590003216694,59.46382804077452
31236,37th & O St NW / Georgetown University,incoming_trips,LightGBM,test,1.796579040419939,2.8906732815660625,0.4776040133232623,60.599656666070125,54.42616060262942
31236,37th & O St NW / Georgetown University,incoming_trips,LightGBM,val,1.667123249847399,2.705182944356173,0.5025138093774943,57.28154260510108,51.47598348887221
31236,37th & O St NW / Georgetown University,incoming_trips,Linear Regression,test,1.836612945858142,2.6878645990262635,0.5483348418771388,61.49034883717125,55.638960995993024
31236,37th & O St NW / Georgetown University,incoming_trips,Linear Regression,val,1.7238871395263695,2.523177225012333,0.5672039777709375,57.54504779817439,53.228689563930764
31236,37th & O St NW / Georgetown University,incoming_trips,Naive (same hour last week),test,2.279712295924192,3.5661510760166264,0.204937462464973,89.7259773527248,69.0623594922699
31236,37th & O St NW / Georgetown University,incoming_trips,Naive (same hour last week),val,2.1205738358191963,3.295686684590571,0.2616205803288279,83.63676927929909,65.47723677271928
31236,37th & O St NW / Georgetown University,incoming_trips,Poisson,test,2.3191439167411607,3.9906558105527847,0.0043874572821723,75.48316102432979,70.2569140757992
31236,37th & O St NW / Georgetown University,incoming_trips,Poisson,val,2.285635675315935,4.263655798483552,-0.2358109047694339,70.72818519043366,70.5738728644748
31236,37th & O St NW / Georgetown University,incoming_trips,Polynomial Regression,test,1.815825658594532,2.704476965476406,0.5427345493648124,69.79083099112593,55.0092240294314
31236,37th & O St NW / Georgetown University,incoming_trips,Polynomial Regression,val,1.664384784006716,2.482661289705029,0.5809916342114584,61.96430353185557,51.39142751953237
31236,37th & O St NW / Georgetown University,incoming_trips,Random Forest,test,1.8366115063685824,2.729520563031433,0.5342267357323849,66.22565485726753,55.63891738761944
31236,37th & O St NW / Georgetown University,incoming_trips,Random Forest,val,1.7134186843430474,2.570127812989271,0.550947424518553,61.80454024374872,52.90545369866404
31236,37th & O St NW / Georgetown University,incoming_trips,Soft Two-Stage,test,1.829704730165616,2.9125348954886894,0.4696725707201113,57.23970850732438,55.4296812213213
31236,37th & O St NW / Georgetown University,incoming_trips,Soft Two-Stage,val,1.6979157400761529,2.7260041145934792,0.4948262648441944,53.89719162942976,52.42676725290508
31236,37th & O St NW / Georgetown University,incoming_trips,XGBoost,test,1.8469869645182968,2.9445663746471142,0.457943555700865,57.85462120860059,55.95323495388153
31236,37th & O St NW / Georgetown University,incoming_trips,XGBoost,val,1.7136326350435052,2.7570467325910832,0.4832553322754798,55.06183273774967,52.91205988253509
31236,37th & O St NW / Georgetown University,outgoing_trips,GAM,test,1.9838315296033049,3.1356615038532274,0.4607973151940965,66.02619407284736,60.6484254224821
31236,37th & O St NW / Georgetown University,outgoing_trips,GAM,val,1.9328386733378329,3.141299654851621,0.4249003265372828,62.97168015978609,60.29094743021695
31236,37th & O St NW / Georgetown University,outgoing_trips,HistGradientBoosting,test,1.9773595294163449,3.3023504778373294,0.4019465178228142,67.19842377262773,60.45056758283398
31236,37th & O St NW / Georgetown University,outgoing_trips,HistGradientBoosting,val,1.883902098951991,3.1918376371294803,0.4062467896834228,64.66719924624034,58.76447112652391
31236,37th & O St NW / Georgetown University,outgoing_trips,LightGBM,test,1.7462062263274525,2.888908771293915,0.5423206136340974,60.04465000628719,53.38389702419516
31236,37th & O St NW / Georgetown University,outgoing_trips,LightGBM,val,1.6438188529570574,2.7570831440721526,0.5569792029949565,57.43769895014093,51.27556552729992
31236,37th & O St NW / Georgetown University,outgoing_trips,Linear Regression,test,1.7812213228695206,2.6516247178276786,0.6144170559448188,60.39866402176403,54.45435610280316
31236,37th & O St NW / Georgetown University,outgoing_trips,Linear Regression,val,1.6795932386176808,2.5454080189422363,0.6223937241149429,56.31143053791556,52.39147428624887
31236,37th & O St NW / Georgetown University,outgoing_trips,Naive (same hour last week),test,2.1842676104578147,3.475880390833421,0.3374428510119139,87.66602959484449,66.77602875990367
31236,37th & O St NW / Georgetown University,outgoing_trips,Naive (same hour last week),val,2.097005578959353,3.343924121805416,0.3483157633806915,82.23974451323214,65.41179813190325
31236,37th & O St NW / Georgetown University,outgoing_trips,Poisson,test,2.2312216778516225,4.29126914349014,-0.0098693820902615,67.99985126172392,68.21147839971505
31236,37th & O St NW / Georgetown University,outgoing_trips,Poisson,val,2.148415002871652,4.341610350834852,-0.0985658028164016,62.62377721444318,67.01540991661655
31236,37th & O St NW / Georgetown University,outgoing_trips,Polynomial Regression,test,1.7389089626431016,2.6601844462463866,0.6119236318779344,65.14793685933161,53.16080975809195
31236,37th & O St NW / Georgetown University,outgoing_trips,Polynomial Regression,val,1.6127097815947224,2.4953755677667195,0.6370922648583457,59.17579358332395,50.30518170169567
31236,37th & O St NW / Georgetown University,outgoing_trips,Random Forest,test,1.7980277959490272,2.7159140855046875,0.595493269234578,65.74776971228,54.96815282090514
31236,37th & O St NW / Georgetown University,outgoing_trips,Random Forest,val,1.639183325057934,2.521634751458767,0.6294142207381564,59.07708549915645,51.13096971972808
31236,37th & O St NW / Georgetown University,outgoing_trips,Soft Two-Stage,test,1.7629799888289186,2.8672949460999626,0.5491433955207874,56.61119264325328,53.896693735480426
31236,37th & O St NW / Georgetown University,outgoing_trips,Soft Two-Stage,val,1.6521750146489402,2.7232487523244395,0.567785816566068,52.81470336232862,51.53621889285663
31236,37th & O St NW / Georgetown University,outgoing_trips,XGBoost,test,1.7758649589628783,2.915268832718344,0.5339302495139518,56.1166879676848,54.29060478013281
31236,37th & O St NW / Georgetown University,outgoing_trips,XGBoost,val,1.677064727406281,2.7804065509721307,0.5494520748812779,53.89724175893986,52.31260255286204
31241,Thomas Circle,incoming_trips,GAM,test,1.3635604190902173,1.8975878483736248,0.4042654390530579,67.04111918707737,62.96286420375989
31241,Thomas Circle,incoming_trips,GAM,val,1.3857403882733073,1.9136154583906784,0.4731701187943491,60.81581608724138,55.30242561888612
31241,Thomas Circle,incoming_trips,HistGradientBoosting,test,1.2042955692723627,1.836225225940392,0.4421712243635474,55.9931663065322,55.608755818739134
31241,Thomas Circle,incoming_trips,HistGradientBoosting,val,1.291327951676737,1.924121790121745,0.4673693252992138,53.97691434414945,51.534593782155504
31241,Thomas Circle,incoming_trips,LightGBM,test,1.2054480778003311,1.8375107497173544,0.4413898897400906,56.30185546275391,55.66197329038485
31241,Thomas Circle,incoming_trips,LightGBM,val,1.288722837294385,1.9207955831650088,0.4692092385084955,53.89605392986149,51.43062831677837
31241,Thomas Circle,incoming_trips,Linear Regression,test,1.2724954576804477,1.865896624465866,0.4239977593002485,60.15542716912453,58.75790876600263
31241,Thomas Circle,incoming_trips,Linear Regression,val,1.3426848588043383,1.91243483594174,0.4738199832292058,58.325052572049344,53.58415628352646
31241,Thomas Circle,incoming_trips,Naive (same hour last week),test,1.678159607261103,2.5444333128739136,-0.071102814892056,86.0281503605426,77.48958827560757
31241,Thomas Circle,incoming_trips,Naive (same hour last week),val,1.7742229306615052,2.615933103163709,0.0155031615930764,82.80784932625829,70.80607051981099
31241,Thomas Circle,incoming_trips,Poisson,test,1.373807267562828,1.9089281690015725,0.3971237323578748,55.682820019062085,63.43601590269814
31241,Thomas Circle,incoming_trips,Poisson,val,1.4469310361749028,1.99268095119152,0.4287363413859199,54.57530511521364,57.74443516323233
31241,Thomas Circle,incoming_trips,Polynomial Regression,test,1.2769167182846306,1.936598715292901,0.3795192767350651,62.59566953605484,58.96206197192831
31241,Thomas Circle,incoming_trips,Polynomial Regression,val,1.3318961172307788,1.9172053486656488,0.4711916278324345,57.96640963960989,53.15359686313127
31241,Thomas Circle,incoming_trips,Random Forest,test,1.32138222965234,1.8781247175334128,0.4164233971516893,61.95280020601609,61.01527202026911
31241,Thomas Circle,incoming_trips,Random Forest,val,1.3556467223993922,1.921946644667961,0.468572881486752,58.925485124160346,54.1014411251993
31241,Thomas Circle,incoming_trips,Soft Two-Stage,test,1.2145820206418732,1.8270858985405976,0.4477102969327999,56.03299717183058,56.08373619485564
31241,Thomas Circle,incoming_trips,Soft Two-Stage,val,1.3028226689514728,1.9144187153119552,0.4727277430147548,54.08373510352259,51.9933274327553
31241,Thomas Circle,incoming_trips,XGBoost,test,1.2560415291013287,1.8619840072654703,0.4264108762616119,54.43328387963958,57.99814304074299
31241,Thomas Circle,incoming_trips,XGBoost,val,1.3029699267040162,1.9216887499092747,0.4687154901005219,52.91575411859204,51.99920422683285
31241,Thomas Circle,outgoing_trips,GAM,test,1.5964655686169151,2.1581795427296835,0.2631158447094623,82.77131730629858,71.37686649745066
31241,Thomas Circle,outgoing_trips,GAM,val,1.5261292337234016,2.096331394598203,0.4668589432185878,66.59338800055993,55.70374874202151
31241,Thomas Circle,outgoing_trips,HistGradientBoosting,test,1.264692930004903,1.850841987429964,0.4580455813944672,59.69392035919326,56.54354230980015
31241,Thomas Circle,outgoing_trips,HistGradientBoosting,val,1.3758028043419086,2.0190072947123663,0.5054638677748768,57.06198839148773,50.21683094599586
31241,Thomas Circle,outgoing_trips,LightGBM,test,1.2664266586665929,1.850625672097898,0.4581722547680701,59.88497613661359,56.62105611383127
31241,Thomas Circle,outgoing_trips,LightGBM,val,1.3722176593583226,2.014943893150993,0.5074524457899221,56.92911464871996,50.0859730796
31241,Thomas Circle,outgoing_trips,Linear Regression,test,1.3219680212439575,1.894577994738008,0.432129834380644,63.78286953053939,59.10427184970559
31241,Thomas Circle,outgoing_trips,Linear Regression,val,1.4136702887283663,2.01314201899638,0.5083329783756716,59.45572116673725,51.59899491294203
31241,Thomas Circle,outgoing_trips,Naive (same hour last week),test,1.734216234729992,2.5775338572902964,-0.051072884956165,85.16603722661262,77.53560308304834
31241,Thomas Circle,outgoing_trips,Naive (same hour last week),val,1.905271547307298,2.784367807499873,0.0594639215803329,82.82979982456084,69.54245106595187
31241,Thomas Circle,outgoing_trips,Poisson,test,1.44102123284406,1.9484705234879487,0.3993634512798195,61.74546676743648,64.4270582332761
31241,Thomas Circle,outgoing_trips,Poisson,val,1.5088967283586383,2.0866621950488478,0.4717657614917773,56.02126242629893,55.07476193813705
31241,Thomas Circle,outgoing_trips,Polynomial Regression,test,1.446625845499038,2.3243898081168983,0.1452443107381514,66.09047284579684,64.67763657151791
31241,Thomas Circle,outgoing_trips,Polynomial Regression,val,1.4446490242112282,2.043611261087211,0.493337424923617,59.14423196717228,52.72971940176709
31241,Thomas Circle,outgoing_trips,Random Forest,test,1.3886264967477335,1.923659950587879,0.4145623055374501,64.76979316124505,62.08452598138634
31241,Thomas Circle,outgoing_trips,Random Forest,val,1.4251748796737795,2.01769290798644,0.5061075505872005,59.431896484875566,52.01891272150109
31241,Thomas Circle,outgoing_trips,Soft Two-Stage,test,1.2761798650857723,1.8416671130813895,0.4634053467196396,58.74906601631872,57.05711519721444
31241,Thomas Circle,outgoing_trips,Soft Two-Stage,val,1.3844590653293656,2.008014527100382,0.5108343499787371,55.18310692944837,50.53278465190466
31241,Thomas Circle,outgoing_trips,XGBoost,test,1.2967512355384008,1.853264192696738,0.4566261367952129,57.672890666977416,57.97684687908148
31241,Thomas Circle,outgoing_trips,XGBoost,val,1.3830695500453822,2.010279319843438,0.5097302906570376,54.88604723287352,50.48206731516682
31247,Jefferson Dr & 14th St SW,incoming_trips,GAM,test,2.1139433478874583,3.429795635432196,0.4086140173804192,92.89990104597872,78.12670794998418
31247,Jefferson Dr & 14th St SW,incoming_trips,GAM,val,2.105142305574948,3.3818045290194454,0.5375832425116434,84.37450027421285,62.62520278371754
31247,Jefferson Dr & 14th St SW,incoming_trips,HistGradientBoosting,test,1.7361480859009413,3.140387145669341,0.5042063938190904,80.21464768925827,64.1642239848369
31247,Jefferson Dr & 14th St SW,incoming_trips,HistGradientBoosting,val,1.8531609966316924,3.2549497027933407,0.5716240059370986,74.9277822088947,55.129091699688914
31247,Jefferson Dr & 14th St SW,incoming_trips,LightGBM,test,1.7414290695222865,3.1357675567571923,0.5056639708304445,80.61810529359738,64.35939755251354
31247,Jefferson Dr & 14th St SW,incoming_trips,LightGBM,val,1.8556776357098832,3.254040406573415,0.5718633130231141,75.08404757029078,55.203958387887496
31247,Jefferson Dr & 14th St SW,incoming_trips,Linear Regression,test,1.843623652898328,3.236179318023707,0.4734983994245082,80.61744825112245,68.13628512968967
31247,Jefferson Dr & 14th St SW,incoming_trips,Linear Regression,val,2.034640324757109,3.391563977630717,0.5349104419925466,81.01600278778977,60.52786198462841
31247,Jefferson Dr & 14th St SW,incoming_trips,Naive (same hour last week),test,2.485557712067588,4.576118533086937,-0.052759260215528,106.1704921054104,91.86075949367088
31247,Jefferson Dr & 14th St SW,incoming_trips,Naive (same hour last week),val,2.7320960947284525,4.784862654538167,0.0742888096298507,106.76612338841176,81.27624983064625
31247,Jefferson Dr & 14th St SW,incoming_trips,Poisson,test,2.211638881428412,3.526280052216362,0.3748731677369069,82.34920885120675,81.73732051658843
31247,Jefferson Dr & 14th St SW,incoming_trips,Poisson,val,2.271463719580475,3.5760243550496966,0.4829441011638083,76.53378147723825,67.57304514657673
31247,Jefferson Dr & 14th St SW,incoming_trips,Polynomial Regression,test,2.1306638657717527,3.697390973189576,0.3127333138152829,91.8115239341421,78.74466160461934
31247,Jefferson Dr & 14th St SW,incoming_trips,Polynomial Regression,val,2.0483026560430413,3.374871573524544,0.53947727783401,80.0569921623215,60.934298293002406
31247,Jefferson Dr & 14th St SW,incoming_trips,Random Forest,test,2.083480321530242,3.416791731836584,0.4130899386143952,91.6332243524016,77.00086133452908
31247,Jefferson Dr & 14th St SW,incoming_trips,Random Forest,val,2.029352047974053,3.289299916636253,0.5625348016910771,81.90231002950682,60.37054273593046
31247,Jefferson Dr & 14th St SW,incoming_trips,Soft Two-Stage,test,1.8153800494921912,3.140828733193801,0.5040669513529412,78.10484512193257,67.09246351688651
31247,Jefferson Dr & 14th St SW,incoming_trips,Soft Two-Stage,val,1.880861423233391,3.2131694386408185,0.5825506237710456,71.9265987088337,55.95314279995552
31247,Jefferson Dr & 14th St SW,incoming_trips,XGBoost,test,2.020892986631745,3.5401254562217983,0.3699545991866272,79.91612922447095,74.68777075910319
31247,Jefferson Dr & 14th St SW,incoming_trips,XGBoost,val,1.8732271900356705,3.2268273062591826,0.5789942687573072,71.53107362246105,55.72603444683407
31247,Jefferson Dr & 14th St SW,outgoing_trips,GAM,test,1.919541917926848,3.1873713086344866,0.4759943107204059,86.19883256611402,74.40815922783351
31247,Jefferson Dr & 14th St SW,outgoing_trips,GAM,val,1.975124759866732,3.222430618313444,0.5848917666638944,82.20797325046605,60.79596539535117
31247,Jefferson Dr & 14th St SW,outgoing_trips,HistGradientBoosting,test,1.5990089719625862,2.9441734546656977,0.5529074124440797,75.11319990555441,61.983181029475546
31247,Jefferson Dr & 14th St SW,outgoing_trips,HistGradientBoosting,val,1.7584149281541346,3.116043665868467,0.6118485021754555,73.19468599864098,54.12545844949101
31247,Jefferson Dr & 14th St SW,outgoing_trips,LightGBM,test,1.6066540861655192,2.9400904154104124,0.554146626638519,75.08293628416195,62.27953239831733
31247,Jefferson Dr & 14th St SW,outgoing_trips,LightGBM,val,1.75522593886876,3.1159054689787755,0.6118829305378154,73.12996610384288,54.02729873513815
31247,Jefferson Dr & 14th St SW,outgoing_trips,Linear Regression,test,1.7190107561434147,3.066753708531949,0.5149031186972692,77.94510031126293,66.63486994627443
31247,Jefferson Dr & 14th St SW,outgoing_trips,Linear Regression,val,1.939530950345033,3.271276488343144,0.5722118983760134,81.92813027349385,59.70035864891157
31247,Jefferson Dr & 14th St SW,outgoing_trips,Naive (same hour last week),test,2.3342847357004226,4.392283761198235,0.0049349704107055,103.69748035508636,90.48504160028324
31247,Jefferson Dr & 14th St SW,outgoing_trips,Naive (same hour last week),val,2.6181259250825457,4.664357794290116,0.1302830974508423,108.14249588967104,80.58807037218757
31247,Jefferson Dr & 14th St SW,outgoing_trips,Poisson,test,2.0184488956419737,3.2765435714025326,0.4462642291889412,72.86652842927451,78.24213965714306
31247,Jefferson Dr & 14th St SW,outgoing_trips,Poisson,val,2.1277312711844902,3.398984881097453,0.5381588114079635,72.65765036924834,65.49331939024805
31247,Jefferson Dr & 14th St SW,outgoing_trips,Polynomial Regression,test,1.9976957925924677,3.421058272570108,0.3963410723501859,83.15439252420566,77.43767678933183
31247,Jefferson Dr & 14th St SW,outgoing_trips,Polynomial Regression,val,1.9820593516477911,3.2304276575678053,0.5828288791311955,78.8208205203133,61.00941783669499
31247,Jefferson Dr & 14th St SW,outgoing_trips,Random Forest,test,1.9507235918292456,3.2363170047718106,0.4597773429277332,86.19093283314811,75.61686998067076
31247,Jefferson Dr & 14th St SW,outgoing_trips,Random Forest,val,1.9178768359762235,3.146437596599208,0.6042395035549297,79.28914059814728,59.03382718994592
31247,Jefferson Dr & 14th St SW,outgoing_trips,Soft Two-Stage,test,1.6751290876350593,2.9716309564076457,0.5445293129986502,72.6309027779377,64.93386297838327
31247,Jefferson Dr & 14th St SW,outgoing_trips,Soft Two-Stage,val,1.7813538683316863,3.077480200038941,0.6213964067640206,69.34527559604726,54.831537904104586
31247,Jefferson Dr & 14th St SW,outgoing_trips,XGBoost,test,1.9491925074341707,3.6989681282603537,0.2942809141947086,74.26831408882325,75.55751979383918
31247,Jefferson Dr & 14th St SW,outgoing_trips,XGBoost,val,1.77335340551781,3.093113631013338,0.6175400655162447,68.65641696198284,54.58527707528887
31248,Smithsonian-National Mall / Jefferson Dr & 12th St SW,incoming_trips,GAM,test,1.785747829295566,2.948678671462286,0.428260506173391,92.64203568273174,78.94097727263481
31248,Smithsonian-National Mall / Jefferson Dr & 12th St SW,incoming_trips,GAM,val,1.8634315372961257,3.1497165220438936,0.5303106850632305,80.49186836723743,63.13512784813437
31248,Smithsonian-National Mall / Jefferson Dr & 12th St SW,incoming_trips,HistGradientBoosting,test,1.5278544134543797,2.775730176474413,0.493361966021499,80.42188055285945,67.54051078755886
31248,Smithsonian-National Mall / Jefferson Dr & 12th St SW,incoming_trips,HistGradientBoosting,val,1.6714455630006215,3.0776409777546863,0.5515607113885443,69.23590833074267,56.630430042180535
31248,Smithsonian-National Mall / Jefferson Dr & 12th St SW,incoming_trips,LightGBM,test,1.5114203744261845,2.7550903533556803,0.500868489258155,79.26717265129052,66.81402573735213
31248,Smithsonian-National Mall / Jefferson Dr & 12th St SW,incoming_trips,LightGBM,val,1.668331394232082,3.0712591825090017,0.5534185502836537,70.07308023323935,56.52491854932059
31248,Smithsonian-National Mall / Jefferson Dr & 12th St SW,incoming_trips,Linear Regression,test,1.609392568037646,2.849138537191011,0.466210004330005,84.00171775798934,71.14499597982103
31248,Smithsonian-National Mall / Jefferson Dr & 12th St SW,incoming_trips,Linear Regression,val,1.8309083005160864,3.174424669152704,0.5229127676453951,79.42466634296957,62.03320450346328
31248,Smithsonian-National Mall / Jefferson Dr & 12th St SW,incoming_trips,Naive (same hour last week),test,2.086653727594474,3.945527599087837,-0.0236546586139667,106.00972940859003,92.242858584839
31248,Smithsonian-National Mall / Jefferson Dr & 12th St SW,incoming_trips,Naive (same hour last week),val,2.4685187293635438,4.519405449577466,0.0329913626905605,107.26479099204442,83.63615322300659
31248,Smithsonian-National Mall / Jefferson Dr & 12th St SW,incoming_trips,Poisson,test,1.8733940971135776,2.970318161501741,0.4198380564840008,79.30199873423446,82.81547843251148
31248,Smithsonian-National Mall / Jefferson Dr & 12th St SW,incoming_trips,Poisson,val,2.0040384532045525,3.281847854865469,0.4900769658994852,72.81487031166809,67.8990461539775
31248,Smithsonian-National Mall / Jefferson Dr & 12th St SW,incoming_trips,Polynomial Regression,test,1.6993174123548884,2.9629220650053227,0.4227236675661899,81.43119247212492,75.1202241587588
31248,Smithsonian-National Mall / Jefferson Dr & 12th St SW,incoming_trips,Polynomial Regression,val,1.7934319825901242,3.091985071652183,0.5473708495297651,73.33645776240756,60.76346527442449
31248,Smithsonian-National Mall / Jefferson Dr & 12th St SW,incoming_trips,Random Forest,test,1.8328193847545844,2.997187652275321,0.4092942947662946,94.7415220739331,81.02182795531142
31248,Smithsonian-National Mall / Jefferson Dr & 12th St SW,incoming_trips,Random Forest,val,1.8117030429547616,3.09405195486139,0.5467655139577035,77.85574586939269,61.38250907021436
31248,Smithsonian-National Mall / Jefferson Dr & 12th St SW,incoming_trips,Soft Two-Stage,test,1.5770533838586802,2.7698865636030026,0.4954929225243686,78.58370782769978,69.71540622397386
31248,Smithsonian-National Mall / Jefferson Dr & 12th St SW,incoming_trips,Soft Two-Stage,val,1.698024982927656,3.0439085263915944,0.561337067485866,67.16996148924294,57.53097027756664
31248,Smithsonian-National Mall / Jefferson Dr & 12th St SW,incoming_trips,XGBoost,test,1.7313733915382006,3.008646824249769,0.4047687601435153,79.90740535911203,76.53729452146513
31248,Smithsonian-National Mall / Jefferson Dr & 12th St SW,incoming_trips,XGBoost,val,1.6864110485173347,3.061403936476484,0.5562799881671548,66.85472839396603,57.137477294787445
31248,Smithsonian-National Mall / Jefferson Dr & 12th St SW,outgoing_trips,GAM,test,1.8038202931564145,3.0427623834564845,0.4616031427424701,92.05728475686364,82.1999997281985
31248,Smithsonian-National Mall / Jefferson Dr & 12th St SW,outgoing_trips,GAM,val,1.8302163841843624,3.1682736701096803,0.5688737156783353,84.0755563085698,65.11439422486028
31248,Smithsonian-National Mall / Jefferson Dr & 12th St SW,outgoing_trips,HistGradientBoosting,test,1.3987328511630752,2.7523518312803783,0.5594711693408361,73.66646648961566,63.74018543955765
31248,Smithsonian-National Mall / Jefferson Dr & 12th St SW,outgoing_trips,HistGradientBoosting,val,1.566524785194044,3.0570531251624926,0.5986113418649721,70.92070341905429,55.732924974113054
31248,Smithsonian-National Mall / Jefferson Dr & 12th St SW,outgoing_trips,LightGBM,test,1.4080567021763837,2.74547394140776,0.5616701055438431,74.7182740391312,64.16507285970003
31248,Smithsonian-National Mall / Jefferson Dr & 12th St SW,outgoing_trips,LightGBM,val,1.5651015344686925,3.05800086028416,0.5983624295433518,71.7253085373494,55.68228937189017
31248,Smithsonian-National Mall / Jefferson Dr & 12th St SW,outgoing_trips,Linear Regression,test,1.5257072352493006,2.885053878459469,0.5159677540932563,80.53692569035319,69.52640171452383
31248,Smithsonian-National Mall / Jefferson Dr & 12th St SW,outgoing_trips,Linear Regression,val,1.746772200613075,3.191249484013696,0.5625981253845209,82.3177417426632,62.14566467365269
31248,Smithsonian-National Mall / Jefferson Dr & 12th St SW,outgoing_trips,Naive (same hour last week),test,1.9997716634318987,3.953029392072128,0.0912874502315104,102.47694265704676,91.12949378284168
31248,Smithsonian-National Mall / Jefferson Dr & 12th St SW,outgoing_trips,Naive (same hour last week),val,2.32597062507116,4.516255256220285,0.123975837842585,106.19925452951937,82.75205573783772
31248,Smithsonian-National Mall / Jefferson Dr & 12th St SW,outgoing_trips,Poisson,test,1.748894908022227,2.96231324783442,0.4896966721107486,73.64062490109166,79.69705269947809
31248,Smithsonian-National Mall / Jefferson Dr & 12th St SW,outgoing_trips,Poisson,val,1.891238087980011,3.278141582485337,0.5384544815939927,71.18078845455098,67.28538958451183
31248,Smithsonian-National Mall / Jefferson Dr & 12th St SW,outgoing_trips,Polynomial Regression,test,1.6469748831432136,2.9885388499164485,0.4806211616261208,77.97683524967132,75.05256230920038
31248,Smithsonian-National Mall / Jefferson Dr & 12th St SW,outgoing_trips,Polynomial Regression,val,1.7352389111754551,3.115294658938468,0.5831715188792305,74.79019279274776,61.7353398827481
31248,Smithsonian-National Mall / Jefferson Dr & 12th St SW,outgoing_trips,Random Forest,test,1.6945833362164675,2.9587425448649576,0.4909261460201369,89.16642395583972,77.22207711315768
31248,Smithsonian-National Mall / Jefferson Dr & 12th St SW,outgoing_trips,Random Forest,val,1.7329674235057653,3.104036962006188,0.5861786501866488,78.92191227885955,61.65452619050973
31248,Smithsonian-National Mall / Jefferson Dr & 12th St SW,outgoing_trips,Soft Two-Stage,test,1.4328505559169455,2.7429809390470767,0.562465786982288,70.57124717346626,65.29492752341983
31248,Smithsonian-National Mall / Jefferson Dr & 12th St SW,outgoing_trips,Soft Two-Stage,val,1.582893410732567,3.019125472406091,0.6085093002066196,66.18050279608254,56.31527859385157
31248,Smithsonian-National Mall / Jefferson Dr & 12th St SW,outgoing_trips,XGBoost,test,1.4562203274707357,2.768745345135036,0.5542077995657312,75.10382069335402,66.35988683375564
31248,Smithsonian-National Mall / Jefferson Dr & 12th St SW,outgoing_trips,XGBoost,val,1.5714269556788665,3.0789869671508345,0.592830886874621,69.2228010054888,55.90733159852344
31249,Jefferson Memorial,incoming_trips,GAM,test,1.4758117979678165,2.753448452538705,0.4862848777285598,82.54853771931673,75.79381728759955
31249,Jefferson Memorial,incoming_trips,GAM,val,1.5834618565572582,2.958568654448572,0.4973730669571303,79.33541544506902,71.55559521579748
31249,Jefferson Memorial,incoming_trips,HistGradientBoosting,test,1.3063043913359254,2.6701170701901056,0.5169088784893042,74.27250513757157,67.08836214430589
31249,Jefferson Memorial,incoming_trips,HistGradientBoosting,val,1.398264931128002,2.9442633753543515,0.5022219221389339,71.4716946560665,63.186668502249645
31249,Jefferson Memorial,incoming_trips,LightGBM,test,1.2987684374067128,2.641921732434541,0.5270574984485581,73.51213995457945,66.70133534591261
31249,Jefferson Memorial,incoming_trips,LightGBM,val,1.3762499744410333,2.8496158358021364,0.5337110925021986,70.3377169815002,62.19182715330106
31249,Jefferson Memorial,incoming_trips,Linear Regression,test,1.4431813505920703,2.768280151988132,0.4807356260413081,81.46818915895588,74.11800322389882
31249,Jefferson Memorial,incoming_trips,Linear Regression,val,1.5452842095338422,2.972412793978453,0.4926581398125286,79.54414922494554,69.83037256809907
31249,Jefferson Memorial,incoming_trips,Naive (same hour last week),test,1.9896106861513871,3.971484728216272,-0.0687453622028084,111.49345972667108,102.18117854001758
31249,Jefferson Memorial,incoming_trips,Naive (same hour last week),val,2.077650005692816,4.084137315988384,0.0421817143590093,107.85934424127208,93.88763119983535
31249,Jefferson Memorial,incoming_trips,Poisson,test,1.6258029192838837,2.74310114364334,0.4901386497070271,72.00411156841878,83.4969672823661
31249,Jefferson Memorial,incoming_trips,Poisson,val,1.6987910309444445,3.0040971194037733,0.4817845095267471,69.60102526656644,76.76724441646971
31249,Jefferson Memorial,incoming_trips,Polynomial Regression,test,1.5305776624944238,2.686650255224692,0.5109078213963484,76.89305733240128,78.6064482309508
31249,Jefferson Memorial,incoming_trips,Polynomial Regression,val,1.6138870599265174,2.919969853142922,0.5104025035939499,74.04088870784783,72.93049005625953
31249,Jefferson Memorial,incoming_trips,Random Forest,test,1.5003851709883358,2.6516928228488856,0.5235526939541029,76.47758251691118,77.0558411767038
31249,Jefferson Memorial,incoming_trips,Random Forest,val,1.5459869413406586,2.8232862917537145,0.5422880070340421,73.49190904842285,69.86212855420357
31249,Jefferson Memorial,incoming_trips,Soft Two-Stage,test,1.3334509789964777,2.6265825066780843,0.5325334452770316,67.12614316231893,68.48253957801317
31249,Jefferson Memorial,incoming_trips,Soft Two-Stage,val,1.408765049907107,2.836382616526166,0.538031798333625,63.6301025281612,63.66116193318645
31249,Jefferson Memorial,incoming_trips,XGBoost,test,1.3085671641036496,2.615718005063021,0.5363926709142945,70.53759453892108,67.20457220981451
31249,Jefferson Memorial,incoming_trips,XGBoost,val,1.387320947699642,2.8622557719546338,0.5295653171042196,68.1955578868547,62.69211712104319
31249,Jefferson Memorial,outgoing_trips,GAM,test,1.605443874233789,2.85569849460934,0.4449257322659657,88.57973833690565,83.04052730845495
31249,Jefferson Memorial,outgoing_trips,GAM,val,1.6459239655138247,3.044787735269692,0.4819987702551117,82.38653896229947,74.34761463231806
31249,Jefferson Memorial,outgoing_trips,HistGradientBoosting,test,1.290897128053191,2.7284347159829387,0.4932969447049439,73.96384198234762,66.77080397199657
31249,Jefferson Memorial,outgoing_trips,HistGradientBoosting,val,1.427979551753638,3.0520546024736963,0.4795232360241864,73.1811151518841,64.50290271061614
31249,Jefferson Memorial,outgoing_trips,LightGBM,test,1.2817833039828388,2.683218443334599,0.5099521926602733,72.54206365986835,66.29939742285157
31249,Jefferson Memorial,outgoing_trips,LightGBM,val,1.391506452936441,2.952853937794497,0.5128074056672492,71.18028000298958,62.855385600394776
31249,Jefferson Memorial,outgoing_trips,Linear Regression,test,1.4415583106017988,2.8089814490864384,0.4629383625860546,80.48691097435474,74.56365443817856
31249,Jefferson Memorial,outgoing_trips,Linear Regression,val,1.5574378900820116,3.052139474760931,0.4794942885292255,81.0538791628011,70.35063252720792
31249,Jefferson Memorial,outgoing_trips,Naive (same hour last week),test,1.9739696312364423,4.02112244697065,-0.1005784009023944,111.09525625440816,102.1022794378174
31249,Jefferson Memorial,outgoing_trips,Naive (same hour last week),val,2.097347147899351,4.17783277432175,0.0247435018374123,110.77534389278088,94.73873688541453
31249,Jefferson Memorial,outgoing_trips,Poisson,test,1.6261268920864045,2.814617853521583,0.4607809018243253,71.92680595846518,84.11034278838322
31249,Jefferson Memorial,outgoing_trips,Poisson,val,1.722589156847447,3.1090470027122232,0.4599035494000828,71.28932456932205,77.81063857535037
31249,Jefferson Memorial,outgoing_trips,Polynomial Regression,test,1.5294238293424114,2.7600254096400367,0.4814954758411679,78.03764951879894,79.10844054098372
31249,Jefferson Memorial,outgoing_trips,Polynomial Regression,val,1.6143667330727594,2.9486967187863704,0.5141782425833197,75.80425111993144,72.92215087727857
31249,Jefferson Memorial,outgoing_trips,Random Forest,test,1.5008716124072006,2.702296575068441,0.5029587748689259,76.60743327833288,77.63159591989293
31249,Jefferson Memorial,outgoing_trips,Random Forest,val,1.5603776320003488,2.9278705337745183,0.5210165745610442,74.3046618361649,70.48342286494066
31249,Jefferson Memorial,outgoing_trips,Soft Two-Stage,test,1.3234479677642204,2.6570313317673686,0.5194708470483977,67.53609026700383,68.45447472331881
31249,Jefferson Memorial,outgoing_trips,Soft Two-Stage,val,1.425800122805876,2.919346538298192,0.5238014718031693,65.47572594042305,64.40445627753554
31249,Jefferson Memorial,outgoing_trips,XGBoost,test,1.3294975581429274,2.6748016388383054,0.5130217656599517,71.05935809766319,68.76738580237334
31249,Jefferson Memorial,outgoing_trips,XGBoost,val,1.4171098532858646,2.9548522963117443,0.5121477625353272,70.0345311442706,64.0119103137716
31257,22nd & I St NW / Foggy Bottom,incoming_trips,GAM,test,1.505077572309688,2.119758738808849,0.450281648560784,63.83146004648602,58.471455938350736
31257,22nd & I St NW / Foggy Bottom,incoming_trips,GAM,val,1.2750082118114472,1.7561114824520667,0.4106286954166047,62.25164419356809,61.79107832224213
31257,22nd & I St NW / Foggy Bottom,incoming_trips,HistGradientBoosting,test,1.3524700364761166,2.140850711222583,0.4392876345100597,52.63361685497983,52.54273507271492
31257,22nd & I St NW / Foggy Bottom,incoming_trips,HistGradientBoosting,val,1.1485364598011385,1.728121453448522,0.4292665256743002,56.300677622581134,55.66184255605252
31257,22nd & I St NW / Foggy Bottom,incoming_trips,LightGBM,test,1.356872784580193,2.144522902395241,0.4373624101854082,52.561041587584256,52.71377947368895
31257,22nd & I St NW / Foggy Bottom,incoming_trips,LightGBM,val,1.1467942200448156,1.7245158094493027,0.4316456581212485,55.88512714169912,55.57740790516811
31257,22nd & I St NW / Foggy Bottom,incoming_trips,Linear Regression,test,1.3710028614789145,2.021512514141158,0.5000572956992368,54.64033119398789,53.26272537786663
31257,22nd & I St NW / Foggy Bottom,incoming_trips,Linear Regression,val,1.2045981938417707,1.7104621473105228,0.4408713359575901,57.26468216523482,58.378777997639865
31257,22nd & I St NW / Foggy Bottom,incoming_trips,Naive (same hour last week),test,1.8134490238611716,2.7531132156388622,0.0727101436814646,84.30814743252058,70.45152133416127
31257,22nd & I St NW / Foggy Bottom,incoming_trips,Naive (same hour last week),val,1.5544802459296367,2.351377560440505,-0.0566461149263191,81.22136867509198,75.33520940241681
31257,22nd & I St NW / Foggy Bottom,incoming_trips,Poisson,test,1.501642186954735,2.164551609950611,0.4268038598166663,59.36313035528053,58.33799306101537
31257,22nd & I St NW / Foggy Bottom,incoming_trips,Poisson,val,1.281713771853021,1.7812275291561934,0.3936496688605571,55.85608424432744,62.11605174742086
31257,22nd & I St NW / Foggy Bottom,incoming_trips,Polynomial Regression,test,1.42938991798222,2.099208620950754,0.4608885332896889,60.601584660936815,55.53103118782163
31257,22nd & I St NW / Foggy Bottom,incoming_trips,Polynomial Regression,val,1.2528372027933914,1.745304849422873,0.4178600387050736,61.9721959865252,60.7165985329932
31257,22nd & I St NW / Foggy Bottom,incoming_trips,Random Forest,test,1.417219511128842,2.060768126670639,0.4804520638540307,58.08049941696383,55.0582174131887
31257,22nd & I St NW / Foggy Bottom,incoming_trips,Random Forest,val,1.2209554513695875,1.71434775329963,0.4383281386680138,59.932729315730334,59.17150432808634
31257,22nd & I St NW / Foggy Bottom,incoming_trips,Soft Two-Stage,test,1.3843479013332072,2.155381343779321,0.4316503385873305,51.430881068560765,53.78117301418239
31257,22nd & I St NW / Foggy Bottom,incoming_trips,Soft Two-Stage,val,1.1728784302981252,1.7199979258927178,0.4346197047683979,55.31495478765168,56.84153425651621
31257,22nd & I St NW / Foggy Bottom,incoming_trips,XGBoost,test,1.3845388685520317,2.1383068205544795,0.440619388736355,50.82351774100725,53.78859198814532
31257,22nd & I St NW / Foggy Bottom,incoming_trips,XGBoost,val,1.160699476130231,1.71659703674886,0.4368533060331289,54.23454489153028,56.25130220632245
31257,22nd & I St NW / Foggy Bottom,outgoing_trips,GAM,test,1.6423079714047806,2.301390159274652,0.4336968933812726,72.52100537975254,64.88486928973602
31257,22nd & I St NW / Foggy Bottom,outgoing_trips,GAM,val,1.3294812727004213,1.8665319060900925,0.4123155574623951,68.6419309276354,66.33057270011248
31257,22nd & I St NW / Foggy Bottom,outgoing_trips,HistGradientBoosting,test,1.3207882467404062,2.142467564404682,0.5092085910261918,53.90840819342104,52.182157208837246
31257,22nd & I St NW / Foggy Bottom,outgoing_trips,HistGradientBoosting,val,1.0917400030999151,1.7170723480699637,0.5026632561913498,56.42401935195759,54.46916863909653
31257,22nd & I St NW / Foggy Bottom,outgoing_trips,LightGBM,test,1.3213702458933527,2.1450919949177454,0.5080054578984743,54.01106433198253,52.20515103193449
31257,22nd & I St NW / Foggy Bottom,outgoing_trips,LightGBM,val,1.0913594785703735,1.7200137342753237,0.5009578971877029,56.480033064536585,54.450183482638
31257,22nd & I St NW / Foggy Bottom,outgoing_trips,Linear Regression,test,1.34930477753459,2.035513057075864,0.5569872497166471,55.32987789867575,53.308798134530775
31257,22nd & I St NW / Foggy Bottom,outgoing_trips,Linear Regression,val,1.1536533705664962,1.7101709484518923,0.5066530960903699,58.12531885228821,57.55815470169016
31257,22nd & I St NW / Foggy Bottom,outgoing_trips,Naive (same hour last week),test,1.7779426875214066,2.7933957310077924,0.1656786237441875,83.85446560121372,70.24357239512855
31257,22nd & I St NW / Foggy Bottom,outgoing_trips,Naive (same hour last week),val,1.5229420471365138,2.35788120566529,0.062184946900561,85.4516061193402,75.98273119745512
31257,22nd & I St NW / Foggy Bottom,outgoing_trips,Poisson,test,1.4676777446324616,2.224202548915603,0.4710469704678731,56.82269195123614,57.98551811112193
31257,22nd & I St NW / Foggy Bottom,outgoing_trips,Poisson,val,1.2200381207777145,1.7755969956058966,0.4681830672472441,54.4722762866981,60.8702273051049
31257,22nd & I St NW / Foggy Bottom,outgoing_trips,Polynomial Regression,test,1.4088958753546763,2.160090840550687,0.5011011861577821,59.35132799658195,55.66314376288503
31257,22nd & I St NW / Foggy Bottom,outgoing_trips,Polynomial Regression,val,1.193184382913289,1.7633787325413612,0.4754769774686123,60.74551894967105,59.53043873623847
31257,22nd & I St NW / Foggy Bottom,outgoing_trips,Random Forest,test,1.3507420894842377,2.028465422201895,0.560049659024191,56.44970735511709,53.36558395034929
31257,22nd & I St NW / Foggy Bottom,outgoing_trips,Random Forest,val,1.1452714331545306,1.693205016136365,0.5163931422577609,60.26164391932458,57.13996249373007
31257,22nd & I St NW / Foggy Bottom,outgoing_trips,Soft Two-Stage,test,1.3491333227405358,2.1498618376130256,0.5058150197364983,51.9512673002699,53.30202423944228
31257,22nd & I St NW / Foggy Bottom,outgoing_trips,Soft Two-Stage,val,1.1202902723663184,1.718108676529296,0.502062745960567,54.39490714379058,55.89360067140068
31257,22nd & I St NW / Foggy Bottom,outgoing_trips,XGBoost,test,1.361547263673211,2.136204334152842,0.5120739286547673,51.14808012686778,53.79247849577653
31257,22nd & I St NW / Foggy Bottom,outgoing_trips,XGBoost,val,1.1143881954654589,1.723318915975379,0.499038133918572,54.22963534847985,55.59913383761148
31258,Lincoln Memorial,incoming_trips,GAM,test,2.3140153827111103,3.5772751780435623,0.43091637377782,96.004527890761,79.37210501709984
31258,Lincoln Memorial,incoming_trips,GAM,val,2.2641825550691594,3.625604855910967,0.5701086632077839,84.94329331420516,63.00115755163132
31258,Lincoln Memorial,incoming_trips,HistGradientBoosting,test,1.813043495294808,3.181164194955982,0.5499678263559052,77.6699504210956,62.18847108116864
31258,Lincoln Memorial,incoming_trips,HistGradientBoosting,val,1.9617711408134813,3.4746762118464543,0.6051551883935933,72.22488929404624,54.58652282516967
31258,Lincoln Memorial,incoming_trips,LightGBM,test,1.8197468441239029,3.183794864505975,0.5492232087433213,76.93000007451545,62.418399936095184
31258,Lincoln Memorial,incoming_trips,LightGBM,val,1.95461883323472,3.46928513760312,0.6063794672838523,71.59626662350449,54.38750898875509
31258,Lincoln Memorial,incoming_trips,Linear Regression,test,1.921043830322216,3.277846054785474,0.5221974118640388,81.42073211982877,65.89294685852242
31258,Lincoln Memorial,incoming_trips,Linear Regression,val,2.142757147453919,3.6285873793291614,0.5694010911469088,81.05544101045024,59.62248067824416
31258,Lincoln Memorial,incoming_trips,Naive (same hour last week),test,2.5453818929101497,4.534715957847665,0.0855255615259913,105.20363584587209,87.30811403508771
31258,Lincoln Memorial,incoming_trips,Naive (same hour last week),val,2.906637823067289,5.143184921123323,0.134908524553273,108.3486807118043,80.87755425312847
31258,Lincoln Memorial,incoming_trips,Poisson,test,2.234151340947178,3.415516503376289,0.481218872953117,75.6667781666356,76.63272084647687
31258,Lincoln Memorial,incoming_trips,Poisson,val,2.392213883066273,3.755133918451848,0.5388432040813037,74.8462708224,66.56364497060375
31258,Lincoln Memorial,incoming_trips,Polynomial Regression,test,2.1448110733846075,3.623401557235826,0.416145912064639,82.94928201082057,73.56829649035001
31258,Lincoln Memorial,incoming_trips,Polynomial Regression,val,2.243358189355314,3.669951112404207,0.5595279946146453,78.844445160071,62.421717019191256
31258,Lincoln Memorial,incoming_trips,Random Forest,test,2.149519287116814,3.4732231506843747,0.4635407151271288,85.53528683373393,73.72979102387286
31258,Lincoln Memorial,incoming_trips,Random Forest,val,2.1511408642956336,3.517711713088722,0.5953139413641014,78.10392635469458,59.855758628571365
31258,Lincoln Memorial,incoming_trips,Soft Two-Stage,test,1.836507103559471,3.117000417972845,0.5679389536391501,73.03049559140196,62.99328681108008
31258,Lincoln Memorial,incoming_trips,Soft Two-Stage,val,1.9879441900248465,3.4409320470490146,0.6127869855917432,67.88377564276014,55.31479113254626
31258,Lincoln Memorial,incoming_trips,XGBoost,test,2.1089374827369016,3.926269791675664,0.3144617850828569,74.81592829431762,72.33781097780593
31258,Lincoln Memorial,incoming_trips,XGBoost,val,1.9823862952353928,3.4801686764855915,0.603905929437454,67.40045798949991,55.16014202772834
31258,Lincoln Memorial,outgoing_trips,GAM,test,2.25673504490913,3.551560697783946,0.4619568821535291,95.19358752539186,78.01532248632068
31258,Lincoln Memorial,outgoing_trips,GAM,val,2.2788199036146004,3.7014921761330575,0.5708866915529256,85.65231665986856,62.221765204859125
31258,Lincoln Memorial,outgoing_trips,HistGradientBoosting,test,1.786356859795936,3.2081098667656285,0.5609873202740137,75.40658098964327,61.75435029779612
31258,Lincoln Memorial,outgoing_trips,HistGradientBoosting,val,2.011330111114982,3.587978876949357,0.5968022799929558,71.92442880622832,54.91812219331268
31258,Lincoln Memorial,outgoing_trips,LightGBM,test,1.7903832905556536,3.2100350168278133,0.5604602692004536,76.59081097285086,61.8935439948572
31258,Lincoln Memorial,outgoing_trips,LightGBM,val,2.009486517025536,3.57756038599636,0.5991404280666771,72.7449922501287,54.86778399923923
31258,Lincoln Memorial,outgoing_trips,Linear Regression,test,1.8982560697514623,3.317185768419015,0.5306269123658667,80.85581559976217,65.62270558847953
31258,Lincoln Memorial,outgoing_trips,Linear Regression,val,2.188537200988508,3.730877949335601,0.564046271620702,81.95768943672427,59.75665196096019
31258,Lincoln Memorial,outgoing_trips,Naive (same hour last week),test,2.559310423564334,4.64441741057857,0.0798871693695729,108.32592604655626,88.47535225164779
31258,Lincoln Memorial,outgoing_trips,Naive (same hour last week),val,2.995104178526699,5.301756211192597,0.1196450305978532,110.27762448293176,81.77946342524947
31258,Lincoln Memorial,outgoing_trips,Poisson,test,2.2084662038835416,3.4233568875211016,0.5001002126675496,73.96630385674274,76.34666882352268
31258,Lincoln Memorial,outgoing_trips,Poisson,val,2.4251082741699164,3.858439297810449,0.5337255089223948,74.69957999019687,66.21607850292031
31258,Lincoln Memorial,outgoing_trips,Polynomial Regression,test,2.1855571450362365,3.4778922581225578,0.4840461640771117,83.4565579763206,75.55470274054701
31258,Lincoln Memorial,outgoing_trips,Polynomial Regression,val,2.303338200971227,3.691702319478878,0.5731535623967331,79.91280992434876,62.8912221193468
31258,Lincoln Memorial,outgoing_trips,Random Forest,test,2.191808186678698,3.547463949772125,0.4631974386106735,86.88256098693722,75.77080122792246
31258,Lincoln Memorial,outgoing_trips,Random Forest,val,2.227243194338106,3.610402077442247,0.5917469356907649,79.09720334850005,60.813495121931126
31258,Lincoln Memorial,outgoing_trips,Soft Two-Stage,test,1.802023428810232,3.1825064145058928,0.5679667488479516,72.05073280226148,62.29594353297083
31258,Lincoln Memorial,outgoing_trips,Soft Two-Stage,val,2.030372066405025,3.536781064425774,0.608226852389304,69.24231680468465,55.43805098155046
31258,Lincoln Memorial,outgoing_trips,XGBoost,test,2.1416771070176024,3.844007901659944,0.3697002405265059,76.39135405989079,74.03776998210988
31258,Lincoln Memorial,outgoing_trips,XGBoost,val,2.061293126142988,3.5644106492914074,0.6020818237723883,70.4621610074129,56.28233135484771
31265,5th St & Massachusetts Ave NW,incoming_trips,GAM,test,1.394230581623182,1.9797613054978327,0.5416086245863039,62.916381472146696,58.07525996023137
31265,5th St & Massachusetts Ave NW,incoming_trips,GAM,val,1.390335555669593,2.0049471458045733,0.5732310381768272,60.07686419375749,55.86402482019322
31265,5th St & Massachusetts Ave NW,incoming_trips,HistGradientBoosting,test,1.2629171070708725,1.956585246916755,0.5522781150777656,56.40179987094957,52.60553043957472
31265,5th St & Massachusetts Ave NW,incoming_trips,HistGradientBoosting,val,1.278950920061163,2.006104249465979,0.5727382985792646,55.25126102918416,51.38856274713937
31265,5th St & Massachusetts Ave NW,incoming_trips,LightGBM,test,1.2612764954725244,1.9532061860933796,0.553823228532268,56.5529235541222,52.53719242839947
31265,5th St & Massachusetts Ave NW,incoming_trips,LightGBM,val,1.2725855976362492,2.00142553405996,0.5747289277205008,55.20242299094208,51.132802525454856
31265,5th St & Massachusetts Ave NW,incoming_trips,Linear Regression,test,1.306945127694502,1.965671475770771,0.5481100886725399,57.87339983557822,54.43947295737181
31265,5th St & Massachusetts Ave NW,incoming_trips,Linear Regression,val,1.3433935276553557,2.013051021443152,0.5697741170410566,57.07241832954391,53.9778825810741
31265,5th St & Massachusetts Ave NW,incoming_trips,Naive (same hour last week),test,1.7263386231304942,2.6871124138721725,0.1555334626236068,83.2540682168951,71.90888339357048
31265,5th St & Massachusetts Ave NW,incoming_trips,Naive (same hour last week),val,1.7931230786747123,2.7931659740316164,0.1717137429195916,83.90585558110784,72.04812662976349
31265,5th St & Massachusetts Ave NW,incoming_trips,Poisson,test,1.4102205645372163,2.049921556718706,0.5085433009241022,53.547783301699205,58.741306471283416
31265,5th St & Massachusetts Ave NW,incoming_trips,Poisson,val,1.430626236882374,2.072039130998796,0.5441910214674285,53.12104205156307,57.48291430778119
31265,5th St & Massachusetts Ave NW,incoming_trips,Polynomial Regression,test,1.3389299574218885,1.9906671465285717,0.5365444658328744,60.92696137241333,55.77176858026592
31265,5th St & Massachusetts Ave NW,incoming_trips,Polynomial Regression,val,1.3432474060084418,1.9915760163798448,0.5789043596964224,59.74167629098667,53.972011377337225
31265,5th St & Massachusetts Ave NW,incoming_trips,Random Forest,test,1.323603831545605,1.9468039901328,0.55674338066494,60.8550252058897,55.13337436041446
31265,5th St & Massachusetts Ave NW,incoming_trips,Random Forest,val,1.3377258725261745,1.977849707047089,0.584688894406788,59.29221396164381,53.750154803044005
31265,5th St & Massachusetts Ave NW,incoming_trips,Soft Two-Stage,test,1.274717419127924,1.940003144584407,0.5598348623471583,55.0325154342792,53.09706046291367
31265,5th St & Massachusetts Ave NW,incoming_trips,Soft Two-Stage,val,1.291070617912084,1.9886690467874124,0.5801327525216613,54.031347429963326,51.875535189724296
31265,5th St & Massachusetts Ave NW,incoming_trips,XGBoost,test,1.272991223971225,1.9469275559663068,0.5566871108893452,54.59909359043424,53.02515755546872
31265,5th St & Massachusetts Ave NW,incoming_trips,XGBoost,val,1.2876887093460632,1.9893170294560147,0.5798590910749097,53.61062650028803,51.73964927117651
31265,5th St & Massachusetts Ave NW,outgoing_trips,GAM,test,1.3312583879135125,1.8806857422621972,0.4994204820973486,61.49134280781092,56.26021528386788
31265,5th St & Massachusetts Ave NW,outgoing_trips,GAM,val,1.3399533679647952,1.9000505400933725,0.5374035639908732,58.05990621504513,54.73101628068082
31265,5th St & Massachusetts Ave NW,outgoing_trips,HistGradientBoosting,test,1.2548403256331615,1.9023084050986248,0.4878437640198679,56.8982903036094,53.03071703281319
31265,5th St & Massachusetts Ave NW,outgoing_trips,HistGradientBoosting,val,1.263896966013642,1.9107691594654408,0.5321696181187856,54.5398226790216,51.62445729664613
31265,5th St & Massachusetts Ave NW,outgoing_trips,LightGBM,test,1.2596443215425,1.911415237812818,0.4829283829834049,57.20097625987805,53.2337383595038
31265,5th St & Massachusetts Ave NW,outgoing_trips,LightGBM,val,1.264269341881112,1.9192807592009995,0.52799239567123,54.978000887969856,51.63966716152076
31265,5th St & Massachusetts Ave NW,outgoing_trips,Linear Regression,test,1.2971670070141232,1.9004343608967829,0.4888523603657575,59.14485877520982,54.81948187994165
31265,5th St & Massachusetts Ave NW,outgoing_trips,Linear Regression,val,1.3237742717438823,1.9231409251334632,0.5260918295889976,56.26000637989499,54.07017359776087
31265,5th St & Massachusetts Ave NW,outgoing_trips,Naive (same hour last week),test,1.7310195227765726,2.583064624915619,0.0556974661260216,84.29819476121233,73.1544919424877
31265,5th St & Massachusetts Ave NW,outgoing_trips,Naive (same hour last week),val,1.7852669930547649,2.656809364889825,0.0955329224444944,82.19284802078256,72.92005766637213
31265,5th St & Massachusetts Ave NW,outgoing_trips,Poisson,test,1.4019216643572918,1.9689979066092769,0.4513048514472169,55.434794316985645,59.2465109432863
31265,5th St & Massachusetts Ave NW,outgoing_trips,Poisson,val,1.42033652188018,1.9910317209190205,0.4920413797853303,53.45813266475076,58.01430345381399
31265,5th St & Massachusetts Ave NW,outgoing_trips,Polynomial Regression,test,1.323303057981164,1.9374706872421383,0.4687353824323426,60.24162800820678,55.92401565597325
31265,5th St & Massachusetts Ave NW,outgoing_trips,Polynomial Regression,val,1.3016675386352816,1.89981863424024,0.5375164791708253,57.33667262150506,53.16721383915584
31265,5th St & Massachusetts Ave NW,outgoing_trips,Random Forest,test,1.3377624660288818,1.9062846309937715,0.4857004972537609,63.237278105124126,56.53508366277611
31265,5th St & Massachusetts Ave NW,outgoing_trips,Random Forest,val,1.3226206132353298,1.8993971382488437,0.5377216706794832,58.778675635986296,54.023051881346326
31265,5th St & Massachusetts Ave NW,outgoing_trips,Soft Two-Stage,test,1.2777612554734297,1.905100950185808,0.4863389931410382,55.10621566702919,53.99937680542203
31265,5th St & Massachusetts Ave NW,outgoing_trips,Soft Two-Stage,val,1.2728420471184918,1.903919489956132,0.535517735621094,52.47091421496111,51.98982327973638
31265,5th St & Massachusetts Ave NW,outgoing_trips,XGBoost,test,1.2873358626746163,1.9103358995837896,0.4835121782569026,55.12384720300494,54.40400859387709
31265,5th St & Massachusetts Ave NW,outgoing_trips,XGBoost,val,1.2833293016983252,1.9101029940834555,0.5324957674881972,52.8265042002873,52.41818005309208
31266,11th & M St NW,incoming_trips,GAM,test,1.490537805551156,2.198553377069095,0.5919086512234444,52.77665856327028,47.09140325646579
31266,11th & M St NW,incoming_trips,GAM,val,1.5881602016611898,2.327061803352447,0.5917649291039717,54.08409950599255,46.67808135458365
31266,11th & M St NW,incoming_trips,HistGradientBoosting,test,1.4429661542451957,2.2087375164617677,0.5881191730389106,49.397435255877305,45.58844519201294
31266,11th & M St NW,incoming_trips,HistGradientBoosting,val,1.4998047009902766,2.2846765784444867,0.6065007261221103,49.626290299981065,44.08119897198273
31266,11th & M St NW,incoming_trips,LightGBM,test,1.4428550981486925,2.208189918720536,0.588323377522128,49.259147247208105,45.58493653399365
31266,11th & M St NW,incoming_trips,LightGBM,val,1.501158265354909,2.283625548958153,0.6068626891354015,49.49722431697377,44.12098197842307
31266,11th & M St NW,incoming_trips,Linear Regression,test,1.4946127337020223,2.1998413661188194,0.5914303629486068,52.44390269282577,47.220144764449614
31266,11th & M St NW,incoming_trips,Linear Regression,val,1.55658394604481,2.252897654477521,0.6173714235329246,52.97688943446796,45.75001438313277
31266,11th & M St NW,incoming_trips,Naive (same hour last week),test,1.9683753853179584,2.98071971730131,0.2498888155622967,77.86694591823418,62.18799596017891
31266,11th & M St NW,incoming_trips,Naive (same hour last week),val,2.0442901058863714,3.077373323804496,0.2860712920109564,77.75717797532901,60.0843288826423
31266,11th & M St NW,incoming_trips,Poisson,test,1.6574297992331477,2.389383508408472,0.5179910705090116,51.05091208807114,52.36411633055526
31266,11th & M St NW,incoming_trips,Poisson,val,1.7322121998894957,2.476661964834713,0.5375892249879198,52.865270942314346,50.91195579971704
31266,11th & M St NW,incoming_trips,Polynomial Regression,test,1.546428282524447,2.250594042946938,0.5723606210317802,56.44653215366914,48.85718268154535
31266,11th & M St NW,incoming_trips,Polynomial Regression,val,1.542948039700651,2.2362393280559285,0.623008951403201,54.29489099047993,45.34923746842961
31266,11th & M St NW,incoming_trips,Random Forest,test,1.4850842826633226,2.187489163961005,0.5960057528067558,52.48054861800486,46.91910702585501
31266,11th & M St NW,incoming_trips,Random Forest,val,1.5251307452365062,2.2292569674440617,0.625359485115415,52.904924455578985,44.82556415156521
31266,11th & M St NW,incoming_trips,Soft Two-Stage,test,1.4607207839926784,2.204260458597262,0.5897872258478342,49.804512781442014,46.149377243514174
31266,11th & M St NW,incoming_trips,Soft Two-Stage,val,1.5164488718670337,2.27428045727806,0.6100737120700661,49.88948156738005,44.57039267010727
31266,11th & M St NW,incoming_trips,XGBoost,test,1.482238960117177,2.2352098352151986,0.5781870006504448,49.06010024128072,46.82921314264303
31266,11th & M St NW,incoming_trips,XGBoost,val,1.5450408327425458,2.3231121584578647,0.5931495208141137,49.03968183781492,45.41074736130168
31266,11th & M St NW,outgoing_trips,GAM,test,1.5835408774591548,2.2281505955794803,0.5200810421329941,56.3909062799514,49.27434205714142
31266,11th & M St NW,outgoing_trips,GAM,val,1.610331722619248,2.308498834308337,0.5351378452897537,53.47367251122005,46.81277436787097
31266,11th & M St NW,outgoing_trips,HistGradientBoosting,test,1.5300981046232234,2.241071443389334,0.514498888721844,51.92406940517085,47.61138689969382
31266,11th & M St NW,outgoing_trips,HistGradientBoosting,val,1.5694037360161268,2.302273478169895,0.5376416632466257,50.94743092655462,45.62298683821415
31266,11th & M St NW,outgoing_trips,LightGBM,test,1.527641276793125,2.2324431547197947,0.5182301215548843,51.982851862328936,47.53493887324942
31266,11th & M St NW,outgoing_trips,LightGBM,val,1.5595009247460174,2.2861125803403066,0.5441099655340749,50.84422855133408,45.33510946296055
31266,11th & M St NW,outgoing_trips,Linear Regression,test,1.5607369436161045,2.2331722665414326,0.5179153798567168,54.70055549371396,48.56476211990997
31266,11th & M St NW,outgoing_trips,Linear Regression,val,1.5769845340954298,2.2366802896168765,0.5636121072044713,53.37957502616554,45.84336266825592
31266,11th & M St NW,outgoing_trips,Naive (same hour last week),test,2.061993378239525,3.0154869125541506,0.1209901922706934,78.31920492688691,64.16213719847951
31266,11th & M St NW,outgoing_trips,Naive (same hour last week),val,2.0803825572127974,3.013612896389668,0.2077909431073571,78.20107193244993,60.47727799291695
31266,11th & M St NW,outgoing_trips,Poisson,test,1.692679025992131,2.343436213803628,0.4691337708002621,55.16690221766125,52.670345620324255
31266,11th & M St NW,outgoing_trips,Poisson,val,1.715506023572264,2.3885646200740944,0.5023329792095252,54.832639579060384,49.87021945862772
31266,11th & M St NW,outgoing_trips,Polynomial Regression,test,1.6056659980965935,2.2630648296571105,0.5049229259639505,57.299346094984685,49.96279966367566
31266,11th & M St NW,outgoing_trips,Polynomial Regression,val,1.5932817880198653,2.2525339829792657,0.5574039077591025,53.29311775175444,46.31712820368211
31266,11th & M St NW,outgoing_trips,Random Forest,test,1.5651423931299746,2.1989904700765126,0.5325603808977336,55.467680362921634,48.70184454661071
31266,11th & M St NW,outgoing_trips,Random Forest,val,1.6241542314991992,2.246927913432605,0.5596042180563654,55.15674452627511,47.21459840220259
31266,11th & M St NW,outgoing_trips,Soft Two-Stage,test,1.5420946338098651,2.2380778953348397,0.5157950546511851,51.70001326365041,47.98467759970376
31266,11th & M St NW,outgoing_trips,Soft Two-Stage,val,1.5791739085683354,2.2946645740901,0.5406927575588605,50.72210934907536,45.907008370422304
31266,11th & M St NW,outgoing_trips,XGBoost,test,1.5482976845109595,2.2403650060569644,0.5148049227431518,50.68453894716608,48.177695188573296
31266,11th & M St NW,outgoing_trips,XGBoost,val,1.592101421534388,2.2985105591542507,0.539151818477103,49.825557642568334,46.28281463388783
31271,Constitution Ave & 2nd St NW/DOL,incoming_trips,GAM,test,1.8227186512649896,2.63530216781749,0.0449594514136011,99.77536181814334,103.22767791562164
31271,Constitution Ave & 2nd St NW/DOL,incoming_trips,GAM,val,1.644005576500104,2.4641920888674265,0.3014223332435156,83.98526831778837,85.09223276799112
31271,Constitution Ave & 2nd St NW/DOL,incoming_trips,HistGradientBoosting,test,1.1869422480621137,2.106908180942551,0.3895470576012625,72.18346306093184,67.22117645658899
31271,Constitution Ave & 2nd St NW/DOL,incoming_trips,HistGradientBoosting,val,1.3192373694401611,2.3634612604542697,0.3573676919702503,72.73774137807824,68.28252587537827
31271,Constitution Ave & 2nd St NW/DOL,incoming_trips,LightGBM,test,1.1515786721670542,2.0392652767769297,0.4281153743137048,67.11710267594047,65.21839900110712
31271,Constitution Ave & 2nd St NW/DOL,incoming_trips,LightGBM,val,1.242967395835565,2.231703720281173,0.4270210672071182,66.15185090296825,64.33486143923488
31271,Constitution Ave & 2nd St NW/DOL,incoming_trips,Linear Regression,test,1.2531821361209168,2.034154686490295,0.4309781757413546,69.90664971714158,70.97260009235167
31271,Constitution Ave & 2nd St NW/DOL,incoming_trips,Linear Regression,val,1.3729390434103634,2.244992662427641,0.4201770100019636,70.44634517505571,71.0620756572174
31271,Constitution Ave & 2nd St NW/DOL,incoming_trips,Naive (same hour last week),test,1.56364881835826,2.783959074962344,-0.0658268726765936,96.25823218338134,88.55554118712014
31271,Constitution Ave & 2nd St NW/DOL,incoming_trips,Naive (same hour last week),val,1.7800296026414664,3.166846934031778,-0.1537712818407464,102.13331489702423,92.13271259355297
31271,Constitution Ave & 2nd St NW/DOL,incoming_trips,Poisson,test,1.4029566015184654,2.1063129896563546,0.3898919088433547,67.27356043181264,79.45491318181972
31271,Constitution Ave & 2nd St NW/DOL,incoming_trips,Poisson,val,1.493157594175925,2.312420001373986,0.3848245243626368,67.38178380550052,77.28447845864311
31271,Constitution Ave & 2nd St NW/DOL,incoming_trips,Polynomial Regression,test,1.283280578302329,2.1066523470306158,0.3896952985961713,70.89628439403822,72.6771924566798
31271,Constitution Ave & 2nd St NW/DOL,incoming_trips,Polynomial Regression,val,1.3551585634887835,2.241615316699462,0.4219202581962029,70.68268041849419,70.14177419483757
31271,Constitution Ave & 2nd St NW/DOL,incoming_trips,Random Forest,test,1.3431721868709476,2.097255832825519,0.395127563859507,74.88768986441224,76.06908822450944
31271,Constitution Ave & 2nd St NW/DOL,incoming_trips,Random Forest,val,1.3949210200844635,2.243498158922521,0.4209487355160572,72.31944409369635,72.19984276858885
31271,Constitution Ave & 2nd St NW/DOL,incoming_trips,Soft Two-Stage,test,1.1971130999602384,2.017385000295568,0.4403215986302751,63.22976173231063,67.79719153337467
31271,Constitution Ave & 2nd St NW/DOL,incoming_trips,Soft Two-Stage,val,1.2780013100425562,2.2037830476277342,0.4412683729516673,61.88341048360435,66.14818496142243
31271,Constitution Ave & 2nd St NW/DOL,incoming_trips,XGBoost,test,1.1595591784031338,2.0352864695779167,0.4303448036172136,64.51686759661038,65.67036624617258
31271,Constitution Ave & 2nd St NW/DOL,incoming_trips,XGBoost,val,1.2559358236469758,2.235093994927393,0.4252788722731997,64.35987380219917,65.00609546285219
31271,Constitution Ave & 2nd St NW/DOL,outgoing_trips,GAM,test,1.6062224160659784,2.419765358331009,0.2989254988241907,89.61867977956983,91.99569830851962
31271,Constitution Ave & 2nd St NW/DOL,outgoing_trips,GAM,val,1.495862838443279,2.3852180396254137,0.4064344698016292,78.15632272809286,78.04076810244918
31271,Constitution Ave & 2nd St NW/DOL,outgoing_trips,HistGradientBoosting,test,1.1352190556670394,2.1438101093547157,0.4497116853191739,72.61490371231591,65.01918334262471
31271,Constitution Ave & 2nd St NW/DOL,outgoing_trips,HistGradientBoosting,val,1.2442295987309318,2.3874139779836567,0.4053410407786051,72.6282369582264,64.9127921927756
31271,Constitution Ave & 2nd St NW/DOL,outgoing_trips,LightGBM,test,1.1077423077327018,2.097560691174569,0.4731988275341109,67.59727337524403,63.44546441790841
31271,Constitution Ave & 2nd St NW/DOL,outgoing_trips,LightGBM,val,1.1809339939799297,2.2827424457652628,0.4563413149300124,67.15568290591591,61.61059262919941
31271,Constitution Ave & 2nd St NW/DOL,outgoing_trips,Linear Regression,test,1.2002011943513533,2.0980391324732963,0.4729584796071103,68.51515409450059,68.7410073976558
31271,Constitution Ave & 2nd St NW/DOL,outgoing_trips,Linear Regression,val,1.3007016844238852,2.2773860024700867,0.4588897060875163,69.76009385915778,67.85900145111366
31271,Constitution Ave & 2nd St NW/DOL,outgoing_trips,Naive (same hour last week),test,1.5724397762301632,2.944379161960837,-0.0380185927051801,95.18062021721578,90.0608121362715
31271,Constitution Ave & 2nd St NW/DOL,outgoing_trips,Naive (same hour last week),val,1.6939542297620402,3.18602350255806,-0.0590353386610424,99.60728544876535,88.37540837540837
31271,Constitution Ave & 2nd St NW/DOL,outgoing_trips,Poisson,test,1.301212611051025,2.131093665828047,0.4562206163846909,62.163713977365774,74.52639286075934
31271,Constitution Ave & 2nd St NW/DOL,outgoing_trips,Poisson,val,1.3909952333049362,2.323703754108489,0.4366555486281142,64.11399449988244,72.56971270636919
31271,Constitution Ave & 2nd St NW/DOL,outgoing_trips,Polynomial Regression,test,1.2473378245359936,2.196513666210924,0.4223224621119379,71.20977564178219,71.44073762578152
31271,Constitution Ave & 2nd St NW/DOL,outgoing_trips,Polynomial Regression,val,1.3040253413851075,2.274712035620857,0.4601596370953459,71.32570852281805,68.03240019830946
31271,Constitution Ave & 2nd St NW/DOL,outgoing_trips,Random Forest,test,1.247500652826914,2.104142408649025,0.4698876515870265,70.5759872234388,71.45006354613837
31271,Constitution Ave & 2nd St NW/DOL,outgoing_trips,Random Forest,val,1.2966364317555568,2.2569474246721346,0.4685585962489212,70.50026907982266,67.64691286076065
31271,Constitution Ave & 2nd St NW/DOL,outgoing_trips,Soft Two-Stage,test,1.140215962614248,2.062554440641462,0.4906357006857409,62.758846464477344,65.30537903967958
31271,Constitution Ave & 2nd St NW/DOL,outgoing_trips,Soft Two-Stage,val,1.2080824563509167,2.2381479151295447,0.4773751310979119,62.21968548503784,63.02695701888982
31271,Constitution Ave & 2nd St NW/DOL,outgoing_trips,XGBoost,test,1.114360858892529,2.0929002757299724,0.4755371483409286,65.7948535529612,63.82453909003897
31271,Constitution Ave & 2nd St NW/DOL,outgoing_trips,XGBoost,val,1.190767130228602,2.279045474670016,0.4581008326615337,65.78516908147749,62.123597890096896
31278,18th & R St NW,incoming_trips,GAM,test,1.6076640714287893,2.172659137621932,0.4753773793489529,69.11731732103561,64.24641665135854
31278,18th & R St NW,incoming_trips,GAM,val,1.4944423838988214,2.0614100402769138,0.4974842042701329,66.11062627520558,61.00714598086614
31278,18th & R St NW,incoming_trips,HistGradientBoosting,test,1.285657422130259,2.034493247386482,0.5399804114756993,51.296876543282806,51.37819764777324
31278,18th & R St NW,incoming_trips,HistGradientBoosting,val,1.228003207866031,1.9406383435763028,0.5546410753295847,50.78032124164569,50.13038426533745
31278,18th & R St NW,incoming_trips,LightGBM,test,1.289236399547945,2.0319544731471577,0.5411277804336372,51.27700947232804,51.52122284715964
31278,18th & R St NW,incoming_trips,LightGBM,val,1.234367342321102,1.942200462944554,0.5539238022650832,50.745440806244645,50.39018530144661
31278,18th & R St NW,incoming_trips,Linear Regression,test,1.3509331210751838,2.0084711008766627,0.5516728972190179,53.58642419854355,53.98678349985188
31278,18th & R St NW,incoming_trips,Linear Regression,val,1.2948051362442,1.9074725265688728,0.569733507062077,53.97392342494505,52.85741813447737
31278,18th & R St NW,incoming_trips,Naive (same hour last week),test,1.7278228108231533,2.6662765631622705,0.2099142842571385,80.89898568187441,69.04827082763025
31278,18th & R St NW,incoming_trips,Naive (same hour last week),val,1.6684504155755435,2.5749385527831787,0.2159302784404487,81.78105118028871,68.11062049732745
31278,18th & R St NW,incoming_trips,Poisson,test,1.4933902780931214,2.227975281850763,0.4483234089024858,56.04004210444771,59.67974014881673
31278,18th & R St NW,incoming_trips,Poisson,val,1.438401269663323,2.129322907035376,0.4638281659449217,55.93623255922312,58.71939740391804
31278,18th & R St NW,incoming_trips,Polynomial Regression,test,1.3407497556506422,1.9971120746813704,0.5567296378097175,56.53270784915112,53.57982986469557
31278,18th & R St NW,incoming_trips,Polynomial Regression,val,1.255497389142305,1.888285641570332,0.5783459022856414,55.07898382951271,51.25277048030147
31278,18th & R St NW,incoming_trips,Random Forest,test,1.307523903195277,1.958925441715775,0.5735190537393052,53.65797823064732,52.25203881780926
31278,18th & R St NW,incoming_trips,Random Forest,val,1.248894356753789,1.861104726094626,0.5903975293217769,53.21790975278456,50.98321698986069
31278,18th & R St NW,incoming_trips,Soft Two-Stage,test,1.3165317107834298,2.0464197252988283,0.5345712074665764,49.25140086519805,52.61201411968274
31278,18th & R St NW,incoming_trips,Soft Two-Stage,val,1.2677895344579928,1.9632882967680472,0.5441844896433372,49.55424684626759,51.75456881777622
31278,18th & R St NW,incoming_trips,XGBoost,test,1.308724386597487,2.0320007409453527,0.541106883066842,50.32824826944624,52.30001324120535
31278,18th & R St NW,incoming_trips,XGBoost,val,1.250711849155394,1.9417225723841036,0.5541432949298325,50.34856168078298,51.05741190393598
31278,18th & R St NW,outgoing_trips,GAM,test,1.5343224169877443,2.0990848873594423,0.4345055460707515,64.09650466286492,62.85253975491373
31278,18th & R St NW,outgoing_trips,GAM,val,1.4055354985426205,1.9837366704595476,0.5065176953007775,60.164835278321306,57.58650130008785
31278,18th & R St NW,outgoing_trips,HistGradientBoosting,test,1.3467775304156877,2.0975031746141464,0.4353574532951449,52.99879808328707,55.16988302736417
31278,18th & R St NW,outgoing_trips,HistGradientBoosting,val,1.2776845103369456,2.009253119448107,0.4937408988416595,51.378241397157474,52.348290592384174
31278,18th & R St NW,outgoing_trips,LightGBM,test,1.349543286187705,2.100397975506296,0.4337978316574391,52.93421053799226,55.28318044952815
31278,18th & R St NW,outgoing_trips,LightGBM,val,1.2756707891661525,2.005787929131295,0.4954855982872576,51.25601169276004,52.26578598332936
31278,18th & R St NW,outgoing_trips,Linear Regression,test,1.3773607170870756,2.013597379914435,0.4796283583630661,55.06690381638948,56.42270377404216
31278,18th & R St NW,outgoing_trips,Linear Regression,val,1.3217834293011634,1.9304531841496289,0.5326716917767874,55.09118190756055,54.15507701428427
31278,18th & R St NW,outgoing_trips,Naive (same hour last week),test,1.7898161890626785,2.706206369994657,0.0600815596970245,82.96091702917637,73.31867926293144
31278,18th & R St NW,outgoing_trips,Naive (same hour last week),val,1.713195946715245,2.6198473498712813,0.1392926425071342,81.60442187898359,70.19172458832858
31278,18th & R St NW,outgoing_trips,Poisson,test,1.5070072841724975,2.185473234548186,0.3870016150304508,57.58992455936735,61.7335927512249
31278,18th & R St NW,outgoing_trips,Poisson,val,1.4619334065896348,2.13961040942637,0.4259193015162703,57.46520959492321,59.89719228472623
31278,18th & R St NW,outgoing_trips,Polynomial Regression,test,1.413232876903117,2.1268766530095355,0.4194321876715555,58.53657569960544,57.89218393412404
31278,18th & R St NW,outgoing_trips,Polynomial Regression,val,1.315522696614614,1.9633536121525488,0.5166067377246883,55.87206248963599,53.89856717062161
31278,18th & R St NW,outgoing_trips,Random Forest,test,1.411912832123495,2.02592365807644,0.4732379268543455,56.40956190661436,57.83810914119209
31278,18th & R St NW,outgoing_trips,Random Forest,val,1.3171839015771856,1.9125367599711864,0.541305931955223,54.02794929936088,53.96662876126519
31278,18th & R St NW,outgoing_trips,Soft Two-Stage,test,1.3798517552003362,2.105629398110275,0.4309738605726625,50.94324702430064,56.524747562434506
31278,18th & R St NW,outgoing_trips,Soft Two-Stage,val,1.3146212774087362,2.0186769615113542,0.4889808274813315,49.6513159943545,53.86163492783938
31278,18th & R St NW,outgoing_trips,XGBoost,test,1.367320577427457,2.0818242657450607,0.4437673484292344,49.61059689061243,56.011415852993615
31278,18th & R St NW,outgoing_trips,XGBoost,val,1.2986277166872844,2.007299759613906,0.4947247723874107,48.53245023618039,53.20635926512301
31281,8th & O St NW,incoming_trips,GAM,test,1.714850009079377,2.453476249911558,0.6360197249579479,61.47405715049024,50.16656500960644
31281,8th & O St NW,incoming_trips,GAM,val,1.5722440814340526,2.286210689239822,0.6685958819143387,56.2926138017411,46.41999383903215
31281,8th & O St NW,incoming_trips,HistGradientBoosting,test,1.5006387629590876,2.352867604122973,0.6652588433212521,50.19856960399293,43.899986389094046
31281,8th & O St NW,incoming_trips,HistGradientBoosting,val,1.4443175985510812,2.247924027690419,0.6796028401239478,49.87671476841488,42.64300614520017
31281,8th & O St NW,incoming_trips,LightGBM,test,1.500732781229061,2.339337689809157,0.6690975610955298,50.096310926010766,43.902736818360594
31281,8th & O St NW,incoming_trips,LightGBM,val,1.4428266980896316,2.238894591373358,0.6821716061667374,49.5308824741463,42.59898779521727
31281,8th & O St NW,incoming_trips,Linear Regression,test,1.5659668437805776,2.3825088865162454,0.6567716198997383,53.91666957204381,45.81110712626192
31281,8th & O St NW,incoming_trips,Linear Regression,val,1.5197450839925506,2.279833796374832,0.670442064532859,53.23265840908961,44.8699780580428
31281,8th & O St NW,incoming_trips,Naive (same hour last week),test,2.056855805457244,3.2139168208281608,0.3754267245174422,77.93816120710548,60.17167095287399
31281,8th & O St NW,incoming_trips,Naive (same hour last week),val,1.992371627006717,3.100337326884918,0.3905426809254576,75.59863494183593,58.82412263009278
31281,8th & O St NW,incoming_trips,Poisson,test,1.7204272831456908,2.5691711124929038,0.6008830311192934,51.65627091600196,50.32972370018739
31281,8th & O St NW,incoming_trips,Poisson,val,1.6432071964009762,2.417402358325284,0.6294700808337563,50.13550012779226,48.51515666932155
31281,8th & O St NW,incoming_trips,Polynomial Regression,test,1.6492686781853112,2.4454546474533365,0.6383958898822746,56.2651342240538,48.24803564418403
31281,8th & O St NW,incoming_trips,Polynomial Regression,val,1.5651639443414376,2.283421998324837,0.6694038739370067,55.44241926410095,46.21095510000956
31281,8th & O St NW,incoming_trips,Random Forest,test,1.538995914967786,2.308738847009012,0.6776974413751756,52.92655944261656,45.02209418256851
31281,8th & O St NW,incoming_trips,Random Forest,val,1.4812029162201092,2.2062696560234434,0.6913668419780119,52.2416557092521,43.73203312209634
31281,8th & O St NW,incoming_trips,Soft Two-Stage,test,1.5251006900112394,2.357222343977724,0.6640186038490783,49.4646799715572,44.61560049366569
31281,8th & O St NW,incoming_trips,Soft Two-Stage,val,1.4628609824470928,2.241222758803896,0.6815102597602292,49.00827041824306,43.19049350824532
31281,8th & O St NW,incoming_trips,XGBoost,test,1.532746676880427,2.344009188560257,0.6677746620749843,48.456673698760405,44.83927772217248
31281,8th & O St NW,incoming_trips,XGBoost,val,1.462329547645238,2.234726671123641,0.6833538417129186,48.37126771159284,43.17480306900674
31281,8th & O St NW,outgoing_trips,GAM,test,1.7451541962602095,2.429689449518111,0.5487266626384577,61.40097337955097,51.294649681352944
31281,8th & O St NW,outgoing_trips,GAM,val,1.6296561584336902,2.302589491174329,0.5853051343047284,58.87748092663587,47.85126383900475
31281,8th & O St NW,outgoing_trips,HistGradientBoosting,test,1.5893954862524151,2.4056695483875496,0.557605131544911,53.19752115127502,46.71649350364063
31281,8th & O St NW,outgoing_trips,HistGradientBoosting,val,1.5215913962169063,2.295465474088718,0.5878672263780687,53.6437123576029,44.67818010488463
31281,8th & O St NW,outgoing_trips,LightGBM,test,1.5894703388521858,2.4015491916460374,0.5591192743671237,52.88208969388452,46.71869361747079
31281,8th & O St NW,outgoing_trips,LightGBM,val,1.522242523099019,2.296992722264105,0.5873186331419811,53.30420723374411,44.697299011696586
31281,8th & O St NW,outgoing_trips,Linear Regression,test,1.6451218724351742,2.386090061002079,0.5647770357296,55.36389244942151,48.35443785456272
31281,8th & O St NW,outgoing_trips,Linear Regression,val,1.5923935402516267,2.2980558412750027,0.5869365414348191,56.344780674796304,46.75712912553503
31281,8th & O St NW,outgoing_trips,Naive (same hour last week),test,2.165087338737299,3.220446437954348,0.207187844920109,80.76282516140138,63.63758389261744
31281,8th & O St NW,outgoing_trips,Naive (same hour last week),val,2.1085050666059435,3.1476077927944925,0.2250800430737987,80.72865068236032,61.91160738165284
31281,8th & O St NW,outgoing_trips,Poisson,test,1.7783140227123704,2.5318388231729383,0.5099840131339106,54.41507429102917,52.269303774958566
31281,8th & O St NW,outgoing_trips,Poisson,val,1.7262682350466103,2.444042217200588,0.5327890327541809,55.22720622456114,50.68806468445567
31281,8th & O St NW,outgoing_trips,Polynomial Regression,test,1.72269577123576,2.5717255628995126,0.4944229137456142,59.473976194776334,50.63453778608732
31281,8th & O St NW,outgoing_trips,Polynomial Regression,val,1.633597822773764,2.420607779097834,0.5417056836930931,58.703014138898105,47.9670021309908
31281,8th & O St NW,outgoing_trips,Random Forest,test,1.6330311406855518,2.3728541203553912,0.5695921163274626,56.0916287130799,47.99905960155956
31281,8th & O St NW,outgoing_trips,Random Forest,val,1.5595298854506068,2.254497596914072,0.6024468715472294,56.62671129711492,45.79216028320634
31281,8th & O St NW,outgoing_trips,Soft Two-Stage,test,1.613968898294084,2.4121936966881328,0.5552023381360804,51.501394250688506,47.43877040321437
31281,8th & O St NW,outgoing_trips,Soft Two-Stage,val,1.53950556050305,2.2961336071174547,0.5876272754004987,51.87800214502859,45.20419008390708
31281,8th & O St NW,outgoing_trips,XGBoost,test,1.6174065434915212,2.4243165286247845,0.5507203125251912,50.52573736922598,47.53981179343032
31281,8th & O St NW,outgoing_trips,XGBoost,val,1.5452116382144108,2.3066326442628595,0.5838475172320279,51.53950683636975,45.371736488490136
31288,4th St & Madison Dr NW,incoming_trips,GAM,test,1.9242519291997984,3.1181526639260624,0.5470913793279419,88.80588573078853,66.46105145055613
31288,4th St & Madison Dr NW,incoming_trips,GAM,val,2.0280466806058577,3.2940189182360893,0.5948360237127902,80.78797173518343,60.05709563964143
31288,4th St & Madison Dr NW,incoming_trips,HistGradientBoosting,test,1.6078667892828344,2.96317197304807,0.590994118637923,74.3703831664366,55.533537883786856
31288,4th St & Madison Dr NW,incoming_trips,HistGradientBoosting,val,1.7552405657419918,3.219683005920495,0.6129163058451168,67.63380876244001,51.97841427193066
31288,4th St & Madison Dr NW,incoming_trips,LightGBM,test,1.616555986287607,2.9685178854873344,0.5895169974922709,74.11202989476786,55.83365096172379
31288,4th St & Madison Dr NW,incoming_trips,LightGBM,val,1.7536764691145104,3.221715868291956,0.6124273531811735,67.35108059347836,51.93209625487286
31288,4th St & Madison Dr NW,incoming_trips,Linear Regression,test,1.745512182210052,3.0571802992379866,0.5646305581514048,81.50506274088181,60.28762304407669
31288,4th St & Madison Dr NW,incoming_trips,Linear Regression,val,1.9309242008223264,3.331936331628944,0.58545466270823,77.04327959449138,57.180981340646994
31288,4th St & Madison Dr NW,incoming_trips,Naive (same hour last week),test,2.316017810252312,4.28134865911508,0.1461589468075665,107.5252029711368,79.99211356466877
31288,4th St & Madison Dr NW,incoming_trips,Naive (same hour last week),val,2.558465216896277,4.623438250831391,0.2018054283815312,103.60929944047923,75.76452341616373
31288,4th St & Madison Dr NW,incoming_trips,Poisson,test,1.9821997034374608,3.187354273695242,0.5267653736060673,74.79181430504043,68.46248896848866
31288,4th St & Madison Dr NW,incoming_trips,Poisson,val,2.1293770448631206,3.4914836584884608,0.5448037517609776,69.43050977249715,63.057819161242094
31288,4th St & Madison Dr NW,incoming_trips,Polynomial Regression,test,2.0544951102227684,3.2190806459150734,0.5172974951870881,85.77342597474579,70.95947425252851
31288,4th St & Madison Dr NW,incoming_trips,Polynomial Regression,val,2.0002389278872954,3.2793472874513063,0.5984372039949579,74.84296927916839,59.23361712678821
31288,4th St & Madison Dr NW,incoming_trips,Random Forest,test,1.8036667740904049,3.060017081940819,0.5638222175323653,82.30865324905014,62.29620376284642
31288,4th St & Madison Dr NW,incoming_trips,Random Forest,val,1.9013790975614515,3.2528003541055237,0.604912341539479,73.31923254984342,56.30605419563109
31288,4th St & Madison Dr NW,incoming_trips,Soft Two-Stage,test,1.635318725865477,2.945544659948822,0.5958458318319864,70.49461579187634,56.48169053570865
31288,4th St & Madison Dr NW,incoming_trips,Soft Two-Stage,val,1.7762709556733711,3.198568723093133,0.6179765529797256,64.39152640764533,52.60119290495033
31288,4th St & Madison Dr NW,incoming_trips,XGBoost,test,1.6520413938961775,2.957258213728766,0.5926250389749448,71.12840107816182,57.05926880574377
31288,4th St & Madison Dr NW,incoming_trips,XGBoost,val,1.7610557111933345,3.1991606567318938,0.6178351438227319,63.863118165921136,52.150619749185935
31288,4th St & Madison Dr NW,outgoing_trips,GAM,test,1.94388656595828,3.2002502457199657,0.6028626470271792,87.986891778047,67.29842858193112
31288,4th St & Madison Dr NW,outgoing_trips,GAM,val,1.9990284962530005,3.3478536768900167,0.6395791167852862,80.3824681609835,59.283722591133525
31288,4th St & Madison Dr NW,outgoing_trips,HistGradientBoosting,test,1.569738742855775,3.046342955992313,0.6401425928229987,70.72642842137662,54.34522390780132
31288,4th St & Madison Dr NW,outgoing_trips,HistGradientBoosting,val,1.6962788700151357,3.2637785699137067,0.6574544080846361,65.69708140668321,50.305298876765725
31288,4th St & Madison Dr NW,outgoing_trips,LightGBM,test,1.573628214213148,3.046440440506225,0.640119561216761,71.25812463758557,54.47987955847021
31288,4th St & Madison Dr NW,outgoing_trips,LightGBM,val,1.6933317683781954,3.263745453273921,0.6574613594762104,65.95586165621097,50.21789884408998
31288,4th St & Madison Dr NW,outgoing_trips,Linear Regression,test,1.7018873273472352,3.1276028574065227,0.6206884561694812,79.04568666011187,58.9202810285946
31288,4th St & Madison Dr NW,outgoing_trips,Linear Regression,val,1.8699708905657983,3.37389702618617,0.6339497927638024,76.89121001734426,55.45635579362306
31288,4th St & Madison Dr NW,outgoing_trips,Naive (same hour last week),test,2.268866308939377,4.430856835155118,0.2387132111314354,101.25194334399386,78.5494071146245
31288,4th St & Madison Dr NW,outgoing_trips,Naive (same hour last week),val,2.5560742343162928,4.8584190283317445,0.2409560059595779,104.96837809740364,75.80361966504591
31288,4th St & Madison Dr NW,outgoing_trips,Poisson,test,1.8825512494039036,3.197419256614674,0.603564963502929,68.32329226439893,65.17496598232722
31288,4th St & Madison Dr NW,outgoing_trips,Poisson,val,2.0141099411212187,3.4989503582260246,0.606311642202861,62.98284524646598,59.730981945123126
31288,4th St & Madison Dr NW,outgoing_trips,Polynomial Regression,test,2.17930042170527,3.4526620667877546,0.5377456525633859,87.29780661737766,75.44858653642869
31288,4th St & Madison Dr NW,outgoing_trips,Polynomial Regression,val,2.020396060852792,3.3691450971512675,0.634980185596463,77.49728694437998,59.91740478953968
31288,4th St & Madison Dr NW,outgoing_trips,Random Forest,test,1.780825917503129,3.140762430303926,0.6174897897666924,82.34881927813832,61.65317870122491
31288,4th St & Madison Dr NW,outgoing_trips,Random Forest,val,1.8148171165563955,3.2469244695857964,0.6609830734281934,71.65170406768033,53.820700752008456
31288,4th St & Madison Dr NW,outgoing_trips,Soft Two-Stage,test,1.5926389592826171,3.0018367074975707,0.6505806225553268,67.5714173323224,55.13804207255512
31288,4th St & Madison Dr NW,outgoing_trips,Soft Two-Stage,val,1.7147326495734114,3.2226940096014367,0.666024080880204,62.73319667954086,50.85256908834168
31288,4th St & Madison Dr NW,outgoing_trips,XGBoost,test,1.5919254592178556,3.033916080508891,0.6430725204051928,67.99489714813521,55.1133403054909
31288,4th St & Madison Dr NW,outgoing_trips,XGBoost,val,1.6897918288172398,3.2190609669256016,0.6667766592140116,62.50708430125409,50.11291745172143
31289,Henry Bacon Dr & Lincoln Memorial Circle NW,incoming_trips,GAM,test,1.652890417466632,2.6913801515016096,0.4111172685716517,82.98781591870699,79.19949215858986
31289,Henry Bacon Dr & Lincoln Memorial Circle NW,incoming_trips,GAM,val,1.82513085908419,2.895892074914165,0.5015588198479112,79.74900197777453,66.2046187392576
31289,Henry Bacon Dr & Lincoln Memorial Circle NW,incoming_trips,HistGradientBoosting,test,1.517700911642652,2.603409138119314,0.4489848009308156,78.61081316166258,72.72178492931064
31289,Henry Bacon Dr & Lincoln Memorial Circle NW,incoming_trips,HistGradientBoosting,val,1.6835956300686186,2.8249030189623165,0.5256965798116875,73.86071606416593,61.07058364883606
31289,Henry Bacon Dr & Lincoln Memorial Circle NW,incoming_trips,LightGBM,test,1.5017223570506082,2.581792077213232,0.4580973732711554,77.83171205144941,71.9561604234479
31289,Henry Bacon Dr & Lincoln Memorial Circle NW,incoming_trips,LightGBM,val,1.6824764237196688,2.8288477599718296,0.5243710047455861,73.69503257592937,61.029985666913845
31289,Henry Bacon Dr & Lincoln Memorial Circle NW,incoming_trips,Linear Regression,test,1.6200978959494567,2.687788360997508,0.4126880106429237,80.67215594787817,77.62821373425214
31289,Henry Bacon Dr & Lincoln Memorial Circle NW,incoming_trips,Linear Regression,val,1.8268708279559132,2.9302279193286886,0.4896689711453812,80.77595406091656,66.26773420037495
31289,Henry Bacon Dr & Lincoln Memorial Circle NW,incoming_trips,Naive (same hour last week),test,2.120105034821327,3.694338012222998,-0.1095630501774567,104.48751916443712,101.58643326039387
31289,Henry Bacon Dr & Lincoln Memorial Circle NW,incoming_trips,Naive (same hour last week),val,2.4176249573038824,4.088957312110493,0.0062564471179267,104.75632999905926,87.69669185974477
31289,Henry Bacon Dr & Lincoln Memorial Circle NW,incoming_trips,Poisson,test,1.9285993138898412,2.8706443162849355,0.3300575473659601,75.04346486578088,92.4102920698092
31289,Henry Bacon Dr & Lincoln Memorial Circle NW,incoming_trips,Poisson,val,2.028550599246211,3.068531470649623,0.4403579557421372,73.62768750307363,73.58344655011551
31289,Henry Bacon Dr & Lincoln Memorial Circle NW,incoming_trips,Polynomial Regression,test,1.7762503005588195,2.807056238671836,0.3594088180886848,80.69366117939883,85.11037408421609
31289,Henry Bacon Dr & Lincoln Memorial Circle NW,incoming_trips,Polynomial Regression,val,1.8514698392284383,2.927378471715408,0.4906610130858105,75.52682589970192,67.16003633561878
31289,Henry Bacon Dr & Lincoln Memorial Circle NW,incoming_trips,Random Forest,test,1.864781887895709,2.859688259747716,0.3351615727025139,82.71494974607883,89.35243192603126
31289,Henry Bacon Dr & Lincoln Memorial Circle NW,incoming_trips,Random Forest,val,1.861067316577564,2.859491914014725,0.5140104662286031,75.78960507324139,67.50817429273839
31289,Henry Bacon Dr & Lincoln Memorial Circle NW,incoming_trips,Soft Two-Stage,test,1.5601870146311714,2.566256407423784,0.4645994387519392,73.30169476711848,74.75753862775947
31289,Henry Bacon Dr & Lincoln Memorial Circle NW,incoming_trips,Soft Two-Stage,val,1.708607752478445,2.792026973561618,0.5366721667296328,68.42003587815762,61.977870937175005
31289,Henry Bacon Dr & Lincoln Memorial Circle NW,incoming_trips,XGBoost,test,1.7807212592646866,2.9464957005452748,0.2941858640530492,74.64088316493998,85.3246034458391
31289,Henry Bacon Dr & Lincoln Memorial Circle NW,incoming_trips,XGBoost,val,1.6898916665418244,2.793812400285951,0.5360794056984817,68.18496221057481,61.2989654616811
31289,Henry Bacon Dr & Lincoln Memorial Circle NW,outgoing_trips,GAM,test,1.6895705531514074,2.7978660360421856,0.4132344821610617,85.7604636151198,82.32614861511559
31289,Henry Bacon Dr & Lincoln Memorial Circle NW,outgoing_trips,GAM,val,1.808171324818671,2.947801676874134,0.52756859755066,81.479293733508,66.09442627718656
31289,Henry Bacon Dr & Lincoln Memorial Circle NW,outgoing_trips,HistGradientBoosting,test,1.455480807237039,2.631844664840427,0.4808040962387362,78.81669855972612,70.91987311186708
31289,Henry Bacon Dr & Lincoln Memorial Circle NW,outgoing_trips,HistGradientBoosting,val,1.661683083839693,2.9099318240661955,0.5396291016557049,75.09568254506489,60.73981407259873
31289,Henry Bacon Dr & Lincoln Memorial Circle NW,outgoing_trips,LightGBM,test,1.4569012166336248,2.6253072612691786,0.4833802191204398,78.3450204293296,70.9890840926453
31289,Henry Bacon Dr & Lincoln Memorial Circle NW,outgoing_trips,LightGBM,val,1.656922587020632,2.904846740502715,0.5412366850415107,74.40270603910845,60.56580273764863
31289,Henry Bacon Dr & Lincoln Memorial Circle NW,outgoing_trips,Linear Regression,test,1.5932092941511646,2.739942685395752,0.4372782418401323,81.70484613231237,77.63084227564559
31289,Henry Bacon Dr & Lincoln Memorial Circle NW,outgoing_trips,Linear Regression,val,1.798929325816085,2.9938812680993694,0.5126832038509943,82.01794405180121,65.7566017506354
31289,Henry Bacon Dr & Lincoln Memorial Circle NW,outgoing_trips,Naive (same hour last week),test,2.076378582029912,3.776508468399924,-0.0690343919205196,106.67545155543613,101.1737872719181
31289,Henry Bacon Dr & Lincoln Memorial Circle NW,outgoing_trips,Naive (same hour last week),val,2.361493794830924,4.151231420247705,0.0630937762660482,105.0184540617288,86.32012651906109
31289,Henry Bacon Dr & Lincoln Memorial Circle NW,outgoing_trips,Poisson,test,1.901748307223343,2.9246409104301856,0.3588556008749853,75.15261615947993,92.6647386680533
31289,Henry Bacon Dr & Lincoln Memorial Circle NW,outgoing_trips,Poisson,val,2.029925538689524,3.1730730118018164,0.452603060733974,75.8964588081594,74.2002497349346
31289,Henry Bacon Dr & Lincoln Memorial Circle NW,outgoing_trips,Polynomial Regression,test,1.7753637472980563,3.03620062353484,0.3090101284445274,82.48027770532408,86.50651458936179
31289,Henry Bacon Dr & Lincoln Memorial Circle NW,outgoing_trips,Polynomial Regression,val,1.8454580143743973,2.983754828810709,0.5159742083071531,78.31442264491999,67.45737364845318
31289,Henry Bacon Dr & Lincoln Memorial Circle NW,outgoing_trips,Random Forest,test,1.8193685307227256,2.91790239844812,0.3618066517500686,85.03338359007633,88.65069515242743
31289,Henry Bacon Dr & Lincoln Memorial Circle NW,outgoing_trips,Random Forest,val,1.8337009308566987,2.945988563846514,0.528149578360986,78.83489904509398,67.02761476491753
31289,Henry Bacon Dr & Lincoln Memorial Circle NW,outgoing_trips,Soft Two-Stage,test,1.5487128860622144,2.627488938548895,0.4825212217954577,75.28153403610936,75.4627067702433
31289,Henry Bacon Dr & Lincoln Memorial Circle NW,outgoing_trips,Soft Two-Stage,val,1.679107338804688,2.851519297735908,0.5579261108318945,69.79285267628424,61.37672613917752
31289,Henry Bacon Dr & Lincoln Memorial Circle NW,outgoing_trips,XGBoost,test,1.829485500152077,3.227955799359604,0.2189732477574781,77.1443158960304,89.14365540627529
31289,Henry Bacon Dr & Lincoln Memorial Circle NW,outgoing_trips,XGBoost,val,1.6742826563986102,2.8843692524511604,0.547681918733133,70.12020873582401,61.20036861640167
31290,17th St & Independence Ave SW,incoming_trips,GAM,test,1.6668295173979737,2.8169975457678893,0.2803839509892865,100.09605766006608,108.79916344652248
31290,17th St & Independence Ave SW,incoming_trips,GAM,val,1.5935773978111822,2.685536028719871,0.4656889154526491,84.74772931155859,82.72098277172348
31290,17th St & Independence Ave SW,incoming_trips,HistGradientBoosting,test,1.5320242036762188,3.657112518324568,-0.2128428944977549,100.0,100.0
31290,17th St & Independence Ave SW,incoming_trips,HistGradientBoosting,val,1.926448821587157,4.148391742301098,-0.2749458503813782,100.0,100.0
31290,17th St & Independence Ave SW,incoming_trips,LightGBM,test,1.1468867192298686,2.4450713266275383,0.4578606026474933,79.17906251187483,74.86087468316877
31290,17th St & Independence Ave SW,incoming_trips,LightGBM,val,1.290711576097059,2.6058749970871453,0.4969173088600165,72.87316387312234,66.99952584432903
31290,17th St & Independence Ave SW,incoming_trips,Linear Regression,test,1.2847876679035473,2.532314305509346,0.4184820564013753,82.14738881069698,83.86209988201185
31290,17th St & Independence Ave SW,incoming_trips,Linear Regression,val,1.4423903303753831,2.6425630700902984,0.4826518023619962,80.22667635177511,74.87301579011225
31290,17th St & Independence Ave SW,incoming_trips,Naive (same hour last week),test,1.6934581573238954,3.6044745188008407,-0.1781804788082497,110.87266773570306,110.53729786124153
31290,17th St & Independence Ave SW,incoming_trips,Naive (same hour last week),val,1.8640555618809065,3.63425202370886,0.0214966891547265,108.1379712427815,96.7612293144208
31290,17th St & Independence Ave SW,incoming_trips,Poisson,test,1.5402866351863285,2.6758167004528195,0.3507071459519867,76.22078328081035,100.53931468512592
31290,17th St & Independence Ave SW,incoming_trips,Poisson,val,1.6280651111864566,2.7759097824949936,0.4291225186220734,71.47620692094553,84.51120491460195
31290,17th St & Independence Ave SW,incoming_trips,Polynomial Regression,test,1.3194563750407402,2.5631674954357924,0.404225546151041,81.99374761133411,86.12503457024997
31290,17th St & Independence Ave SW,incoming_trips,Polynomial Regression,val,1.4337453720639457,2.590860613122874,0.5026978747739126,76.02199039344595,74.42426479218459
31290,17th St & Independence Ave SW,incoming_trips,Random Forest,test,1.4487244592120403,2.6168560183411795,0.3790057779781765,86.55368238419562,94.56276576673568
31290,17th St & Independence Ave SW,incoming_trips,Random Forest,val,1.4484196273528502,2.56958857114144,0.5108304652741052,74.95935418718457,75.18599046713997
31290,17th St & Independence Ave SW,incoming_trips,Soft Two-Stage,test,1.2253870122846502,2.394995002012197,0.4798397915990979,73.25234366582757,79.98483374768054
31290,17th St & Independence Ave SW,incoming_trips,Soft Two-Stage,val,1.3426297910076397,2.531235285366144,0.5253240268714803,66.50042084823649,69.69454760295567
31290,17th St & Independence Ave SW,incoming_trips,XGBoost,test,1.1783451846373587,2.410504694195033,0.4730809909680452,76.15902155135646,76.9142668771043
31290,17th St & Independence Ave SW,incoming_trips,XGBoost,val,1.2978750647291002,2.565116775590667,0.5125315646447494,70.79740551443582,67.37137525718491
31290,17th St & Independence Ave SW,outgoing_trips,GAM,test,1.5947820025265296,2.8099247099564884,0.320991900201137,96.11063570806888,102.74121477000494
31290,17th St & Independence Ave SW,outgoing_trips,GAM,val,1.571215596322157,2.722199013872129,0.4824956296657838,83.91939372621205,80.81983357245977
31290,17th St & Independence Ave SW,outgoing_trips,HistGradientBoosting,test,1.552231989953191,3.7466886091236256,-0.2072043397802045,100.0,100.0
31290,17th St & Independence Ave SW,outgoing_trips,HistGradientBoosting,val,1.944096550153706,4.254285032327525,-0.2639428709769549,100.0,100.0
31290,17th St & Independence Ave SW,outgoing_trips,LightGBM,test,1.1537000479146278,2.4968092878282397,0.4638870098006112,77.54867585181682,74.32523330159036
31290,17th St & Independence Ave SW,outgoing_trips,LightGBM,val,1.303353372417992,2.6819363953389117,0.497690693047088,71.23818249383693,67.04159689573777
31290,17th St & Independence Ave SW,outgoing_trips,Linear Regression,test,1.290150940514086,2.590759093977918,0.4227822858402671,81.72774296144748,83.11585825215417
31290,17th St & Independence Ave SW,outgoing_trips,Linear Regression,val,1.4444546821968458,2.7026300652474826,0.4899092071248421,80.10265979651223,74.29953425320585
31290,17th St & Independence Ave SW,outgoing_trips,Naive (same hour last week),test,1.682954675191232,3.6875484365439215,-0.1693945223455646,108.54569847495613,108.42159458664314
31290,17th St & Independence Ave SW,outgoing_trips,Naive (same hour last week),val,1.843675281794376,3.666425145320309,0.0612284434262304,106.16880603896554,94.8345534407028
31290,17th St & Independence Ave SW,outgoing_trips,Poisson,test,1.5363423526924442,2.7200111921677603,0.3637512088645781,75.86820895015519,98.97633618147336
31290,17th St & Independence Ave SW,outgoing_trips,Poisson,val,1.6401294201642058,2.867430218740953,0.4258042248428223,72.45681980124905,84.36460730484463
31290,17th St & Independence Ave SW,outgoing_trips,Polynomial Regression,test,1.2881126217860794,2.5998267492928804,0.4187346916011285,79.30961130109894,82.98454291132884
31290,17th St & Independence Ave SW,outgoing_trips,Polynomial Regression,val,1.397056161652748,2.6043173262023784,0.5263450529298949,75.3348720754002,71.86145984067986
31290,17th St & Independence Ave SW,outgoing_trips,Random Forest,test,1.4365147328763592,2.642971296807374,0.3992822269134833,83.62352232382867,92.5451055109152
31290,17th St & Independence Ave SW,outgoing_trips,Random Forest,val,1.4664342850460228,2.646576532094584,0.510848723208289,75.09808745012657,75.43011610869235
31290,17th St & Independence Ave SW,outgoing_trips,Soft Two-Stage,test,1.2233468706923651,2.473649398988691,0.4737866298617602,71.92460970023485,78.81211562514288
31290,17th St & Independence Ave SW,outgoing_trips,Soft Two-Stage,val,1.3529456393048247,2.636349626248057,0.5146217776801951,65.76942587750663,69.59251273800454
31290,17th St & Independence Ave SW,outgoing_trips,XGBoost,test,1.2034835109519395,2.5115610704605777,0.4575333123758133,74.44619889207169,77.53245125351602
31290,17th St & Independence Ave SW,outgoing_trips,XGBoost,val,1.3101801341651134,2.6518428158581155,0.5089001135016731,68.61341980816303,67.39275032721635
31321,15th St & Constitution Ave NW,incoming_trips,GAM,test,1.5651988471233913,2.4491260926809173,0.2713284735579918,89.98244676252799,90.83400716858004
31321,15th St & Constitution Ave NW,incoming_trips,GAM,val,1.5385023300148946,2.424688711642987,0.344708295024593,78.98082647677735,84.22780006557888
31321,15th St & Constitution Ave NW,incoming_trips,HistGradientBoosting,test,1.228198379207662,2.254865085737638,0.3823383560771121,77.41835092351903,71.27668192857558
31321,15th St & Constitution Ave NW,incoming_trips,HistGradientBoosting,val,1.329697528639213,2.393412964013841,0.3615043137437855,75.78882597167879,72.79644327144678
31321,15th St & Constitution Ave NW,incoming_trips,LightGBM,test,1.222849994926993,2.224072463905813,0.3990928449859326,73.49056397341936,70.96629633317123
31321,15th St & Constitution Ave NW,incoming_trips,LightGBM,val,1.283588020933191,2.3095425031592707,0.4054688589676927,70.31302077242924,70.27210364555391
31321,15th St & Constitution Ave NW,incoming_trips,Linear Regression,test,1.305567846507753,2.2338121086939355,0.3938183431702176,75.26658697891813,75.76670488015243
31321,15th St & Constitution Ave NW,incoming_trips,Linear Regression,val,1.4312404237095042,2.363965624422397,0.3771191152416051,75.05752653413148,78.35557340547638
31321,15th St & Constitution Ave NW,incoming_trips,Naive (same hour last week),test,1.669711154241352,3.0493711205880807,-0.1296140222308874,100.33086516985092,96.89922480620154
31321,15th St & Constitution Ave NW,incoming_trips,Naive (same hour last week),val,1.844358419674371,3.2777771881263846,-0.1975166105372301,101.84274057818416,100.97238671071496
31321,15th St & Constitution Ave NW,incoming_trips,Poisson,test,1.5316683902634305,2.3185096504754186,0.3469787337315337,69.68221295917665,88.88811654619616
31321,15th St & Constitution Ave NW,incoming_trips,Poisson,val,1.629204182706282,2.461929857882076,0.3244242684933419,67.58506930704688,89.1934197887507
31321,15th St & Constitution Ave NW,incoming_trips,Polynomial Regression,test,1.408083033000475,2.469611501183418,0.2590877302176347,73.96890665279213,81.71602256709177
31321,15th St & Constitution Ave NW,incoming_trips,Polynomial Regression,val,1.4923473259828306,2.409877841133401,0.3526893594651193,73.09697733761675,81.70096966968273
31321,15th St & Constitution Ave NW,incoming_trips,Random Forest,test,1.4806008846429837,2.357383075506314,0.3248973210325288,82.06953695251062,85.92448915780754
31321,15th St & Constitution Ave NW,incoming_trips,Random Forest,val,1.4985553633082689,2.340425339819852,0.3894626005833561,74.64698918287827,82.04083872054181
31321,15th St & Constitution Ave NW,incoming_trips,Soft Two-Stage,test,1.2679187769192646,2.1962228111646187,0.4140476437803264,66.97971723395135,73.58179664106433
31321,15th St & Constitution Ave NW,incoming_trips,Soft Two-Stage,val,1.3369096220395733,2.275196938789985,0.4230201070749158,64.00128801168535,73.19128099715498
31321,15th St & Constitution Ave NW,incoming_trips,XGBoost,test,1.222467768197539,2.208629636572292,0.4074086609608416,69.40664728843518,70.9441143685301
31321,15th St & Constitution Ave NW,incoming_trips,XGBoost,val,1.3158423138099549,2.316283013345359,0.4019934596937106,66.80222290685217,72.03791711146815
31321,15th St & Constitution Ave NW,outgoing_trips,GAM,test,1.4276208828658616,2.353745455059397,0.3979938949301236,84.85396174405541,84.67888747221562
31321,15th St & Constitution Ave NW,outgoing_trips,GAM,val,1.4586404156074806,2.4269720149246004,0.403356720638192,79.5650327689861,83.9200757911732
31321,15th St & Constitution Ave NW,outgoing_trips,HistGradientBoosting,test,1.1352617777371874,2.2431228194278425,0.4532509794900752,77.94830574729441,67.3376983219342
31321,15th St & Constitution Ave NW,outgoing_trips,HistGradientBoosting,val,1.206666976060485,2.378640807831284,0.4268834542804952,77.96005046575843,69.42326772395676
31321,15th St & Constitution Ave NW,outgoing_trips,LightGBM,test,1.1205194892151682,2.1995579492387765,0.4742821497309455,75.47411133888473,66.4632640755445
31321,15th St & Constitution Ave NW,outgoing_trips,LightGBM,val,1.1779985979504484,2.2963104993873444,0.4658706546563459,73.9945525179151,67.77388763132967
31321,15th St & Constitution Ave NW,outgoing_trips,Linear Regression,test,1.2002922150687887,2.2168328826128976,0.4659919348525905,73.32584950251609,71.19495843290797
31321,15th St & Constitution Ave NW,outgoing_trips,Linear Regression,val,1.3441359306517615,2.392240354973742,0.4203112922552601,76.25690499211692,77.33228009245657
31321,15th St & Constitution Ave NW,outgoing_trips,Naive (same hour last week),test,1.5870533165886516,3.0827347917223507,-0.0326525801312409,98.8823817993918,94.13557256043882
31321,15th St & Constitution Ave NW,outgoing_trips,Naive (same hour last week),val,1.7417738813617214,3.329353577018533,-0.1228068543502507,102.19995660703036,100.20961614044282
31321,15th St & Constitution Ave NW,outgoing_trips,Poisson,test,1.3803750500554606,2.271201358504823,0.4394773258615643,65.52992628952482,81.87651563239507
31321,15th St & Constitution Ave NW,outgoing_trips,Poisson,val,1.4986267404040603,2.450944554144065,0.391511760004949,65.82911887801163,86.22061221648674
31321,15th St & Constitution Ave NW,outgoing_trips,Polynomial Regression,test,1.3351304943956566,2.405416977811411,0.3712722188741354,73.81135009422908,79.19284892267594
31321,15th St & Constitution Ave NW,outgoing_trips,Polynomial Regression,val,1.4276929879579878,2.452963071098013,0.3905090856709682,74.28393749564009,82.13957495896113
31321,15th St & Constitution Ave NW,outgoing_trips,Random Forest,test,1.3166664642823251,2.267912262819911,0.4410996195129246,79.45686730699147,78.09766073440025
31321,15th St & Constitution Ave NW,outgoing_trips,Random Forest,val,1.3607538751094848,2.3202800086224573,0.4546616845131348,75.53932132868214,78.28836162116208
31321,15th St & Constitution Ave NW,outgoing_trips,Soft Two-Stage,test,1.1633415192486922,2.1666353551039426,0.4899020736466453,67.25123026169221,69.00323943319087
31321,15th St & Constitution Ave NW,outgoing_trips,Soft Two-Stage,val,1.228414005278885,2.260981348425934,0.4821795767441948,67.01102781731947,70.67444129676697
31321,15th St & Constitution Ave NW,outgoing_trips,XGBoost,test,1.121932240830242,2.184142173920208,0.4816253963879423,70.57592587656674,66.54706099703452
31321,15th St & Constitution Ave NW,outgoing_trips,XGBoost,val,1.209236678634862,2.303274649740315,0.4626259735660308,70.48644167971905,69.5711106278658
31324,18th & New Hampshire Ave NW,incoming_trips,GAM,test,1.7032317502461696,2.516378427645652,0.4586743658356499,58.6077076136353,53.71042230849006
31324,18th & New Hampshire Ave NW,incoming_trips,GAM,val,1.5223009643100105,2.2194011998806813,0.5189107757993358,57.41374424927673,52.0288324754254
31324,18th & New Hampshire Ave NW,incoming_trips,HistGradientBoosting,test,1.7802486666171482,2.7534301470141607,0.351880911117905,62.61585184140169,56.13910595801988
31324,18th & New Hampshire Ave NW,incoming_trips,HistGradientBoosting,val,1.6533581094344096,2.5873914359177,0.3461497877790451,63.14255142392011,56.50807173773219
31324,18th & New Hampshire Ave NW,incoming_trips,LightGBM,test,1.5490096798991124,2.380951334938098,0.5153728685315266,53.600048161998096,48.84711904606972
31324,18th & New Hampshire Ave NW,incoming_trips,LightGBM,val,1.4180548590520277,2.195108985612129,0.5293845600277582,54.09467780563465,48.46593441923091
31324,18th & New Hampshire Ave NW,incoming_trips,Linear Regression,test,1.6052500591203207,2.2984203465090456,0.548387866541641,56.3565107367298,50.62062668431339
31324,18th & New Hampshire Ave NW,incoming_trips,Linear Regression,val,1.5094671568092362,2.1701960277069534,0.5400062564510204,57.342626943088405,51.59020172097253
31324,18th & New Hampshire Ave NW,incoming_trips,Naive (same hour last week),test,2.0152985500627927,3.005987859169755,0.2275308734678606,79.61349679577945,63.55126728110599
31324,18th & New Hampshire Ave NW,incoming_trips,Naive (same hour last week),val,1.9193897301605372,2.8871128656631635,0.1858929409804246,82.84372994824726,65.60043583158223
31324,18th & New Hampshire Ave NW,incoming_trips,Poisson,test,2.1770128184263213,3.364160099716456,0.0324798965018939,78.22390597793924,68.65083264903568
31324,18th & New Hampshire Ave NW,incoming_trips,Poisson,val,1.8144627477197253,2.684649444656172,0.2960705005315573,67.40837171561259,62.01426692046987
31324,18th & New Hampshire Ave NW,incoming_trips,Polynomial Regression,test,1.552273390611845,2.3181638232543342,0.5405958282677559,57.22941529674858,48.95003826457788
31324,18th & New Hampshire Ave NW,incoming_trips,Polynomial Regression,val,1.4676507779498709,2.1987769767217915,0.5278104646199905,58.8736606631452,50.161011684698096
31324,18th & New Hampshire Ave NW,incoming_trips,Random Forest,test,1.5996727832691795,2.310220017353267,0.5437389751696955,56.73715552074232,50.44475053519133
31324,18th & New Hampshire Ave NW,incoming_trips,Random Forest,val,1.4683358433735636,2.155826065409818,0.5460777894267193,56.43520621030304,50.18442568429453
31324,18th & New Hampshire Ave NW,incoming_trips,Soft Two-Stage,test,1.574211268774948,2.3894016048882785,0.5119267692794949,50.79368201150536,49.64183648905448
31324,18th & New Hampshire Ave NW,incoming_trips,Soft Two-Stage,val,1.449592792362446,2.2130708820427905,0.521651248758918,51.38378168856443,49.54383024095013
31324,18th & New Hampshire Ave NW,incoming_trips,XGBoost,test,1.6030160597437266,2.3284138459906805,0.5365242319195325,56.134299123986864,50.55017881370716
31324,18th & New Hampshire Ave NW,incoming_trips,XGBoost,val,1.4670952374224944,2.188364844466198,0.5322719075933275,55.46574935055819,50.1420245555365
31324,18th & New Hampshire Ave NW,outgoing_trips,GAM,test,1.7501847038314344,2.573323080396045,0.4869490410916298,63.322488290988574,54.57605404556778
31324,18th & New Hampshire Ave NW,outgoing_trips,GAM,val,1.5256026458201464,2.222251522195634,0.5516027268355546,57.51324747569244,51.73301431696979
31324,18th & New Hampshire Ave NW,outgoing_trips,HistGradientBoosting,test,1.54415177736595,2.4023761234473384,0.5528493371187418,54.809849946306,48.15132406973676
31324,18th & New Hampshire Ave NW,outgoing_trips,HistGradientBoosting,val,1.427662002035255,2.203026087012665,0.5593276334439286,54.53609537464897,48.4118580899411
31324,18th & New Hampshire Ave NW,outgoing_trips,LightGBM,test,1.5433995919593575,2.395872637627303,0.5552670283238572,56.20413877399304,48.12786865310981
31324,18th & New Hampshire Ave NW,outgoing_trips,LightGBM,val,1.408679134250464,2.1667603216151816,0.5737167322731418,55.25539085898785,47.76815117610064
31324,18th & New Hampshire Ave NW,outgoing_trips,Linear Regression,test,1.6045725490644571,2.345872257026521,0.5736359375756181,59.2459904206011,50.035426527308125
31324,18th & New Hampshire Ave NW,outgoing_trips,Linear Regression,val,1.4915050897298352,2.1828622175249275,0.5673574936244972,57.033311401579645,50.57677002083758
31324,18th & New Hampshire Ave NW,outgoing_trips,Naive (same hour last week),test,2.068386802146364,3.135647746595516,0.2382255350073802,82.78625916505332,64.49855815443767
31324,18th & New Hampshire Ave NW,outgoing_trips,Naive (same hour last week),val,1.9423887054537172,2.933084218942462,0.2188658864567796,81.34017685611815,65.86618277286591
31324,18th & New Hampshire Ave NW,outgoing_trips,Poisson,test,2.202550934035852,3.5023062262077658,0.0496576008896719,78.8122328007733,68.68220168471653
31324,18th & New Hampshire Ave NW,outgoing_trips,Poisson,val,1.789355633131398,2.7218475912634705,0.3273267695169747,65.73609451728176,60.67684848381557
31324,18th & New Hampshire Ave NW,outgoing_trips,Polynomial Regression,test,1.5691130888778402,2.3761725254968646,0.5625506120434094,59.77559012111625,48.92969328022002
31324,18th & New Hampshire Ave NW,outgoing_trips,Polynomial Regression,val,1.4624308113702935,2.1723144272855395,0.5715285282704309,58.74727551549916,49.59086450818612
31324,18th & New Hampshire Ave NW,outgoing_trips,Random Forest,test,1.5467954831449506,2.3053579575429186,0.5882357757774967,56.98505882613675,48.2337628141501
31324,18th & New Hampshire Ave NW,outgoing_trips,Random Forest,val,1.4333058780977737,2.1243814510878685,0.5902286980243638,54.898285625415234,48.6032412931267
31324,18th & New Hampshire Ave NW,outgoing_trips,Soft Two-Stage,test,1.5534000166573487,2.3988195715465106,0.5541723084462586,52.97719228247598,48.43971215031407
31324,18th & New Hampshire Ave NW,outgoing_trips,Soft Two-Stage,val,1.4209105147031147,2.16531612400775,0.5742847988938118,51.940443807786906,48.18291591304373
31324,18th & New Hampshire Ave NW,outgoing_trips,XGBoost,test,1.5558828444407051,2.391583291397158,0.5568580194800639,52.337262235434025,48.51713423210558
31324,18th & New Hampshire Ave NW,outgoing_trips,XGBoost,val,1.4127145410712747,2.166379693878587,0.5738664867081846,51.22634487848256,47.90499136801284
31600,5th & K St NW,incoming_trips,GAM,test,2.52329712786607,3.657481578748263,0.509119155642142,61.25229699906035,49.76595785498842
31600,5th & K St NW,incoming_trips,GAM,val,2.1869236614331395,3.1830466481349164,0.5689507827191056,60.68325402786942,47.19233070039376
31600,5th & K St NW,incoming_trips,HistGradientBoosting,test,2.1287972970559075,3.23426641624264,0.6161483847566056,50.111514870202015,41.98539894375874
31600,5th & K St NW,incoming_trips,HistGradientBoosting,val,1.914427856853056,2.9295842113681565,0.6348655358107145,51.15934258634183,41.312055887423874
31600,5th & K St NW,incoming_trips,LightGBM,test,2.1587912891049426,3.283600432590749,0.6043488808702169,50.619321739008925,42.57695818889508
31600,5th & K St NW,incoming_trips,LightGBM,val,1.9311637213554609,2.9663396544864877,0.6256458868851345,51.48814462904365,41.6732045027518
31600,5th & K St NW,incoming_trips,Linear Regression,test,2.0731461846769164,2.967539536934015,0.676849510779061,53.727294765103,40.88781480170478
31600,5th & K St NW,incoming_trips,Linear Regression,val,1.9470791872088096,2.7981321393547947,0.6668979589552746,55.59730244247172,42.016649471155446
31600,5th & K St NW,incoming_trips,Naive (same hour last week),test,2.6609201963694487,3.934429454137029,0.4319647130576685,73.85701779916091,52.48024138163968
31600,5th & K St NW,incoming_trips,Naive (same hour last week),val,2.5343276784697717,3.767901973032033,0.3959956794846606,77.99136342068923,54.68907397852632
31600,5th & K St NW,incoming_trips,Poisson,test,2.552063503624628,4.119177406769478,0.3773660699211311,57.85399629075821,50.333305325815935
31600,5th & K St NW,incoming_trips,Poisson,val,2.229051902744882,3.4078039310056325,0.505928215053147,55.77079248915933,48.1014296007673
31600,5th & K St NW,incoming_trips,Polynomial Regression,test,1.994015144063427,2.862547793174661,0.6993111785355701,54.14361926554327,39.32714563250447
31600,5th & K St NW,incoming_trips,Polynomial Regression,val,1.8628938234514787,2.7335581974927488,0.6820948941992249,56.18284374804906,40.19998636734807
31600,5th & K St NW,incoming_trips,Random Forest,test,2.0851904217200725,3.090728339792259,0.6494633283150044,52.46029926855006,41.12535836582404
31600,5th & K St NW,incoming_trips,Random Forest,val,1.8990268149094236,2.830433857590464,0.6591628890783305,53.99300005571424,40.979711838405606
31600,5th & K St NW,incoming_trips,Soft Two-Stage,test,2.203514583064865,3.350183379188036,0.5881406313069331,49.08012976571457,43.45901743501644
31600,5th & K St NW,incoming_trips,Soft Two-Stage,val,1.9590934785359144,2.9856241625550948,0.6207626285344483,50.47746253916008,42.27590973681466
31600,5th & K St NW,incoming_trips,XGBoost,test,2.300486528272455,3.52189635268038,0.5448391165886042,48.53034231930806,45.37155547305495
31600,5th & K St NW,incoming_trips,XGBoost,val,2.031735084478249,3.1132235985431165,0.587654288908158,50.14972332632207,43.84346636930902
31600,5th & K St NW,outgoing_trips,GAM,test,2.774563325155603,4.132044034890661,0.3674034286828647,64.14672169156742,55.30437194783679
31600,5th & K St NW,outgoing_trips,GAM,val,2.186025628101912,3.275796938398836,0.5222215359547868,56.5359626209628,47.92896250934645
31600,5th & K St NW,outgoing_trips,HistGradientBoosting,test,2.205825774937946,3.422860283428025,0.5659144832769771,50.967056124330256,43.96793109865386
31600,5th & K St NW,outgoing_trips,HistGradientBoosting,val,1.91091939576116,2.958339502600817,0.6103374664430085,49.66601521865579,41.897214241419576
31600,5th & K St NW,outgoing_trips,LightGBM,test,2.133053356456037,3.291560919774596,0.598578392073664,50.52734861541232,42.51738467832971
31600,5th & K St NW,outgoing_trips,LightGBM,val,1.874992427787223,2.885414529906873,0.6293115508258913,49.549733541653005,41.10950970632112
31600,5th & K St NW,outgoing_trips,Linear Regression,test,2.0827543207542027,3.0131827335351558,0.66360627055649,55.12644146463459,41.51479210678848
31600,5th & K St NW,outgoing_trips,Linear Regression,val,1.9225380134598364,2.7891195941202,0.6536406643270127,53.05300873566592,42.15195429795487
31600,5th & K St NW,outgoing_trips,Naive (same hour last week),test,2.643794953761845,3.964032262143791,0.4178011914610864,77.56995106197934,52.69781307603031
31600,5th & K St NW,outgoing_trips,Naive (same hour last week),val,2.4846863258567686,3.722422220663264,0.3830586369821147,75.7460783003616,54.47714620934122
31600,5th & K St NW,outgoing_trips,Poisson,test,2.5914446129324458,4.192647756091981,0.3487110570672856,61.23162777409744,51.654332577828754
31600,5th & K St NW,outgoing_trips,Poisson,val,2.219482841365013,3.412938255241937,0.4813797295394877,55.09799793735707,48.66251727628974
31600,5th & K St NW,outgoing_trips,Polynomial Regression,test,1.9816939107607323,2.889737977377339,0.6906045785466111,55.16607256099714,39.50039133503233
31600,5th & K St NW,outgoing_trips,Polynomial Regression,val,1.8190418087638296,2.6887580836854355,0.6781184508869712,53.20467608258674,39.88278341040145
31600,5th & K St NW,outgoing_trips,Random Forest,test,2.0895471767111142,3.07452444587162,0.6497703964699986,55.178511353337,41.65019165922365
31600,5th & K St NW,outgoing_trips,Random Forest,val,1.8776218804409648,2.7787436584178584,0.6562128863770513,52.57274684411696,41.167160877488186
31600,5th & K St NW,outgoing_trips,Soft Two-Stage,test,2.1730610185650905,3.3364522398401038,0.587554303603618,49.531413310858,43.31484300482813
31600,5th & K St NW,outgoing_trips,Soft Two-Stage,val,1.9054264165985133,2.9148207500400765,0.6217174311102476,48.38056592456025,41.776779792268265
31600,5th & K St NW,outgoing_trips,XGBoost,test,2.318179850151633,3.56823099749621,0.5282598131062903,48.81116958416631,46.20744443364848
31600,5th & K St NW,outgoing_trips,XGBoost,val,1.9989502623392112,3.072769994186262,0.5796096569554599,48.10087100715224,43.82730511027557
31603,1st & M St NE,incoming_trips,GAM,test,2.061353192766262,2.929075365108866,0.6080082428647688,59.909171003336056,47.191303229063486
31603,1st & M St NE,incoming_trips,GAM,val,1.9010711312456747,2.726955404905467,0.6663850353288432,53.38744199694975,41.38786839285815
31603,1st & M St NE,incoming_trips,HistGradientBoosting,test,1.849483020914273,2.828673385050813,0.6344208231233839,51.17331269273412,42.34088285464746
31603,1st & M St NE,incoming_trips,HistGradientBoosting,val,1.812463465560039,2.740735766451773,0.6630047447097625,49.50188990994099,39.4588072726714
31603,1st & M St NE,incoming_trips,LightGBM,test,1.8448617211877196,2.819834096828944,0.6367020414175395,50.93806944021146,42.23508577073506
31603,1st & M St NE,incoming_trips,LightGBM,val,1.8092649209752665,2.7351601553157785,0.6643744814769541,49.442428892937954,39.38917234941815
31603,1st & M St NE,incoming_trips,Linear Regression,test,1.929993717738592,2.879939384200239,0.6210494547703739,54.06116333443816,44.18404331853718
31603,1st & M St NE,incoming_trips,Linear Regression,val,1.8768017433487725,2.742260431424969,0.6626297010573288,52.93357102124938,40.85950403250197
31603,1st & M St NE,incoming_trips,Naive (same hour last week),test,2.6626327206302087,4.004877720123966,0.2671849784425809,78.69699182219887,60.95661265028751
31603,1st & M St NE,incoming_trips,Naive (same hour last week),val,2.507116019583286,3.704531936861728,0.3843184519804395,75.25862915499098,54.58195969561014
31603,1st & M St NE,incoming_trips,Poisson,test,2.1495080032844087,3.167445236925284,0.541611121510249,52.2256801533443,49.20946314889737
31603,1st & M St NE,incoming_trips,Poisson,val,2.16584984600158,3.1363686233266,0.5586901179563681,52.383246666653314,47.15231687636485
31603,1st & M St NE,incoming_trips,Polynomial Regression,test,1.9243377850951648,2.870461223773432,0.6235396763877648,53.57674710543107,44.0545600095362
31603,1st & M St NE,incoming_trips,Polynomial Regression,val,1.8614880076930167,2.7530356217584826,0.6599732275052403,51.737231299497246,40.52611152261301
31603,1st & M St NE,incoming_trips,Random Forest,test,1.9056632471815784,2.847424911189005,0.6295578443977132,52.85959338803602,43.627037067599176
31603,1st & M St NE,incoming_trips,Random Forest,val,1.8568526525453315,2.7483944085446907,0.661118731387456,51.02683748712696,40.425196062032185
31603,1st & M St NE,incoming_trips,Soft Two-Stage,test,1.8647993542614336,2.827097507586473,0.6348280440574378,49.55157259880831,42.69152520641897
31603,1st & M St NE,incoming_trips,Soft Two-Stage,val,1.8350043733202064,2.7439897549399093,0.6622040621622409,48.23522154012762,39.9495412112916
31603,1st & M St NE,incoming_trips,XGBoost,test,1.8973744787162887,2.847086748020327,0.6296458273707259,48.89783027827777,43.437279297114415
31603,1st & M St NE,incoming_trips,XGBoost,val,1.8637429205535097,2.7830811153832804,0.6525109046557522,47.530204714601375,40.575202813924285
31603,1st & M St NE,outgoing_trips,GAM,test,2.2301966584681265,3.0984693893959188,0.5531939000406234,68.73029678247451,51.24286490785216
31603,1st & M St NE,outgoing_trips,GAM,val,1.90835490735242,2.7056148735096834,0.6528495399039969,56.38352832322156,41.6890465148024
31603,1st & M St NE,outgoing_trips,HistGradientBoosting,test,1.8207274860965617,2.799616001864884,0.6352279045943301,51.684742930972845,41.83455851294505
31603,1st & M St NE,outgoing_trips,HistGradientBoosting,val,1.789327185413206,2.7103422166804223,0.6516353737154554,50.47518979251231,39.08882146370896
31603,1st & M St NE,outgoing_trips,LightGBM,test,1.824788532364091,2.80535348347416,0.6337312581003063,51.573010789400776,41.927868510734434
31603,1st & M St NE,outgoing_trips,LightGBM,val,1.7963157272134354,2.722798802002996,0.6484258855818532,50.33099403351865,39.24148994432435
31603,1st & M St NE,outgoing_trips,Linear Regression,test,1.9089257120077907,2.846698745127967,0.6228555739923449,53.99173644668219,43.86107476581474
31603,1st & M St NE,outgoing_trips,Linear Regression,val,1.8327007685957413,2.682859256412192,0.6586644125746937,52.004030563657125,40.03634087943389
31603,1st & M St NE,outgoing_trips,Naive (same hour last week),test,2.5840849412033338,3.9163825514209023,0.286169849416989,78.4028400342833,59.37409826604758
31603,1st & M St NE,outgoing_trips,Naive (same hour last week),val,2.496982807696687,3.700642001593152,0.3505586493972981,76.44686053467285,54.547941798283794
31603,1st & M St NE,outgoing_trips,Poisson,test,2.0992140138784947,3.0896542233282447,0.555732616229649,52.27815148826917,48.23329804454693
31603,1st & M St NE,outgoing_trips,Poisson,val,2.070682027307788,3.0235384936564413,0.5664723575535975,51.10264234207275,45.23517036648253
31603,1st & M St NE,outgoing_trips,Polynomial Regression,test,1.9014879024214144,2.85121855204533,0.6216570114595558,53.96148498465845,43.690177427950914
31603,1st & M St NE,outgoing_trips,Polynomial Regression,val,1.854043898988552,2.7439086884274784,0.6429532374840725,52.50766448958787,40.502593122289404
31603,1st & M St NE,outgoing_trips,Random Forest,test,1.867637706842637,2.786693075104487,0.6385876820926442,52.89525878838099,42.9124070046291
31603,1st & M St NE,outgoing_trips,Random Forest,val,1.8166747826398773,2.678032615027417,0.6598914784251522,50.9042009449348,39.686244536565205
31603,1st & M St NE,outgoing_trips,Soft Two-Stage,test,1.8348624421347075,2.8006752715769867,0.6349518202096476,50.23650138259772,42.1593350926206
31603,1st & M St NE,outgoing_trips,Soft Two-Stage,val,1.803856256507164,2.7086381990191057,0.6520732762541377,49.17521335822925,39.40621689069125
31603,1st & M St NE,outgoing_trips,XGBoost,test,1.8903288879941849,2.822903937854884,0.6291341259196677,50.28812442798052,43.43377857333508
31603,1st & M St NE,outgoing_trips,XGBoost,val,1.8328189538983253,2.6969106801478127,0.6550795721850489,49.09286234116552,40.03892270137791
31609,Maine Ave & 7th St SW,incoming_trips,GAM,test,1.7101601155161392,2.4418876075112035,0.4377196948916328,75.77843330731852,68.93052529476722
31609,Maine Ave & 7th St SW,incoming_trips,GAM,val,1.6127786557939694,2.445025158159211,0.4993397391821641,66.56625774331518,61.16691827376472
31609,Maine Ave & 7th St SW,incoming_trips,HistGradientBoosting,test,1.3961091823716738,2.3499893555745115,0.4792451536502626,58.83349898177458,56.27223932811878
31609,Maine Ave & 7th St SW,incoming_trips,HistGradientBoosting,val,1.4696460084826048,2.497071547468521,0.4777981220771751,57.90925012216073,55.73840958849089
31609,Maine Ave & 7th St SW,incoming_trips,LightGBM,test,1.392905194005354,2.338176456237277,0.4844674437913437,59.14455900753344,56.143097852344106
31609,Maine Ave & 7th St SW,incoming_trips,LightGBM,val,1.466587246304477,2.490287665132747,0.4806316364035036,58.11099389032568,55.62240169398144
31609,Maine Ave & 7th St SW,incoming_trips,Linear Regression,test,1.4546668825760507,2.278568623141735,0.5104176467864072,62.224825670963256,58.63249378530039
31609,Maine Ave & 7th St SW,incoming_trips,Linear Regression,val,1.5041733116032865,2.4190079305842995,0.5099379851214003,60.41529859802204,57.04790653688429
31609,Maine Ave & 7th St SW,incoming_trips,Naive (same hour last week),test,1.874871560680443,3.100405270917329,0.0935612499743392,90.58260364546574,75.5694629791542
31609,Maine Ave & 7th St SW,incoming_trips,Naive (same hour last week),val,1.9689172264602075,3.30992387190405,0.0824864911924656,91.06639564573452,74.67397875464202
31609,Maine Ave & 7th St SW,incoming_trips,Poisson,test,1.62208812508512,2.48947334242599,0.4155915450881424,61.80275920743286,65.3806538475936
31609,Maine Ave & 7th St SW,incoming_trips,Poisson,val,1.6539789090733543,2.598032827798421,0.4347172593828055,60.1817709982603,62.72949632261538
31609,Maine Ave & 7th St SW,incoming_trips,Polynomial Regression,test,1.5035741071850033,2.339458128077099,0.4839021103654676,65.7327631517982,60.60377159280955
31609,Maine Ave & 7th St SW,incoming_trips,Polynomial Regression,val,1.5156094379294682,2.409380742508595,0.5138309289346602,61.69818949887207,57.4816378501361
31609,Maine Ave & 7th St SW,incoming_trips,Random Forest,test,1.4443312852829306,2.262468557865613,0.5173118522901179,60.76852977038908,58.21590229530712
31609,Maine Ave & 7th St SW,incoming_trips,Random Forest,val,1.4744649325349877,2.3654725287832705,0.5313892205184084,58.26549024819453,55.92117411889972
31609,Maine Ave & 7th St SW,incoming_trips,Soft Two-Stage,test,1.406447096019832,2.313785369758409,0.4951670752353979,57.068843269476176,56.688924182217605
31609,Maine Ave & 7th St SW,incoming_trips,Soft Two-Stage,val,1.4689659406739983,2.4591447081913684,0.4935406095351001,55.40580331826806,55.71261705216224
31609,Maine Ave & 7th St SW,incoming_trips,XGBoost,test,1.4175322490363946,2.3263079032467977,0.4896878337359504,56.921599891947,57.13572762095522
31609,Maine Ave & 7th St SW,incoming_trips,XGBoost,val,1.4772440024754656,2.4698061796419664,0.4891396426972346,55.33841077663355,56.02657428854829
31609,Maine Ave & 7th St SW,outgoing_trips,GAM,test,1.4242944507790565,2.1895779453173345,0.4273060537988845,61.46580436111188,61.6129745869901
31609,Maine Ave & 7th St SW,outgoing_trips,GAM,val,1.483448336199643,2.3092090321055534,0.4375863245329449,61.50567719707644,61.55105223375597
31609,Maine Ave & 7th St SW,outgoing_trips,HistGradientBoosting,test,1.3422471130832168,2.2005423220771814,0.4215561293179688,59.895034421273984,58.06372216266246
31609,Maine Ave & 7th St SW,outgoing_trips,HistGradientBoosting,val,1.3923074459777889,2.3506932657276685,0.4171976374862143,57.23659485665471,57.76944585233807
31609,Maine Ave & 7th St SW,outgoing_trips,LightGBM,test,1.335347301300275,2.185954835437609,0.4291997670561362,60.684121345927934,57.765246009922514
31609,Maine Ave & 7th St SW,outgoing_trips,LightGBM,val,1.3821025410597936,2.331719768771956,0.4265677861064788,57.9949768621636,57.34602521791462
31609,Maine Ave & 7th St SW,outgoing_trips,Linear Regression,test,1.383937802267111,2.117710850149286,0.46428340984312,61.161203075206735,59.86720273635729
31609,Maine Ave & 7th St SW,outgoing_trips,Linear Regression,val,1.4565365612289949,2.2821155656832977,0.4507062675408961,61.443538904077336,60.434432243359126
31609,Maine Ave & 7th St SW,outgoing_trips,Naive (same hour last week),test,1.822810823153328,2.896785956491396,-0.0023850600675414,90.4540616931916,78.85223231924141
31609,Maine Ave & 7th St SW,outgoing_trips,Naive (same hour last week),val,1.947626095867016,3.165552376604521,-0.0568865829772515,96.5182943211061,80.81065759637188
31609,Maine Ave & 7th St SW,outgoing_trips,Poisson,test,1.5009802156038234,2.2483404146020174,0.3961543992428923,59.9829513686371,64.93029291028195
31609,Maine Ave & 7th St SW,outgoing_trips,Poisson,val,1.5844383893771108,2.4114348628496924,0.3866894321693208,60.6325365044042,65.74131884872999
31609,Maine Ave & 7th St SW,outgoing_trips,Polynomial Regression,test,1.4431694046499026,2.2415818689000173,0.3997792810548094,67.7697625074157,62.42947854271284
31609,Maine Ave & 7th St SW,outgoing_trips,Polynomial Regression,val,1.454372534392186,2.2906237273133736,0.4466028893069267,63.45903501806796,60.34464271337193
31609,Maine Ave & 7th St SW,outgoing_trips,Random Forest,test,1.38006715735219,2.123604932365006,0.4612972120480791,64.32962122992862,59.699764081627
31609,Maine Ave & 7th St SW,outgoing_trips,Random Forest,val,1.4179192227488897,2.2232007846465187,0.478701168572609,62.130615452155446,58.83212648055319
31609,Maine Ave & 7th St SW,outgoing_trips,Soft Two-Stage,test,1.3467806757535885,2.169779129003704,0.4376161672043802,57.62254802698132,58.259837707060846
31609,Maine Ave & 7th St SW,outgoing_trips,Soft Two-Stage,val,1.401815642038355,2.3225571402587373,0.4310656019990502,55.123321968182495,58.16395873026679
31609,Maine Ave & 7th St SW,outgoing_trips,XGBoost,test,1.365777407447358,2.1862573286018248,0.4290417810699738,58.08556664011797,59.08160960011561
31609,Maine Ave & 7th St SW,outgoing_trips,XGBoost,val,1.4076980837351711,2.330471639501242,0.4271815184982567,55.38095723187229,58.40803226306692
31615,6th & H St NE,incoming_trips,GAM,test,1.5087444463356992,2.215690320532252,0.6253196198852913,56.05688058164765,47.74411143991614
31615,6th & H St NE,incoming_trips,GAM,val,1.454928903709913,2.1418305607860533,0.6579516725991201,54.01871283888079,46.3044554164734
31615,6th & H St NE,incoming_trips,HistGradientBoosting,test,1.4242126469704617,2.2051409251028464,0.6288789997549347,52.7402445926448,45.06910861958261
31615,6th & H St NE,incoming_trips,HistGradientBoosting,val,1.363641115454542,2.124974804725547,0.6633141851178292,49.81273330983404,43.39913728679654
31615,6th & H St NE,incoming_trips,LightGBM,test,1.4244662903123693,2.20654996030638,0.6284045723693588,53.276352509458434,45.077135145222165
31615,6th & H St NE,incoming_trips,LightGBM,val,1.3637752243538683,2.129416002318348,0.6619053676546334,50.299646958545466,43.40340542631455
31615,6th & H St NE,incoming_trips,Linear Regression,test,1.4785152182293817,2.21208335144117,0.6265385271504461,54.67662008590739,46.787509651617306
31615,6th & H St NE,incoming_trips,Linear Regression,val,1.4343737609065816,2.1356245723265084,0.659930981946076,54.11660516958647,45.65026902214917
31615,6th & H St NE,incoming_trips,Naive (same hour last week),test,1.966206187920996,3.0327586946032725,0.2980300127909004,78.27490578010908,62.22045594132736
31615,6th & H St NE,incoming_trips,Naive (same hour last week),val,1.8781737447341456,2.93223009970614,0.358918352872831,76.263744316394,59.774613182592304
31615,6th & H St NE,incoming_trips,Poisson,test,1.6143307448366435,2.402483874019698,0.5594818630606951,52.42101871086787,51.08538239829532
31615,6th & H St NE,incoming_trips,Poisson,val,1.5864827336757408,2.335579009511799,0.5932698414671759,51.546676758205855,50.49127749347405
31615,6th & H St NE,incoming_trips,Polynomial Regression,test,1.5127151728801231,2.5835768618928507,0.4905687244711199,57.30373536089265,47.8697648009574
31615,6th & H St NE,incoming_trips,Polynomial Regression,val,1.4111180155586112,2.189651430397987,0.6425072658248306,53.97844372599396,44.9101334588951
31615,6th & H St NE,incoming_trips,Random Forest,test,1.4639692643616011,2.184740188674771,0.6357140456503583,54.04673931095753,46.32720396886905
31615,6th & H St NE,incoming_trips,Random Forest,val,1.4064000729690431,2.101245764088992,0.670791567467552,51.9594632576011,44.75998058081352
31615,6th & H St NE,incoming_trips,Soft Two-Stage,test,1.4324614831270264,2.201389709590801,0.6301405705905647,51.65100993214079,45.33014245713221
31615,6th & H St NE,incoming_trips,Soft Two-Stage,val,1.3809034753936498,2.1240914114635454,0.6635940605843442,49.2047576030665,43.94852782687403
31615,6th & H St NE,incoming_trips,XGBoost,test,1.4491666241452716,2.2105870177314406,0.6270436021392694,51.37178392954821,45.85877546475102
31615,6th & H St NE,incoming_trips,XGBoost,val,1.3940566368176672,2.136173210827005,0.6597562331405502,49.111959556755565,44.36713933097645
31615,6th & H St NE,outgoing_trips,GAM,test,1.5557816616850615,2.208123256078273,0.595883721675474,58.815889011903785,49.6813284286684
31615,6th & H St NE,outgoing_trips,GAM,val,1.453411188640449,2.110017737231057,0.6303412629500464,54.43267318105611,46.845176036069965
31615,6th & H St NE,outgoing_trips,HistGradientBoosting,test,1.3965357203314528,2.160727658731083,0.6130456050857565,53.5337296988661,44.596071217992616
31615,6th & H St NE,outgoing_trips,HistGradientBoosting,val,1.3294950777364392,2.080383258187652,0.6406518084828505,49.85375848481482,42.85121199177668
31615,6th & H St NE,outgoing_trips,LightGBM,test,1.4039306152491309,2.1765204833716987,0.607368410186009,53.51555087050972,44.832215024124594
31615,6th & H St NE,outgoing_trips,LightGBM,val,1.3323899969516395,2.089272382710891,0.6375743801866673,49.67661547707791,42.94451869073853
31615,6th & H St NE,outgoing_trips,Linear Regression,test,1.4900505845377257,2.175279637815681,0.6078159651627306,55.79014737942727,47.58231459391863
31615,6th & H St NE,outgoing_trips,Linear Regression,val,1.4088910392515972,2.074157674511816,0.642799302092457,52.41187425178357,45.41023852384139
31615,6th & H St NE,outgoing_trips,Naive (same hour last week),test,1.9405183240095905,2.954636668007772,0.2764510998620195,80.31185794855669,61.96726092821466
31615,6th & H St NE,outgoing_trips,Naive (same hour last week),val,1.8470909711943528,2.859075727523175,0.3212965132473239,75.9397761568045,59.53394495412844
31615,6th & H St NE,outgoing_trips,Poisson,test,1.6237556100831203,2.370732493636836,0.5341728193566311,55.48428746883839,51.8519646677533
31615,6th & H St NE,outgoing_trips,Poisson,val,1.5646664896840237,2.2871837026208093,0.5656589680901133,51.64420407390112,50.43106707851296
31615,6th & H St NE,outgoing_trips,Polynomial Regression,test,1.4502194293098285,2.184263727655172,0.6045697686312386,57.74382788684344,46.31037216568153
31615,6th & H St NE,outgoing_trips,Polynomial Regression,val,1.3454043272936402,2.0414515160485305,0.6539754573991352,52.13255754684777,43.3639860793396
31615,6th & H St NE,outgoing_trips,Random Forest,test,1.426738684142394,2.120655859781932,0.6272650516579064,56.02516027442949,45.56055318970152
31615,6th & H St NE,outgoing_trips,Random Forest,val,1.3511593113368354,2.0437620596952897,0.6531917432157168,51.553370053478766,43.54947607879423
31615,6th & H St NE,outgoing_trips,Soft Two-Stage,test,1.4116273400770911,2.1528746148293187,0.6158532219729651,52.961914031574544,45.07799727199402
31615,6th & H St NE,outgoing_trips,Soft Two-Stage,val,1.3390752020908314,2.0685112926885805,0.6447414362977966,49.04558233586714,43.15999082555513
31615,6th & H St NE,outgoing_trips,XGBoost,test,1.4307153752323467,2.1697178477147547,0.609818886279859,51.914286056166524,45.68754227882943
31615,6th & H St NE,outgoing_trips,XGBoost,val,1.35491041871613,2.0910917804627376,0.6369428842899132,48.29754603349805,43.67037874342668
31616,3rd & H St NE,incoming_trips,GAM,test,1.2348234070205373,1.755197066450375,0.5495473892981126,56.34075800448367,57.18116955904249
31616,3rd & H St NE,incoming_trips,GAM,val,1.2101082460546018,1.751182867237966,0.5971902276238472,52.92264947579047,52.348819017374616
31616,3rd & H St NE,incoming_trips,HistGradientBoosting,test,1.1400748777600085,1.7634184174424936,0.5453176622848013,52.80858874775626,52.793633911181146
31616,3rd & H St NE,incoming_trips,HistGradientBoosting,val,1.155210611266951,1.801851528517577,0.573543239099065,50.66484497053205,49.97396837293813
31616,3rd & H St NE,incoming_trips,LightGBM,test,1.1407852610679818,1.7623853021978215,0.545850266060915,52.702651294048,52.82652974726118
31616,3rd & H St NE,incoming_trips,LightGBM,val,1.1543695646558263,1.797927825393734,0.575398517211267,50.61633461064595,49.937585018825416
31616,3rd & H St NE,incoming_trips,Linear Regression,test,1.1900087388830367,1.758036104228927,0.5480889932266868,54.480124073686,55.10592938872069
31616,3rd & H St NE,incoming_trips,Linear Regression,val,1.2001244318433306,1.7614359916516007,0.5924595401838229,52.36040737745259,51.91692304033874
31616,3rd & H St NE,incoming_trips,Naive (same hour last week),test,1.572553944514214,2.425179028681261,0.1400267395064536,80.90649080848641,72.82051282051282
31616,3rd & H St NE,incoming_trips,Naive (same hour last week),val,1.553113970169646,2.403671903580329,0.2410950718820571,77.77021800435851,67.18711520464956
31616,3rd & H St NE,incoming_trips,Poisson,test,1.2926701838406052,1.8682739406746816,0.4896378575613261,52.15060648632769,59.85988971852952
31616,3rd & H St NE,incoming_trips,Poisson,val,1.3183613193027308,1.917221202233206,0.517184231801838,51.02658160914911,57.031805484095386
31616,3rd & H St NE,incoming_trips,Polynomial Regression,test,1.2729975240238376,1.8165912505464203,0.5174839367982965,60.370644334039405,58.948904641421066
31616,3rd & H St NE,incoming_trips,Polynomial Regression,val,1.2037298151589155,1.7699589779808096,0.5885061007958724,54.65220222808783,52.07289054100751
31616,3rd & H St NE,incoming_trips,Random Forest,test,1.1840192318538791,1.7399159111970817,0.5573567367589854,55.63240443703388,54.82857230667791
31616,3rd & H St NE,incoming_trips,Random Forest,val,1.1732994740331764,1.736772060132762,0.603792541517183,52.74608569169968,50.75648564465048
31616,3rd & H St NE,incoming_trips,Soft Two-Stage,test,1.164910078558528,1.7601607472642693,0.5469960352873062,52.49152012819384,53.94368161826141
31616,3rd & H St NE,incoming_trips,Soft Two-Stage,val,1.1788242505774134,1.8019161716578,0.5735126394650079,49.87737845636503,50.99548536088964
31616,3rd & H St NE,incoming_trips,XGBoost,test,1.1589614238130863,1.7561380672698004,0.5490642641736316,51.40418320250652,53.66821628960521
31616,3rd & H St NE,incoming_trips,XGBoost,val,1.165749623598197,1.7910881324229762,0.5786229178257004,49.2903407190836,50.42988200789521
31616,3rd & H St NE,outgoing_trips,GAM,test,1.2370543261503395,1.7131513377731278,0.5011084784747568,57.27756552049189,57.69012268528817
31616,3rd & H St NE,outgoing_trips,GAM,val,1.2182095155078352,1.7440369217513951,0.5517844426584793,55.00526207960219,53.11787804550126
31616,3rd & H St NE,outgoing_trips,HistGradientBoosting,test,1.114150992051038,1.7113175129540512,0.5021759731816051,53.379365667838265,51.95851634210968
31616,3rd & H St NE,outgoing_trips,HistGradientBoosting,val,1.1482423773348598,1.79124017361946,0.5271937390662549,52.9219371604255,50.06708434757521
31616,3rd & H St NE,outgoing_trips,LightGBM,test,1.1176262116454625,1.7125278046161658,0.5014715740025286,53.5599416498843,52.12058347248751
31616,3rd & H St NE,outgoing_trips,LightGBM,val,1.1491992679916836,1.7863834891166754,0.5297541526541132,53.15898842219088,50.108807877530445
31616,3rd & H St NE,outgoing_trips,Linear Regression,test,1.162633300409338,1.6927326945921954,0.5129299461824821,53.99807087910374,54.21949248368326
31616,3rd & H St NE,outgoing_trips,Linear Regression,val,1.1978755902011204,1.7510068954802462,0.5481947328396317,54.475781324544585,52.23125308413067
31616,3rd & H St NE,outgoing_trips,Naive (same hour last week),test,1.5260874529055828,2.3320880230649,0.075505054731614,78.89996938598368,71.1692045575551
31616,3rd & H St NE,outgoing_trips,Naive (same hour last week),val,1.5510645565296597,2.3842198211900336,0.1623392520363361,78.59269058776202,67.63143523804796
31616,3rd & H St NE,outgoing_trips,Poisson,test,1.2636664564409332,1.7900567433489711,0.4553114326146263,52.56970538135811,58.9311814075505
31616,3rd & H St NE,outgoing_trips,Poisson,val,1.300404582660908,1.8784168059761992,0.48005248455545,54.146766427510414,56.701849027010645
31616,3rd & H St NE,outgoing_trips,Polynomial Regression,test,1.1768534567437974,1.7046815855939237,0.5060292839370231,58.317843552875296,54.88265055701693
31616,3rd & H St NE,outgoing_trips,Polynomial Regression,val,1.1695179043381734,1.7251760268483354,0.5614264804808957,56.60654966269716,50.99476619074704
31616,3rd & H St NE,outgoing_trips,Random Forest,test,1.1611711732623036,1.6946998302687877,0.5117972338420717,55.668756859605054,54.15130607285976
31616,3rd & H St NE,outgoing_trips,Random Forest,val,1.1684837637821226,1.7274304151633204,0.5602795122781034,54.89181753494624,50.94967431513867
31616,3rd & H St NE,outgoing_trips,Soft Two-Stage,test,1.1389736294348187,1.7172549116092295,0.4987155899286944,51.78100781113029,53.11612192641666
31616,3rd & H St NE,outgoing_trips,Soft Two-Stage,val,1.1776500540078725,1.7995673250391,0.5227875395113856,51.52542750215433,51.34935423894724
31616,3rd & H St NE,outgoing_trips,XGBoost,test,1.1286689267424952,1.6985651909792572,0.5095676568599543,51.29415925146946,52.635561331793824
31616,3rd & H St NE,outgoing_trips,XGBoost,val,1.161460284990966,1.7745532223822258,0.5359619047991913,50.91059636573324,50.64342790585143
31623,Columbus Circle / Union Station,incoming_trips,GAM,test,2.5963766699671185,3.812237087084229,0.7657447818134191,61.06408220069158,39.63205055983059
31623,Columbus Circle / Union Station,incoming_trips,GAM,val,2.395987980537997,3.5003545169852672,0.7566938346275585,57.44054430694041,37.96013931681949
31623,Columbus Circle / Union Station,incoming_trips,HistGradientBoosting,test,2.299601152834741,3.607519948324572,0.7902282736519134,50.22332776413262,35.101959669721325
31623,Columbus Circle / Union Station,incoming_trips,HistGradientBoosting,val,2.2400227055123647,3.407262669585503,0.7694631896084974,50.94725160463933,35.48914880407508
31623,Columbus Circle / Union Station,incoming_trips,LightGBM,test,2.299713367957303,3.617747932259848,0.7890371044380351,50.18140122818801,35.10367256271656
31623,Columbus Circle / Union Station,incoming_trips,LightGBM,val,2.231543819426726,3.401253386357266,0.7702756537260909,51.061440417594014,35.35481603626627
31623,Columbus Circle / Union Station,incoming_trips,Linear Regression,test,2.503928249877088,3.837370245537763,0.7626458238748199,55.540064916325406,38.220883797486
31623,Columbus Circle / Union Station,incoming_trips,Linear Regression,val,2.3931968215927526,3.580128422423906,0.7454774528108049,56.87828335843411,37.91591840115653
31623,Columbus Circle / Union Station,incoming_trips,Naive (same hour last week),test,3.275031396278114,5.201697317553723,0.563866321451298,76.69887149064546,49.99128646613921
31623,Columbus Circle / Union Station,incoming_trips,Naive (same hour last week),val,3.1967437094386884,4.87994312750684,0.527111697620247,79.03263543999945,50.646680015152334
31623,Columbus Circle / Union Station,incoming_trips,Poisson,test,2.8254554600195787,4.251501802074974,0.7086505485339337,59.00951851724275,43.12879365360477
31623,Columbus Circle / Union Station,incoming_trips,Poisson,val,2.6285418893981647,3.872936610579479,0.7021416169152055,55.590027702264464,41.6445395937444
31623,Columbus Circle / Union Station,incoming_trips,Polynomial Regression,test,2.471073594716826,3.7230788633469833,0.7765738813126231,55.43310310041678,37.71937823032429
31623,Columbus Circle / Union Station,incoming_trips,Polynomial Regression,val,2.342108749079737,3.468842338242382,0.7610548760641228,53.973602207011695,37.10651937003686
31623,Columbus Circle / Union Station,incoming_trips,Random Forest,test,2.3534230682796435,3.5723473650413395,0.7942987961064493,51.44032262208717,35.923517226763444
31623,Columbus Circle / Union Station,incoming_trips,Random Forest,val,2.2679453522278616,3.385679969733424,0.7723745285430319,51.40157169615856,35.93153314323883
31623,Columbus Circle / Union Station,incoming_trips,Soft Two-Stage,test,2.297165447134669,3.557131387352936,0.7960473825682466,47.480035239733965,35.06478016007208
31623,Columbus Circle / Union Station,incoming_trips,Soft Two-Stage,val,2.226410498458932,3.356744005200752,0.7762487377743318,47.92895947935306,35.27348775721053
31623,Columbus Circle / Union Station,incoming_trips,XGBoost,test,2.3189318972834374,3.5645011184847366,0.7952014014443318,46.112866844525016,35.39703127863377
31623,Columbus Circle / Union Station,incoming_trips,XGBoost,val,2.221053840397991,3.334514064886509,0.7792024972427791,46.79476867396254,35.18862110181929
31623,Columbus Circle / Union Station,outgoing_trips,GAM,test,2.545213130149653,3.759699004264154,0.7433123902132267,57.62825576509461,39.04636449247887
31623,Columbus Circle / Union Station,outgoing_trips,GAM,val,2.407482619024856,3.513164374881592,0.7431588410580701,55.01802569891488,38.09346372215772
31623,Columbus Circle / Union Station,outgoing_trips,HistGradientBoosting,test,2.342980008582653,3.666885485406139,0.7558293574631726,49.345530851576896,35.94388632135118
31623,Columbus Circle / Union Station,outgoing_trips,HistGradientBoosting,val,2.244587373003329,3.437863636493904,0.7540510497593356,48.694836327746735,35.515981294747135
31623,Columbus Circle / Union Station,outgoing_trips,LightGBM,test,2.3433100075892037,3.667204500154397,0.7557868704944816,49.4516540646109,35.948948868506584
31623,Columbus Circle / Union Station,outgoing_trips,LightGBM,val,2.240206704608133,3.4286520083793026,0.7553673061449759,48.701866484147374,35.44666622211795
31623,Columbus Circle / Union Station,outgoing_trips,Linear Regression,test,2.4982469871245385,3.8229150804174816,0.7346078619460183,56.28951503807883,38.32585228167761
31623,Columbus Circle / Union Station,outgoing_trips,Linear Regression,val,2.3902763720218605,3.5878121003117096,0.7321281598493659,55.83469765870562,37.821210231800826
31623,Columbus Circle / Union Station,outgoing_trips,Naive (same hour last week),test,3.261331202192031,5.135208069149725,0.5211330752815463,77.28248437353254,50.03240213678957
31623,Columbus Circle / Union Station,outgoing_trips,Naive (same hour last week),val,3.1297961971991346,4.84928256412945,0.5106465411492072,77.88967809143386,49.522591338185485
31623,Columbus Circle / Union Station,outgoing_trips,Poisson,test,2.9059079327334305,4.344140361778669,0.6573060404565089,60.50629479090204,44.57981886822335
31623,Columbus Circle / Union Station,outgoing_trips,Poisson,val,2.718766803397078,3.940601652483288,0.6768584894016831,56.89187552387776,43.0188960766674
31623,Columbus Circle / Union Station,outgoing_trips,Polynomial Regression,test,2.5488377735187524,3.9351606611384433,0.7187945798792172,57.99890687734065,39.10197050223444
31623,Columbus Circle / Union Station,outgoing_trips,Polynomial Regression,val,2.3241206048300915,3.4499222447815887,0.752322648770063,53.55988572986238,36.77443120311071
31623,Columbus Circle / Union Station,outgoing_trips,Random Forest,test,2.4188634810566327,3.704901043912415,0.7507403524693728,52.65606724974331,37.10802212203353
31623,Columbus Circle / Union Station,outgoing_trips,Random Forest,val,2.3227491423014097,3.477024062188855,0.7484159680712228,51.76290671671233,36.752730627717234
31623,Columbus Circle / Union Station,outgoing_trips,Soft Two-Stage,test,2.3536000180738896,3.6531695552022496,0.7576525744742346,48.23481935494552,36.10680892951957
31623,Columbus Circle / Union Station,outgoing_trips,Soft Two-Stage,val,2.2535954702333894,3.4202598061328744,0.7565633998272481,47.51398057700869,35.65851591673247
31623,Columbus Circle / Union Station,outgoing_trips,XGBoost,test,2.370655094081366,3.657084049604279,0.7571329293327146,47.156225369594296,36.368452524842255
31623,Columbus Circle / Union Station,outgoing_trips,XGBoost,val,2.260631284201897,3.421743093323734,0.756352208450755,46.68340769471075,35.76984321024945
31627,M St & Delaware Ave NE,incoming_trips,GAM,test,2.052849366367025,3.11324679054414,0.4884286226881111,58.69408751550655,50.3004660531199
31627,M St & Delaware Ave NE,incoming_trips,GAM,val,2.051520909131368,3.047093739583899,0.5137717371768047,58.93723283757686,50.49039746938887
31627,M St & Delaware Ave NE,incoming_trips,HistGradientBoosting,test,1.816868146710652,2.791146141681136,0.5888083451937832,54.8085324980949,44.518275930955326
31627,M St & Delaware Ave NE,incoming_trips,HistGradientBoosting,val,1.8229270344616264,2.819033142628226,0.5838317606825256,54.3915990691365,44.86442722469376
31627,M St & Delaware Ave NE,incoming_trips,LightGBM,test,1.828106138284324,2.803685070397023,0.5851055766822961,54.1584427957112,44.79363769052618
31627,M St & Delaware Ave NE,incoming_trips,LightGBM,val,1.834130837520032,2.829600951921845,0.5807057030533971,53.96604498560791,45.14016629567752
31627,M St & Delaware Ave NE,incoming_trips,Linear Regression,test,1.8840174688663844,2.7522384800028346,0.6001921982937048,58.11671688619094,46.16361935211531
31627,M St & Delaware Ave NE,incoming_trips,Linear Regression,val,1.9016036742920184,2.769076097968734,0.5984511824507637,57.024285354152525,46.80075397569647
31627,M St & Delaware Ave NE,incoming_trips,Naive (same hour last week),test,2.436922023061993,3.703736199237554,0.2759655480725355,82.20435565270482,59.71130444512826
31627,M St & Delaware Ave NE,incoming_trips,Naive (same hour last week),val,2.5023340544233177,3.765196541787979,0.2575898995479995,85.36078151528945,61.58545128478158
31627,M St & Delaware Ave NE,incoming_trips,Poisson,test,2.208029559380895,3.3113132109592893,0.4212651131249516,62.74281327824502,54.10280837725476
31627,M St & Delaware Ave NE,incoming_trips,Poisson,val,2.1931651689379814,3.2802076872358774,0.4365294094646776,60.44689241744853,53.97643309547535
31627,M St & Delaware Ave NE,incoming_trips,Polynomial Regression,test,1.880295254719668,2.7100610492398465,0.6123522318069519,62.48258717779994,46.07241484904907
31627,M St & Delaware Ave NE,incoming_trips,Polynomial Regression,val,1.850090544795728,2.675154096674756,0.6252288279272473,59.452640997137216,45.53295389060688
31627,M St & Delaware Ave NE,incoming_trips,Random Forest,test,1.8742573727875529,2.7149239146712265,0.610959812841959,61.72474264804273,45.92447010447359
31627,M St & Delaware Ave NE,incoming_trips,Random Forest,val,1.8884827594575848,2.749437217235871,0.6041267251708142,60.9445366970515,46.47783247769768
31627,M St & Delaware Ave NE,incoming_trips,Soft Two-Stage,test,1.8206497595188729,2.762194082426445,0.5972945377039764,53.932600404567474,44.610935864900014
31627,M St & Delaware Ave NE,incoming_trips,Soft Two-Stage,val,1.82404187647026,2.78558296962596,0.5936495296669524,52.90994638934534,44.89186482763554
31627,M St & Delaware Ave NE,incoming_trips,XGBoost,test,1.849245332522934,2.7710773943582847,0.594700143113758,53.00857009027888,45.31160619791417
31627,M St & Delaware Ave NE,incoming_trips,XGBoost,val,1.8558562892855064,2.805861061554559,0.5877118106910577,52.6087487315508,45.67485579845491
31627,M St & Delaware Ave NE,outgoing_trips,GAM,test,1.937126933854536,2.967764331088052,0.5365679363194037,56.17647286020049,48.03605348970013
31627,M St & Delaware Ave NE,outgoing_trips,GAM,val,1.924400870171152,2.857222470245427,0.5746732203401418,56.711500512846136,47.97346969434954
31627,M St & Delaware Ave NE,outgoing_trips,HistGradientBoosting,test,1.6912233851543113,2.6387732949908367,0.6336202878711137,53.08110693135077,41.93824140922545
31627,M St & Delaware Ave NE,outgoing_trips,HistGradientBoosting,val,1.7137954507866675,2.6571412554165885,0.632155811707983,53.31517333581013,42.72327839537722
31627,M St & Delaware Ave NE,outgoing_trips,LightGBM,test,1.6829373446813938,2.621544112961294,0.6383890303054204,53.48556962308159,41.73276768604362
31627,M St & Delaware Ave NE,outgoing_trips,LightGBM,val,1.7088499190834665,2.649796903037562,0.6341864480145173,53.62430883363021,42.599991028922815
31627,M St & Delaware Ave NE,outgoing_trips,Linear Regression,test,1.768260517713513,2.6371411033805257,0.6340733900370885,54.43595446222788,43.8485756034558
31627,M St & Delaware Ave NE,outgoing_trips,Linear Regression,val,1.803558779161225,2.65133590426501,0.6337613958179791,54.84516223634459,44.96099215875636
31627,M St & Delaware Ave NE,outgoing_trips,Naive (same hour last week),test,2.308254366936865,3.551683221341793,0.3362634955831769,79.3830393517565,57.23911443293132
31627,M St & Delaware Ave NE,outgoing_trips,Naive (same hour last week),val,2.3585335306842765,3.5745026700919973,0.3343194533263989,81.1693095250525,58.79598092643052
31627,M St & Delaware Ave NE,outgoing_trips,Poisson,test,2.070700344414762,3.2407219892586245,0.447400091770803,56.72192842083873,51.34835036727507
31627,M St & Delaware Ave NE,outgoing_trips,Poisson,val,2.0801302229090086,3.2122371434941317,0.4624116938197141,55.77151487915164,51.85565323515504
31627,M St & Delaware Ave NE,outgoing_trips,Polynomial Regression,test,1.804935521920861,2.773274610337516,0.595318819827449,59.721232310136216,44.75802682890216
31627,M St & Delaware Ave NE,outgoing_trips,Polynomial Regression,val,1.7401073912132448,2.594140557435668,0.6493921615625223,56.63802143497853,43.37920985758949
31627,M St & Delaware Ave NE,outgoing_trips,Random Forest,test,1.6984754846707548,2.551540892740217,0.6574434132835992,56.810149589009015,42.118075902358704
31627,M St & Delaware Ave NE,outgoing_trips,Random Forest,val,1.730745581496412,2.579161242121591,0.6534294928908716,57.689159778078256,43.145828912020285
31627,M St & Delaware Ave NE,outgoing_trips,Soft Two-Stage,test,1.6842384732116065,2.592497419730937,0.6463579314769436,53.35569280552638,41.76503252041351
31627,M St & Delaware Ave NE,outgoing_trips,Soft Two-Stage,val,1.7070349524893236,2.6135387481886,0.6441290803466504,53.21568549442625,42.55474565086776
31627,M St & Delaware Ave NE,outgoing_trips,XGBoost,test,1.7131365887761545,2.616532460067837,0.6397703050895245,52.17263139168327,42.481635754176814
31627,M St & Delaware Ave NE,outgoing_trips,XGBoost,val,1.7225996096209508,2.6268273719603727,0.6405010053986046,52.27522067509016,42.94275763879658
31628,1st & I St SE,incoming_trips,GAM,test,1.4693655867834114,2.1934770653674627,0.5951605269667024,61.91382555399358,52.5184574171056
31628,1st & I St SE,incoming_trips,GAM,val,1.5344913609476072,2.3172125892856554,0.5920463563536271,59.00063198465626,53.06913538826128
31628,1st & I St SE,incoming_trips,HistGradientBoosting,test,1.3728789016577108,2.188647443093412,0.596941324452755,56.83507307950688,49.069804536113146
31628,1st & I St SE,incoming_trips,HistGradientBoosting,val,1.4344439119536443,2.301734300137257,0.5974781714994093,54.83651538295001,49.60907575479941
31628,1st & I St SE,incoming_trips,LightGBM,test,1.3741719444497835,2.193185652188596,0.595268089268439,56.46505790145872,49.11602081708828
31628,1st & I St SE,incoming_trips,LightGBM,val,1.433859334524014,2.30108021201234,0.5977069097503602,54.45894245341658,49.588858619957534
31628,1st & I St SE,incoming_trips,Linear Regression,test,1.4338257275076725,2.2093311621107303,0.5892871492864091,60.23262606560584,51.24818227062639
31628,1st & I St SE,incoming_trips,Linear Regression,val,1.521268466491336,2.3363483892557744,0.5852806820156734,58.276445701858506,52.6118323405001
31628,1st & I St SE,incoming_trips,Naive (same hour last week),test,1.9286448224683184,3.046674252061304,0.2189682304720411,83.32157725751473,68.93413857830735
31628,1st & I St SE,incoming_trips,Naive (same hour last week),val,2.048275076853012,3.263940490557742,0.190599400762003,83.3209031563989,70.83792723263505
31628,1st & I St SE,incoming_trips,Poisson,test,1.5546437166253706,2.33324104494327,0.5419257591792037,56.27170728539943,55.56649112022208
31628,1st & I St SE,incoming_trips,Poisson,val,1.6341857950337302,2.465312669854086,0.5382328085575646,54.34294760802021,56.51698628831805
31628,1st & I St SE,incoming_trips,Polynomial Regression,test,1.4840871543200969,2.2352453402231904,0.5795957947735735,61.82720451840281,53.04463961760274
31628,1st & I St SE,incoming_trips,Polynomial Regression,val,1.5331117172338111,2.3318344408864102,0.5868816531512406,59.52095587502503,53.02142153277904
31628,1st & I St SE,incoming_trips,Random Forest,test,1.437542239829289,2.1812185413220244,0.5996728759293037,60.828169372081206,51.38101884707721
31628,1st & I St SE,incoming_trips,Random Forest,val,1.4830333405440552,2.276425091246981,0.6062815330159457,57.92235238684766,51.289501614421305
31628,1st & I St SE,incoming_trips,Soft Two-Stage,test,1.3886636071079148,2.179438785623213,0.6003258997255613,55.61787739707843,49.63398569598558
31628,1st & I St SE,incoming_trips,Soft Two-Stage,val,1.444224956144189,2.28747364387052,0.6024504598529852,53.34934944944051,49.94734521111361
31628,1st & I St SE,incoming_trips,XGBoost,test,1.3967308417570918,2.1989905518157182,0.5931227739955852,54.200924917469976,49.92232695238052
31628,1st & I St SE,incoming_trips,XGBoost,val,1.4509817555405906,2.299941376919827,0.5981050115767317,52.05339880073912,50.18102362148766
31628,1st & I St SE,outgoing_trips,GAM,test,1.4440392787959453,2.090392661947376,0.5619348137793987,59.15108108689145,52.3545678338246
31628,1st & I St SE,outgoing_trips,GAM,val,1.492884350657029,2.184513528541292,0.5607289324060628,56.004464178535365,52.12483900544896
31628,1st & I St SE,outgoing_trips,HistGradientBoosting,test,1.326791544050108,2.084344557114467,0.5644660428528974,52.92194121771575,48.10367620487146
31628,1st & I St SE,outgoing_trips,HistGradientBoosting,val,1.415568192392963,2.191816111046585,0.5577871562620208,53.0596384249647,49.4253048451099
31628,1st & I St SE,outgoing_trips,LightGBM,test,1.320080227594065,2.073455594577422,0.5690047599174605,53.29313580036169,47.860353133393005
31628,1st & I St SE,outgoing_trips,LightGBM,val,1.4105381482758916,2.1811872745842518,0.5620656279344997,53.4392598095399,49.24967822026299
31628,1st & I St SE,outgoing_trips,Linear Regression,test,1.3859649076004432,2.094201682766096,0.5603369133766604,56.34038340451127,50.24904435478407
31628,1st & I St SE,outgoing_trips,Linear Regression,val,1.4824195100348403,2.1984871380466835,0.5550912155333001,55.56718027234785,51.75945361413636
31628,1st & I St SE,outgoing_trips,Naive (same hour last week),test,1.8661947710925904,2.8773298883200527,0.1700301618458817,81.23073237782316,67.66008526842998
31628,1st & I St SE,outgoing_trips,Naive (same hour last week),val,1.9982921553000117,3.0482663248779165,0.1446793860527733,82.52367988959261,69.77141721327767
31628,1st & I St SE,outgoing_trips,Poisson,test,1.4889260885037747,2.1934471295295763,0.5176777048437737,52.12028942634982,53.98196783478026
31628,1st & I St SE,outgoing_trips,Poisson,val,1.5839699493902144,2.318312748933941,0.5052712269061276,52.31794928762029,55.3051403915494
31628,1st & I St SE,outgoing_trips,Polynomial Regression,test,1.401867920978787,2.1004437365163424,0.5577120557313806,57.78098698852666,50.825618278294606
31628,1st & I St SE,outgoing_trips,Polynomial Regression,val,1.4773534992766435,2.1969251135377275,0.5557232060777784,56.58468204475676,51.58257119517694
31628,1st & I St SE,outgoing_trips,Random Forest,test,1.3645869416223628,2.037171658798574,0.5839569731866092,55.8393819049544,49.47397252233236
31628,1st & I St SE,outgoing_trips,Random Forest,val,1.436625757152327,2.1385645762920205,0.5790137998883802,54.56522899496274,50.160540747640205
31628,1st & I St SE,outgoing_trips,Soft Two-Stage,test,1.3292371135642644,2.061787530617224,0.5738418351869154,52.150368877845565,48.19234189208738
31628,1st & I St SE,outgoing_trips,Soft Two-Stage,val,1.421044968746824,2.1734737919836675,0.565157546059109,52.22817986351514,49.616529359981534
31628,1st & I St SE,outgoing_trips,XGBoost,test,1.3406181907761947,2.0735835436972416,0.5689515664338658,51.58782830927272,48.60497012711077
31628,1st & I St SE,outgoing_trips,XGBoost,val,1.430728339639395,2.1887416336574765,0.5590268769122628,51.05793304778069,49.954629326387625
31646,Maine Ave & 9th St SW,incoming_trips,GAM,test,1.3658764750616634,2.2935239153473983,0.4902359500370753,62.319210096512926,57.97495660527772
31646,Maine Ave & 9th St SW,incoming_trips,GAM,val,1.479569504412573,2.545797409087489,0.4751867562080886,61.42996634732469,57.355602936203496
31646,Maine Ave & 9th St SW,incoming_trips,HistGradientBoosting,test,1.299258307453875,2.247483240340552,0.5104967471177411,60.42652717124044,55.14733240448
31646,Maine Ave & 9th St SW,incoming_trips,HistGradientBoosting,val,1.378770420304759,2.45493758601664,0.5119795556413653,58.0603929001594,53.44812023452663
31646,Maine Ave & 9th St SW,incoming_trips,LightGBM,test,1.3052579824560295,2.258950177497064,0.505488992389886,61.13824943085998,55.40199005782304
31646,Maine Ave & 9th St SW,incoming_trips,LightGBM,val,1.3773899633847124,2.4580063681267013,0.5107586981589798,58.39210133605771,53.394606737025775
31646,Maine Ave & 9th St SW,incoming_trips,Linear Regression,test,1.365302938861367,2.2287726580618616,0.5186131737610304,62.78284284465372,57.95061272284705
31646,Maine Ave & 9th St SW,incoming_trips,Linear Regression,val,1.42647464222324,2.409816057761233,0.5297542343159026,61.38265439906775,55.29737733436341
31646,Maine Ave & 9th St SW,incoming_trips,Naive (same hour last week),test,1.829090078776116,3.094600108973046,0.0719492384707806,87.93308684797123,77.63616980034891
31646,Maine Ave & 9th St SW,incoming_trips,Naive (same hour last week),val,1.936923602413754,3.3887047747032755,0.0701249932419357,91.0905393112268,75.08496270468288
31646,Maine Ave & 9th St SW,incoming_trips,Poisson,test,1.489485402446823,2.3690517435084057,0.4561091516244066,59.55035012342045,63.22156735816884
31646,Maine Ave & 9th St SW,incoming_trips,Poisson,val,1.5543237013921407,2.551054943909276,0.4730168482303423,57.39764623716072,60.25345398476044
31646,Maine Ave & 9th St SW,incoming_trips,Polynomial Regression,test,1.4148239156166649,2.351200791498578,0.4642747736844816,65.9695846405497,60.05254253191686
31646,Maine Ave & 9th St SW,incoming_trips,Polynomial Regression,val,1.467431556302224,2.481380398784661,0.5014097285299446,61.71117162548606,56.88507463036781
31646,Maine Ave & 9th St SW,incoming_trips,Random Forest,test,1.34602972347796,2.201587254791445,0.5302849632749437,61.48533776035324,57.13255644477346
31646,Maine Ave & 9th St SW,incoming_trips,Random Forest,val,1.379536051849482,2.3497113056526917,0.552919097740839,57.62653919615286,53.47779998849804
31646,Maine Ave & 9th St SW,incoming_trips,Soft Two-Stage,test,1.3080649194203344,2.231789845228949,0.5173089426981252,58.11873318750542,55.521131174659374
31646,Maine Ave & 9th St SW,incoming_trips,Soft Two-Stage,val,1.383929784074623,2.4404943305814437,0.5177050529214855,55.34161751771066,53.648123288729366
31646,Maine Ave & 9th St SW,incoming_trips,XGBoost,test,1.3379181399446998,2.277899143425756,0.4971578889077459,58.14325349856648,56.78825832416954
31646,Maine Ave & 9th St SW,incoming_trips,XGBoost,val,1.389211800092761,2.446836625839905,0.5151950437336736,54.557259216951024,53.852880964888186
31646,Maine Ave & 9th St SW,outgoing_trips,GAM,test,1.4036579058024128,2.41794175474259,0.3527372954266627,62.19967039088341,64.02791165984448
31646,Maine Ave & 9th St SW,outgoing_trips,GAM,val,1.5397303166497214,2.676283831607468,0.3277220570590257,61.76268599345606,63.81996871701039
31646,Maine Ave & 9th St SW,outgoing_trips,HistGradientBoosting,test,1.2867871968258884,2.268235683392234,0.430406177801731,58.45321516774368,58.69684958336608
31646,Maine Ave & 9th St SW,outgoing_trips,HistGradientBoosting,val,1.3741730654097262,2.4733439241976782,0.425812753180242,55.53406286899967,56.95781988434933
31646,Maine Ave & 9th St SW,outgoing_trips,LightGBM,test,1.2814596460700811,2.2592954069991174,0.4348874497515976,58.46798819137037,58.45383314200521
31646,Maine Ave & 9th St SW,outgoing_trips,LightGBM,val,1.3715566320959798,2.4644380407273774,0.4299403135993707,55.68100120996425,56.849371872104726
31646,Maine Ave & 9th St SW,outgoing_trips,Linear Regression,test,1.3530148781137734,2.2139614719414418,0.4573384745791184,62.7465148147294,61.71782792104229
31646,Maine Ave & 9th St SW,outgoing_trips,Linear Regression,val,1.427429921575187,2.416019472891834,0.4521200815207499,60.36864446233048,59.16525248322261
31646,Maine Ave & 9th St SW,outgoing_trips,Naive (same hour last week),test,1.809567302203448,3.0673454791753443,-0.0416319710557968,92.98489976600231,82.54348505364024
31646,Maine Ave & 9th St SW,outgoing_trips,Naive (same hour last week),val,1.9491062279403395,3.412760110578487,-0.0931909953144527,93.9005387686264,80.78810759792356
31646,Maine Ave & 9th St SW,outgoing_trips,Poisson,test,1.4934185939571347,2.3709714748821065,0.377640144098048,62.36173871126521,68.12234904942477
31646,Maine Ave & 9th St SW,outgoing_trips,Poisson,val,1.5794473338839756,2.5897273736724884,0.3705045193865093,59.465234284523696,65.46619128599791
31646,Maine Ave & 9th St SW,outgoing_trips,Polynomial Regression,test,1.421494102573764,2.376720841988193,0.3746181645601057,67.72846366683896,64.84151049080096
31646,Maine Ave & 9th St SW,outgoing_trips,Polynomial Regression,val,1.4817164788206658,2.511110951814165,0.4081436300852525,62.828412777477695,61.41536495272255
31646,Maine Ave & 9th St SW,outgoing_trips,Random Forest,test,1.3382639497129167,2.186242911439673,0.4708415419760321,63.39417664729699,61.04496373052514
31646,Maine Ave & 9th St SW,outgoing_trips,Random Forest,val,1.3836401586691127,2.3446106972769925,0.484028152763554,58.44097937164007,57.35021950727143
31646,Maine Ave & 9th St SW,outgoing_trips,Soft Two-Stage,test,1.296057615438752,2.235504307587376,0.4467264156570231,57.43559309536569,59.11972010013555
31646,Maine Ave & 9th St SW,outgoing_trips,Soft Two-Stage,val,1.3741859859987453,2.440047703769834,0.4411681428283911,53.93596014661244,56.958355427215565
31646,Maine Ave & 9th St SW,outgoing_trips,XGBoost,test,1.3168543700683293,2.26626574030774,0.4313951227921466,57.02396282942522,60.06836489651336
31646,Maine Ave & 9th St SW,outgoing_trips,XGBoost,val,1.3867780393792282,2.4499493459420147,0.4366234938299301,53.776130601442695,57.48028088658689
