station_id,station_name,target,model,phase,MAE,RMSE,R2,MAPE,WMAPE
31101,14th & V St NW,incoming_trips,GAM,test,2.030727185068071,3.01474484898845,0.6463295147219484,54.08586064603158,42.35234871663229
31101,14th & V St NW,incoming_trips,GAM,val,1.9133095093545864,2.8090619871208995,0.6530757620969561,53.511432635976696,42.39623942443004
31101,14th & V St NW,incoming_trips,HistGradientBoosting,test,2.0072891630743706,3.048804911497267,0.6382929567591211,50.88189729563499,41.86353107140437
31101,14th & V St NW,incoming_trips,HistGradientBoosting,val,1.8549859000630151,2.786944218424976,0.6585174232688694,50.06331950687959,41.10387052565396
31101,14th & V St NW,incoming_trips,LightGBM,test,2.011259283985352,3.0637883902904246,0.6347289718747287,51.32757027931617,41.94633094058693
31101,14th & V St NW,incoming_trips,LightGBM,val,1.8616156996327933,2.8045178976224534,0.6541972608139512,50.311652961362654,41.25077753077888
31101,14th & V St NW,incoming_trips,Linear Regression,test,2.00576856151378,2.960425793053388,0.658959423699223,54.73073483370528,41.83181777774941
31101,14th & V St NW,incoming_trips,Linear Regression,val,1.893320889866039,2.7388942068676405,0.6701909928375014,54.42649232000385,41.953319816568914
31101,14th & V St NW,incoming_trips,Naive (same hour last week),test,2.652243406781596,3.964118664346606,0.3885077071610457,77.22275244918802,55.3145387875613
31101,14th & V St NW,incoming_trips,Naive (same hour last week),val,2.4687464419902083,3.7051619370919737,0.3964317513915923,76.35348414888118,54.70393823952367
31101,14th & V St NW,incoming_trips,Poisson,test,2.2602463101864965,3.4153246268394946,0.5460984412804332,58.3118745024436,47.13914336616868
31101,14th & V St NW,incoming_trips,Poisson,val,2.1244066073918715,3.166392888441917,0.5591999853988578,56.34965116136368,47.073853300509136
31101,14th & V St NW,incoming_trips,Polynomial Regression,test,2.1076728783174468,3.433776161744928,0.5411807218090565,62.28377615829328,43.95710924611295
31101,14th & V St NW,incoming_trips,Polynomial Regression,val,1.923328606223201,3.5785266988559346,0.436984280180949,56.37192827109221,42.61824847606623
31101,14th & V St NW,incoming_trips,Random Forest,test,1.963890499137693,2.9100846596558134,0.6704593895199659,54.0007485139199,40.95841916745334
31101,14th & V St NW,incoming_trips,Random Forest,val,1.8307486904069303,2.6730814834636534,0.6858504858455372,52.711606977316414,40.566808153604136
31101,14th & V St NW,incoming_trips,Soft Two-Stage,test,2.015183097647356,3.051722376024,0.6376003756317523,50.206003453195656,42.02816503712841
31101,14th & V St NW,incoming_trips,Soft Two-Stage,val,1.863584418736704,2.7833040006358014,0.6594089080086442,49.2675232977992,41.29440156864665
31101,14th & V St NW,incoming_trips,XGBoost,test,2.095705659098907,3.186327580820441,0.6049259173292465,48.10472464503406,43.707523853629525
31101,14th & V St NW,incoming_trips,XGBoost,val,1.9278936171437555,2.8795158026781524,0.6354551814003785,47.79088813435893,42.71940267773445
31101,14th & V St NW,outgoing_trips,GAM,test,2.19717328264614,3.195459961329107,0.5315748298243658,57.2939798448739,45.73767327209056
31101,14th & V St NW,outgoing_trips,GAM,val,2.1394594599661625,3.164557813046203,0.5689824085439343,56.19328413266257,45.851526125818175
31101,14th & V St NW,outgoing_trips,HistGradientBoosting,test,2.108886530929139,3.145661911555169,0.5460609437981147,54.25339624015337,43.89984344037913
31101,14th & V St NW,outgoing_trips,HistGradientBoosting,val,1.9960411577336088,3.017021835923446,0.6082348192367762,51.847054232157085,42.777876844405554
31101,14th & V St NW,outgoing_trips,LightGBM,test,2.119425453343751,3.1687964689430324,0.5393594632280407,53.62864003848444,44.119227953128586
31101,14th & V St NW,outgoing_trips,LightGBM,val,2.004783664021946,3.0346115543343664,0.6036533958879088,51.43891615711831,42.96524064492888
31101,14th & V St NW,outgoing_trips,Linear Regression,test,2.133988195398687,3.0677468301254764,0.5682697347252353,58.27352826282888,44.42237470232455
31101,14th & V St NW,outgoing_trips,Linear Regression,val,2.0665552475227567,2.9706382239110254,0.620188196555557,57.66261891811722,44.28908969545745
31101,14th & V St NW,outgoing_trips,Naive (same hour last week),test,2.8097956387715493,4.1148735143712365,0.2232407334952554,81.68554851607006,58.49038667205362
31101,14th & V St NW,outgoing_trips,Naive (same hour last week),val,2.670272116588865,3.974113549450751,0.3202496015410845,80.28558412525948,57.22756332048217
31101,14th & V St NW,outgoing_trips,Poisson,test,2.42410934488853,3.4686103167544364,0.448069383603202,64.31593112485443,50.46171008360537
31101,14th & V St NW,outgoing_trips,Poisson,val,2.3709956373514998,3.5136773417440907,0.4686353197772798,61.00244610252162,50.81366132169786
31101,14th & V St NW,outgoing_trips,Polynomial Regression,test,2.1872158837191287,3.233900659111037,0.5202369327271795,60.99594711592316,45.53039410009232
31101,14th & V St NW,outgoing_trips,Polynomial Regression,val,2.0407894143889287,3.0498778193865634,0.5996555517115515,58.87786844162338,43.73689284704983
31101,14th & V St NW,outgoing_trips,Random Forest,test,2.153603380283517,3.1446503273723314,0.546352852940035,59.42675937153482,44.830696123543326
31101,14th & V St NW,outgoing_trips,Random Forest,val,2.049456470522645,2.986014776673932,0.6162460731851134,56.67196406931618,43.92263964813915
31101,14th & V St NW,outgoing_trips,Soft Two-Stage,test,2.134443679490591,3.1796238387753912,0.5362061863503651,52.84180853707373,44.43185633162556
31101,14th & V St NW,outgoing_trips,Soft Two-Stage,val,2.0204992349963278,3.0376571788546247,0.6028574266732367,50.62570342615075,43.30204670580435
31101,14th & V St NW,outgoing_trips,XGBoost,test,2.1546291329980662,3.174287591970376,0.5377616165516128,51.73604629997429,44.85204880559465
31101,14th & V St NW,outgoing_trips,XGBoost,val,2.03903620747938,3.043309369916205,0.6013781194574085,49.86511225733429,43.69931923842515
31104,Adams Mill & Columbia Rd NW,incoming_trips,GAM,test,2.606779923556741,3.8820411819731455,0.0730857376589736,71.82081391897347,66.70986458186078
31104,Adams Mill & Columbia Rd NW,incoming_trips,GAM,val,2.001666930269611,3.0868911419877167,0.3196237058670254,61.672100505292605,59.607515591503336
31104,Adams Mill & Columbia Rd NW,incoming_trips,HistGradientBoosting,test,1.8627193589569355,2.8986603189236275,0.4832101934179297,48.85092754246472,47.6686793031928
31104,Adams Mill & Columbia Rd NW,incoming_trips,HistGradientBoosting,val,1.6458725710741264,2.6274468557532367,0.5070822864006551,49.70659345377658,49.012337396568974
31104,Adams Mill & Columbia Rd NW,incoming_trips,LightGBM,test,1.8652632715771496,2.900949736195889,0.4823935301215519,48.74816180219183,47.73378033641351
31104,Adams Mill & Columbia Rd NW,incoming_trips,LightGBM,val,1.6444897570591477,2.629662869500526,0.5062504727633301,49.51895693410046,48.971158663628174
31104,Adams Mill & Columbia Rd NW,incoming_trips,Linear Regression,test,1.778500271677265,2.5772690409355348,0.5914560326427483,51.05230755782895,45.51343640874505
31104,Adams Mill & Columbia Rd NW,incoming_trips,Linear Regression,val,1.6764412975217438,2.4642840535012818,0.5664011938674092,53.26730561876403,49.92264160891529
31104,Adams Mill & Columbia Rd NW,incoming_trips,Naive (same hour last week),test,2.240895079346957,3.348979529434564,0.3101665108867929,76.31364675142292,57.3465392818535
31104,Adams Mill & Columbia Rd NW,incoming_trips,Naive (same hour last week),val,2.208470909711944,3.4064822909480448,0.1714498210955357,79.76942375010009,65.76591849189666
31104,Adams Mill & Columbia Rd NW,incoming_trips,Poisson,test,2.192392986972347,3.5566550655397826,0.221958460579894,59.41697687500831,56.1053267095883
31104,Adams Mill & Columbia Rd NW,incoming_trips,Poisson,val,1.921607920146381,3.0753585608775817,0.3246979616416218,57.89490297533886,57.223443285568806
31104,Adams Mill & Columbia Rd NW,incoming_trips,Polynomial Regression,test,1.7580465954590034,2.586877010920686,0.5884042792058615,57.36906817831079,44.99000826723175
31104,Adams Mill & Columbia Rd NW,incoming_trips,Polynomial Regression,val,1.6633991097371266,2.601810946433341,0.5166541240565612,57.40834094300363,49.53425910633072
31104,Adams Mill & Columbia Rd NW,incoming_trips,Random Forest,test,1.7323408728626348,2.5594207813355343,0.5970949860222918,53.14128945886996,44.33217549128997
31104,Adams Mill & Columbia Rd NW,incoming_trips,Random Forest,val,1.6386338465822785,2.4535332832481247,0.570176207453228,54.77148163841255,48.79677586808216
31104,Adams Mill & Columbia Rd NW,incoming_trips,Soft Two-Stage,test,1.8720751478024475,2.8761275489033493,0.4912135083672201,48.602848242674646,47.90810243258725
31104,Adams Mill & Columbia Rd NW,incoming_trips,Soft Two-Stage,val,1.6653845392210742,2.621210382442355,0.5094194753525156,49.36454264874791,49.59338308801348
31104,Adams Mill & Columbia Rd NW,incoming_trips,XGBoost,test,1.9075271301045171,2.9014327622102143,0.482221146435111,46.91788725957748,48.81535084169067
31104,Adams Mill & Columbia Rd NW,incoming_trips,XGBoost,val,1.6880700496774963,2.629224651420884,0.5064150200471347,48.471996871369086,50.26893349941496
31104,Adams Mill & Columbia Rd NW,outgoing_trips,GAM,test,2.5172115553774272,3.624409264920754,0.1686449259631266,72.85973190161506,61.22304727057142
31104,Adams Mill & Columbia Rd NW,outgoing_trips,GAM,val,2.0553448439510063,2.957880016459046,0.3747552998969955,60.67755329750193,54.34922102791416
31104,Adams Mill & Columbia Rd NW,outgoing_trips,HistGradientBoosting,test,1.9219373707834115,2.927558411133127,0.4575955725491982,51.77810917134009,46.74492386274928
31104,Adams Mill & Columbia Rd NW,outgoing_trips,HistGradientBoosting,val,1.8393025610425853,2.7821823086070303,0.4468281366857989,52.79668093437876,48.636442551970575
31104,Adams Mill & Columbia Rd NW,outgoing_trips,LightGBM,test,1.9442477639470777,2.965229813371176,0.4435465953446392,51.42158018248922,47.28755217397177
31104,Adams Mill & Columbia Rd NW,outgoing_trips,LightGBM,val,1.8579786705533656,2.8149045959065853,0.4337394938714629,52.550816536054015,49.13029252888818
31104,Adams Mill & Columbia Rd NW,outgoing_trips,Linear Regression,test,1.9574855245981333,2.7226876413844887,0.5308543130352761,58.08830723528725,47.60951797949366
31104,Adams Mill & Columbia Rd NW,outgoing_trips,Linear Regression,val,1.8969702487811249,2.6421049932644283,0.5011280837806865,56.66555098739992,50.16134184869673
31104,Adams Mill & Columbia Rd NW,outgoing_trips,Naive (same hour last week),test,2.469916657152643,3.618841738303381,0.1711970861248196,82.48624407609918,60.07275150640047
31104,Adams Mill & Columbia Rd NW,outgoing_trips,Naive (same hour last week),val,2.514858248889901,3.665633188721573,0.0397442409289249,83.01116406988332,66.50007526719855
31104,Adams Mill & Columbia Rd NW,outgoing_trips,Poisson,test,2.6184422207927818,3.988964771030873,-0.00700700026379,77.6467502204961,63.68515650438447
31104,Adams Mill & Columbia Rd NW,outgoing_trips,Poisson,val,2.2639405719316565,3.392916071991056,0.1773120305278782,66.15919216030505,59.8650912036
31104,Adams Mill & Columbia Rd NW,outgoing_trips,Polynomial Regression,test,2.06850842721101,3.1636397328009456,0.3665882279131452,69.5256356938142,50.30979178058268
31104,Adams Mill & Columbia Rd NW,outgoing_trips,Polynomial Regression,val,1.9432705270150967,2.797079567710042,0.4408883338347608,63.369238703448026,51.38565418869063
31104,Adams Mill & Columbia Rd NW,outgoing_trips,Random Forest,test,1.891122881829418,2.680166287419052,0.5453935762508646,61.028694936716334,45.99546086675333
31104,Adams Mill & Columbia Rd NW,outgoing_trips,Random Forest,val,1.8446874233064607,2.6268088720795704,0.5068876705731773,59.28000692961566,48.77883377660889
31104,Adams Mill & Columbia Rd NW,outgoing_trips,Soft Two-Stage,test,1.9552586452471563,2.94789722874761,0.4500328295630974,51.20487415245718,47.55535632610403
31104,Adams Mill & Columbia Rd NW,outgoing_trips,Soft Two-Stage,val,1.87939548964877,2.804674649259877,0.4378478310631224,52.22226361234923,49.69661473907917
31104,Adams Mill & Columbia Rd NW,outgoing_trips,XGBoost,test,1.8929863644920324,2.7440325698299,0.5234695997494876,53.79387658431973,46.04078406849113
31104,Adams Mill & Columbia Rd NW,outgoing_trips,XGBoost,val,1.884132045506956,2.736715684289952,0.4647603538890552,53.32649851684919,49.8218628802878
31107,Lamont & Mt Pleasant NW,incoming_trips,GAM,test,1.7476794825340984,2.600595892392802,0.4882736145709769,57.40768888032943,52.71505419441499
31107,Lamont & Mt Pleasant NW,incoming_trips,GAM,val,1.511174511862459,2.191935408610245,0.5050571507094425,57.312097225485736,54.66493302177916
31107,Lamont & Mt Pleasant NW,incoming_trips,HistGradientBoosting,test,1.8009869555620657,2.8707720000886447,0.376423888654311,52.04712890081088,54.32296134084552
31107,Lamont & Mt Pleasant NW,incoming_trips,HistGradientBoosting,val,1.485808547574228,2.3637516351556327,0.4244232613304153,51.97793603679093,53.7473495607267
31107,Lamont & Mt Pleasant NW,incoming_trips,LightGBM,test,1.7585738994715852,2.7955161257803898,0.4086888482710166,50.63805655631241,53.04366123307144
31107,Lamont & Mt Pleasant NW,incoming_trips,LightGBM,val,1.4618137598771297,2.307869229291994,0.4513164460028246,50.84706124707012,52.87936677512697
31107,Lamont & Mt Pleasant NW,incoming_trips,Linear Regression,test,1.6773242208116947,2.4291510848994107,0.5535209139285682,51.6626305042332,50.5929365683723
31107,Lamont & Mt Pleasant NW,incoming_trips,Linear Regression,val,1.4709364074795053,2.136536851048367,0.5297591807195698,51.82124523097603,53.20936765606464
31107,Lamont & Mt Pleasant NW,incoming_trips,Naive (same hour last week),test,2.0289987441488755,3.085677648954846,0.2795677007064653,78.72482811760737,61.20045456110748
31107,Lamont & Mt Pleasant NW,incoming_trips,Naive (same hour last week),val,1.8760104747808264,2.812987721320621,0.1848543365633188,82.0227376836339,67.86243822075782
31107,Lamont & Mt Pleasant NW,incoming_trips,Poisson,test,2.660447962800542,5.103743786647663,-0.9709236208306122,79.44215527306913,80.24678434577619
31107,Lamont & Mt Pleasant NW,incoming_trips,Poisson,val,1.8419122600902544,3.080391548966254,0.0225120868122552,66.55470375080309,66.62897603118905
31107,Lamont & Mt Pleasant NW,incoming_trips,Polynomial Regression,test,1.6684133448703753,2.4441225635897967,0.5480004247687718,62.07729438719275,50.32415884747965
31107,Lamont & Mt Pleasant NW,incoming_trips,Polynomial Regression,val,1.4666578335070846,2.156786933505116,0.5208030589883803,60.53083219144726,53.05459535293544
31107,Lamont & Mt Pleasant NW,incoming_trips,Random Forest,test,1.644093283440793,2.446543415253319,0.5471045893121249,52.6630907643858,49.590595646054986
31107,Lamont & Mt Pleasant NW,incoming_trips,Random Forest,val,1.4529471569920809,2.1219512221947934,0.5361577097256012,54.64927890956012,52.55862800601913
31107,Lamont & Mt Pleasant NW,incoming_trips,Soft Two-Stage,test,1.773215716733428,2.793699192415247,0.4094572386293273,51.23374413079269,53.48530067450014
31107,Lamont & Mt Pleasant NW,incoming_trips,Soft Two-Stage,val,1.477783859329526,2.2999332695176693,0.4550834220894679,51.84167524838178,53.45706604815168
31107,Lamont & Mt Pleasant NW,incoming_trips,XGBoost,test,1.800438666211444,2.76552210849619,0.4213095233059932,47.80303603565248,54.30642335254671
31107,Lamont & Mt Pleasant NW,incoming_trips,XGBoost,val,1.498713524082307,2.2826785846206445,0.4632289578817955,48.98566490269779,54.214171672219535
31107,Lamont & Mt Pleasant NW,outgoing_trips,GAM,test,2.025807129355243,2.931469896423468,0.3805827093409996,61.00160093577445,55.187996535277975
31107,Lamont & Mt Pleasant NW,outgoing_trips,GAM,val,1.7047552139019837,2.4755620857288343,0.4251360962278122,58.64409090064241,55.10807892418521
31107,Lamont & Mt Pleasant NW,outgoing_trips,HistGradientBoosting,test,1.9591322686757973,3.000420754045834,0.3511015026398857,54.26124044857501,53.37160842663384
31107,Lamont & Mt Pleasant NW,outgoing_trips,HistGradientBoosting,val,1.647845926942041,2.5386422951791547,0.3954664373514087,53.78924591806901,53.26842390994459
31107,Lamont & Mt Pleasant NW,outgoing_trips,LightGBM,test,1.9837750895087525,3.045788799317438,0.3313297253635187,54.05630298720976,54.04293981403073
31107,Lamont & Mt Pleasant NW,outgoing_trips,LightGBM,val,1.656188481597176,2.5596299441780856,0.3854294307647099,53.55332409138454,53.53810612391607
31107,Lamont & Mt Pleasant NW,outgoing_trips,Linear Regression,test,1.8740594751242148,2.643721991319613,0.4962164132437057,55.87312334654895,51.05401512382743
31107,Lamont & Mt Pleasant NW,outgoing_trips,Linear Regression,val,1.6482709260287352,2.3522539151056763,0.4809779669513587,54.912112142758815,53.28216247077799
31107,Lamont & Mt Pleasant NW,outgoing_trips,Naive (same hour last week),test,2.352551661148533,3.440356717566248,0.1468617822904178,84.17732020485052,64.08932570291117
31107,Lamont & Mt Pleasant NW,outgoing_trips,Naive (same hour last week),val,2.1162472959125584,3.1191927710881338,0.0873551114828304,83.76568357298122,68.41001104159
31107,Lamont & Mt Pleasant NW,outgoing_trips,Poisson,test,2.657607355533256,4.40866049393925,-0.4009600722754041,80.92260671907555,72.39979729757337
31107,Lamont & Mt Pleasant NW,outgoing_trips,Poisson,val,1.9460383073421872,2.9666714764823987,0.1744254309693133,68.20039684798311,62.90781911441454
31107,Lamont & Mt Pleasant NW,outgoing_trips,Polynomial Regression,test,1.9623328884074551,2.806143757582364,0.4324132104763681,69.2323545513421,53.4588012240635
31107,Lamont & Mt Pleasant NW,outgoing_trips,Polynomial Regression,val,1.6986105280092751,2.4411777565996267,0.4409943432641392,63.68514171833801,54.90944522453244
31107,Lamont & Mt Pleasant NW,outgoing_trips,Random Forest,test,2.003257715393043,2.877836530626994,0.4030407458819696,64.0657394211029,54.57369472856328
31107,Lamont & Mt Pleasant NW,outgoing_trips,Random Forest,val,1.7019542388628346,2.4657745484754745,0.4296727461152185,60.4441940776399,55.01753433909561
31107,Lamont & Mt Pleasant NW,outgoing_trips,Soft Two-Stage,test,1.9905752698617727,3.0232642617168173,0.3411831968807665,53.21535024123158,54.228193545407024
31107,Lamont & Mt Pleasant NW,outgoing_trips,Soft Two-Stage,val,1.664787457776464,2.534196296227193,0.3975820579871618,52.70686506062107,53.81607744442651
31107,Lamont & Mt Pleasant NW,outgoing_trips,XGBoost,test,2.040319174639367,3.054198472677818,0.3276321204660999,51.10591272505396,55.5833405407633
31107,Lamont & Mt Pleasant NW,outgoing_trips,XGBoost,val,1.7030808527356207,2.5575120807276366,0.386446013712983,50.74816175618309,55.05395336612793
31108,4th & M St SW,incoming_trips,GAM,test,1.524110873911638,2.278099771000915,0.5622048893725275,52.35763145958955,49.11223289159016
31108,4th & M St SW,incoming_trips,GAM,val,1.4051650754508247,2.1214533513993943,0.5932439107551786,53.818105095328846,48.57736305472957
31108,4th & M St SW,incoming_trips,HistGradientBoosting,test,1.4276208214131485,2.234458120797452,0.5788179395479061,51.556395876772775,46.00298276343819
31108,4th & M St SW,incoming_trips,HistGradientBoosting,val,1.3690182477553705,2.1502359152170376,0.582131808737693,53.62312059758887,47.32774647734952
31108,4th & M St SW,incoming_trips,LightGBM,test,1.4326414771455287,2.2414434344150336,0.5761804432337789,51.60982411637684,46.164766015442886
31108,4th & M St SW,incoming_trips,LightGBM,val,1.3691488389282465,2.154795036129554,0.5803579277516381,53.6477036884077,47.332261089139536
31108,4th & M St SW,incoming_trips,Linear Regression,test,1.4873807210166723,2.211415537687062,0.587459928477901,53.19651431370287,47.92865769768609
31108,4th & M St SW,incoming_trips,Linear Regression,val,1.414628576063067,2.129812294916108,0.590032197796176,55.62407120040918,48.90452170181027
31108,4th & M St SW,incoming_trips,Naive (same hour last week),test,1.9469117479164288,3.0011034238218017,0.240220886008132,79.55355169275045,62.73636965639026
31108,4th & M St SW,incoming_trips,Naive (same hour last week),val,1.894910622794034,2.941708533291888,0.2178926437778842,80.11539787948827,65.50814768165
31108,4th & M St SW,incoming_trips,Poisson,test,1.6376993637610713,2.450250349083,0.4935386064067983,53.11678740215934,52.77245503341632
31108,4th & M St SW,incoming_trips,Poisson,val,1.5684149026511656,2.305841609036738,0.5194638841233111,54.329085122278464,54.22100326688651
31108,4th & M St SW,incoming_trips,Polynomial Regression,test,1.605042317985394,2.5817264450397865,0.4377287563777762,56.01583803223229,51.72012973009369
31108,4th & M St SW,incoming_trips,Polynomial Regression,val,1.48009761539989,2.286927075774676,0.5273151067431145,56.6034027349146,51.16782396306869
31108,4th & M St SW,incoming_trips,Random Forest,test,1.4953775157508526,2.25225346475926,0.5720825926879576,56.010899980993344,48.18634265492502
31108,4th & M St SW,incoming_trips,Random Forest,val,1.4278354193416791,2.145884709933388,0.5838212890301187,57.16461166144396,49.36108985309758
31108,4th & M St SW,incoming_trips,Soft Two-Stage,test,1.4498420980334388,2.2479592762002243,0.5737127877811531,51.12392934650424,46.71903074341436
31108,4th & M St SW,incoming_trips,Soft Two-Stage,val,1.380746813788585,2.151295588171247,0.581719842098906,52.84652265885745,47.7332097359094
31108,4th & M St SW,incoming_trips,XGBoost,test,1.4495783641201316,2.246836529515805,0.5741385010378925,48.82595288427844,46.71053230567372
31108,4th & M St SW,incoming_trips,XGBoost,val,1.3852335519247272,2.1521921985363592,0.5813711104044013,51.40349964406769,47.88831884812595
31108,4th & M St SW,outgoing_trips,GAM,test,1.4652180606461538,2.108539560312182,0.5724292615306664,54.920028668312646,48.06143501928495
31108,4th & M St SW,outgoing_trips,GAM,val,1.3625433024397036,1.955286892221004,0.5802624739907467,55.381664243083385,48.05918567659096
31108,4th & M St SW,outgoing_trips,HistGradientBoosting,test,1.4168086600368417,2.1967396709672573,0.535910594015606,51.73275991851257,46.47353126338874
31108,4th & M St SW,outgoing_trips,HistGradientBoosting,val,1.3069324816846863,2.006786106692213,0.5578608296309961,52.68379451108424,46.09769883392876
31108,4th & M St SW,outgoing_trips,LightGBM,test,1.4232419502759484,2.210801108731328,0.5299502608423132,51.704732140381125,46.68455320550887
31108,4th & M St SW,outgoing_trips,LightGBM,val,1.3099976607475607,2.0146748657209543,0.5543778625547054,52.38064244244748,46.20581283621472
31108,4th & M St SW,outgoing_trips,Linear Regression,test,1.4116095441794758,2.1267481085850037,0.5650126982910811,52.90613174695494,46.30299216368209
31108,4th & M St SW,outgoing_trips,Linear Regression,val,1.3340613964968555,1.971556893042946,0.5732481144942516,54.65556964365078,47.05458112297451
31108,4th & M St SW,outgoing_trips,Naive (same hour last week),test,1.8833200137001944,2.857221958358974,0.2148865330560531,77.00398800835713,61.77583043103772
31108,4th & M St SW,outgoing_trips,Naive (same hour last week),val,1.805077991574633,2.721628930032641,0.1867676505387977,79.55229536201895,63.6681257780812
31108,4th & M St SW,outgoing_trips,Poisson,test,1.5440693331267006,2.233864294283228,0.5200919425886621,51.8726058154371,50.64787959726162
31108,4th & M St SW,outgoing_trips,Poisson,val,1.4523945439878885,2.063345300811389,0.5325871506759908,52.27662872826178,51.22838954196869
31108,4th & M St SW,outgoing_trips,Polynomial Regression,test,1.4907535094351771,2.31509069367694,0.4845571888277795,54.15897369776913,48.89903752066328
31108,4th & M St SW,outgoing_trips,Polynomial Regression,val,1.3841112744187265,2.0814954800119176,0.5243278060018108,55.662922851811416,48.81992419268172
31108,4th & M St SW,outgoing_trips,Random Forest,test,1.4310004476371492,2.1308753088227808,0.5633227739774815,53.863140276645616,46.93904400574389
31108,4th & M St SW,outgoing_trips,Random Forest,val,1.333998456328317,1.9681015669439816,0.5747426437965879,54.12293249841276,47.05236111775273
31108,4th & M St SW,outgoing_trips,Soft Two-Stage,test,1.4306934612167723,2.2031498816960258,0.5331981639466966,49.70645596541394,46.92897437290832
31108,4th & M St SW,outgoing_trips,Soft Two-Stage,val,1.3282087874818695,2.010967647075572,0.5560163390937132,50.56245581894364,46.84814979500125
31108,4th & M St SW,outgoing_trips,XGBoost,test,1.431591531505341,2.200796465344812,0.5341949116749192,48.908985322177806,46.95843247745676
31108,4th & M St SW,outgoing_trips,XGBoost,val,1.319983916182064,2.000436716682148,0.5606542244109108,50.35605883640536,46.55804480071912
31114,18th St & Wyoming Ave NW,incoming_trips,GAM,test,3.0218299884639324,4.370733918887981,-0.6549537724861212,138.99572904271162,112.9189798163634
31114,18th St & Wyoming Ave NW,incoming_trips,GAM,val,2.1013030231081262,3.0750042860033124,0.2015219279842129,88.61440397001823,76.14070073830881
31114,18th St & Wyoming Ave NW,incoming_trips,HistGradientBoosting,test,1.3538859789042548,2.210515705733566,0.5766843347172628,50.75620525446656,50.59166932262102
31114,18th St & Wyoming Ave NW,incoming_trips,HistGradientBoosting,val,1.4044536753710115,2.257531095542901,0.5696329381629618,52.248558865509175,50.89036936665538
31114,18th St & Wyoming Ave NW,incoming_trips,LightGBM,test,1.3517945321896614,2.204561229333077,0.5789618378584881,50.93715396849069,50.51351667000531
31114,18th St & Wyoming Ave NW,incoming_trips,LightGBM,val,1.4041666390068732,2.256738407713353,0.5699351150316065,52.45485405485844,50.87996860595473
31114,18th St & Wyoming Ave NW,incoming_trips,Linear Regression,test,1.4303826485301347,2.1631655062697117,0.59462531084825,55.93465001740701,53.45017755322291
31114,18th St & Wyoming Ave NW,incoming_trips,Linear Regression,val,1.472223663131377,2.1976739833395227,0.5921522442294949,56.59883554452573,53.34601441182757
31114,18th St & Wyoming Ave NW,incoming_trips,Naive (same hour last week),test,1.8059139171138257,2.880106047698068,0.2813886228767994,80.8676598045572,67.48293515358363
31114,18th St & Wyoming Ave NW,incoming_trips,Naive (same hour last week),val,1.9118752134805876,2.9836550448815826,0.2482580873317288,84.90591447604227,69.27678534593011
31114,18th St & Wyoming Ave NW,incoming_trips,Poisson,test,1.5431641717226297,2.349070314793764,0.521954577543952,55.27911222982805,57.66456902780936
31114,18th St & Wyoming Ave NW,incoming_trips,Poisson,val,1.5907970475505029,2.404123829584682,0.511926521135539,56.98316574306577,57.64252018910049
31114,18th St & Wyoming Ave NW,incoming_trips,Polynomial Regression,test,1.449825365765191,2.183890708018071,0.5868203423651184,60.0627697272548,54.17670810041514
31114,18th St & Wyoming Ave NW,incoming_trips,Polynomial Regression,val,1.4621748217679484,2.2474229864998696,0.5734782523481099,58.48566782784683,52.981894713428325
31114,18th St & Wyoming Ave NW,incoming_trips,Random Forest,test,1.6915919282751684,2.662981712928197,0.385653343996827,74.35037166608247,63.21097994779095
31114,18th St & Wyoming Ave NW,incoming_trips,Random Forest,val,1.6000486770197602,2.4803784608850665,0.4804738100109198,66.70749185410347,57.97775291994122
31114,18th St & Wyoming Ave NW,incoming_trips,Soft Two-Stage,test,1.3765350922464452,2.1988134478996355,0.5811544560664103,51.33171626963618,51.438015669738114
31114,18th St & Wyoming Ave NW,incoming_trips,Soft Two-Stage,val,1.4155322195152913,2.242742953222338,0.5752527804257885,51.58256121084995,51.29180033830936
31114,18th St & Wyoming Ave NW,incoming_trips,XGBoost,test,1.3852401598739237,2.2066093398047264,0.5781791576360598,50.43114308025095,51.763304438292224
31114,18th St & Wyoming Ave NW,incoming_trips,XGBoost,val,1.43277747699857,2.2495727329091237,0.572661893226992,51.915986197340246,51.91668212582384
31114,18th St & Wyoming Ave NW,outgoing_trips,GAM,test,3.557674451178337,5.167193924615575,-1.3672478349822672,155.60281905489018,120.52473609696791
31114,18th St & Wyoming Ave NW,outgoing_trips,GAM,val,2.452423235681892,3.56218388357877,-0.1209091690200132,96.63740549077136,80.09085029744203
31114,18th St & Wyoming Ave NW,outgoing_trips,HistGradientBoosting,test,1.5593015131382768,2.446823880797636,0.4691893506736109,55.2810790103841,52.82507040641333
31114,18th St & Wyoming Ave NW,outgoing_trips,HistGradientBoosting,val,1.5805908460593674,2.456228869830353,0.4670635605096425,53.75898967455763,51.61868595575007
31114,18th St & Wyoming Ave NW,outgoing_trips,LightGBM,test,1.5522659607503215,2.433532548509982,0.4749404949547596,55.62750881959337,52.58672423211011
31114,18th St & Wyoming Ave NW,outgoing_trips,LightGBM,val,1.574324088865744,2.44264036738477,0.4729439378710185,53.99398195570944,51.41402719010868
31114,18th St & Wyoming Ave NW,outgoing_trips,Linear Regression,test,1.660675401561693,2.399528644206678,0.4895113583088281,61.93701957170269,56.25935348009617
31114,18th St & Wyoming Ave NW,outgoing_trips,Linear Regression,val,1.6671377022235647,2.393379149664745,0.49398806617505,60.330684919555786,54.44511950111389
31114,18th St & Wyoming Ave NW,outgoing_trips,Naive (same hour last week),test,2.139741979678045,3.249667358072329,0.0637064699251495,89.74357316726433,72.488880293947
31114,18th St & Wyoming Ave NW,outgoing_trips,Naive (same hour last week),val,2.173858590458841,3.2964120931927727,0.0401115847315296,88.32549402764893,70.993530155425
31114,18th St & Wyoming Ave NW,outgoing_trips,Poisson,test,1.7833377217420003,2.5563980508386184,0.4205830953725855,63.39115992115873,60.41483312604208
31114,18th St & Wyoming Ave NW,outgoing_trips,Poisson,val,1.822367394386756,2.587545467274026,0.4085558610823739,62.6980897798862,59.51458624562681
31114,18th St & Wyoming Ave NW,outgoing_trips,Polynomial Regression,test,1.6871368028015823,2.569784477016108,0.4144990433405503,66.53574097105745,57.15579677330906
31114,18th St & Wyoming Ave NW,outgoing_trips,Polynomial Regression,val,1.66771958006447,2.4749673268964925,0.4589010479427049,61.4261601671817,54.46412237564602
31114,18th St & Wyoming Ave NW,outgoing_trips,Random Forest,test,1.8501290661374767,2.7299702462507995,0.3392304312602913,77.1298474203442,62.67754975942046
31114,18th St & Wyoming Ave NW,outgoing_trips,Random Forest,val,1.7753883572627611,2.6209003923917384,0.3932094835847471,68.67266541070559,57.980352278719536
31114,18th St & Wyoming Ave NW,outgoing_trips,Soft Two-Stage,test,1.5579829348116654,2.3973771442767244,0.4904263912553299,55.71614106973687,52.7804004100382
31114,18th St & Wyoming Ave NW,outgoing_trips,Soft Two-Stage,val,1.5889331120209818,2.421044679784118,0.4822222768088402,54.37000932655345,51.89112635859404
31114,18th St & Wyoming Ave NW,outgoing_trips,XGBoost,test,1.5722221923070352,2.421622911051412,0.480067171149366,55.014120447305935,53.26278933443172
31114,18th St & Wyoming Ave NW,outgoing_trips,XGBoost,val,1.6007517035829608,2.439515203341214,0.474291727734906,53.19646618196438,52.27709605328008
31116,California St & Florida Ave NW,incoming_trips,GAM,test,1.4831378257823464,2.0575393206444,0.5517140990895026,63.068425911241945,59.13512479983418
31116,California St & Florida Ave NW,incoming_trips,GAM,val,1.3305385973829884,1.9375459995266404,0.6229001151459796,53.35468559218991,51.82774747567317
31116,California St & Florida Ave NW,incoming_trips,HistGradientBoosting,test,1.2568611281396311,1.9552620609797189,0.5951736806626983,50.41893006245171,50.113103702544734
31116,California St & Florida Ave NW,incoming_trips,HistGradientBoosting,val,1.2440634883285324,1.9404316195638944,0.6217760362370954,47.63224574390869,48.45932951033129
31116,California St & Florida Ave NW,incoming_trips,LightGBM,test,1.2547602068317032,1.9544062539085376,0.5955279834574994,49.97438583801112,50.02933654242029
31116,California St & Florida Ave NW,incoming_trips,LightGBM,val,1.242538061643317,1.9359142002796408,0.6235350339393189,47.10917494620836,48.39991039299829
31116,California St & Florida Ave NW,incoming_trips,Linear Regression,test,1.3279808690167847,1.9639092746244884,0.5915850461284957,54.11085718303108,52.94876380061005
31116,California St & Florida Ave NW,incoming_trips,Linear Regression,val,1.3145592833416797,1.9457032542331636,0.6197181776342027,51.89298575288422,51.20531393289859
31116,California St & Florida Ave NW,incoming_trips,Naive (same hour last week),test,1.7167484872702363,2.665698438983495,0.2475444874038103,80.07264015534547,68.44956300072833
31116,California St & Florida Ave NW,incoming_trips,Naive (same hour last week),val,1.687805988842081,2.634819699550689,0.3026446138760692,76.04562512959085,65.74419017207734
31116,California St & Florida Ave NW,incoming_trips,Poisson,test,1.4377048209855274,2.121540587889431,0.5233918302042682,52.46438480625512,57.32363677627564
31116,California St & Florida Ave NW,incoming_trips,Poisson,val,1.4151508005769966,2.08840763789714,0.5618902668536128,50.55281060373776,55.123600680626936
31116,California St & Florida Ave NW,incoming_trips,Polynomial Regression,test,1.3904614787346177,2.0598885630126023,0.5506898334147075,59.99781603997854,55.43996764492223
31116,California St & Florida Ave NW,incoming_trips,Polynomial Regression,val,1.320841629963864,2.158136459592629,0.532146201914846,53.86068486668663,51.45002676943684
31116,California St & Florida Ave NW,incoming_trips,Random Forest,test,1.3210414548367486,1.941550608830774,0.6008315351516145,57.08572923806554,52.67207803584797
31116,California St & Florida Ave NW,incoming_trips,Random Forest,val,1.277758797080878,1.8836886997233813,0.643572978997855,52.49701517911725,49.771844574957214
31116,California St & Florida Ave NW,incoming_trips,Soft Two-Stage,test,1.2831379300520758,1.9629098516097157,0.5920006207679228,51.68001757184211,51.16080266444889
31116,California St & Florida Ave NW,incoming_trips,Soft Two-Stage,val,1.2657938012633656,1.9319047924682544,0.6250927874178582,48.67734335278159,49.30577859010174
31116,California St & Florida Ave NW,incoming_trips,XGBoost,test,1.2836686170450913,1.9576755755825164,0.5941736538371505,48.94093875269572,51.18196202065711
31116,California St & Florida Ave NW,incoming_trips,XGBoost,val,1.259559191814679,1.929511307902192,0.626021175571871,45.9791374483941,49.06292523376052
31116,California St & Florida Ave NW,outgoing_trips,GAM,test,1.5483679845096838,2.1722196215691274,0.4626398811392795,62.95146150362433,58.47773014970817
31116,California St & Florida Ave NW,outgoing_trips,GAM,val,1.43324950105939,2.069439779866962,0.5364799895757488,58.89183298405754,55.59681286019178
31116,California St & Florida Ave NW,outgoing_trips,HistGradientBoosting,test,1.3981874375926695,2.1534229026210325,0.4718994473296465,53.78290253637629,52.80581133957482
31116,California St & Florida Ave NW,outgoing_trips,HistGradientBoosting,val,1.3166475291384625,2.06878475052492,0.5367733744414271,50.89336233213978,51.07373574959417
31116,California St & Florida Ave NW,outgoing_trips,LightGBM,test,1.4000889061567705,2.154567447599774,0.4713379269113857,53.432838104294376,52.87762473709534
31116,California St & Florida Ave NW,outgoing_trips,LightGBM,val,1.3182814675166574,2.0635360278376798,0.539120901226346,50.8195061277376,51.13711743308366
31116,California St & Florida Ave NW,outgoing_trips,Linear Regression,test,1.4655679036291906,2.128912848647277,0.4838526132768009,57.36113785995717,55.35059187602657
31116,California St & Florida Ave NW,outgoing_trips,Linear Regression,val,1.3940692835815114,2.053153073622755,0.5437471811806496,55.80405495112636,54.07698311852492
31116,California St & Florida Ave NW,outgoing_trips,Naive (same hour last week),test,1.9245347642424933,2.879848374184712,0.0555103315419203,85.43306827973947,72.68454639530873
31116,California St & Florida Ave NW,outgoing_trips,Naive (same hour last week),val,1.8240919959011728,2.8026881583807417,0.1498169178319933,84.25653121235631,70.75788357918911
31116,California St & Florida Ave NW,outgoing_trips,Poisson,test,1.5708943997876863,2.249172788988363,0.4238923952887289,56.39028371424052,59.328492789497865
31116,California St & Florida Ave NW,outgoing_trips,Poisson,val,1.524576154561729,2.222739619759485,0.4652631874352889,56.00364811023607,59.13944159312633
31116,California St & Florida Ave NW,outgoing_trips,Polynomial Regression,test,1.529430595797408,2.361023905178174,0.3651681094345665,60.22614585941414,57.76251547339383
31116,California St & Florida Ave NW,outgoing_trips,Polynomial Regression,val,1.4087621039329703,2.659442580578648,0.2345018640458491,57.856191131017056,54.6469285347729
31116,California St & Florida Ave NW,outgoing_trips,Random Forest,test,1.4343216557910077,2.09355243334516,0.5008562340771863,58.04706330989757,54.17050441132043
31116,California St & Florida Ave NW,outgoing_trips,Random Forest,val,1.3561355328528442,2.007467589563809,0.5638257869442671,55.07156218285131,52.60550474801931
31116,California St & Florida Ave NW,outgoing_trips,Soft Two-Stage,test,1.4079679720222142,2.1342169003220746,0.4812775122983473,52.93487587098616,53.17519604580275
31116,California St & Florida Ave NW,outgoing_trips,Soft Two-Stage,val,1.3301732749112956,2.040146181934281,0.5495096676912367,50.47309330185642,51.59840947595578
31116,California St & Florida Ave NW,outgoing_trips,XGBoost,test,1.4281799435157034,2.164165567539898,0.46661729110685,50.72369985786741,53.93854831516922
31116,California St & Florida Ave NW,outgoing_trips,XGBoost,val,1.3406655987516858,2.061977469504462,0.5398168286896763,48.52817949116713,52.00541451212816
31119,14th & Belmont St NW,incoming_trips,GAM,test,2.318412154211938,3.520122518915749,0.091426807325496,68.78908981093954,68.22891529329155
31119,14th & Belmont St NW,incoming_trips,GAM,val,1.5680983591619335,2.3499237726244178,0.4571755642677308,55.49660396078233,55.30945700381215
31119,14th & Belmont St NW,incoming_trips,HistGradientBoosting,test,1.7598063603879155,2.73961107403852,0.4496712697972883,50.59863373047629,51.78961768181216
31119,14th & Belmont St NW,incoming_trips,HistGradientBoosting,val,1.4533665766193966,2.2381786069724616,0.5075736085718341,49.427504562169645,51.26267476184957
31119,14th & Belmont St NW,incoming_trips,LightGBM,test,1.7262932547020748,2.6814660571620093,0.4727835315449263,49.85939142621429,50.80335523279062
31119,14th & Belmont St NW,incoming_trips,LightGBM,val,1.4420934154408145,2.212044422582711,0.5190061443151776,48.82257508759326,50.865051475108125
31119,14th & Belmont St NW,incoming_trips,Linear Regression,test,1.6489765069899265,2.389784891409787,0.5812430941990554,52.64665760867639,48.52798852509749
31119,14th & Belmont St NW,incoming_trips,Linear Regression,val,1.4531776123368527,2.1000633362113903,0.5664725254126,51.635005673852405,51.25600967493104
31119,14th & Belmont St NW,incoming_trips,Naive (same hour last week),test,2.0989839022719488,3.1449911428701336,0.274757555142765,79.16775861306435,61.7713268151732
31119,14th & Belmont St NW,incoming_trips,Naive (same hour last week),val,1.8539223499943072,2.7943885802242936,0.232416844397364,80.07172535978296,65.39094815469258
31119,14th & Belmont St NW,incoming_trips,Poisson,test,2.607501600818414,5.518862005285844,-1.2332813024216749,75.96857694522093,76.73657400654669
31119,14th & Belmont St NW,incoming_trips,Poisson,val,1.7013153123552158,2.76502231814475,0.2484651536451115,57.504718413209424,60.00824219274672
31119,14th & Belmont St NW,incoming_trips,Polynomial Regression,test,1.8852699902825136,2.9273199491830795,0.3716744143975751,60.77675054513204,55.4819065446512
31119,14th & Belmont St NW,incoming_trips,Polynomial Regression,val,1.4931374759891038,2.199400401071516,0.5244891401724274,55.73602921452712,52.66546103213646
31119,14th & Belmont St NW,incoming_trips,Random Forest,test,1.7427316812700788,2.5159098975280894,0.5358754649689885,52.52215523249159,51.28712426920882
31119,14th & Belmont St NW,incoming_trips,Random Forest,val,1.4695818227188475,2.107317696338556,0.5634722384402637,52.47411659172316,51.83461366587543
31119,14th & Belmont St NW,incoming_trips,Soft Two-Stage,test,1.7743133150239576,2.739833429797629,0.4495819332271108,49.48104499798677,52.21654512748999
31119,14th & Belmont St NW,incoming_trips,Soft Two-Stage,val,1.480030630711081,2.2370834745215573,0.5080553754758117,49.55212538243515,52.203160634253344
31119,14th & Belmont St NW,incoming_trips,XGBoost,test,1.821783392575756,2.7776060201177395,0.4343006894480555,48.20521591475116,53.61354949289738
31119,14th & Belmont St NW,incoming_trips,XGBoost,val,1.482817089682788,2.226286191170655,0.5127926570189989,47.481257401991726,52.30144371183458
31119,14th & Belmont St NW,outgoing_trips,GAM,test,3.017107259230596,4.4806686921613,-0.4863954326052844,80.45507694615554,82.5013813798726
31119,14th & Belmont St NW,outgoing_trips,GAM,val,1.882545393236801,2.760003458854364,0.1091294543758648,65.43491194349157,65.14477833339436
31119,14th & Belmont St NW,outgoing_trips,HistGradientBoosting,test,1.8868371034878424,2.879637733084387,0.3860621511656715,52.62510772462336,51.594674667363925
31119,14th & Belmont St NW,outgoing_trips,HistGradientBoosting,val,1.4750082855417803,2.206524437694873,0.4306060725814281,51.85614988328717,51.04210934129253
31119,14th & Belmont St NW,outgoing_trips,LightGBM,test,1.894062453978558,2.889503263327398,0.3818482894233754,52.18802253505972,51.79224848401033
31119,14th & Belmont St NW,outgoing_trips,LightGBM,val,1.4792280890917917,2.2107193438952293,0.428439022391049,51.17028961263112,51.188134062854914
31119,14th & Belmont St NW,outgoing_trips,Linear Regression,test,1.7752911051534015,2.532115277081011,0.5253039217264879,54.39283725414113,48.54450171715361
31119,14th & Belmont St NW,outgoing_trips,Linear Regression,val,1.4810063751576814,2.0892801706989657,0.4895082681095141,53.42988196413507,51.24967098620981
31119,14th & Belmont St NW,outgoing_trips,Naive (same hour last week),test,2.255051946569243,3.30954329708121,0.1890672667407761,79.52402949038209,61.663336663336665
31119,14th & Belmont St NW,outgoing_trips,Naive (same hour last week),val,1.919731299100535,2.813837572686197,0.0740375049779049,79.71525134126361,66.43158267995744
31119,14th & Belmont St NW,outgoing_trips,Poisson,test,2.772434107592793,5.384295021033394,-1.1463789133087596,80.98694183172566,75.81090892983664
31119,14th & Belmont St NW,outgoing_trips,Poisson,val,1.7205649551062272,2.607110360375186,0.2050969220454562,61.45565810370381,59.53950593238246
31119,14th & Belmont St NW,outgoing_trips,Polynomial Regression,test,2.03485165756793,3.031675303327854,0.3195220318253344,64.52543145299123,55.64206315134085
31119,14th & Belmont St NW,outgoing_trips,Polynomial Regression,val,1.5200724762764883,2.3924859460632857,0.3305870058247711,57.8535264855993,52.60153878545525
31119,14th & Belmont St NW,outgoing_trips,Random Forest,test,1.8088753793082368,2.651520224284188,0.4794786052122199,55.956581019122986,49.46284792507756
31119,14th & Belmont St NW,outgoing_trips,Random Forest,val,1.4777888205777787,2.103540943010147,0.482515570835384,55.54632729325337,51.1383287149231
31119,14th & Belmont St NW,outgoing_trips,Soft Two-Stage,test,1.903071679212972,2.8859874980257434,0.3833516302985991,51.62828949898483,52.03860151793963
31119,14th & Belmont St NW,outgoing_trips,Soft Two-Stage,val,1.4953379383374965,2.2133460141970347,0.427080013037616,51.06748415596745,51.745609362981085
31119,14th & Belmont St NW,outgoing_trips,XGBoost,test,2.0142033502551007,3.024840800142382,0.3225866651754138,50.00121113008298,55.07744488288096
31119,14th & Belmont St NW,outgoing_trips,XGBoost,val,1.5194007459014631,2.2348296304809674,0.4159040575743049,49.132205524234,52.578293807385656
31124,14th & Irving St NW,incoming_trips,GAM,test,2.159841242791932,3.104855512959602,0.3410061571449926,63.17668197072953,55.94738701607184
31124,14th & Irving St NW,incoming_trips,GAM,val,1.8043316892089931,2.658295663666432,0.4038449546929744,57.0495973304622,53.1757775529246
31124,14th & Irving St NW,incoming_trips,HistGradientBoosting,test,1.9017839716951408,2.891369741766481,0.4285136903177405,50.6374847651225,49.262807736670425
31124,14th & Irving St NW,incoming_trips,HistGradientBoosting,val,1.6594261041445657,2.522348803606429,0.4632612580491625,50.25465453492183,48.90523948963734
31124,14th & Irving St NW,incoming_trips,LightGBM,test,1.9111994075209455,2.901866618977364,0.4243566912007187,50.723509298964295,49.50670021433714
31124,14th & Irving St NW,incoming_trips,LightGBM,val,1.667337938086071,2.5322922876247405,0.4590211047175024,50.332426892329885,49.1384105436211
31124,14th & Irving St NW,incoming_trips,Linear Regression,test,1.828861372806631,2.590347599035697,0.5413148716937555,52.347158969565314,47.373859242956414
31124,14th & Irving St NW,incoming_trips,Linear Regression,val,1.6438124376936254,2.34395122219956,0.5364999369250907,51.945784473249525,48.44508637092515
31124,14th & Irving St NW,incoming_trips,Naive (same hour last week),test,2.263728736157096,3.3252022455395545,0.2441516007374166,77.93757895992417,58.63843378482285
31124,14th & Irving St NW,incoming_trips,Naive (same hour last week),val,2.120118410565866,3.11513843057554,0.1813328591071319,78.50254040161718,62.48238373263539
31124,14th & Irving St NW,incoming_trips,Poisson,test,2.1347228162381207,3.3453087853322336,0.2349831699289066,60.62975622299624,55.29673255879133
31124,14th & Irving St NW,incoming_trips,Poisson,val,1.7899251815355728,2.6523687302115304,0.4065003645707938,55.61338660922619,52.75120082352506
31124,14th & Irving St NW,incoming_trips,Polynomial Regression,test,1.8558246428433696,2.6529455581510053,0.518877970174183,62.50466803181524,48.07230155162085
31124,14th & Irving St NW,incoming_trips,Polynomial Regression,val,1.6508398265186546,2.365676359053909,0.5278681294504681,59.08007220056541,48.652191786837605
31124,14th & Irving St NW,incoming_trips,Random Forest,test,1.8268111409334635,2.6811533899488387,0.5085923770551699,53.3111677831562,47.32075111917018
31124,14th & Irving St NW,incoming_trips,Random Forest,val,1.6155771030728905,2.381784300285089,0.5214167279763305,52.66386955703615,47.612957842725976
31124,14th & Irving St NW,incoming_trips,Soft Two-Stage,test,1.950393627338237,2.94154431030972,0.4085073435911655,50.50454905329232,50.52196658737687
31124,14th & Irving St NW,incoming_trips,Soft Two-Stage,val,1.6893638022576385,2.552182689829745,0.4504892718849279,49.94927030809365,49.78753867266908
31124,14th & Irving St NW,incoming_trips,XGBoost,test,2.011787655933756,2.9904554980572,0.3886734533749112,48.58845637535356,52.11228508405917
31124,14th & Irving St NW,incoming_trips,XGBoost,val,1.716610188448228,2.577155456181448,0.439682881752887,48.149244024962506,50.59052172720215
31124,14th & Irving St NW,outgoing_trips,GAM,test,2.1600602410153305,3.209692896357464,0.4324193449317698,61.26443803618773,50.89022446353564
31124,14th & Irving St NW,outgoing_trips,GAM,val,1.9259555222211695,2.891718458398421,0.4663032668784287,60.864616148550745,50.40575509302582
31124,14th & Irving St NW,outgoing_trips,HistGradientBoosting,test,1.8539621205328207,2.803257585922128,0.5670610745121676,56.27379270158144,43.678665376693154
31124,14th & Irving St NW,outgoing_trips,HistGradientBoosting,val,1.7065338295146877,2.6173450296414607,0.5627755058401028,55.76758863848102,44.663090749508335
31124,14th & Irving St NW,outgoing_trips,LightGBM,test,1.851238662385028,2.802138096116104,0.5674067965312604,56.21198441620312,43.614501704853566
31124,14th & Irving St NW,outgoing_trips,LightGBM,val,1.7109468823323652,2.6236852611543684,0.560654683369729,56.11894418378718,44.77858835938247
31124,14th & Irving St NW,outgoing_trips,Linear Regression,test,1.897917088075746,2.803749321827409,0.5669091724623447,57.07546036936591,44.714228238354565
31124,14th & Irving St NW,outgoing_trips,Linear Regression,val,1.770638289829634,2.6478426155853647,0.5525269694524384,58.55316079286008,46.34082094095079
31124,14th & Irving St NW,outgoing_trips,Naive (same hour last week),test,2.4953761844959472,3.733363981955212,0.2321059733212807,80.57778850821859,58.79014470923665
31124,14th & Irving St NW,outgoing_trips,Naive (same hour last week),val,2.3573949675509507,3.5766679741217318,0.1835308456492904,82.23237843146511,61.69730921660359
31124,14th & Irving St NW,outgoing_trips,Poisson,test,2.4926231435063837,3.776894771431537,0.2140943827388541,72.05397683333774,58.72528407653024
31124,14th & Irving St NW,outgoing_trips,Poisson,val,2.1228798209021176,3.0872841429926696,0.3916749022135704,66.91968305170745,55.55962176162371
31124,14th & Irving St NW,outgoing_trips,Polynomial Regression,test,2.1953881017899546,3.169587028927228,0.4465148355316733,69.15089131395048,51.722535864162175
31124,14th & Irving St NW,outgoing_trips,Polynomial Regression,val,1.9351988320432865,2.81934228356045,0.4926844905293021,65.71608931612155,50.64766930431831
31124,14th & Irving St NW,outgoing_trips,Random Forest,test,2.036167435422805,2.9994521566993506,0.5043392829069473,65.67454846044464,47.97135555131624
31124,14th & Irving St NW,outgoing_trips,Random Forest,val,1.8296235576210271,2.697951120170299,0.5354305104239114,63.132940685787375,47.884572563501536
31124,14th & Irving St NW,outgoing_trips,Soft Two-Stage,test,1.8830921488669987,2.835212829345812,0.5571343936662876,54.81674443863293,44.364958125574375
31124,14th & Irving St NW,outgoing_trips,Soft Two-Stage,val,1.7281986763608048,2.630338997861956,0.5584234745638128,54.65884293945872,45.23009915217065
31124,14th & Irving St NW,outgoing_trips,XGBoost,test,1.983941342114032,2.9574371780004465,0.5181280140116351,52.90629582445846,46.74092801005112
31124,14th & Irving St NW,outgoing_trips,XGBoost,val,1.7991853958075557,2.7099693968063345,0.5312823549421205,53.00415897677172,47.087950568782624
31125,15th & W St NW,incoming_trips,GAM,test,1.8039081803877588,2.5488624544225003,0.6239625176738653,62.68377529235652,50.5306589658012
31125,15th & W St NW,incoming_trips,GAM,val,1.6653712321015115,2.41384663982464,0.658837336372734,57.58365405182438,47.354815888201166
31125,15th & W St NW,incoming_trips,HistGradientBoosting,test,1.628220280993442,2.548718389124763,0.6240050248093629,50.930463903694886,45.609330139184365
31125,15th & W St NW,incoming_trips,HistGradientBoosting,val,1.5772185264151002,2.466558537681952,0.6437745027217485,50.35203544054042,44.848194501113134
31125,15th & W St NW,incoming_trips,LightGBM,test,1.6232014588752546,2.535422725805509,0.627917629233002,50.79539714232254,45.46874405413782
31125,15th & W St NW,incoming_trips,LightGBM,val,1.5693338140812734,2.4463911407157206,0.6495759227564851,49.862046559730274,44.62399277737576
31125,15th & W St NW,incoming_trips,Linear Regression,test,1.6545084245727486,2.490418259454142,0.6410095297401848,54.03423597450578,46.34570754048004
31125,15th & W St NW,incoming_trips,Linear Regression,val,1.5963476267967411,2.3981687488832537,0.6632546353462512,53.45399091816813,45.39213029705962
31125,15th & W St NW,incoming_trips,Naive (same hour last week),test,2.1633748144765383,3.304416568002907,0.3679842251632891,79.76217168049979,60.59995522722185
31125,15th & W St NW,incoming_trips,Naive (same hour last week),val,2.101787544119321,3.2317239396330004,0.3884800096805509,78.61429997421149,59.764309764309765
31125,15th & W St NW,incoming_trips,Poisson,test,1.821078158675364,2.7875014410575387,0.550252728412014,54.27919067034019,51.01162042865941
31125,15th & W St NW,incoming_trips,Poisson,val,1.7856682184007826,2.7820906256621365,0.5468054343479644,53.45355982454383,50.77545960312767
31125,15th & W St NW,incoming_trips,Polynomial Regression,test,1.6831543100268005,2.536766794343684,0.627523030920283,56.62403495347476,47.14812946216618
31125,15th & W St NW,incoming_trips,Polynomial Regression,val,1.5837508430137508,2.392569407198132,0.6648252930627985,54.548983760522965,45.033940864380256
31125,15th & W St NW,incoming_trips,Random Forest,test,1.7743417294928483,2.665479322415006,0.5887660399858059,63.76294468502277,49.70245037777946
31125,15th & W St NW,incoming_trips,Random Forest,val,1.7172396187059913,2.588583689241694,0.6076564038521933,61.792827528419146,48.82969299111216
31125,15th & W St NW,incoming_trips,Soft Two-Stage,test,1.637579709741257,2.528861132589517,0.6298410118180924,49.37918892399976,45.87150429378512
31125,15th & W St NW,incoming_trips,Soft Two-Stage,val,1.5881488341445744,2.4473747322368924,0.649294084390591,48.75611795295134,45.15899770231739
31125,15th & W St NW,incoming_trips,XGBoost,test,1.7011111166668345,2.594126988439882,0.6104880374025208,49.13372509308646,47.65113137895297
31125,15th & W St NW,incoming_trips,XGBoost,val,1.618725511503559,2.477111588589735,0.6407197949838516,47.996660925354895,46.02844524584226
31125,15th & W St NW,outgoing_trips,GAM,test,1.8029282771771025,2.497036767189328,0.5477835960141875,63.314739795020735,50.97268900227313
31125,15th & W St NW,outgoing_trips,GAM,val,1.7168174563287877,2.431086712606981,0.6003494837689205,59.370772227926096,48.64759233106124
31125,15th & W St NW,outgoing_trips,HistGradientBoosting,test,1.6986728119822485,2.550842894827169,0.5280849140488311,52.78274688544673,48.02516109923021
31125,15th & W St NW,outgoing_trips,HistGradientBoosting,val,1.6340361578046123,2.5041638927824628,0.5759618047504389,50.21793404016876,46.30190854948352
31125,15th & W St NW,outgoing_trips,LightGBM,test,1.6950044722554616,2.5451772884396693,0.5301789010260843,53.066711087422206,47.92144918655172
31125,15th & W St NW,outgoing_trips,LightGBM,val,1.6224893849154165,2.4857961733005505,0.5821595223998348,50.23238600314167,45.974720182320624
31125,15th & W St NW,outgoing_trips,Linear Regression,test,1.6912284418516037,2.455296299841096,0.562775734685481,56.37796464913052,47.81469262508698
31125,15th & W St NW,outgoing_trips,Linear Regression,val,1.6596864184323494,2.4220658824461543,0.603309880609588,55.13759857718314,47.02873213669933
31125,15th & W St NW,outgoing_trips,Naive (same hour last week),test,2.2202306199337825,3.275474951376603,0.2218828218260015,82.3383831784651,62.770730447693744
31125,15th & W St NW,outgoing_trips,Naive (same hour last week),val,2.18797677331208,3.2735366737747964,0.2753740204413123,81.12534332621078,61.99832236417602
31125,15th & W St NW,outgoing_trips,Poisson,test,1.8638175920974287,2.740358422698135,0.4553579391752296,58.74449698620282,52.69416187076394
31125,15th & W St NW,outgoing_trips,Poisson,val,1.8623718105088056,2.795964506806198,0.4713809778802741,57.24874841768804,52.77200803877545
31125,15th & W St NW,outgoing_trips,Polynomial Regression,test,1.758368343018119,2.739889003150315,0.4555445160333639,62.26644755108407,49.71288311060232
31125,15th & W St NW,outgoing_trips,Polynomial Regression,val,1.6296683806389425,2.404670351991469,0.6089875581339443,55.83252319218748,46.17814358998526
31125,15th & W St NW,outgoing_trips,Random Forest,test,1.7108766479744542,2.4497751589301853,0.5647398663994982,59.9516762980736,48.37018998614713
31125,15th & W St NW,outgoing_trips,Random Forest,val,1.6474213589068405,2.3930026391541537,0.6127728193416127,56.85358801218431,46.68119046095876
31125,15th & W St NW,outgoing_trips,Soft Two-Stage,test,1.712070670790176,2.54795148234112,0.529154151072424,51.88022898464997,48.40394759837047
31125,15th & W St NW,outgoing_trips,Soft Two-Stage,val,1.64439465778239,2.493170274166894,0.5796768023447221,49.24857241756066,46.595426117249744
31125,15th & W St NW,outgoing_trips,XGBoost,test,1.706805952221888,2.5296508477286928,0.5358935516784329,50.633511881451824,48.25510259679003
31125,15th & W St NW,outgoing_trips,XGBoost,val,1.6353190075678308,2.4772453180729683,0.585029225312413,47.82998218170584,46.33825927044863
31128,23rd & M St NW,incoming_trips,GAM,test,1.69256405134369,2.23561013390366,0.3776408725750345,74.80353671079455,61.833368892723485
31128,23rd & M St NW,incoming_trips,GAM,val,1.5747221297846263,2.155798616544525,0.4675126264961335,64.26162261750567,54.72120461285213
31128,23rd & M St NW,incoming_trips,HistGradientBoosting,test,1.3188677407456253,1.959926890846034,0.5216688464021946,55.80021555383404,48.18135861357579
31128,23rd & M St NW,incoming_trips,HistGradientBoosting,val,1.3903001527722263,2.0688513815459704,0.5095988005052138,55.612043912861765,48.31258651552311
31128,23rd & M St NW,incoming_trips,LightGBM,test,1.3153717348028,1.9543100034747136,0.5244065835306042,55.81524275890665,48.053641245986505
31128,23rd & M St NW,incoming_trips,LightGBM,val,1.3874674234333773,2.0627493215924417,0.5124874027827491,55.53516028001647,48.21414987147518
31128,23rd & M St NW,incoming_trips,Linear Regression,test,1.3739323060752215,1.960078724064936,0.5215947320337068,56.52388615131704,50.19299745125486
31128,23rd & M St NW,incoming_trips,Linear Regression,val,1.4476165844839557,2.06505296739667,0.5113979020439962,56.85470279579034,50.304318344303
31128,23rd & M St NW,incoming_trips,Naive (same hour last week),test,1.84461696540701,2.724579967125201,0.0756253173790522,81.36647427775729,67.38822155488822
31128,23rd & M St NW,incoming_trips,Naive (same hour last week),val,1.954229762040305,2.878028282513009,0.050963203878695,83.58092024945168,67.90900098911969
31128,23rd & M St NW,incoming_trips,Poisson,test,1.4726145103732993,2.0360599463414,0.4837856833700188,55.851567149860806,53.798091826658855
31128,23rd & M St NW,incoming_trips,Poisson,val,1.549802694043103,2.1595853670809766,0.4656403108034462,56.369658030765656,53.855260382910274
31128,23rd & M St NW,incoming_trips,Polynomial Regression,test,1.4315512580502805,2.0795303063373254,0.4615077812852985,61.790789476037446,52.29795407600268
31128,23rd & M St NW,incoming_trips,Polynomial Regression,val,1.468626750291503,2.1120512918959147,0.4889047340365522,60.59627328024659,51.034416410723125
31128,23rd & M St NW,incoming_trips,Random Forest,test,1.4186594929243648,2.0109353113928243,0.4964470731841489,64.25281535095725,51.82698739791671
31128,23rd & M St NW,incoming_trips,Random Forest,val,1.4588685355994595,2.0829862306036966,0.5028748505813355,60.677005407268666,50.69532086318519
31128,23rd & M St NW,incoming_trips,Soft Two-Stage,test,1.3322144277103074,1.9542987586456144,0.5244120565121616,54.2088870248058,48.66894466264007
31128,23rd & M St NW,incoming_trips,Soft Two-Stage,val,1.405819895393597,2.0672515672479506,0.5103569482547585,54.23970548342303,48.85189373389501
31128,23rd & M St NW,incoming_trips,XGBoost,test,1.3380578976958222,1.9555260384856463,0.5238145401242198,53.792376402337005,48.88242044510221
31128,23rd & M St NW,incoming_trips,XGBoost,val,1.4095115709709478,2.0700514882909804,0.5090296881060119,53.474308604167184,48.9801785473307
31128,23rd & M St NW,outgoing_trips,GAM,test,1.3544574532496458,1.879515687597258,0.5205227619668313,57.91751516666493,53.13132174756437
31128,23rd & M St NW,outgoing_trips,GAM,val,1.357627063358584,1.9251998135126964,0.5052915020239689,56.142359343052085,51.46770760306648
31128,23rd & M St NW,outgoing_trips,HistGradientBoosting,test,1.2517345153387147,1.898901772381292,0.5105807076326858,54.25725309840045,49.10180760379687
31128,23rd & M St NW,outgoing_trips,HistGradientBoosting,val,1.301559358047474,1.9737360835105269,0.4800328458325958,54.205915742513774,49.34217818426694
31128,23rd & M St NW,outgoing_trips,LightGBM,test,1.2507481077356837,1.9004679966403013,0.5097730234196651,54.44870014990406,49.06311377874896
31128,23rd & M St NW,outgoing_trips,LightGBM,val,1.301419641963351,1.9752844360378117,0.4792167202597317,54.44430763540963,49.3368815407636
31128,23rd & M St NW,outgoing_trips,Linear Regression,test,1.2879101914375275,1.8699599736943688,0.5253858234734532,54.79783015921832,50.52087136370328
31128,23rd & M St NW,outgoing_trips,Linear Regression,val,1.3328894013529735,1.933960161775884,0.5007790572233992,55.07740828231083,50.529901640552346
31128,23rd & M St NW,outgoing_trips,Naive (same hour last week),test,1.6971115424135177,2.5573231738041478,0.112338644322378,80.89680816369422,66.5726185677818
31128,23rd & M St NW,outgoing_trips,Naive (same hour last week),val,1.7891381077080724,2.678831035493932,0.0421700948898767,81.08657781381027,67.82631215469614
31128,23rd & M St NW,outgoing_trips,Poisson,test,1.38057429642066,1.9593078172482996,0.47894756773004,53.70051612470251,54.155807525408925
31128,23rd & M St NW,outgoing_trips,Poisson,val,1.4390757187384609,2.042706016527716,0.4430586222017491,54.981544287389205,54.55543006595261
31128,23rd & M St NW,outgoing_trips,Polynomial Regression,test,1.3394218558702842,2.127713167518356,0.3855277882786054,59.26059591149795,52.54152015570701
31128,23rd & M St NW,outgoing_trips,Polynomial Regression,val,1.3632864428245934,1.998117341535437,0.4671073541503933,57.76376155784183,51.68225495221169
31128,23rd & M St NW,outgoing_trips,Random Forest,test,1.283522218880552,1.8626340014571596,0.5290973460299917,55.72314519436694,50.34874430191568
31128,23rd & M St NW,outgoing_trips,Random Forest,val,1.328282556913534,1.9310961047172783,0.5022565835750972,55.19093822747981,50.35525594514662
31128,23rd & M St NW,outgoing_trips,Soft Two-Stage,test,1.2618689888645973,1.8803278088455608,0.5201083171368761,52.368226879640126,49.4993527406736
31128,23rd & M St NW,outgoing_trips,Soft Two-Stage,val,1.308747733272125,1.9508852871786877,0.492002920310995,52.3602075831849,49.61468983653778
31128,23rd & M St NW,outgoing_trips,XGBoost,test,1.2797143759171563,1.902563348608492,0.5086914326449432,51.85185806709399,50.19937399193145
31128,23rd & M St NW,outgoing_trips,XGBoost,val,1.322038315355654,1.9676479770469333,0.483235637891749,51.63807474936857,50.11853644582489
31201,15th & P St NW,incoming_trips,GAM,test,2.189641620580084,3.027812903184519,0.6855186630257928,64.66951471787496,42.71032391640341
31201,15th & P St NW,incoming_trips,GAM,val,1.9843171574858984,2.772757152958477,0.7263905902934491,58.6440229858568,39.98774227743815
31201,15th & P St NW,incoming_trips,HistGradientBoosting,test,1.9025933696266504,2.871472082268651,0.7171566302010265,51.15768830469914,37.11126895570611
31201,15th & P St NW,incoming_trips,HistGradientBoosting,val,1.7734048731829597,2.668472240149751,0.746584754263441,49.456570797130375,35.73746099753564
31201,15th & P St NW,incoming_trips,LightGBM,test,1.907650142582344,2.877428151214496,0.7159820537359285,51.35709282428286,37.20990446248469
31201,15th & P St NW,incoming_trips,LightGBM,val,1.7757713507884485,2.676051985135493,0.7451430671888111,49.46148937509958,35.78514999535367
31201,15th & P St NW,incoming_trips,Linear Regression,test,1.9924783481953767,2.938076569617906,0.7038832147047317,54.01682441907498,38.864531459399416
31201,15th & P St NW,incoming_trips,Linear Regression,val,1.8751023102258628,2.753705957925332,0.7301375313307377,52.89087756206159,37.78685662333368
31201,15th & P St NW,incoming_trips,Naive (same hour last week),test,2.624614682041329,3.952437282859788,0.4641209473897991,73.34709512916363,51.19474446052779
31201,15th & P St NW,incoming_trips,Naive (same hour last week),val,2.5083684390299443,3.768899016298876,0.49448230425119,71.98194659158197,50.54836637298092
31201,15th & P St NW,incoming_trips,Poisson,test,2.1750306688751477,3.1973118101078257,0.6493233976927903,52.66611403207536,42.4253282010409
31201,15th & P St NW,incoming_trips,Poisson,val,2.038480477391407,2.941795344416648,0.6920130796826237,50.570896373736886,41.07923557481812
31201,15th & P St NW,incoming_trips,Polynomial Regression,test,2.03853087775521,3.0919912642483243,0.6720457050986677,53.47884075783765,39.762814738354045
31201,15th & P St NW,incoming_trips,Polynomial Regression,val,1.8314661426969616,2.744371056946656,0.7319640658948432,50.60758811939958,36.90750534899829
31201,15th & P St NW,incoming_trips,Random Forest,test,1.9376000394057529,2.847155510433207,0.7219267684891186,54.811076095323216,37.79409585826743
31201,15th & P St NW,incoming_trips,Random Forest,val,1.8136038776693448,2.654211360742704,0.7492861257956287,52.655550734572266,36.54754693825682
31201,15th & P St NW,incoming_trips,Soft Two-Stage,test,1.922013140436677,2.871581038538591,0.7171351651528948,50.46570502211936,37.49006368352043
31201,15th & P St NW,incoming_trips,Soft Two-Stage,val,1.7861911113377331,2.657632018324315,0.7486394863046892,48.54938559627247,35.995127870042474
31201,15th & P St NW,incoming_trips,XGBoost,test,1.9468297359583917,2.902185254268136,0.7110737048990698,50.07807358512037,37.97412683946008
31201,15th & P St NW,incoming_trips,XGBoost,val,1.7967944112563103,2.6721778734440345,0.7458804441463851,48.443102859948056,36.20880441002242
31201,15th & P St NW,outgoing_trips,GAM,test,2.108139083833152,2.940833541121468,0.6545662488963939,58.914868545267176,41.53494440761765
31201,15th & P St NW,outgoing_trips,GAM,val,1.9576873591613069,2.719647698864298,0.7027972562189546,58.61314754762079,39.47465006546159
31201,15th & P St NW,outgoing_trips,HistGradientBoosting,test,1.9718262027025184,2.920556780658832,0.6593132911375479,51.3743651362784,38.84928292388455
31201,15th & P St NW,outgoing_trips,HistGradientBoosting,val,1.8414073138951244,2.724326561970232,0.7017737654794964,51.111756705378205,37.12998860815666
31201,15th & P St NW,outgoing_trips,LightGBM,test,1.9731004355685828,2.918778735319165,0.6597279874212574,51.17450501588633,38.87438809444006
31201,15th & P St NW,outgoing_trips,LightGBM,val,1.8366062847409288,2.7171431511923023,0.7033443974514131,51.067815605737046,37.03318104338945
31201,15th & P St NW,outgoing_trips,Linear Regression,test,2.0431620635355108,2.939898344794507,0.6547859124750453,54.43933806747555,40.25475518930099
31201,15th & P St NW,outgoing_trips,Linear Regression,val,1.932954612326354,2.752051894679673,0.6956728116926344,55.81317678725484,38.97594095243668
31201,15th & P St NW,outgoing_trips,Naive (same hour last week),test,2.724626098869734,4.007399822755687,0.3585700535809994,75.70286095672583,53.6810850934611
31201,15th & P St NW,outgoing_trips,Naive (same hour last week),val,2.5621086189229194,3.7534605839757273,0.4339025029207031,74.40663477446589,51.66215161394003
31201,15th & P St NW,outgoing_trips,Poisson,test,2.2696096756432804,3.267022650216393,0.5736873952723975,55.191528775539,44.71626773952244
31201,15th & P St NW,outgoing_trips,Poisson,val,2.152269600283768,3.0404015018326005,0.6285593827984793,54.70067038849516,43.39819068665304
31201,15th & P St NW,outgoing_trips,Polynomial Regression,test,2.0833099311071317,3.0951186300884466,0.6173704725464395,54.10451670266207,41.04575586874365
31201,15th & P St NW,outgoing_trips,Polynomial Regression,val,1.8911456354795717,2.832261165881435,0.6776749113404827,53.247762596368645,38.13290811427769
31201,15th & P St NW,outgoing_trips,Random Forest,test,2.0140399599837333,2.933992724711738,0.6561714403758647,53.880261851019526,39.680986142784086
31201,15th & P St NW,outgoing_trips,Random Forest,val,1.8741551619009549,2.711242914112713,0.7046313653228002,53.50850516675831,37.79031357494854
31201,15th & P St NW,outgoing_trips,Soft Two-Stage,test,1.9864100375367109,2.922835390152601,0.658781478296468,50.11336749912545,39.13661632315282
31201,15th & P St NW,outgoing_trips,Soft Two-Stage,val,1.847864515264988,2.7157551580367927,0.7036474000940531,49.90317405977672,37.26019109594653
31201,15th & P St NW,outgoing_trips,XGBoost,test,1.9964435227012447,2.924637201355509,0.6583606534628621,48.79262666136152,39.33429789536002
31201,15th & P St NW,outgoing_trips,XGBoost,val,1.852287427287642,2.718948519771992,0.7029500489750942,48.73480419189563,37.34937433736021
31202,14th & R St NW,incoming_trips,GAM,test,2.0303297281052037,2.9234263705303176,0.6193094239743224,66.50472055240408,49.59329063407645
31202,14th & R St NW,incoming_trips,GAM,val,1.7601219652048,2.558444007591933,0.6622679113442183,60.99829955313999,47.01116415397688
31202,14th & R St NW,incoming_trips,HistGradientBoosting,test,1.7671738158225212,2.819269533516921,0.6459529321439874,49.90412766125141,43.16538512727478
31202,14th & R St NW,incoming_trips,HistGradientBoosting,val,1.587425643829133,2.4992946259656037,0.6777036381627394,51.156656380426426,42.39861157326139
31202,14th & R St NW,incoming_trips,LightGBM,test,1.7620737511888287,2.808496388767327,0.6486535698453386,50.19071282988256,43.040809801341226
31202,14th & R St NW,incoming_trips,LightGBM,val,1.582191193360457,2.492231112026868,0.6795228137266791,51.223887226147504,42.25880443767454
31202,14th & R St NW,incoming_trips,Linear Regression,test,1.7902074259241816,2.71104010058289,0.6726143128387276,55.14280484479476,43.728009268718885
31202,14th & R St NW,incoming_trips,Linear Regression,val,1.6634054188455762,2.501752159020264,0.67706950454439,56.18381062024407,44.42795825848648
31202,14th & R St NW,incoming_trips,Naive (same hour last week),test,2.2874757392396394,3.587982122245857,0.4265595208316145,76.5705159768308,55.87439694358459
31202,14th & R St NW,incoming_trips,Naive (same hour last week),val,2.164750085392235,3.3758962359128706,0.4119710998285677,77.87261342673953,57.81839192312371
31202,14th & R St NW,incoming_trips,Poisson,test,2.1598839224001822,3.5534371600025056,0.4375484926562034,58.35884375897084,52.75781052540003
31202,14th & R St NW,incoming_trips,Poisson,val,1.8644688361155135,2.867851285242168,0.5756406786855337,55.27557904925515,49.798168676567805
31202,14th & R St NW,incoming_trips,Polynomial Regression,test,1.879944375000324,2.9583653744800804,0.6101554859233054,57.00991788703519,45.91994417197311
31202,14th & R St NW,incoming_trips,Polynomial Regression,val,1.6735054740897006,2.682970027506389,0.6285912470921058,57.14403119284043,44.69772101608637
31202,14th & R St NW,incoming_trips,Random Forest,test,1.7692128277622696,2.7120631434479345,0.6723671805398685,51.142987101648544,43.2151904915634
31202,14th & R St NW,incoming_trips,Random Forest,val,1.6032552810864278,2.414336508344742,0.6992427566185455,52.93323200458997,42.82140595360083
31202,14th & R St NW,incoming_trips,Soft Two-Stage,test,1.798558817453951,2.8451654837859026,0.6394189753709785,48.668605912137934,43.9320022367583
31202,14th & R St NW,incoming_trips,Soft Two-Stage,val,1.608640467655578,2.5066187464080016,0.6758119075155624,49.61863379247286,42.96523910539759
31202,14th & R St NW,incoming_trips,XGBoost,test,1.85235549219659,2.899941506221488,0.6254012864057807,47.40644832883872,45.2460519148608
31202,14th & R St NW,incoming_trips,XGBoost,val,1.628687304701116,2.5273161721715405,0.6704360911830389,48.442200027131285,43.50067083441766
31202,14th & R St NW,outgoing_trips,GAM,test,2.1591581647974407,2.9350811922802085,0.5109407244808477,72.09871783339392,53.043322952433904
31202,14th & R St NW,outgoing_trips,GAM,val,1.8806343336301907,2.595774000947007,0.5552572673887064,65.23214346834739,49.85846645619839
31202,14th & R St NW,outgoing_trips,HistGradientBoosting,test,1.8464396788556816,2.81764319182554,0.5492940897482582,51.76527622546958,45.36087156306983
31202,14th & R St NW,outgoing_trips,HistGradientBoosting,val,1.68608250569785,2.561937166698859,0.5667764548387204,52.61481286424016,44.70060263679622
31202,14th & R St NW,outgoing_trips,LightGBM,test,1.8398399194669968,2.8061673686358053,0.5529579237811961,51.877960209520246,45.19873746174742
31202,14th & R St NW,outgoing_trips,LightGBM,val,1.6787810641757643,2.5487354944401583,0.5712297565107631,52.56000387580468,44.5070303560498
31202,14th & R St NW,outgoing_trips,Linear Regression,test,1.86065779077158,2.665569106845647,0.5966322673143678,55.52646980796967,45.7101632057224
31202,14th & R St NW,outgoing_trips,Linear Regression,val,1.771141786312374,2.5233470426347795,0.5797293398010233,57.44849969113716,46.95565308093085
31202,14th & R St NW,outgoing_trips,Naive (same hour last week),test,2.391254709441717,3.5583791084157905,0.2811708294769225,77.85786357366312,58.7451618331744
31202,14th & R St NW,outgoing_trips,Naive (same hour last week),val,2.3143572811112376,3.435603316285896,0.2209216600547351,82.11950138782626,61.35711914033023
31202,14th & R St NW,outgoing_trips,Poisson,test,2.366136746353559,3.723358049223149,0.2129707672799875,65.94426074056433,58.12809715967584
31202,14th & R St NW,outgoing_trips,Poisson,val,2.062186563116374,3.007532842662341,0.4029704036254377,61.85806799483223,54.67169121872413
31202,14th & R St NW,outgoing_trips,Polynomial Regression,test,1.9213801454329824,2.878422572394939,0.5296400185198005,57.863401755728496,47.20190916544425
31202,14th & R St NW,outgoing_trips,Polynomial Regression,val,1.7209335423040977,2.520651930721155,0.5806266175476853,57.863838528279466,45.62455643713027
31202,14th & R St NW,outgoing_trips,Random Forest,test,1.8480754586986972,2.707780621149797,0.5837557830522386,55.490253708405945,45.40105722427186
31202,14th & R St NW,outgoing_trips,Random Forest,val,1.7050716130001544,2.4844168074960056,0.5925971892547257,55.83396035688829,45.20403265109226
31202,14th & R St NW,outgoing_trips,Soft Two-Stage,test,1.881209664139877,2.8572860470387007,0.5365224506388329,50.40837001628763,46.21505426656527
31202,14th & R St NW,outgoing_trips,Soft Two-Stage,val,1.701561219321557,2.568003151413496,0.5647225102274508,50.46109926869165,45.11096679435309
31202,14th & R St NW,outgoing_trips,XGBoost,test,1.886434623684527,2.8451782165983746,0.5404421265855719,49.28783557187676,46.343414115815264
31202,14th & R St NW,outgoing_trips,XGBoost,val,1.7057571358079897,2.56936567110696,0.5642604925021739,50.08161542022083,45.22220689969988
31203,14th St & Rhode Island Ave NW,incoming_trips,GAM,test,1.6418188360324053,2.4956706205733954,0.6478694975356802,57.75217657990637,47.670272764304826
31203,14th St & Rhode Island Ave NW,incoming_trips,GAM,val,1.5599246151957082,2.330668029100608,0.6466609722766612,58.213641937026125,47.77133157344458
31203,14th St & Rhode Island Ave NW,incoming_trips,HistGradientBoosting,test,1.583153536857154,2.553288488841208,0.631422442213107,52.22129067902234,45.96692355664073
31203,14th St & Rhode Island Ave NW,incoming_trips,HistGradientBoosting,val,1.4825146096211623,2.3523232066431405,0.6400644373567475,52.0940365215484,45.400717630065095
31203,14th St & Rhode Island Ave NW,incoming_trips,LightGBM,test,1.5801215704804026,2.5476102080535727,0.6330599850755709,52.65749087892796,45.87889029680726
31203,14th St & Rhode Island Ave NW,incoming_trips,LightGBM,val,1.4845128180636131,2.358716646230045,0.6381052222715133,52.38399174989223,45.46191102180167
31203,14th St & Rhode Island Ave NW,incoming_trips,Linear Regression,test,1.6361197375027228,2.5294293159917447,0.6382785951254987,56.5757062616098,47.50479922029485
31203,14th St & Rhode Island Ave NW,incoming_trips,Linear Regression,val,1.5324407933303783,2.340015025000437,0.6438212019165077,56.758650906048224,46.92966348612522
31203,14th St & Rhode Island Ave NW,incoming_trips,Naive (same hour last week),test,2.1657723484416027,3.443143130313308,0.3297462282185547,83.40930901594291,62.88328305764577
31203,14th St & Rhode Island Ave NW,incoming_trips,Naive (same hour last week),val,2.016053740179893,3.164023397889665,0.3488063679645792,79.36706301376807,61.739888423988845
31203,14th St & Rhode Island Ave NW,incoming_trips,Poisson,test,1.7850991860742629,2.6848604654272834,0.5924578301570272,53.62996669606538,51.83042321352627
31203,14th St & Rhode Island Ave NW,incoming_trips,Poisson,val,1.6921586230476733,2.5116183065056616,0.5896654822334915,54.2473443609702,51.82088279716777
31203,14th St & Rhode Island Ave NW,incoming_trips,Polynomial Regression,test,1.7316372949070336,3.028481755585412,0.4814638523216198,60.40495843349278,50.27815515659729
31203,14th St & Rhode Island Ave NW,incoming_trips,Polynomial Regression,val,1.567277639671004,2.45142085730787,0.6090992300715745,56.92153625420632,47.996511538460354
31203,14th St & Rhode Island Ave NW,incoming_trips,Random Forest,test,1.6040900287914717,2.4590139857756643,0.6581377779604907,55.83078834826577,46.57481540154639
31203,14th St & Rhode Island Ave NW,incoming_trips,Random Forest,val,1.5400511033100854,2.317463566584252,0.6506533342953092,56.53504537150407,47.16272259544101
31203,14th St & Rhode Island Ave NW,incoming_trips,Soft Two-Stage,test,1.5986858490881817,2.546648480169535,0.6333369739441618,51.50711788607843,46.417904836952246
31203,14th St & Rhode Island Ave NW,incoming_trips,Soft Two-Stage,val,1.5017510042703428,2.3572534342327334,0.6385540803713614,51.28015233649872,45.989815448069805
31203,14th St & Rhode Island Ave NW,incoming_trips,XGBoost,test,1.610467088756842,2.5623265506128248,0.6288084621299339,49.90344770697221,46.75997358179858
31203,14th St & Rhode Island Ave NW,incoming_trips,XGBoost,val,1.5064246664807424,2.370259923798372,0.6345544152241192,50.09586254832905,46.13294227928996
31203,14th St & Rhode Island Ave NW,outgoing_trips,GAM,test,1.958033303973181,2.62842597814409,0.4432128066232228,74.63852866721503,57.17757529421934
31203,14th St & Rhode Island Ave NW,outgoing_trips,GAM,val,1.732380824445229,2.388367147354314,0.501105977281802,64.42013185953155,52.01347137422639
31203,14th St & Rhode Island Ave NW,outgoing_trips,HistGradientBoosting,test,1.6821746649834797,2.514843768086423,0.4902939880994339,55.01372208252982,49.12207998196465
31203,14th St & Rhode Island Ave NW,outgoing_trips,HistGradientBoosting,val,1.5890897622082014,2.384583278974333,0.5026855116072217,53.66965822782499,47.71126168760343
31203,14th St & Rhode Island Ave NW,outgoing_trips,LightGBM,test,1.6760321918842278,2.4993856337999194,0.4965408083658318,55.57708086303356,48.94271034743775
31203,14th St & Rhode Island Ave NW,outgoing_trips,LightGBM,val,1.584198472097339,2.368155216671844,0.5095141856651515,54.04929621642063,47.56440426770221
31203,14th St & Rhode Island Ave NW,outgoing_trips,Linear Regression,test,1.7253460014478696,2.454976578038744,0.5142727800635057,59.00323108695332,50.382749213808594
31203,14th St & Rhode Island Ave NW,outgoing_trips,Linear Regression,val,1.637376476754357,2.3396521797463974,0.5212500733770944,57.44434810838143,49.16103509155819
31203,14th St & Rhode Island Ave NW,outgoing_trips,Naive (same hour last week),test,2.2536819271606348,3.3216295655383896,0.1107986146106757,83.24095365807305,65.81096849474912
31203,14th St & Rhode Island Ave NW,outgoing_trips,Naive (same hour last week),val,2.1755664351588297,3.197687881543762,0.105710224683894,83.97364869610226,65.31979626021263
31203,14th St & Rhode Island Ave NW,outgoing_trips,Poisson,test,1.8818250031681036,2.62168099039004,0.4460667611779656,61.440516737401886,54.95217603850448
31203,14th St & Rhode Island Ave NW,outgoing_trips,Poisson,val,1.7954755128456867,2.504118920420833,0.4515765423761484,58.16783594565349,53.90784339836484
31203,14th St & Rhode Island Ave NW,outgoing_trips,Polynomial Regression,test,1.808191994850791,3.0372988670487384,0.2565140052294041,61.920022057952615,52.8019792728724
31203,14th St & Rhode Island Ave NW,outgoing_trips,Polynomial Regression,val,1.6745198075935048,2.9036314728969246,0.2626238041219003,58.74873662139839,50.276236523070295
31203,14th St & Rhode Island Ave NW,outgoing_trips,Random Forest,test,1.73129708556496,2.468906354258344,0.5087450147785144,60.81780262971476,50.55652999654438
31203,14th St & Rhode Island Ave NW,outgoing_trips,Random Forest,val,1.6204988217943797,2.31847444697081,0.5298778099693752,57.52517497050249,48.65429580494321
31203,14th St & Rhode Island Ave NW,outgoing_trips,Soft Two-Stage,test,1.6949882810590078,2.504602748762488,0.4944368146648669,54.761742012776224,49.49625722218986
31203,14th St & Rhode Island Ave NW,outgoing_trips,Soft Two-Stage,val,1.6035717238423812,2.377581202242107,0.505601846408447,53.05867082247674,48.14607202853599
31203,14th St & Rhode Island Ave NW,outgoing_trips,XGBoost,test,1.7088757989073038,2.506375088625586,0.4937210549961491,53.64242472249087,49.90179404110376
31203,14th St & Rhode Island Ave NW,outgoing_trips,XGBoost,val,1.610065335970276,2.3784314121910737,0.505248195071894,52.49540250405885,48.3410379989298
31212,New Hampshire Ave & Ward Pl NW,incoming_trips,GAM,test,1.4083322731062016,1.9313449836471657,0.4687784422795351,61.49748103412034,53.91190236500686
31212,New Hampshire Ave & Ward Pl NW,incoming_trips,GAM,val,1.5280143346865211,2.1736451936397443,0.520344820793907,57.99917203888124,50.98218318474288
31212,New Hampshire Ave & Ward Pl NW,incoming_trips,HistGradientBoosting,test,1.3084651034142385,1.9360010367482083,0.466214035390005,55.59437567180493,50.08892024301961
31212,New Hampshire Ave & Ward Pl NW,incoming_trips,HistGradientBoosting,val,1.4595752524869876,2.188997554802432,0.5135453258210824,53.81440701014999,48.69871388312267
31212,New Hampshire Ave & Ward Pl NW,incoming_trips,LightGBM,test,1.3091817877841745,1.92639830038273,0.4714961541197001,55.93184959495855,50.1163554005576
31212,New Hampshire Ave & Ward Pl NW,incoming_trips,LightGBM,val,1.4586473013801065,2.182169059583188,0.516575546085653,53.68527014316727,48.66775280360688
31212,New Hampshire Ave & Ward Pl NW,incoming_trips,Linear Regression,test,1.3656231386542934,1.9475107005421488,0.4598483783151335,59.17005481644326,52.27696810223748
31212,New Hampshire Ave & Ward Pl NW,incoming_trips,Linear Regression,val,1.518303069833865,2.172100566651872,0.5210262798409496,58.54824654886348,50.65816692885138
31212,New Hampshire Ave & Ward Pl NW,incoming_trips,Naive (same hour last week),test,1.8265783765270007,2.675274856693,-0.0192783389245301,82.34444494765418,69.92264324111709
31212,New Hampshire Ave & Ward Pl NW,incoming_trips,Naive (same hour last week),val,2.035295457133098,3.029589550251345,0.0682070588156023,84.29608339510874,67.90761282479866
31212,New Hampshire Ave & Ward Pl NW,incoming_trips,Poisson,test,1.4409075757751049,1.9776059179803285,0.4430252782116145,55.70170012770826,55.15890676200404
31212,New Hampshire Ave & Ward Pl NW,incoming_trips,Poisson,val,1.6429070582373568,2.284318513612715,0.4702570971650187,58.02089625798755,54.81557777123045
31212,New Hampshire Ave & Ward Pl NW,incoming_trips,Polynomial Regression,test,1.4453378610747676,2.1061312903878613,0.3682767514909698,63.03853576259269,55.328501049577774
31212,New Hampshire Ave & Ward Pl NW,incoming_trips,Polynomial Regression,val,1.5344842331339112,2.2916397889151137,0.4668559875885296,58.65103855370869,51.19805128253739
31212,New Hampshire Ave & Ward Pl NW,incoming_trips,Random Forest,test,1.3570339917290095,1.9219156508046615,0.4739529058153638,59.57817464927343,51.948169807064346
31212,New Hampshire Ave & Ward Pl NW,incoming_trips,Random Forest,val,1.4916168237383487,2.158715313456126,0.5269113024972913,56.61258730601312,49.76778059145235
31212,New Hampshire Ave & Ward Pl NW,incoming_trips,Soft Two-Stage,test,1.324843755667108,1.927604590320378,0.4708340600158641,55.08684088067008,50.71590601760499
31212,New Hampshire Ave & Ward Pl NW,incoming_trips,Soft Two-Stage,val,1.4761007247324596,2.1900389469134542,0.5130823645342208,52.67827514675514,49.2500861013721
31212,New Hampshire Ave & Ward Pl NW,incoming_trips,XGBoost,test,1.3152094124854905,1.9130109070235648,0.4788162438645913,55.68434323296542,50.347096909927046
31212,New Hampshire Ave & Ward Pl NW,incoming_trips,XGBoost,val,1.4740328192717878,2.180735626317252,0.5172104456544768,52.79492321584773,49.18109045610132
31212,New Hampshire Ave & Ward Pl NW,outgoing_trips,GAM,test,1.366009680759414,1.875253192159728,0.5059609144488053,58.80219191771571,53.94444902512041
31212,New Hampshire Ave & Ward Pl NW,outgoing_trips,GAM,val,1.4637138126343912,2.125619456213905,0.5373081854183879,56.36934892117719,50.71320874306847
31212,New Hampshire Ave & Ward Pl NW,outgoing_trips,HistGradientBoosting,test,1.2761003635044428,1.894758257694952,0.4956301712646336,57.45512977774082,50.39388225399195
31212,New Hampshire Ave & Ward Pl NW,outgoing_trips,HistGradientBoosting,val,1.404686327110215,2.169853567810188,0.5178505935983688,54.72791617313543,48.66808682843794
31212,New Hampshire Ave & Ward Pl NW,outgoing_trips,LightGBM,test,1.2749697008406775,1.893504178248612,0.4962976025960476,58.09640853418121,50.34923178387509
31212,New Hampshire Ave & Ward Pl NW,outgoing_trips,LightGBM,val,1.402644870355424,2.165868987556724,0.5196197443669133,54.90944252865921,48.597356593024415
31212,New Hampshire Ave & Ward Pl NW,outgoing_trips,Linear Regression,test,1.3347426824368251,1.8874647193148948,0.4995056636117901,57.39631709299194,52.70969862697994
31212,New Hampshire Ave & Ward Pl NW,outgoing_trips,Linear Regression,val,1.4771958989835203,2.1348318551144665,0.5332888974348928,56.96703002202995,51.18032181764205
31212,New Hampshire Ave & Ward Pl NW,outgoing_trips,Naive (same hour last week),test,1.7708642539102637,2.6279127333193983,0.0297953297464749,82.47510717976189,69.93237150586114
31212,New Hampshire Ave & Ward Pl NW,outgoing_trips,Naive (same hour last week),val,1.9919162017533871,2.989544953277519,0.0847684985149148,83.33272170435828,69.0138067061144
31212,New Hampshire Ave & Ward Pl NW,outgoing_trips,Poisson,test,1.3957154665006588,1.9560528968025608,0.4624700434514427,53.92956181755451,55.117546307841614
31212,New Hampshire Ave & Ward Pl NW,outgoing_trips,Poisson,val,1.607892602136931,2.3186478475313725,0.44945810838548,57.399977581919984,55.708563016049965
31212,New Hampshire Ave & Ward Pl NW,outgoing_trips,Polynomial Regression,test,1.3852925011983603,2.018394540841758,0.4276606471654361,62.29423781807712,54.70593786292353
31212,New Hampshire Ave & Ward Pl NW,outgoing_trips,Polynomial Regression,val,1.487951425759269,2.22100338813886,0.494851316544923,58.60661235036132,51.55296793863376
31212,New Hampshire Ave & Ward Pl NW,outgoing_trips,Random Forest,test,1.3355813892110229,1.8845830399118688,0.5010327525370717,60.67679485517545,52.74281960369408
31212,New Hampshire Ave & Ward Pl NW,outgoing_trips,Random Forest,val,1.4431097669829556,2.112679353560348,0.5429244825620625,56.6682936219505,49.999341551918334
31212,New Hampshire Ave & Ward Pl NW,outgoing_trips,Soft Two-Stage,test,1.2890804728064824,1.887395621565957,0.4995423078983039,55.324550504936056,50.906473675888094
31212,New Hampshire Ave & Ward Pl NW,outgoing_trips,Soft Two-Stage,val,1.4318085931229378,2.185079602700182,0.5110602914615858,52.13521628460065,49.607790427608535
31212,New Hampshire Ave & Ward Pl NW,outgoing_trips,XGBoost,test,1.2992150494425465,1.890106418019437,0.4981036978194288,55.54172946303753,51.30669349895069
31212,New Hampshire Ave & Ward Pl NW,outgoing_trips,XGBoost,val,1.4405894098711598,2.180886767017866,0.5129348931855933,51.98136087236893,49.912018883228384
31213,17th & K St NW,incoming_trips,GAM,test,1.3513157429846174,2.1451525614468685,0.6382373853574859,56.37212530674902,50.05148254737088
31213,17th & K St NW,incoming_trips,GAM,val,1.2273183125990998,1.878522304403553,0.6245924712516513,57.04989245598958,51.84962356689704
31213,17th & K St NW,incoming_trips,HistGradientBoosting,test,1.2269296004418635,2.001399946091785,0.6850982437037203,52.01456294794464,45.44433512462062
31213,17th & K St NW,incoming_trips,HistGradientBoosting,val,1.1337239466205922,1.7876189508568094,0.6600459916593453,53.13960087699681,47.89561050105176
31213,17th & K St NW,incoming_trips,LightGBM,test,1.22782415356241,2.0103152581390638,0.6822865114783079,52.07867513802832,45.47746854301906
31213,17th & K St NW,incoming_trips,LightGBM,val,1.1296368088614217,1.7864790963069048,0.6604793889234897,53.39130872503463,47.72294416656983
31213,17th & K St NW,incoming_trips,Linear Regression,test,1.332529048612198,2.0450697137925347,0.6712062529532559,57.57070694448677,49.35564080173479
31213,17th & K St NW,incoming_trips,Linear Regression,val,1.2161799497104782,1.8292568584979567,0.6440248758199489,57.18408074437158,51.37906925592655
31213,17th & K St NW,incoming_trips,Naive (same hour last week),test,1.69585569128896,2.737685064312501,0.4107843295119533,82.16326233418923,62.81292286874154
31213,17th & K St NW,incoming_trips,Naive (same hour last week),val,1.5516338380963224,2.481217155856972,0.3450625616358976,78.37595064886905,65.55074555074555
31213,17th & K St NW,incoming_trips,Poisson,test,1.5231819447396509,2.4175023252918,0.5405469738746689,56.78614501593863,56.41724735273428
31213,17th & K St NW,incoming_trips,Poisson,val,1.3476310194457044,2.0018678386017927,0.573674734773497,53.47515878692741,56.93238693502464
31213,17th & K St NW,incoming_trips,Polynomial Regression,test,1.363042063329941,2.162654695649469,0.6323101170262324,57.41109201740521,50.485814583503696
31213,17th & K St NW,incoming_trips,Polynomial Regression,val,1.2227981529707403,1.8342993324227488,0.642059630438522,56.662905944290856,51.65866367264075
31213,17th & K St NW,incoming_trips,Random Forest,test,1.2880912807149096,1.9918377406051435,0.6881001044975561,55.95863042552052,47.709707069443056
31213,17th & K St NW,incoming_trips,Random Forest,val,1.185699514255116,1.7881825871342876,0.6598315828569933,56.09099582956814,50.09138448149438
31213,17th & K St NW,incoming_trips,Soft Two-Stage,test,1.2552089826116823,2.0192962096786244,0.6794414422259056,50.651112576731215,46.49177722723159
31213,17th & K St NW,incoming_trips,Soft Two-Stage,val,1.1502589463144846,1.7853991349818557,0.6608897584603861,51.48299750603391,48.59415259971197
31213,17th & K St NW,incoming_trips,XGBoost,test,1.2630093696728275,2.019578467172641,0.6793518205265964,49.40546429840752,46.78069633357704
31213,17th & K St NW,incoming_trips,XGBoost,val,1.1458957878776257,1.7791919667104177,0.6632435798427201,51.16908862090065,48.409825420534816
31213,17th & K St NW,outgoing_trips,GAM,test,1.3710837899396675,2.154848712802181,0.6038790040909501,56.6015253916204,52.8021584421454
31213,17th & K St NW,outgoing_trips,GAM,val,1.2223455118800757,1.9244649086086525,0.5942943462863914,55.93182609789223,54.59374844059345
31213,17th & K St NW,outgoing_trips,HistGradientBoosting,test,1.2873353657143678,2.1195697135691662,0.6167433462625289,54.44982133962999,49.57690146101015
31213,17th & K St NW,outgoing_trips,HistGradientBoosting,val,1.123343435456849,1.876914204424268,0.6140954411308046,54.15394982587949,50.17200810382661
31213,17th & K St NW,outgoing_trips,LightGBM,test,1.2840914685671725,2.116881405998253,0.6177149192861677,54.28737177466997,49.45197490845877
31213,17th & K St NW,outgoing_trips,LightGBM,val,1.1246043824965768,1.8778739639514332,0.6137006758593826,54.101253429457984,50.2283259164375
31213,17th & K St NW,outgoing_trips,Linear Regression,test,1.3697748819908062,2.077306872498085,0.6318747486295446,58.05650422988552,52.75175075341836
31213,17th & K St NW,outgoing_trips,Linear Regression,val,1.210480256963859,1.8795519859157048,0.6130099922679357,56.562896417680186,54.06380929017836
31213,17th & K St NW,outgoing_trips,Naive (same hour last week),test,1.7241694257335312,2.758416114157241,0.3508966428598626,81.63572882323359,66.39992965177629
31213,17th & K St NW,outgoing_trips,Naive (same hour last week),val,1.5433223272230443,2.562861069165256,0.2804827752841099,79.99581656584785,68.92957030256801
31213,17th & K St NW,outgoing_trips,Poisson,test,1.5709422753418822,2.6908350283620197,0.3823130330264898,58.51447118834104,60.4989596804412
31213,17th & K St NW,outgoing_trips,Poisson,val,1.3211466892956965,2.0512144399578176,0.5390931131992562,53.04741563593025,59.00651600347878
31213,17th & K St NW,outgoing_trips,Polynomial Regression,test,1.4010791336664643,2.1693366247262307,0.5985345372140822,61.04098270513742,53.95731679469119
31213,17th & K St NW,outgoing_trips,Polynomial Regression,val,1.2386396685402212,1.991674912141532,0.5654617882697153,59.43764136106871,55.32149610368047
31213,17th & K St NW,outgoing_trips,Random Forest,test,1.350733953182519,2.072028338787512,0.6337432185630667,58.73179600075732,52.0184606750162
31213,17th & K St NW,outgoing_trips,Random Forest,val,1.1775293413777634,1.8388223348092876,0.6296003161305415,56.39333557421671,52.59211902019272
31213,17th & K St NW,outgoing_trips,Soft Two-Stage,test,1.307839986835166,2.108558339430565,0.620715114915503,52.31508224711293,50.36656016834866
31213,17th & K St NW,outgoing_trips,Soft Two-Stage,val,1.1474220452927848,1.8708082394761385,0.6166022013464185,51.82091047629226,51.247433632374914
31213,17th & K St NW,outgoing_trips,XGBoost,test,1.3130140053954864,2.103678881561517,0.6224685055672224,51.99147063667873,50.56581812020342
31213,17th & K St NW,outgoing_trips,XGBoost,val,1.1408060621899303,1.8662839450150792,0.6184543495763413,52.25835126980708,50.951943270857655
31214,17th & Corcoran St NW,incoming_trips,GAM,test,1.839997774536776,2.777836607833975,0.5316231196130256,57.35633825410298,51.8683718691028
31214,17th & Corcoran St NW,incoming_trips,GAM,val,1.5552119704270349,2.343095366740904,0.6115998986044959,55.0138228822548,47.54577860788976
31214,17th & Corcoran St NW,incoming_trips,HistGradientBoosting,test,1.5855353584926672,2.477286458512727,0.6274929358068662,48.59135841975124,44.69523752908494
31214,17th & Corcoran St NW,incoming_trips,HistGradientBoosting,val,1.4301263500328247,2.220733063791932,0.6511071081351365,49.644941198993735,43.721674030903614
31214,17th & Corcoran St NW,incoming_trips,LightGBM,test,1.5997577955451223,2.481969100074604,0.6260833566802889,48.39822373308848,45.096159021561945
31214,17th & Corcoran St NW,incoming_trips,LightGBM,val,1.4393908600412162,2.225091302281133,0.6497363441115112,49.45147294843876,44.00490766731178
31214,17th & Corcoran St NW,incoming_trips,Linear Regression,test,1.651345137250334,2.4297651297536462,0.6416473289812155,53.25129468671592,46.55037351047785
31214,17th & Corcoran St NW,incoming_trips,Linear Regression,val,1.4985083164145745,2.220494591418275,0.6511820355094926,54.79864764747893,45.81224039496401
31214,17th & Corcoran St NW,incoming_trips,Naive (same hour last week),test,2.1183925105605663,3.253126048907232,0.3576320887327602,76.59467204487906,59.71614315139032
31214,17th & Corcoran St NW,incoming_trips,Naive (same hour last week),val,1.965843106000228,3.020895765535861,0.3543890540952417,78.5386612265122,60.09955097636534
31214,17th & Corcoran St NW,incoming_trips,Poisson,test,1.846209993305017,2.800758994185944,0.5238612424758238,54.46664706796399,52.04349038156104
31214,17th & Corcoran St NW,incoming_trips,Poisson,val,1.661140263553354,2.4698323525598047,0.5684467868802635,54.38454389724423,50.78420736812666
31214,17th & Corcoran St NW,incoming_trips,Polynomial Regression,test,1.6543451758603729,2.515133835687386,0.6160238451957755,54.22446804266903,46.63494269876741
31214,17th & Corcoran St NW,incoming_trips,Polynomial Regression,val,1.5086479450040382,2.3200105955035504,0.6192154308889972,54.62562654934462,46.12222806561477
31214,17th & Corcoran St NW,incoming_trips,Random Forest,test,1.6032332227315598,2.386045236106043,0.654427319443752,52.336171691844456,45.194129112724426
31214,17th & Corcoran St NW,incoming_trips,Random Forest,val,1.4640805374361587,2.179059266581567,0.6640787412428115,53.35935951641536,44.75971791674539
31214,17th & Corcoran St NW,incoming_trips,Soft Two-Stage,test,1.619088935583295,2.49978521094678,0.6206959809224146,48.302464810189946,45.64109161551906
31214,17th & Corcoran St NW,incoming_trips,Soft Two-Stage,val,1.454904016855757,2.2328022236399696,0.6473045020297299,49.254795073686,44.47917428397826
31214,17th & Corcoran St NW,incoming_trips,XGBoost,test,1.6391357451592072,2.4962355404679544,0.6217724320772524,47.37574027285116,46.20619848046311
31214,17th & Corcoran St NW,incoming_trips,XGBoost,val,1.4628207687485797,2.2352950839266144,0.6465165133728998,48.39961230267881,44.72120439945273
31214,17th & Corcoran St NW,outgoing_trips,GAM,test,1.9999602001496424,2.9769362402963777,0.3472940359215373,61.6898242429767,56.59618568464305
31214,17th & Corcoran St NW,outgoing_trips,GAM,val,1.6804561460975442,2.514884057550862,0.4966498359146537,57.47675517129959,50.50799511044669
31214,17th & Corcoran St NW,outgoing_trips,HistGradientBoosting,test,1.6677926595234105,2.5388662371089183,0.525257453140008,51.77087524108084,47.19629072358992
31214,17th & Corcoran St NW,outgoing_trips,HistGradientBoosting,val,1.4824670475240795,2.2759889810215723,0.5877367817149992,49.94305254924039,44.55721058929571
31214,17th & Corcoran St NW,outgoing_trips,LightGBM,test,1.6673456480232076,2.529059037667226,0.5289180653581057,51.43083482063101,47.18364089892504
31214,17th & Corcoran St NW,outgoing_trips,LightGBM,val,1.4838442819717734,2.2698186711767603,0.5899690804193276,49.82398551703388,44.59860491601562
31214,17th & Corcoran St NW,outgoing_trips,Linear Regression,test,1.7102274151103152,2.439266077969472,0.5617752848525923,56.84663716634191,48.39713727368587
31214,17th & Corcoran St NW,outgoing_trips,Linear Regression,val,1.5558004682894435,2.247987282709002,0.5978186023996387,55.54508700716549,46.7613288378146
31214,17th & Corcoran St NW,outgoing_trips,Naive (same hour last week),test,2.2032195456102293,3.275631797325825,0.2097424177478761,80.12895189141189,62.34815197725511
31214,17th & Corcoran St NW,outgoing_trips,Naive (same hour last week),val,2.0578390071729475,3.105602727716855,0.2324157093001425,79.01300772579043,61.85066046129628
31214,17th & Corcoran St NW,outgoing_trips,Poisson,test,1.9217999417277976,2.76685752667432,0.4361648999162376,60.52044307123781,54.38435541998506
31214,17th & Corcoran St NW,outgoing_trips,Poisson,val,1.7172824413224033,2.4572653899873718,0.5194501937831713,56.86248939766995,51.614850736207885
31214,17th & Corcoran St NW,outgoing_trips,Polynomial Regression,test,1.7835759156044595,3.368991614203498,0.1640537096386829,59.578009623346894,50.472801256072174
31214,17th & Corcoran St NW,outgoing_trips,Polynomial Regression,val,1.5498861331939742,2.474603684223888,0.5126448168197316,56.192993813722815,46.58356686004611
31214,17th & Corcoran St NW,outgoing_trips,Random Forest,test,1.6912922403516444,2.4466462315226463,0.5591195202321612,56.10714803489748,47.86129727720358
31214,17th & Corcoran St NW,outgoing_trips,Random Forest,val,1.5214859963597185,2.216660312607145,0.6089497478133055,54.50476175130397,45.72996887970504
31214,17th & Corcoran St NW,outgoing_trips,Soft Two-Stage,test,1.68351962695419,2.5270470740425823,0.5296672947727394,50.81603780179631,47.641342764576606
31214,17th & Corcoran St NW,outgoing_trips,Soft Two-Stage,val,1.5030774062533965,2.271601285157133,0.5893247876592673,49.47153689740115,45.17667804778448
31214,17th & Corcoran St NW,outgoing_trips,XGBoost,test,1.721044304686823,2.559217481779356,0.5176159912148022,50.124484547104274,48.70324071062251
31214,17th & Corcoran St NW,outgoing_trips,XGBoost,val,1.523082754331733,2.288483411390764,0.583197978804505,49.03023028627108,45.77796123227572
31228,8th & H St NW,incoming_trips,GAM,test,1.8363717602530083,2.522723004430929,0.4170550741571722,74.59318185268819,59.79694504649281
31228,8th & H St NW,incoming_trips,GAM,val,1.6566611103447384,2.354980573416121,0.5005293964457377,66.36472687480187,54.67629089192032
31228,8th & H St NW,incoming_trips,HistGradientBoosting,test,1.4528230682541745,2.1994724749982093,0.5568758145034552,56.67904498983726,47.30762204854573
31228,8th & H St NW,incoming_trips,HistGradientBoosting,val,1.4303687320583618,2.2141492703070798,0.5584813355986387,56.50226502343389,47.20775805527053
31228,8th & H St NW,incoming_trips,LightGBM,test,1.4517208755143023,2.200641027220212,0.5564048367472356,56.329273485555845,47.27173184367364
31228,8th & H St NW,incoming_trips,LightGBM,val,1.4290652417374892,2.2145912029425605,0.5583050683684145,55.998251943021074,47.164737780626666
31228,8th & H St NW,incoming_trips,Linear Regression,test,1.504565687780687,2.232309102826418,0.5435459636566131,56.29668908272204,48.99249362158831
31228,8th & H St NW,incoming_trips,Linear Regression,val,1.5056685643352552,2.2583451319920846,0.5406794221006868,58.1523905404641,49.69294679301272
31228,8th & H St NW,incoming_trips,Naive (same hour last week),test,2.042813106519009,3.127554327683378,0.1040204110770426,79.56202792561417,66.51920145730324
31228,8th & H St NW,incoming_trips,Naive (same hour last week),val,2.0357508823864285,3.109303342823847,0.1293141981965037,83.79828190952989,67.18773485645573
31228,8th & H St NW,incoming_trips,Poisson,test,1.63197733818427,2.331024771951653,0.5022833503420001,54.20171212848075,53.14134170473259
31228,8th & H St NW,incoming_trips,Poisson,val,1.6472269644877222,2.361647906548661,0.4976972278740496,56.047415514139054,54.36492720988901
31228,8th & H St NW,incoming_trips,Polynomial Regression,test,1.6340603367597333,2.4062140306579494,0.4696569265948667,62.06544010734108,53.2091694474832
31228,8th & H St NW,incoming_trips,Polynomial Regression,val,1.598994165431675,2.505844051025739,0.4344860088198147,61.35743496770705,52.773056346709765
31228,8th & H St NW,incoming_trips,Random Forest,test,1.5460606875489775,2.247829088741517,0.5371769654826691,60.96257137874692,50.343676576235154
31228,8th & H St NW,incoming_trips,Random Forest,val,1.506692320825704,2.248483186737691,0.5446822680537061,59.90099185282993,49.7267347580496
31228,8th & H St NW,incoming_trips,Soft Two-Stage,test,1.4640030793772498,2.1966068213401013,0.5580297395753071,54.60671513096248,47.67167170625425
31228,8th & H St NW,incoming_trips,Soft Two-Stage,val,1.452090027552693,2.2152398883604043,0.5580462729537472,54.93709995911542,47.92464569365436
31228,8th & H St NW,incoming_trips,XGBoost,test,1.4645706760970003,2.1988593860013688,0.5571228161837848,53.3829926886929,47.69015410213623
31228,8th & H St NW,incoming_trips,XGBoost,val,1.4444999591140866,2.216602492315923,0.5575024103136973,53.85374976176235,47.6741437731062
31228,8th & H St NW,outgoing_trips,GAM,test,1.5860910993980974,2.222385821792378,0.5122469886005646,64.28890161859863,55.274019016582855
31228,8th & H St NW,outgoing_trips,GAM,val,1.516383767338878,2.170832386976438,0.5129337195172542,61.38504467834333,54.78793298176545
31228,8th & H St NW,outgoing_trips,HistGradientBoosting,test,1.4217197857632549,2.191587840255298,0.5256719496918463,57.51693406710364,49.5458088784131
31228,8th & H St NW,outgoing_trips,HistGradientBoosting,val,1.3911137241698934,2.1701321334123493,0.5132478984384841,56.05833490751427,50.26184474632512
31228,8th & H St NW,outgoing_trips,LightGBM,test,1.4203238384051202,2.1932475602401924,0.5249532471800141,57.12424464813556,49.49716121823207
31228,8th & H St NW,outgoing_trips,LightGBM,val,1.3942225030214173,2.179898547106601,0.5088569037017503,55.71296106894009,50.374166950664815
31228,8th & H St NW,outgoing_trips,Linear Regression,test,1.4735750696822307,2.1853961542065843,0.5283483121522532,58.36428873604254,51.35292446624755
31228,8th & H St NW,outgoing_trips,Linear Regression,val,1.4560419051175293,2.166699784093125,0.5147864057028966,59.06113496689775,52.60774220513908
31228,8th & H St NW,outgoing_trips,Naive (same hour last week),test,2.0142710355063365,3.052327443109048,0.0799248804999895,85.50093917047893,70.19575077584149
31228,8th & H St NW,outgoing_trips,Naive (same hour last week),val,1.9628828418535809,3.0122146872524724,0.0622062727423756,84.85350019872708,70.92023530379696
31228,8th & H St NW,outgoing_trips,Poisson,test,1.5999584175963597,2.2652000256116462,0.4932728667224534,55.90763060424866,55.75728407625732
31228,8th & H St NW,outgoing_trips,Poisson,val,1.5831135605008568,2.262784937228776,0.4707973160316813,55.193137266389,57.19892386309196
31228,8th & H St NW,outgoing_trips,Polynomial Regression,test,1.5458487367630562,2.3187370060413546,0.4690372787861134,63.61346834270078,53.87160454089126
31228,8th & H St NW,outgoing_trips,Polynomial Regression,val,1.5069061667199422,2.2365682513857728,0.4829889904289668,62.89414683331772,54.44550109959789
31228,8th & H St NW,outgoing_trips,Random Forest,test,1.4681832616632335,2.165992968193033,0.5366863144966607,59.25748196658717,51.16502422578285
31228,8th & H St NW,outgoing_trips,Random Forest,val,1.4462119901973085,2.154075557885502,0.5204241053352971,58.68534892416175,52.25258097783932
31228,8th & H St NW,outgoing_trips,Soft Two-Stage,test,1.4373414177040076,2.1902546588964698,0.5262488583272811,55.47984833954358,50.090210383024605
31228,8th & H St NW,outgoing_trips,Soft Two-Stage,val,1.411859591595423,2.1685705925866734,0.5139481413444487,54.392551800196,51.01140644610063
31228,8th & H St NW,outgoing_trips,XGBoost,test,1.4472181172968794,2.2120495514161718,0.5167734960035777,55.07414577682773,50.43440554389817
31228,8th & H St NW,outgoing_trips,XGBoost,val,1.4126558042933566,2.1877319529981407,0.5053207429435249,54.250845511729054,51.04017412936999
31229,New Hampshire Ave & T St NW,incoming_trips,GAM,test,2.936702240671097,4.1496737633414815,0.5499169347936552,74.8291896156975,49.46744153933372
31229,New Hampshire Ave & T St NW,incoming_trips,GAM,val,2.352966185123281,3.317321668474332,0.6745259514993911,60.47412518571461,41.61351134456481
31229,New Hampshire Ave & T St NW,incoming_trips,HistGradientBoosting,test,2.291923526156673,3.5532993547180465,0.6699890451641819,48.74085834952112,38.60643121138157
31229,New Hampshire Ave & T St NW,incoming_trips,HistGradientBoosting,val,2.102390133036698,3.17785297880741,0.7013181744743218,47.65070689683831,37.18193495723353
31229,New Hampshire Ave & T St NW,incoming_trips,LightGBM,test,2.305253572582382,3.575600483780117,0.6658336328102101,48.01285360594999,38.83096990759262
31229,New Hampshire Ave & T St NW,incoming_trips,LightGBM,val,2.108534247578888,3.194138066458518,0.6982491068895156,46.70905047880861,37.29059702888601
31229,New Hampshire Ave & T St NW,incoming_trips,Linear Regression,test,2.3063294427002186,3.3745947703913544,0.7023485373961365,53.06362840669547,38.84909246064581
31229,New Hampshire Ave & T St NW,incoming_trips,Linear Regression,val,2.1402348662629,3.0890082749103014,0.7177854904555334,51.23864028085953,37.851240043467946
31229,New Hampshire Ave & T St NW,incoming_trips,Naive (same hour last week),test,2.983103093960498,4.499686026265582,0.4707886073552465,73.39692323134834,50.24904325083175
31229,New Hampshire Ave & T St NW,incoming_trips,Naive (same hour last week),val,2.8171467607878857,4.185293293175906,0.4819245772819731,72.31627465344245,49.822802142483184
31229,New Hampshire Ave & T St NW,incoming_trips,Poisson,test,2.761671159232133,4.441576075138758,0.4843690554084089,56.79794322090327,46.51912091331421
31229,New Hampshire Ave & T St NW,incoming_trips,Poisson,val,2.5352288319374963,4.010573062282464,0.524277097459106,53.88243502260583,44.83692729029647
31229,New Hampshire Ave & T St NW,incoming_trips,Polynomial Regression,test,2.328398237655486,3.555569342999404,0.669567262359265,53.33638429643845,39.22083148449855
31229,New Hampshire Ave & T St NW,incoming_trips,Polynomial Regression,val,2.12919105505232,3.1350479263052966,0.7093103534579744,51.14938943220096,37.65592412010093
31229,New Hampshire Ave & T St NW,incoming_trips,Random Forest,test,2.443788622478857,3.645657047566544,0.6526107415081444,58.12723128411152,41.16453113385317
31229,New Hampshire Ave & T St NW,incoming_trips,Random Forest,val,2.2480676260009864,3.320357061367974,0.6739300529387828,56.06370890696524,39.75832217624474
31229,New Hampshire Ave & T St NW,incoming_trips,Soft Two-Stage,test,2.3390385762207786,3.612447077776412,0.6589109719889069,47.667471801225226,39.4000632495198
31229,New Hampshire Ave & T St NW,incoming_trips,Soft Two-Stage,val,2.1372386973418345,3.2230469746566603,0.6927623281454081,46.413089224984034,37.798251135180486
31229,New Hampshire Ave & T St NW,incoming_trips,XGBoost,test,2.356111540066027,3.611772668146269,0.6590383162780917,46.69054356959099,39.687649722953
31229,New Hampshire Ave & T St NW,incoming_trips,XGBoost,val,2.1451861697162258,3.2148227676125063,0.6943282764304728,45.43924699910378,37.93880658978215
31229,New Hampshire Ave & T St NW,outgoing_trips,GAM,test,2.683010388806971,3.8412002843260025,0.5740635485160337,64.07193701451034,45.21585407234437
31229,New Hampshire Ave & T St NW,outgoing_trips,GAM,val,2.36035140723913,3.405174012808628,0.6456297409723739,55.89250206092525,40.90077419757187
31229,New Hampshire Ave & T St NW,outgoing_trips,HistGradientBoosting,test,2.341412071861376,3.5355041017749063,0.6391608969428672,51.801783826748334,39.45901477168159
31229,New Hampshire Ave & T St NW,outgoing_trips,HistGradientBoosting,val,2.2082872349558,3.3056742000004684,0.6660367015274602,48.811856582962015,38.26576724266423
31229,New Hampshire Ave & T St NW,outgoing_trips,LightGBM,test,2.326120239547444,3.5099325676243485,0.6443617622112803,51.59565409171722,39.20130676529815
31229,New Hampshire Ave & T St NW,outgoing_trips,LightGBM,val,2.1937992817760064,3.2759044144730725,0.6720247378265211,48.679305066298426,38.01471627636559
31229,New Hampshire Ave & T St NW,outgoing_trips,Linear Regression,test,2.3822206436219773,3.414553038161645,0.6634274991345697,58.55583279962725,40.14674763821314
31229,New Hampshire Ave & T St NW,outgoing_trips,Linear Regression,val,2.2896743231465284,3.252309969916158,0.6767321563439618,55.15012430217909,39.676063568235726
31229,New Hampshire Ave & T St NW,outgoing_trips,Naive (same hour last week),test,3.0855120447539672,4.579996415413609,0.3944623097491196,77.2982638770006,51.99907646130758
31229,New Hampshire Ave & T St NW,outgoing_trips,Naive (same hour last week),val,2.959467152453604,4.364511222890028,0.4178299294896441,75.94203740669754,51.28240539794026
31229,New Hampshire Ave & T St NW,outgoing_trips,Poisson,test,2.8644963136968866,4.358890910261124,0.4515173377318953,64.28641702319912,48.2743741325875
31229,New Hampshire Ave & T St NW,outgoing_trips,Poisson,val,2.665494070526066,4.026034604540687,0.504625494080864,58.69040208487292,46.18836448216557
31229,New Hampshire Ave & T St NW,outgoing_trips,Polynomial Regression,test,2.44738446556429,3.5466414777974062,0.6368839199825533,59.76357409220583,41.2449311845877
31229,New Hampshire Ave & T St NW,outgoing_trips,Polynomial Regression,val,2.250259484336787,3.2351140396824776,0.6801415457205613,53.54821052975088,38.99307313840114
31229,New Hampshire Ave & T St NW,outgoing_trips,Random Forest,test,2.3707919398687087,3.4440133628522664,0.6575946360760616,58.58861405712293,39.9541436127872
31229,New Hampshire Ave & T St NW,outgoing_trips,Random Forest,val,2.250924226687446,3.2300384116314222,0.6811444216425024,54.95694972386892,39.00459196424227
31229,New Hampshire Ave & T St NW,outgoing_trips,Soft Two-Stage,test,2.3316543859996552,3.4968192258142063,0.6470141744228145,50.67985759699546,39.294571837786165
31229,New Hampshire Ave & T St NW,outgoing_trips,Soft Two-Stage,val,2.2065882398473757,3.271688737608669,0.6728683204892694,48.33028918036292,38.23632661993351
31229,New Hampshire Ave & T St NW,outgoing_trips,XGBoost,test,2.387721640775029,3.5581573648982765,0.6345220276921197,49.492277546502095,40.23945405692939
31229,New Hampshire Ave & T St NW,outgoing_trips,XGBoost,val,2.238309137416757,3.3119037260240054,0.6647768112809025,46.659292902855626,38.78599446381916
31230,Metro Center / 12th & G St NW,incoming_trips,GAM,test,2.1891483674508967,3.1977457238277798,-0.1232662822302694,116.90221553018436,107.38547575326167
31230,Metro Center / 12th & G St NW,incoming_trips,GAM,val,1.7707883887447189,2.634673011435384,0.3689667098725974,83.2633128648326,75.29451209500807
31230,Metro Center / 12th & G St NW,incoming_trips,HistGradientBoosting,test,1.1173922770508085,1.8939955594583189,0.6059486844053699,60.27614086631058,54.81204611720448
31230,Metro Center / 12th & G St NW,incoming_trips,HistGradientBoosting,val,1.2241023335836738,2.0624207880357988,0.6133185125407273,58.52245260295464,52.049238942028495
31230,Metro Center / 12th & G St NW,incoming_trips,LightGBM,test,1.1155817591997423,1.884654243174966,0.609826075335504,60.77039323270951,54.723233808414776
31230,Metro Center / 12th & G St NW,incoming_trips,LightGBM,val,1.2191770677971523,2.0526760112686477,0.6169639594347852,58.97412423737215,51.839815000302046
31230,Metro Center / 12th & G St NW,incoming_trips,Linear Regression,test,1.198666340839631,1.9441745195749216,0.5847923344916601,62.54877931581981,58.798826609623255
31230,Metro Center / 12th & G St NW,incoming_trips,Linear Regression,val,1.3179972207077484,2.114660718255804,0.5934815869912204,63.53105745109438,56.0416808165964
31230,Metro Center / 12th & G St NW,incoming_trips,Naive (same hour last week),test,1.550176960840279,2.6509890405326684,0.2280116730314454,86.52151221134291,76.04166666666666
31230,Metro Center / 12th & G St NW,incoming_trips,Naive (same hour last week),val,1.7089832631219402,2.894241987896685,0.2385024594465121,86.5811647996384,72.66653756777691
31230,Metro Center / 12th & G St NW,incoming_trips,Poisson,test,1.355031583171366,2.03486034588888,0.5451543075926888,61.41499597953411,66.46909518928088
31230,Metro Center / 12th & G St NW,incoming_trips,Poisson,val,1.4675465621090005,2.230188667919318,0.5478505206714999,60.43663644322571,62.4005686241448
31230,Metro Center / 12th & G St NW,incoming_trips,Polynomial Regression,test,1.3262903074256642,2.112428868311498,0.50981608435357,69.9650685993386,65.05923388632053
31230,Metro Center / 12th & G St NW,incoming_trips,Polynomial Regression,val,1.350892150257465,2.1699450789472783,0.57194821770268,64.75536937874303,57.44038417753345
31230,Metro Center / 12th & G St NW,incoming_trips,Random Forest,test,1.5563022301033902,2.6353809491118354,0.2370753042145887,90.72164022576057,76.3421328039628
31230,Metro Center / 12th & G St NW,incoming_trips,Random Forest,val,1.4432566625514254,2.384030321059773,0.4833191387100506,73.54706267602627,61.36775400459512
31230,Metro Center / 12th & G St NW,incoming_trips,Soft Two-Stage,test,1.1362946160739846,1.869984767245386,0.6158763857351314,58.4089998731138,55.73927274973135
31230,Metro Center / 12th & G St NW,incoming_trips,Soft Two-Stage,val,1.2414603920928458,2.0514280930948563,0.6174295490699795,56.93038234172256,52.78730937137618
31230,Metro Center / 12th & G St NW,incoming_trips,XGBoost,test,1.1559363945020875,1.88604739634979,0.6092490220638044,59.51961382700226,56.70277150226135
31230,Metro Center / 12th & G St NW,incoming_trips,XGBoost,val,1.2418221135504257,2.054263195176967,0.6163713830344038,57.022893025925136,52.8026898882329
31230,Metro Center / 12th & G St NW,outgoing_trips,GAM,test,1.363931584784939,2.0089797710751776,0.4151546648871717,73.2796441673532,74.1292923252127
31230,Metro Center / 12th & G St NW,outgoing_trips,GAM,val,1.3031481571832024,1.984076203319828,0.5707018312630703,64.59096599027568,65.07590552956599
31230,Metro Center / 12th & G St NW,outgoing_trips,HistGradientBoosting,test,1.04716504304051,1.7841143000302964,0.5387511980974129,58.79036299893253,56.91312119627591
31230,Metro Center / 12th & G St NW,outgoing_trips,HistGradientBoosting,val,1.1018869288810609,1.8942012937203605,0.6087137407290937,56.84952537960452,55.02543152355218
31230,Metro Center / 12th & G St NW,outgoing_trips,LightGBM,test,1.0443834228439768,1.779628735602764,0.5410675971747554,60.77026587646607,56.76194093255395
31230,Metro Center / 12th & G St NW,outgoing_trips,LightGBM,val,1.0959268321222837,1.8851281791786576,0.6124532402957643,58.80345238984256,54.72779944581541
31230,Metro Center / 12th & G St NW,outgoing_trips,Linear Regression,test,1.0814224550485956,1.752749136400427,0.5548263746574493,59.91693004388296,58.77500176080075
31230,Metro Center / 12th & G St NW,outgoing_trips,Linear Regression,val,1.1747412735252056,1.8897371958640936,0.6105558700425953,60.37868609255025,58.6635922525124
31230,Metro Center / 12th & G St NW,outgoing_trips,Naive (same hour last week),test,1.4501655440118737,2.4187209866633013,0.1522623951349196,84.65117704454994,78.81608339538347
31230,Metro Center / 12th & G St NW,outgoing_trips,Naive (same hour last week),val,1.55197540703632,2.6062528267817857,0.2592435766909907,88.16121891954012,77.50170570843757
31230,Metro Center / 12th & G St NW,outgoing_trips,Poisson,test,1.155187808055797,1.7887160865442315,0.536368720810157,51.294191362694406,62.78412764185111
31230,Metro Center / 12th & G St NW,outgoing_trips,Poisson,val,1.2467908211063663,1.9398102284281784,0.5896439607842776,53.33832059413706,62.26156346245858
31230,Metro Center / 12th & G St NW,outgoing_trips,Polynomial Regression,test,1.1926139693006894,2.248524848723295,0.2673690095796968,64.06419276921986,64.81822882293832
31230,Metro Center / 12th & G St NW,outgoing_trips,Polynomial Regression,val,1.253091276485979,2.3606868447432747,0.392258212213357,62.58517302529212,62.57619218430949
31230,Metro Center / 12th & G St NW,outgoing_trips,Random Forest,test,1.1787247533763552,1.936936768681012,0.456348251050814,64.87091055823299,64.06335390185838
31230,Metro Center / 12th & G St NW,outgoing_trips,Random Forest,val,1.1951307645879392,1.9354112984137384,0.5915029887622436,60.405623026158885,59.68179159299449
31230,Metro Center / 12th & G St NW,outgoing_trips,Soft Two-Stage,test,1.060382805394147,1.7646695506267318,0.5487505488205568,54.30319449528339,57.63150280744188
31230,Metro Center / 12th & G St NW,outgoing_trips,Soft Two-Stage,val,1.1278258219851496,1.8824186969285448,0.6135664764803105,53.49542034724982,56.32075389183289
31230,Metro Center / 12th & G St NW,outgoing_trips,XGBoost,test,1.0491488641628897,1.775429740016259,0.5432307244304184,57.7099189349796,57.02094130803395
31230,Metro Center / 12th & G St NW,outgoing_trips,XGBoost,val,1.106748261243273,1.8889244601499964,0.6108907812572784,56.86309853727033,55.26819410108976
31232,9th & F St NW,incoming_trips,GAM,test,1.23004547401769,1.945359654177437,0.4625190345999445,65.28593066798611,62.91000996683959
31232,9th & F St NW,incoming_trips,GAM,val,1.4123242161505996,2.209910187864303,0.4785831320010015,65.37454611016942,58.255969522616425
31232,9th & F St NW,incoming_trips,HistGradientBoosting,test,1.170577558840388,1.933476671009736,0.4690652488545006,61.5412896766272,59.86855563402405
31232,9th & F St NW,incoming_trips,HistGradientBoosting,val,1.351568671732183,2.220442615309556,0.4736011446967211,60.845086947700885,55.74990674786909
31232,9th & F St NW,incoming_trips,LightGBM,test,1.1714044467649043,1.931545834781572,0.4701251387343573,61.72444411904663,59.91084636934369
31232,9th & F St NW,incoming_trips,LightGBM,val,1.3516145603180527,2.218127328383085,0.4746983394343468,60.88542433383625,55.751799573913765
31232,9th & F St NW,incoming_trips,Linear Regression,test,1.2108841511229331,1.9514993846095516,0.459121004047566,64.43055845418823,61.930014479071424
31232,9th & F St NW,incoming_trips,Linear Regression,val,1.4124245769846853,2.2281241273669434,0.4699527429424683,65.66499687749833,58.260109236164425
31232,9th & F St NW,incoming_trips,Naive (same hour last week),test,1.6218746432241122,2.7235112290521912,-0.0534686591923228,88.41009681655586,82.94990073572346
31232,9th & F St NW,incoming_trips,Naive (same hour last week),val,1.8519867926676532,3.015803379140076,0.0289493673965662,90.97103175887057,76.39130230592214
31232,9th & F St NW,incoming_trips,Poisson,test,1.339641224697876,1.99924077056931,0.4323332212663485,57.99601211624946,68.51522531314198
31232,9th & F St NW,incoming_trips,Poisson,val,1.5344984716142722,2.311110265284716,0.4297344168554008,60.62376427263332,63.29544956646858
31232,9th & F St NW,incoming_trips,Polynomial Regression,test,1.3611211647609376,2.09177113790998,0.3785708631545386,67.46695175109826,69.61380522095675
31232,9th & F St NW,incoming_trips,Polynomial Regression,val,1.4928875709134026,2.422612299099874,0.3733808488232903,66.79426887442675,61.579070752512166
31232,9th & F St NW,incoming_trips,Random Forest,test,1.2769846966773035,1.966786713385033,0.4506137181408692,66.56014137131572,65.31069110239694
31232,9th & F St NW,incoming_trips,Random Forest,val,1.433322583083917,2.222321050792696,0.472710129064797,65.76872014036037,59.122116410210126
31232,9th & F St NW,incoming_trips,Soft Two-Stage,test,1.1872851633969694,1.9189269055278555,0.4770259450468638,60.44506243022877,60.72305702554044
31232,9th & F St NW,incoming_trips,Soft Two-Stage,val,1.3687812951656533,2.2102392242380664,0.4784278515840116,59.93662550274544,56.45989816108548
31232,9th & F St NW,incoming_trips,XGBoost,test,1.1983068266245709,1.9374906292023952,0.4668584861941425,58.325414377879206,61.28675402548532
31232,9th & F St NW,incoming_trips,XGBoost,val,1.362621543509303,2.2266072245941357,0.4706742076516909,57.560723294986495,56.20581889185276
31232,9th & F St NW,outgoing_trips,GAM,test,1.1577122900800136,1.9053453016420367,0.4689186914346855,60.9390829783278,62.45628202026878
31232,9th & F St NW,outgoing_trips,GAM,val,1.33328416446645,2.115814001384773,0.4939137168506401,61.50676807273025,58.49852540967544
31232,9th & F St NW,outgoing_trips,HistGradientBoosting,test,1.1182066083355295,1.9194420532472585,0.4610311805427951,56.28115732621837,60.32502883968283
31232,9th & F St NW,outgoing_trips,HistGradientBoosting,val,1.2825185638571366,2.156624599674575,0.4742022753790544,54.99549603963412,56.27115868896608
31232,9th & F St NW,outgoing_trips,LightGBM,test,1.1195137619965438,1.9167011873692763,0.4625693218284564,56.3125601305548,60.39554718728584
31232,9th & F St NW,outgoing_trips,LightGBM,val,1.281569000791938,2.1571351896212723,0.4739532762601742,55.00571358059937,56.22949612326702
31232,9th & F St NW,outgoing_trips,Linear Regression,test,1.16313067412386,1.9025936235289884,0.4704515469947887,62.113581192318144,62.74859309343983
31232,9th & F St NW,outgoing_trips,Linear Regression,val,1.34057664121149,2.1188412791208937,0.4924644781515371,62.654010453651935,58.818486560897774
31232,9th & F St NW,outgoing_trips,Naive (same hour last week),test,1.5739239639228222,2.6758082453634486,-0.04742661524827,90.95233983026124,84.91007637349101
31232,9th & F St NW,outgoing_trips,Naive (same hour last week),val,1.7589661846749405,2.9150365748906166,0.0393667615903783,91.26942625591693,77.17554201218903
31232,9th & F St NW,outgoing_trips,Poisson,test,1.286307399409352,1.950509680795068,0.4434427426961282,54.65025865510938,69.39373313270826
31232,9th & F St NW,outgoing_trips,Poisson,val,1.4584429630771236,2.1951902160380405,0.4552290888621564,56.41615956749706,63.989931784925446
31232,9th & F St NW,outgoing_trips,Polynomial Regression,test,1.295086529406706,2.088301513616452,0.3620303238838845,64.36553706884375,69.86734978488136
31232,9th & F St NW,outgoing_trips,Polynomial Regression,val,1.4115496355156285,2.214638798850448,0.4455333858538862,63.4503356295597,61.932463026944575
31232,9th & F St NW,outgoing_trips,Random Forest,test,1.2128034884848582,1.918154280605742,0.4617541369562771,63.257909073520246,65.42834291475039
31232,9th & F St NW,outgoing_trips,Random Forest,val,1.3585566990680504,2.1310945393171283,0.4865773482302675,61.54737172244813,59.60737080584817
31232,9th & F St NW,outgoing_trips,Soft Two-Stage,test,1.140657747353745,1.9139465124742896,0.4641129979744772,55.30194831929754,61.53622326355907
31232,9th & F St NW,outgoing_trips,Soft Two-Stage,val,1.3089599179336115,2.1549671278065907,0.4750101675301705,54.36687891354591,57.43128663808028
31232,9th & F St NW,outgoing_trips,XGBoost,test,1.1330367659456069,1.9196025471136964,0.4609410451766661,54.93402392469068,61.12508643087935
31232,9th & F St NW,outgoing_trips,XGBoost,val,1.3007367575544873,2.1571219048132058,0.4739597556021027,54.23392853233949,57.07049126586603
31234,20th & O St NW / Dupont South,incoming_trips,GAM,test,1.6899583374263831,2.627516734579411,0.4430323940283467,57.50292657845042,55.90642851349356
31234,20th & O St NW / Dupont South,incoming_trips,GAM,val,1.3563148961475358,2.0026970493807794,0.521816030053379,56.82673956862937,53.802961622617794
31234,20th & O St NW / Dupont South,incoming_trips,HistGradientBoosting,test,1.570313084905603,2.500845289081129,0.4954402457026701,55.09450394139892,51.94837901079495
31234,20th & O St NW / Dupont South,incoming_trips,HistGradientBoosting,val,1.2765491304901937,1.9889078969855811,0.528378232445871,54.2764248916756,50.63877427891862
31234,20th & O St NW / Dupont South,incoming_trips,LightGBM,test,1.5806546036803195,2.5218334486078704,0.4869357471344977,54.9001196832744,52.290492403353554
31234,20th & O St NW / Dupont South,incoming_trips,LightGBM,val,1.2796186717944509,1.9939208832577948,0.5259978176042567,53.93800887677964,50.76053834230911
31234,20th & O St NW / Dupont South,incoming_trips,Linear Regression,test,1.587238537668225,2.374821991114789,0.5450108093705545,56.700243598663526,52.50829909519954
31234,20th & O St NW / Dupont South,incoming_trips,Linear Regression,val,1.3452666700685847,1.978923023287699,0.5331016923212604,57.091225522749625,53.36469519539487
31234,20th & O St NW / Dupont South,incoming_trips,Naive (same hour last week),test,2.0278570613083686,3.1239566131194976,0.2126842445885641,81.65092349508028,67.0846394984326
31234,20th & O St NW / Dupont South,incoming_trips,Naive (same hour last week),val,1.7784356142548103,2.7077465083283654,0.1258609810050891,83.33389492552963,70.54785240052391
31234,20th & O St NW / Dupont South,incoming_trips,Poisson,test,1.8837303403815475,3.0155492740836487,0.2663789000236136,64.26884535393694,62.31670525891141
31234,20th & O St NW / Dupont South,incoming_trips,Poisson,val,1.489085806032144,2.245277438858192,0.3989584133608104,58.326466155578096,59.06978291125207
31234,20th & O St NW / Dupont South,incoming_trips,Polynomial Regression,test,1.6792218480761627,2.598997732216387,0.4550574038928533,63.13093805773915,55.5512488850667
31234,20th & O St NW / Dupont South,incoming_trips,Polynomial Regression,val,1.3307269514308782,2.0230414876643903,0.5120514006387693,59.18042517206922,52.78792653636874
31234,20th & O St NW / Dupont South,incoming_trips,Random Forest,test,1.6215634401105787,2.412022939853691,0.5306445954185424,59.36542500179328,53.64381981315315
31234,20th & O St NW / Dupont South,incoming_trips,Random Forest,val,1.328711308218347,1.9517946054797768,0.5458150659142222,57.58089949321773,52.70796901712544
31234,20th & O St NW / Dupont South,incoming_trips,Soft Two-Stage,test,1.5983471899795083,2.52404924880578,0.4860337467923382,53.365886216962856,52.87579044842888
31234,20th & O St NW / Dupont South,incoming_trips,Soft Two-Stage,val,1.2948671329669228,1.9886619893547457,0.528494847420465,52.70070728998709,51.36542174630091
31234,20th & O St NW / Dupont South,incoming_trips,XGBoost,test,1.591375499163354,2.474687313248847,0.5059400853301215,53.81594978409839,52.64515616260081
31234,20th & O St NW / Dupont South,incoming_trips,XGBoost,val,1.2947710687887626,1.9879937494741655,0.5288116690939576,52.773543004792366,51.36161102557112
31234,20th & O St NW / Dupont South,outgoing_trips,GAM,test,1.649504450043722,2.57023026627794,0.4343143025414018,57.02314169914152,55.92417061324932
31234,20th & O St NW / Dupont South,outgoing_trips,GAM,val,1.3391872154714493,1.9854653113024987,0.5142056244765582,55.580031986385926,54.05119853630686
31234,20th & O St NW / Dupont South,outgoing_trips,HistGradientBoosting,test,1.513292967019538,2.4283010571642927,0.4950641696499774,54.38869641158568,51.30610837284356
31234,20th & O St NW / Dupont South,outgoing_trips,HistGradientBoosting,val,1.2667270993506408,1.9782482074872716,0.5177309001584407,54.882174114373264,51.1266215412742
31234,20th & O St NW / Dupont South,outgoing_trips,LightGBM,test,1.51273217404169,2.421043793551928,0.4980777800041137,54.16540437226042,51.28709546131668
31234,20th & O St NW / Dupont South,outgoing_trips,LightGBM,val,1.2636687547066188,1.9732879119340845,0.5201463686955603,54.39789345425364,51.0031830917156
31234,20th & O St NW / Dupont South,outgoing_trips,Linear Regression,test,1.563812595547771,2.332223113102701,0.5342302046112957,56.10028322209672,53.01890661661671
31234,20th & O St NW / Dupont South,outgoing_trips,Linear Regression,val,1.3291332618179112,1.9593761501129012,0.5268884945916347,55.79883535436478,53.64540893592535
31234,20th & O St NW / Dupont South,outgoing_trips,Naive (same hour last week),test,2.0360771777600184,3.157978459140584,0.1460165422219216,83.06434163153472,69.0303851364428
31234,20th & O St NW / Dupont South,outgoing_trips,Naive (same hour last week),val,1.7401798929750654,2.6981424488867893,0.1028653640720903,81.77070665736818,70.23574284270025
31234,20th & O St NW / Dupont South,outgoing_trips,Poisson,test,1.9396712605179,3.187539627849475,0.1299537952604791,65.94993314460109,65.76187563722193
31234,20th & O St NW / Dupont South,outgoing_trips,Poisson,val,1.4956929249244493,2.285045470927537,0.3565459065194492,58.07500074905807,60.367956250224886
31234,20th & O St NW / Dupont South,outgoing_trips,Polynomial Regression,test,1.6145564950660896,2.6662016370424677,0.3912806420106469,58.844256858104174,54.739308458617685
31234,20th & O St NW / Dupont South,outgoing_trips,Polynomial Regression,val,1.3287452326664224,2.2668706966139345,0.3667409986913587,58.24938247635891,53.62974761504154
31234,20th & O St NW / Dupont South,outgoing_trips,Random Forest,test,1.5220483007911532,2.3160481716475685,0.5406684172400493,54.80574882644035,51.60294587431666
31234,20th & O St NW / Dupont South,outgoing_trips,Random Forest,val,1.2941296008333063,1.917355763231376,0.5469634084674158,55.34764065970125,52.232619291939386
31234,20th & O St NW / Dupont South,outgoing_trips,Soft Two-Stage,test,1.538281078427295,2.4211022370285358,0.4980535471226925,51.87052601470733,52.15329578457394
31234,20th & O St NW / Dupont South,outgoing_trips,Soft Two-Stage,val,1.2826981046831116,1.964611191453015,0.5243570082529841,51.79481884517468,51.77123042797559
31234,20th & O St NW / Dupont South,outgoing_trips,XGBoost,test,1.589459329808657,2.452347023643545,0.4850145213604858,50.60199642814792,53.88842372670418
31234,20th & O St NW / Dupont South,outgoing_trips,XGBoost,val,1.3028326005160265,1.9668108376749207,0.5232913195090813,51.63675255991256,52.5838827734583
31236,37th & O St NW / Georgetown University,incoming_trips,GAM,test,1.9983998374287888,3.0370478072035767,0.4233595924569057,66.18242980382702,60.54018668432457
31236,37th & O St NW / Georgetown University,incoming_trips,GAM,val,1.908211941741865,3.0033141965676444,0.3868181565952986,62.36984554397903,58.920110684896464
31236,37th & O St NW / Georgetown University,incoming_trips,HistGradientBoosting,test,2.0127884580270514,3.244371889292916,0.341943664266886,69.52187594814603,60.976080323241945
31236,37th & O St NW / Georgetown University,incoming_trips,HistGradientBoosting,val,1.9010484670644312,3.09422425325172,0.3491343969731,66.43390859183317,58.69892313667393
31236,37th & O St NW / Georgetown University,incoming_trips,LightGBM,test,1.7435934849301298,2.825773581436992,0.5007977475433016,59.9906190876902,52.8209986321136
31236,37th & O St NW / Georgetown University,incoming_trips,LightGBM,val,1.625994923931657,2.647843824020472,0.5233797606959099,57.11801994948327,50.20605876917469
31236,37th & O St NW / Georgetown University,incoming_trips,Linear Regression,test,1.7966593978185992,2.6485870959001567,0.5614386724634278,62.15054797922831,54.42859497628441
31236,37th & O St NW / Georgetown University,incoming_trips,Linear Regression,val,1.6991768091777129,2.494511901563851,0.5769819397938993,58.28990699741916,52.46570544913992
31236,37th & O St NW / Georgetown University,incoming_trips,Naive (same hour last week),test,2.279712295924192,3.5661510760166264,0.204937462464973,89.7259773527248,69.0623594922699
31236,37th & O St NW / Georgetown University,incoming_trips,Naive (same hour last week),val,2.1205738358191963,3.295686684590571,0.2616205803288279,83.63676927929909,65.47723677271928
31236,37th & O St NW / Georgetown University,incoming_trips,Poisson,test,2.2805724105734426,3.90071265534131,0.0487608112140105,74.8889420972937,69.08841609038421
31236,37th & O St NW / Georgetown University,incoming_trips,Poisson,val,2.2877880610522467,4.251016968198438,-0.2284950918214594,70.73686779097831,70.64033236147613
31236,37th & O St NW / Georgetown University,incoming_trips,Polynomial Regression,test,1.7892927820923257,2.7148276496658084,0.5392277216007424,66.33661642795106,54.2054282791363
31236,37th & O St NW / Georgetown University,incoming_trips,Polynomial Regression,val,1.6594676819625314,2.516262025570795,0.5695730302053053,62.222089041401496,51.239601514068944
31236,37th & O St NW / Georgetown University,incoming_trips,Random Forest,test,1.78890207567603,2.6754103880516893,0.5525107227261834,63.985181193136775,54.19359208953186
31236,37th & O St NW / Georgetown University,incoming_trips,Random Forest,val,1.6714045201618668,2.5188987942971868,0.5686704763326914,60.26836835078976,51.60817683452865
31236,37th & O St NW / Georgetown University,incoming_trips,Soft Two-Stage,test,1.7808874401808668,2.846110818205461,0.4935863218855745,56.29416329721744,53.95079406683572
31236,37th & O St NW / Georgetown University,incoming_trips,Soft Two-Stage,val,1.6610041638033055,2.6655032020814784,0.5170010730712256,53.2122747533602,51.28704366561587
31236,37th & O St NW / Georgetown University,incoming_trips,XGBoost,test,1.803370949472905,2.9180439073932645,0.4676644621229197,57.61624508873913,54.63191694543346
31236,37th & O St NW / Georgetown University,incoming_trips,XGBoost,val,1.69090594459275,2.755216253001448,0.4839412666520639,55.08660814184759,52.21032487733565
31236,37th & O St NW / Georgetown University,outgoing_trips,GAM,test,1.978442608403685,3.204661683016972,0.4368059306557836,65.17745150216594,60.48367877912769
31236,37th & O St NW / Georgetown University,outgoing_trips,GAM,val,1.939263393366034,3.2425594057359333,0.3872260837018307,62.74453082834675,60.49135342520111
31236,37th & O St NW / Georgetown University,outgoing_trips,HistGradientBoosting,test,1.9466655922924796,3.263980964635915,0.4157631688058204,67.76576458081001,59.51221221908425
31236,37th & O St NW / Georgetown University,outgoing_trips,HistGradientBoosting,val,1.8491251528877264,3.148292730400956,0.4223369340412495,65.04506181714159,57.67967545481728
31236,37th & O St NW / Georgetown University,outgoing_trips,LightGBM,test,1.6774259707317485,2.778761293843096,0.5765558092387504,59.71289439853374,51.28119115437292
31236,37th & O St NW / Georgetown University,outgoing_trips,LightGBM,val,1.5778930043108732,2.650420008233767,0.5905943888417959,56.788219040781165,49.219143576596935
31236,37th & O St NW / Georgetown University,outgoing_trips,Linear Regression,test,1.7391333382085112,2.603866376750703,0.6281814226629076,60.15873229383805,53.16766922400038
31236,37th & O St NW / Georgetown University,outgoing_trips,Linear Regression,val,1.6476279225310828,2.512146330955072,0.6321978579621429,56.10582900579508,51.39438165852364
31236,37th & O St NW / Georgetown University,outgoing_trips,Naive (same hour last week),test,2.1842676104578147,3.475880390833421,0.3374428510119139,87.66602959484449,66.77602875990367
31236,37th & O St NW / Georgetown University,outgoing_trips,Naive (same hour last week),val,2.097005578959353,3.343924121805416,0.3483157633806915,82.23974451323214,65.41179813190325
31236,37th & O St NW / Georgetown University,outgoing_trips,Poisson,test,2.175785924697942,4.1041336178741545,0.0762877977070637,66.91793803112297,66.5167321015995
31236,37th & O St NW / Georgetown University,outgoing_trips,Poisson,val,2.120990076763779,4.262842142898021,-0.0590656665484039,62.938666928777984,66.15994546370803
31236,37th & O St NW / Georgetown University,outgoing_trips,Polynomial Regression,test,1.7688443368758726,2.7629460371930685,0.5813621385932908,65.29193410828579,54.0759748235516
31236,37th & O St NW / Georgetown University,outgoing_trips,Polynomial Regression,val,1.6328862753629243,2.5825845196200063,0.6112830532937437,60.37982769917364,50.93454613954813
31236,37th & O St NW / Georgetown University,outgoing_trips,Random Forest,test,1.7721500696654893,2.6686344006370213,0.6094543025246912,64.2300530275288,54.17703556664696
31236,37th & O St NW / Georgetown University,outgoing_trips,Random Forest,val,1.6445258398186913,2.5362451910788684,0.6251074060250057,58.510349185529854,51.297618535808375
31236,37th & O St NW / Georgetown University,outgoing_trips,Soft Two-Stage,test,1.7151095441015232,2.796730076094743,0.5710617227574122,55.96085556804843,52.43322919543905
31236,37th & O St NW / Georgetown University,outgoing_trips,Soft Two-Stage,val,1.6054793735658377,2.655396472111545,0.5890555346629565,52.42775842282652,50.07964391813316
31236,37th & O St NW / Georgetown University,outgoing_trips,XGBoost,test,1.7674055555573962,2.902408686413639,0.5380331336328352,55.29383194273236,54.03198932367887
31236,37th & O St NW / Georgetown University,outgoing_trips,XGBoost,val,1.6761563788658016,2.7883854002629365,0.5468625168802057,53.66022881207345,52.2842684788093
31241,Thomas Circle,incoming_trips,GAM,test,1.3443962493259711,1.8776558359597924,0.4167147453854877,66.05395255830874,62.07795217378978
31241,Thomas Circle,incoming_trips,GAM,val,1.373389562561538,1.899346617872644,0.4809974232762571,60.51004931683829,54.80952620855138
31241,Thomas Circle,incoming_trips,HistGradientBoosting,test,1.188283564242562,1.8291848528650376,0.4464406284151795,55.56863970293192,54.8693960630534
31241,Thomas Circle,incoming_trips,HistGradientBoosting,val,1.2843648854952634,1.9102307761737432,0.4750321175144681,53.8896404840928,51.25671023857187
31241,Thomas Circle,incoming_trips,LightGBM,test,1.187308433166527,1.8252561684770687,0.4488159210006337,55.615192777785325,54.82436905533032
31241,Thomas Circle,incoming_trips,LightGBM,val,1.2841185838021822,1.90652506671286,0.4770669412921251,54.062495956047925,51.24688077760163
31241,Thomas Circle,incoming_trips,Linear Regression,test,1.264801651886525,1.856961016427832,0.4295013934199645,60.11103843800896,58.40264467749524
31241,Thomas Circle,incoming_trips,Linear Regression,val,1.3370863548133018,1.9023518567345732,0.4793537415636464,58.57094115211836,53.36072998148504
31241,Thomas Circle,incoming_trips,Naive (same hour last week),test,1.678159607261103,2.5444333128739136,-0.071102814892056,86.0281503605426,77.48958827560757
31241,Thomas Circle,incoming_trips,Naive (same hour last week),val,1.7742229306615052,2.615933103163709,0.0155031615930764,82.80784932625829,70.80607051981099
31241,Thomas Circle,incoming_trips,Poisson,test,1.3586652162612776,1.8969250237584636,0.4046815447612761,54.65043228134616,62.73682655507686
31241,Thomas Circle,incoming_trips,Poisson,val,1.432331348082919,1.9802929979104773,0.4358170436751478,53.88200202397062,57.16178766908523
31241,Thomas Circle,incoming_trips,Polynomial Regression,test,1.2979418627678716,1.949455729864643,0.3712532266600526,63.84063391051706,59.932905139879736
31241,Thomas Circle,incoming_trips,Polynomial Regression,val,1.350629611875676,1.9434216448228463,0.4566306602189175,59.50305109533354,53.90121719876437
31241,Thomas Circle,incoming_trips,Random Forest,test,1.2723802090907794,1.831345403900709,0.4451321771687216,61.05916287372043,58.7525871233388
31241,Thomas Circle,incoming_trips,Random Forest,val,1.3568654957092985,1.9199471698413624,0.4696780343584422,59.4755158013303,54.15008019272432
31241,Thomas Circle,incoming_trips,Soft Two-Stage,test,1.2033647534284984,1.8237759305326997,0.4497095520113071,55.13525156898337,55.56577508187157
31241,Thomas Circle,incoming_trips,Soft Two-Stage,val,1.295390609016828,1.9014683766975848,0.4798372207509256,53.89766991924972,51.696727185545264
31241,Thomas Circle,incoming_trips,XGBoost,test,1.2222336378240777,1.826637595472116,0.447981288891542,54.31912088493003,56.43705220992723
31241,Thomas Circle,incoming_trips,XGBoost,val,1.2948473558980946,1.9049231109307083,0.4779453600518173,52.86128781145781,51.67504692317778
31241,Thomas Circle,outgoing_trips,GAM,test,1.6704144475898994,2.268122829008024,0.1861259248302037,87.20612338374016,74.68306950354719
31241,Thomas Circle,outgoing_trips,GAM,val,1.5614764378298671,2.13905260709638,0.4449077256746988,68.62565991416099,56.9939224263796
31241,Thomas Circle,outgoing_trips,HistGradientBoosting,test,1.2423109625318096,1.8340600003185985,0.4678290622432308,59.81682334668389,55.54286009298208
31241,Thomas Circle,outgoing_trips,HistGradientBoosting,val,1.3679658568075044,2.008842735560034,0.51043075262174,56.63555632549557,49.930782198147824
31241,Thomas Circle,outgoing_trips,LightGBM,test,1.239212638911116,1.830038171853667,0.4701604511190608,59.73066034923218,55.40433619632722
31241,Thomas Circle,outgoing_trips,LightGBM,val,1.3704222231305176,2.0105746802090283,0.5095862142821868,56.79069981948627,50.02043961997813
31241,Thomas Circle,outgoing_trips,Linear Regression,test,1.3120176442433844,1.880415231804691,0.4405882347378899,63.143886772987166,58.659397406604064
31241,Thomas Circle,outgoing_trips,Linear Regression,val,1.4117667411930113,2.005568283955176,0.5120254660968806,59.13079193544944,51.52951538834816
31241,Thomas Circle,outgoing_trips,Naive (same hour last week),test,1.734216234729992,2.5775338572902964,-0.051072884956165,85.16603722661262,77.53560308304834
31241,Thomas Circle,outgoing_trips,Naive (same hour last week),val,1.905271547307298,2.784367807499873,0.0594639215803329,82.82979982456084,69.54245106595187
31241,Thomas Circle,outgoing_trips,Poisson,test,1.4227845221949684,1.9307927226702104,0.4102127474042139,60.8916639106133,63.61170756932126
31241,Thomas Circle,outgoing_trips,Poisson,val,1.5001685557875533,2.078764530316528,0.4757567496965627,55.51564105183178,54.7561834579316
31241,Thomas Circle,outgoing_trips,Polynomial Regression,test,1.5154391190110876,2.558764723873614,-0.0358211742641674,71.83232093193422,67.75423022519584
31241,Thomas Circle,outgoing_trips,Polynomial Regression,val,1.4778310492232836,2.2188578560024146,0.4027155412005118,61.32971255450689,53.940864004189415
31241,Thomas Circle,outgoing_trips,Random Forest,test,1.3235532267284813,1.851611903687052,0.4575946014551041,64.26788987018554,59.1751452856657
31241,Thomas Circle,outgoing_trips,Random Forest,val,1.4125235990691414,2.001254825318376,0.5141222228935364,58.99445031428186,51.5571407165535
31241,Thomas Circle,outgoing_trips,Soft Two-Stage,test,1.2566430720696278,1.822630676670646,0.4744410620256259,58.80452778911855,56.18363875380466
31241,Thomas Circle,outgoing_trips,Soft Two-Stage,val,1.3787149064427515,1.9965242792842837,0.5164165340583935,55.19417545253145,50.32312273318659
31241,Thomas Circle,outgoing_trips,XGBoost,test,1.271988382009924,1.825831902778487,0.4725932817725156,57.60118951726575,56.86971690074485
31241,Thomas Circle,outgoing_trips,XGBoost,val,1.384373171796728,2.007980985834054,0.5108506915919018,54.7917507846517,50.529649536178624
31247,Jefferson Dr & 14th St SW,incoming_trips,GAM,test,2.105413364767719,3.415199754836519,0.4136367261994298,91.35102561497972,77.81145848945339
31247,Jefferson Dr & 14th St SW,incoming_trips,GAM,val,2.0948500080178087,3.358354102015652,0.5439740749982991,82.9844700150675,62.319020527098
31247,Jefferson Dr & 14th St SW,incoming_trips,HistGradientBoosting,test,1.6727691706653682,3.0587735923580865,0.5296412756176092,77.50899080636786,61.82187833695342
31247,Jefferson Dr & 14th St SW,incoming_trips,HistGradientBoosting,val,1.843917897813237,3.245712541922019,0.5740519164208155,74.57519535869899,54.85412171959646
31247,Jefferson Dr & 14th St SW,incoming_trips,LightGBM,test,1.6812108015722032,3.0696145171671465,0.5263012704925805,78.2004076462035,62.13386249354822
31247,Jefferson Dr & 14th St SW,incoming_trips,LightGBM,val,1.8481668660317847,3.250351599533363,0.5728334413966658,74.83922588464479,54.98052291138453
31247,Jefferson Dr & 14th St SW,incoming_trips,Linear Regression,test,1.8044188256332487,3.170569384214891,0.4946304591233634,80.04784864109122,66.68736073300265
31247,Jefferson Dr & 14th St SW,incoming_trips,Linear Regression,val,2.0231671522226047,3.3595668784987915,0.543644653286689,81.09417191988376,60.18655025731993
31247,Jefferson Dr & 14th St SW,incoming_trips,Naive (same hour last week),test,2.485557712067588,4.576118533086937,-0.052759260215528,106.1704921054104,91.86075949367088
31247,Jefferson Dr & 14th St SW,incoming_trips,Naive (same hour last week),val,2.7320960947284525,4.784862654538167,0.0742888096298507,106.76612338841176,81.27624983064625
31247,Jefferson Dr & 14th St SW,incoming_trips,Poisson,test,2.1484104060450546,3.430769077554406,0.4082782762566257,79.82671493274765,79.40053479556386
31247,Jefferson Dr & 14th St SW,incoming_trips,Poisson,val,2.236339937000696,3.543304608310139,0.4923626838656383,74.93738897914815,66.52815901191272
31247,Jefferson Dr & 14th St SW,incoming_trips,Polynomial Regression,test,2.1968135909702653,4.24912207208222,0.0923196039040964,85.96613570377224,81.18941030931879
31247,Jefferson Dr & 14th St SW,incoming_trips,Polynomial Regression,val,2.1662919346246388,4.636552320964989,0.1307856429520921,81.76637656411913,64.44432347177957
31247,Jefferson Dr & 14th St SW,incoming_trips,Random Forest,test,1.9797141639267068,3.288667114953055,0.4562811734768781,89.17520897009615,73.16589182208449
31247,Jefferson Dr & 14th St SW,incoming_trips,Random Forest,val,2.0127868196565704,3.2880580976007305,0.5628650543749485,81.05503409207472,59.877749075476416
31247,Jefferson Dr & 14th St SW,incoming_trips,Soft Two-Stage,test,1.72918888927737,3.062664698342987,0.5284438154507445,75.10001770165555,63.9070273467531
31247,Jefferson Dr & 14th St SW,incoming_trips,Soft Two-Stage,val,1.867873903026102,3.2118679369620518,0.5828887329430872,71.17413502572296,55.56678122977324
31247,Jefferson Dr & 14th St SW,incoming_trips,XGBoost,test,1.7475470482809397,3.0805271443851585,0.5229272401896491,77.1730218649652,64.58550462402005
31247,Jefferson Dr & 14th St SW,incoming_trips,XGBoost,val,1.8669417278323084,3.226456809610387,0.5790909409638119,71.94848551262058,55.5390502491233
31247,Jefferson Dr & 14th St SW,outgoing_trips,GAM,test,1.931682038541959,3.1723231819549524,0.4809304724003485,86.19168805403838,74.87875276858303
31247,Jefferson Dr & 14th St SW,outgoing_trips,GAM,val,1.9596415234092848,3.19093529038047,0.5929664658116172,80.6275569945118,60.31937863637678
31247,Jefferson Dr & 14th St SW,outgoing_trips,HistGradientBoosting,test,1.5399795968573309,2.858586556122431,0.5785234872413841,72.44937466712037,59.694995967752526
31247,Jefferson Dr & 14th St SW,outgoing_trips,HistGradientBoosting,val,1.7518821849554336,3.103430467081705,0.614984480865289,71.7185416073612,53.92437523818453
31247,Jefferson Dr & 14th St SW,outgoing_trips,LightGBM,test,1.5349708199101495,2.849254749145466,0.58127080138092,72.5405730118907,59.500838252757134
31247,Jefferson Dr & 14th St SW,outgoing_trips,LightGBM,val,1.7504671092527535,3.1071715725731326,0.6140556687904475,71.96158026856428,53.88081804362142
31247,Jefferson Dr & 14th St SW,outgoing_trips,Linear Regression,test,1.6675847779200728,2.990769447003303,0.5386435942546426,76.23520782751291,64.64141914410479
31247,Jefferson Dr & 14th St SW,outgoing_trips,Linear Regression,val,1.9262454544678,3.2407788195459,0.5801511381930984,81.16766309370394,59.29142015346843
31247,Jefferson Dr & 14th St SW,outgoing_trips,Naive (same hour last week),test,2.3342847357004226,4.392283761198235,0.0049349704107055,103.69748035508636,90.48504160028324
31247,Jefferson Dr & 14th St SW,outgoing_trips,Naive (same hour last week),val,2.6181259250825457,4.664357794290116,0.1302830974508423,108.14249588967104,80.58807037218757
31247,Jefferson Dr & 14th St SW,outgoing_trips,Poisson,test,1.955917648004848,3.197665603538645,0.4726040687030564,70.55952227292003,75.81820976665986
31247,Jefferson Dr & 14th St SW,outgoing_trips,Poisson,val,2.098000726461801,3.3727201234587496,0.5452687463185497,70.9403211957461,64.5781887590734
31247,Jefferson Dr & 14th St SW,outgoing_trips,Polynomial Regression,test,2.061667252262072,4.088434698394986,0.1378460639759839,78.26441248936514,79.9174343360041
31247,Jefferson Dr & 14th St SW,outgoing_trips,Polynomial Regression,val,2.0540413300179727,4.181666223448183,0.3009746488261449,77.90046840437034,63.22508236331343
31247,Jefferson Dr & 14th St SW,outgoing_trips,Random Forest,test,1.8038077405275448,3.023726115140557,0.5284197743213344,82.54437597276242,69.92189767782247
31247,Jefferson Dr & 14th St SW,outgoing_trips,Random Forest,val,1.8994997195470729,3.1477203781932834,0.6039167399515722,78.58648097175674,58.46816442413241
31247,Jefferson Dr & 14th St SW,outgoing_trips,Soft Two-Stage,test,1.5850059325558945,2.86279590114327,0.5772813025043991,70.3498118786748,61.44037423994104
31247,Jefferson Dr & 14th St SW,outgoing_trips,Soft Two-Stage,val,1.7693411229373033,3.078395218115816,0.621171235123176,68.71721343958885,54.46177571584192
31247,Jefferson Dr & 14th St SW,outgoing_trips,XGBoost,test,1.6005411506421112,2.8630921226704475,0.5771938181982792,68.42561133227171,62.04257363460016
31247,Jefferson Dr & 14th St SW,outgoing_trips,XGBoost,val,1.7662397850742864,3.091584894988635,0.6179180249860943,67.38364108737328,54.36631398439565
31248,Smithsonian-National Mall / Jefferson Dr & 12th St SW,incoming_trips,GAM,test,1.8753139173777729,2.989555468312841,0.4122988676930245,93.86328310434487,82.90034623151263
31248,Smithsonian-National Mall / Jefferson Dr & 12th St SW,incoming_trips,GAM,val,1.8863321991796256,3.112874747217018,0.5412341987048239,80.89197170693251,63.91102767964608
31248,Smithsonian-National Mall / Jefferson Dr & 12th St SW,incoming_trips,HistGradientBoosting,test,1.44610884737108,2.678869222224133,0.5281039727077526,76.9465730978032,63.92685673828248
31248,Smithsonian-National Mall / Jefferson Dr & 12th St SW,incoming_trips,HistGradientBoosting,val,1.6529026455069546,3.039810479414621,0.5625174256888106,69.48033277537701,56.0021754252501
31248,Smithsonian-National Mall / Jefferson Dr & 12th St SW,incoming_trips,LightGBM,test,1.46065041773106,2.6777747656858475,0.5284894817769488,78.03451622638606,64.569683097337
31248,Smithsonian-National Mall / Jefferson Dr & 12th St SW,incoming_trips,LightGBM,val,1.6543902996117064,3.0341039885523378,0.564158414203495,70.19040351113526,56.05257879678129
31248,Smithsonian-National Mall / Jefferson Dr & 12th St SW,incoming_trips,Linear Regression,test,1.5789483636923312,2.794908359252607,0.4863368139704398,82.77199224627886,69.79917592399883
31248,Smithsonian-National Mall / Jefferson Dr & 12th St SW,incoming_trips,Linear Regression,val,1.8094562659287812,3.1276881639950926,0.5368574989876801,79.0707339355358,61.30638577191099
31248,Smithsonian-National Mall / Jefferson Dr & 12th St SW,incoming_trips,Naive (same hour last week),test,2.086653727594474,3.945527599087837,-0.0236546586139667,106.00972940859003,92.242858584839
31248,Smithsonian-National Mall / Jefferson Dr & 12th St SW,incoming_trips,Naive (same hour last week),val,2.4685187293635438,4.519405449577466,0.0329913626905605,107.26479099204442,83.63615322300659
31248,Smithsonian-National Mall / Jefferson Dr & 12th St SW,incoming_trips,Poisson,test,1.8330266902368444,2.9192352322731696,0.4396214801790095,77.72429809290898,81.03099212569154
31248,Smithsonian-National Mall / Jefferson Dr & 12th St SW,incoming_trips,Poisson,val,1.9701815108834075,3.236751970490962,0.5039943935481797,71.37224283083833,66.75193538590814
31248,Smithsonian-National Mall / Jefferson Dr & 12th St SW,incoming_trips,Polynomial Regression,test,1.7711495252104013,2.9485525437949507,0.428309416641055,80.73583387380758,78.29564293589334
31248,Smithsonian-National Mall / Jefferson Dr & 12th St SW,incoming_trips,Polynomial Regression,val,1.8440956363101249,3.090462790173948,0.5478164269442689,74.37236993664331,62.48000607071644
31248,Smithsonian-National Mall / Jefferson Dr & 12th St SW,incoming_trips,Random Forest,test,1.683327681197463,2.797900902054117,0.485236254095383,87.1049312436749,74.41338023422115
31248,Smithsonian-National Mall / Jefferson Dr & 12th St SW,incoming_trips,Random Forest,val,1.7907037718357817,3.068279852714689,0.5542845586506155,76.83265812280541,60.671030467282606
31248,Smithsonian-National Mall / Jefferson Dr & 12th St SW,incoming_trips,Soft Two-Stage,test,1.4765423001342393,2.666059905629846,0.5326060319620991,73.95438297452999,65.27220150840719
31248,Smithsonian-National Mall / Jefferson Dr & 12th St SW,incoming_trips,Soft Two-Stage,val,1.6726153086917783,3.014755963869109,0.5696992834984875,65.99782631829493,56.670062323959
31248,Smithsonian-National Mall / Jefferson Dr & 12th St SW,incoming_trips,XGBoost,test,1.4960763594149376,2.677608777789452,0.5285479352468476,74.22707536236747,66.1357264162483
31248,Smithsonian-National Mall / Jefferson Dr & 12th St SW,incoming_trips,XGBoost,val,1.6684044452376954,3.0246275194700982,0.5668767055372357,66.6769217206028,56.52739359843644
31248,Smithsonian-National Mall / Jefferson Dr & 12th St SW,outgoing_trips,GAM,test,2.0575647628434104,3.2749791706490377,0.3762888279759497,103.31127408287,93.76312240645872
31248,Smithsonian-National Mall / Jefferson Dr & 12th St SW,outgoing_trips,GAM,val,1.9215243759190888,3.179470009447603,0.5658212235047921,89.21693970920487,68.36289785594587
31248,Smithsonian-National Mall / Jefferson Dr & 12th St SW,outgoing_trips,HistGradientBoosting,test,1.368800784851951,2.6873931620005327,0.5800197627821152,73.37057474612425,62.376182688300496
31248,Smithsonian-National Mall / Jefferson Dr & 12th St SW,outgoing_trips,HistGradientBoosting,val,1.5443597545462675,2.9959305184145038,0.6145015831893872,70.93751873749984,54.94435016073184
31248,Smithsonian-National Mall / Jefferson Dr & 12th St SW,outgoing_trips,LightGBM,test,1.3544980919462488,2.678020309859651,0.5829441939261407,74.60870835843012,61.72440969438215
31248,Smithsonian-National Mall / Jefferson Dr & 12th St SW,outgoing_trips,LightGBM,val,1.5278426845591189,2.970258655274267,0.6210798810377796,71.46559705602036,54.3567152691001
31248,Smithsonian-National Mall / Jefferson Dr & 12th St SW,outgoing_trips,Linear Regression,test,1.5032145842992928,2.831091890893204,0.53390507887888,80.08432314022288,68.50141274583791
31248,Smithsonian-National Mall / Jefferson Dr & 12th St SW,outgoing_trips,Linear Regression,val,1.726478753407183,3.120117009030901,0.581880052834499,82.97702390851026,61.42367598807181
31248,Smithsonian-National Mall / Jefferson Dr & 12th St SW,outgoing_trips,Naive (same hour last week),test,1.9997716634318987,3.953029392072128,0.0912874502315104,102.47694265704676,91.12949378284168
31248,Smithsonian-National Mall / Jefferson Dr & 12th St SW,outgoing_trips,Naive (same hour last week),val,2.32597062507116,4.516255256220285,0.123975837842585,106.19925452951937,82.75205573783772
31248,Smithsonian-National Mall / Jefferson Dr & 12th St SW,outgoing_trips,Poisson,test,1.7170326193057714,2.9168585718184934,0.505237035082609,72.38639707401077,78.2450898106199
31248,Smithsonian-National Mall / Jefferson Dr & 12th St SW,outgoing_trips,Poisson,val,1.858562507484536,3.223895801264154,0.5536031533406767,70.06204710861354,66.1228764257977
31248,Smithsonian-National Mall / Jefferson Dr & 12th St SW,outgoing_trips,Polynomial Regression,test,1.7169760541385766,3.0719959288531644,0.4512080773876816,78.17380696140805,78.24251213880544
31248,Smithsonian-National Mall / Jefferson Dr & 12th St SW,outgoing_trips,Polynomial Regression,val,1.7791188685493289,3.118716657419542,0.5822552846264242,76.91959977253126,63.29647596900698
31248,Smithsonian-National Mall / Jefferson Dr & 12th St SW,outgoing_trips,Random Forest,test,1.5745685182181937,2.817744895159516,0.5382894669482461,82.8114121062768,71.75300791360053
31248,Smithsonian-National Mall / Jefferson Dr & 12th St SW,outgoing_trips,Random Forest,val,1.7037350636204862,3.0450159559629317,0.6017660603458908,78.02465613752915,60.614513970019566
31248,Smithsonian-National Mall / Jefferson Dr & 12th St SW,outgoing_trips,Soft Two-Stage,test,1.3858129196186582,2.6773165467968294,0.5831633632165971,69.73068994062449,63.151424811091125
31248,Smithsonian-National Mall / Jefferson Dr & 12th St SW,outgoing_trips,Soft Two-Stage,val,1.5599240272017956,2.9514006986894903,0.6258760798497718,67.00977676063364,55.49808697254981
31248,Smithsonian-National Mall / Jefferson Dr & 12th St SW,outgoing_trips,XGBoost,test,1.3886734791514632,2.6775732402601635,0.5830834291725939,72.84421391106271,63.28178036464109
31248,Smithsonian-National Mall / Jefferson Dr & 12th St SW,outgoing_trips,XGBoost,val,1.543190567184876,2.973627530512906,0.6202198491827136,69.64711830794378,54.90275347990751
31249,Jefferson Memorial,incoming_trips,GAM,test,1.4314219361547624,2.676274199045161,0.5146783517658329,78.24337420791866,73.51407058797751
31249,Jefferson Memorial,incoming_trips,GAM,val,1.5307214303129535,2.834750821934686,0.5385631937554582,77.21020082196992,69.17229019571245
31249,Jefferson Memorial,incoming_trips,HistGradientBoosting,test,1.2623824109488218,2.594116606417455,0.5440182750773066,73.05825953124958,64.83264460569175
31249,Jefferson Memorial,incoming_trips,HistGradientBoosting,val,1.3810765671242733,2.8849761027718364,0.5220671377755366,71.12525561267039,62.40993768806592
31249,Jefferson Memorial,incoming_trips,LightGBM,test,1.2619687327783935,2.5837901203063414,0.547641332668847,71.18870294957921,64.8113991815066
31249,Jefferson Memorial,incoming_trips,LightGBM,val,1.3624613761277915,2.8306204177179333,0.5399068970499579,68.39552042162572,61.56872950468406
31249,Jefferson Memorial,incoming_trips,Linear Regression,test,1.408822714416367,2.677386756377909,0.5142747605419269,79.49131203086075,72.35343392303113
31249,Jefferson Memorial,incoming_trips,Linear Regression,val,1.529413494175897,2.8948826220969006,0.5187792213687333,79.02169301201239,69.11318542574038
31249,Jefferson Memorial,incoming_trips,Naive (same hour last week),test,1.9896106861513871,3.971484728216272,-0.0687453622028084,111.49345972667108,102.18117854001758
31249,Jefferson Memorial,incoming_trips,Naive (same hour last week),val,2.077650005692816,4.084137315988384,0.0421817143590093,107.85934424127208,93.88763119983535
31249,Jefferson Memorial,incoming_trips,Poisson,test,1.5827158073740184,2.7040617097771653,0.5045479310138654,69.73681796264674,81.28412639571403
31249,Jefferson Memorial,incoming_trips,Poisson,val,1.6671183448821414,2.905338269298049,0.5152968273602108,68.11940423043785,75.33597665723322
31249,Jefferson Memorial,incoming_trips,Polynomial Regression,test,1.555061687868564,2.769705987315501,0.4802005818115981,76.18251895711917,79.86388345963502
31249,Jefferson Memorial,incoming_trips,Polynomial Regression,val,1.634135959156837,3.0155452957563096,0.4778272962497624,72.11919869901826,73.84552443545225
31249,Jefferson Memorial,incoming_trips,Random Forest,test,1.4166755319087236,2.5038675034416498,0.5751935161733694,72.734352475588,72.75673400169165
31249,Jefferson Memorial,incoming_trips,Random Forest,val,1.4938152988392794,2.6767816508854336,0.5885582616779454,70.605016453502,67.50452649570586
31249,Jefferson Memorial,incoming_trips,Soft Two-Stage,test,1.2860519857723105,2.515858646854036,0.5711149353637315,65.43113958358369,66.04825179348967
31249,Jefferson Memorial,incoming_trips,Soft Two-Stage,val,1.3873448616532942,2.7344437189998425,0.5706411380681897,63.294554962546165,62.69319777681047
31249,Jefferson Memorial,incoming_trips,XGBoost,test,1.2672307458103225,2.507768148828845,0.5738689172146285,69.39761200416424,65.08164234859346
31249,Jefferson Memorial,incoming_trips,XGBoost,val,1.3545822408044956,2.7250563703583377,0.5735840568597906,66.71342194405568,61.21267658461558
31249,Jefferson Memorial,outgoing_trips,GAM,test,1.541360876677588,2.7585440569664965,0.4820519069069449,82.91844490419177,79.72587645458246
31249,Jefferson Memorial,outgoing_trips,GAM,val,1.5741147781232097,2.899538549429724,0.5302416355776807,78.93941991646189,71.10394001366052
31249,Jefferson Memorial,outgoing_trips,HistGradientBoosting,test,1.2678311044760704,2.668675264833058,0.5152499639278325,73.33370866681042,65.5777290900313
31249,Jefferson Memorial,outgoing_trips,HistGradientBoosting,val,1.4089858379886668,2.972959031374125,0.5061505247716481,72.68829325528218,63.64494247610811
31249,Jefferson Memorial,outgoing_trips,LightGBM,test,1.266801809158361,2.674497523125498,0.5131324948531802,70.38033331698024,65.52448946745059
31249,Jefferson Memorial,outgoing_trips,LightGBM,val,1.3901977372808554,2.955184938552532,0.5120379165061438,69.21746017785864,62.79626993693558
31249,Jefferson Memorial,outgoing_trips,Linear Regression,test,1.4106813316226372,2.710361232872964,0.4999876363113965,79.44724745689359,72.9665630310776
31249,Jefferson Memorial,outgoing_trips,Linear Regression,val,1.5320858737387173,2.9655435341252,0.5086110848541179,79.74682650703457,69.20546301711147
31249,Jefferson Memorial,outgoing_trips,Naive (same hour last week),test,1.9739696312364423,4.02112244697065,-0.1005784009023944,111.09525625440816,102.1022794378174
31249,Jefferson Memorial,outgoing_trips,Naive (same hour last week),val,2.097347147899351,4.17783277432175,0.0247435018374123,110.77534389278088,94.73873688541453
31249,Jefferson Memorial,outgoing_trips,Poisson,test,1.5830295385302915,2.7929388813189475,0.4690553445512798,69.57931974334525,81.88116055265633
31249,Jefferson Memorial,outgoing_trips,Poisson,val,1.6870368786978864,3.00386281225555,0.4958300738214083,69.68166361620123,76.20471562231813
31249,Jefferson Memorial,outgoing_trips,Polynomial Regression,test,1.5542122706332002,2.8263378655667606,0.456280957525073,78.68911010206382,80.39060634508209
31249,Jefferson Memorial,outgoing_trips,Polynomial Regression,val,1.6185687971606115,2.957467378634981,0.5112838694045327,75.1446454110575,73.11196125005993
31249,Jefferson Memorial,outgoing_trips,Random Forest,test,1.4219322681187878,2.560506757277772,0.553749986709287,73.64905260494514,73.54851031328961
31249,Jefferson Memorial,outgoing_trips,Random Forest,val,1.5007661910371095,2.760077197915156,0.5743435623255989,71.86353917048437,67.7907295611959
31249,Jefferson Memorial,outgoing_trips,Soft Two-Stage,test,1.2915262652516255,2.5596198999521813,0.5540590595554789,66.46368611302891,66.80334567933737
31249,Jefferson Memorial,outgoing_trips,Soft Two-Stage,val,1.4034148354560652,2.830343984488026,0.552394732595597,64.76669806970146,63.39329613150906
31249,Jefferson Memorial,outgoing_trips,XGBoost,test,1.27075054273128,2.627709792407804,0.5300180395892424,68.10043673728595,65.72873511151104
31249,Jefferson Memorial,outgoing_trips,XGBoost,val,1.3877170455560393,2.8820295074604405,0.5358978357880566,68.46946790879286,62.68421523924447
31257,22nd & I St NW / Foggy Bottom,incoming_trips,GAM,test,1.42930639364805,2.0686525188844445,0.4764689317365099,59.86734820316406,55.527786312265015
31257,22nd & I St NW / Foggy Bottom,incoming_trips,GAM,val,1.260627771849676,1.7362913023592277,0.4238573825133995,61.00373094525429,61.09415505245106
31257,22nd & I St NW / Foggy Bottom,incoming_trips,HistGradientBoosting,test,1.341682018208347,2.121088485323027,0.4495917442563313,52.05200522978284,52.1236263527318
31257,22nd & I St NW / Foggy Bottom,incoming_trips,HistGradientBoosting,val,1.1427660016716292,1.7140485991417589,0.4385241453557121,55.854411726527545,55.38218723545727
31257,22nd & I St NW / Foggy Bottom,incoming_trips,LightGBM,test,1.3468818481350084,2.126808607159946,0.4466190747157705,52.1517592117396,52.32563695473495
31257,22nd & I St NW / Foggy Bottom,incoming_trips,LightGBM,val,1.142686406955042,1.7146293702125277,0.438143591177924,55.78866555641383,55.37832981452372
31257,22nd & I St NW / Foggy Bottom,incoming_trips,Linear Regression,test,1.374074263379931,2.0136738014372098,0.5039269815210323,54.58407398295356,53.38204769335943
31257,22nd & I St NW / Foggy Bottom,incoming_trips,Linear Regression,val,1.1948381776415478,1.702437238798277,0.4461055128652555,56.81158711776063,57.90577561234736
31257,22nd & I St NW / Foggy Bottom,incoming_trips,Naive (same hour last week),test,1.8134490238611716,2.7531132156388622,0.0727101436814646,84.30814743252058,70.45152133416127
31257,22nd & I St NW / Foggy Bottom,incoming_trips,Naive (same hour last week),val,1.5544802459296367,2.351377560440505,-0.0566461149263191,81.22136867509198,75.33520940241681
31257,22nd & I St NW / Foggy Bottom,incoming_trips,Poisson,test,1.492842179616494,2.1445968470814103,0.4373236092220535,59.39322646466816,57.99611749871762
31257,22nd & I St NW / Foggy Bottom,incoming_trips,Poisson,val,1.2760306725026949,1.7722837001925211,0.3997235459525501,55.52378999864042,61.84063011968862
31257,22nd & I St NW / Foggy Bottom,incoming_trips,Polynomial Regression,test,1.4205438334700482,2.101903774816789,0.4595033245227838,59.6330309355965,55.187365552045385
31257,22nd & I St NW / Foggy Bottom,incoming_trips,Polynomial Regression,val,1.2528491024442954,1.766799905822531,0.4034325457157728,61.642957278094826,60.71717522909146
31257,22nd & I St NW / Foggy Bottom,incoming_trips,Random Forest,test,1.3939959480517614,2.043984608765648,0.4888803129742312,57.27246150311564,54.15599445127906
31257,22nd & I St NW / Foggy Bottom,incoming_trips,Random Forest,val,1.2080606134432488,1.7004822866695226,0.447376884822196,59.14542893544239,58.546578203785536
31257,22nd & I St NW / Foggy Bottom,incoming_trips,Soft Two-Stage,test,1.3804774600231302,2.149001953635208,0.435009705708192,51.51262302313426,53.63080844647653
31257,22nd & I St NW / Foggy Bottom,incoming_trips,Soft Two-Stage,val,1.1648803714925782,1.710089532849656,0.4411149154290854,54.53934028418107,56.45392210351108
31257,22nd & I St NW / Foggy Bottom,incoming_trips,XGBoost,test,1.3850172888219805,2.1379053235059784,0.4408294321008762,50.15894532359306,53.80717835887396
31257,22nd & I St NW / Foggy Bottom,incoming_trips,XGBoost,val,1.1586575133719244,1.7072788610522434,0.4429505522317755,54.08981696405071,56.152341996058105
31257,22nd & I St NW / Foggy Bottom,outgoing_trips,GAM,test,1.4741816415300872,2.1098956098745743,0.5240181664865105,64.8665072903189,58.24247631106015
31257,22nd & I St NW / Foggy Bottom,outgoing_trips,GAM,val,1.2619943412921912,1.7791759889266627,0.4660369862119137,65.05458820908117,62.96350999528128
31257,22nd & I St NW / Foggy Bottom,outgoing_trips,HistGradientBoosting,test,1.2941130993350374,2.093342126102448,0.5314576331585783,53.50356375798615,51.12826629262784
31257,22nd & I St NW / Foggy Bottom,outgoing_trips,HistGradientBoosting,val,1.0870306618387582,1.7071042208171263,0.5084208773088971,56.16114742112002,54.23420985531591
31257,22nd & I St NW / Foggy Bottom,outgoing_trips,LightGBM,test,1.2939683506863415,2.093416413512488,0.5314243778047637,53.56577803628456,51.12254751313336
31257,22nd & I St NW / Foggy Bottom,outgoing_trips,LightGBM,val,1.0870202656222858,1.7064540295555628,0.5087952652091989,56.36644309512258,54.2336911665561
31257,22nd & I St NW / Foggy Bottom,outgoing_trips,Linear Regression,test,1.332616089435109,2.0070650195009003,0.5692836833455814,55.27935213744311,52.64945569401045
31257,22nd & I St NW / Foggy Bottom,outgoing_trips,Linear Regression,val,1.1520264329094672,1.7033590834856998,0.510575416937348,58.49003980091504,57.47698341424591
31257,22nd & I St NW / Foggy Bottom,outgoing_trips,Naive (same hour last week),test,1.7779426875214066,2.7933957310077924,0.1656786237441875,83.85446560121372,70.24357239512855
31257,22nd & I St NW / Foggy Bottom,outgoing_trips,Naive (same hour last week),val,1.5229420471365138,2.35788120566529,0.062184946900561,85.4516061193402,75.98273119745512
31257,22nd & I St NW / Foggy Bottom,outgoing_trips,Poisson,test,1.4610390044441413,2.215162926372615,0.475337783958378,57.07540099731055,57.72323247598662
31257,22nd & I St NW / Foggy Bottom,outgoing_trips,Poisson,val,1.220286809015735,1.772641227205352,0.469952184141052,54.81285511114066,60.88263487608043
31257,22nd & I St NW / Foggy Bottom,outgoing_trips,Polynomial Regression,test,1.4165413538962657,2.1587514248802147,0.5017197024718707,60.15516180767907,55.96520396381322
31257,22nd & I St NW / Foggy Bottom,outgoing_trips,Polynomial Regression,val,1.220672225685923,1.915260442579891,0.3812303045813596,62.10342144632194,60.901864111562496
31257,22nd & I St NW / Foggy Bottom,outgoing_trips,Random Forest,test,1.3223123269292636,1.993300786162734,0.5751710376593253,56.04614408083047,52.24237109415164
31257,22nd & I St NW / Foggy Bottom,outgoing_trips,Random Forest,val,1.1391742826497997,1.68719635116558,0.5198193967347358,60.06151350558374,56.83576303404448
31257,22nd & I St NW / Foggy Bottom,outgoing_trips,Soft Two-Stage,test,1.3257551280146485,2.100188914118877,0.5283876557153656,51.88635755641945,52.37839046585614
31257,22nd & I St NW / Foggy Bottom,outgoing_trips,Soft Two-Stage,val,1.1163451709348775,1.7080880824859932,0.5078540868097219,54.53967456321928,55.69677139468888
31257,22nd & I St NW / Foggy Bottom,outgoing_trips,XGBoost,test,1.3306263074552402,2.09949842653666,0.5286977125238425,50.78466628664303,52.570842701851376
31257,22nd & I St NW / Foggy Bottom,outgoing_trips,XGBoost,val,1.1069468477400293,1.705788109403645,0.5091785621538659,54.90038626085434,55.22786959611837
31258,Lincoln Memorial,incoming_trips,GAM,test,2.2424461017056574,3.466944367170684,0.4654785503906092,92.80162513588326,76.9172360778503
31258,Lincoln Memorial,incoming_trips,GAM,val,2.228085240018552,3.5707297582681465,0.5830233657723091,83.07982851451523,61.99674532894958
31258,Lincoln Memorial,incoming_trips,HistGradientBoosting,test,1.7115772485436815,3.0363727327453804,0.5900021706115388,74.44079417573955,58.70811842102955
31258,Lincoln Memorial,incoming_trips,HistGradientBoosting,val,1.944583910335887,3.4589319844423825,0.6087252721448966,70.31381576065644,54.10828602718231
31258,Lincoln Memorial,incoming_trips,LightGBM,test,1.7120013292599698,3.034249776054597,0.590575290862542,74.74593143753692,58.72266464202725
31258,Lincoln Memorial,incoming_trips,LightGBM,val,1.931321825924736,3.4377566331781755,0.6135013235784559,69.85663789832438,53.739266900354686
31258,Lincoln Memorial,incoming_trips,Linear Regression,test,1.8757691115234447,3.206955513048132,0.5426409649646491,79.67222993023543,64.33999705448721
31258,Lincoln Memorial,incoming_trips,Linear Regression,val,2.1281873566662544,3.59156777774979,0.5781423911257814,81.13673049271446,59.21707446095267
31258,Lincoln Memorial,incoming_trips,Naive (same hour last week),test,2.5453818929101497,4.534715957847665,0.0855255615259913,105.20363584587209,87.30811403508771
31258,Lincoln Memorial,incoming_trips,Naive (same hour last week),val,2.906637823067289,5.143184921123323,0.134908524553273,108.3486807118043,80.87755425312847
31258,Lincoln Memorial,incoming_trips,Poisson,test,2.191161781966113,3.3543468495433952,0.4996345341978292,74.69918541557728,75.15815338440314
31258,Lincoln Memorial,incoming_trips,Poisson,val,2.374093341636408,3.747341996275764,0.5407550239454988,73.85007825895066,66.05943868079382
31258,Lincoln Memorial,incoming_trips,Polynomial Regression,test,2.175178483257846,3.9691127113504616,0.2994191601695215,81.5338772510414,74.6099167248413
31258,Lincoln Memorial,incoming_trips,Polynomial Regression,val,2.245977505075897,4.024940072975029,0.4701943435524915,76.25662445289217,62.49459980067038
31258,Lincoln Memorial,incoming_trips,Random Forest,test,1.9916851220020235,3.207739551177439,0.5424173068848605,81.17470602217156,68.31598521152775
31258,Lincoln Memorial,incoming_trips,Random Forest,val,2.1122981662136406,3.4724623046386744,0.6056581827658201,75.62657400570359,58.77495578601111
31258,Lincoln Memorial,incoming_trips,Soft Two-Stage,test,1.7658977287038715,3.023848392839497,0.5933774887150746,71.26054692862263,60.57134322414323
31258,Lincoln Memorial,incoming_trips,Soft Two-Stage,val,1.9718791161738631,3.4251047368865275,0.6163409329650511,66.51680713678185,54.867778480453154
31258,Lincoln Memorial,incoming_trips,XGBoost,test,1.7728584485247008,3.013335420013086,0.5961999717022042,70.43435894526993,60.81010005728326
31258,Lincoln Memorial,incoming_trips,XGBoost,val,1.9545886256026064,3.438433605508582,0.6133490878620262,66.19002663831006,54.386668457683164
31258,Lincoln Memorial,outgoing_trips,GAM,test,2.158678900587143,3.425350661950876,0.4995177565093276,91.45565911168,74.62552192541654
31258,Lincoln Memorial,outgoing_trips,GAM,val,2.228582295644981,3.637336515811725,0.5856328889057175,83.8552395897153,60.85005845322805
31258,Lincoln Memorial,outgoing_trips,HistGradientBoosting,test,1.6962446678740375,3.066923087087708,0.5987783426637308,73.8167741856906,58.63917214314518
31258,Lincoln Memorial,outgoing_trips,HistGradientBoosting,val,1.9965893915599628,3.5566545779362886,0.6038116603341185,71.43734918290401,54.5156359811955
31258,Lincoln Memorial,outgoing_trips,LightGBM,test,1.7018205253966965,3.0718813029273533,0.5974800045049771,73.96224891617643,58.83192951789741
31258,Lincoln Memorial,outgoing_trips,LightGBM,val,1.9961718793614245,3.557573607432122,0.6036068859854056,71.59484181684181,54.50423606936111
31258,Lincoln Memorial,outgoing_trips,Linear Regression,test,1.8377654156236245,3.225784884508221,0.5561365309999377,79.54187150096962,63.53154389015008
31258,Lincoln Memorial,outgoing_trips,Linear Regression,val,2.1683252824361463,3.686378783525172,0.5743837233241369,82.39039804613381,59.20477805091141
31258,Lincoln Memorial,outgoing_trips,Naive (same hour last week),test,2.559310423564334,4.64441741057857,0.0798871693695729,108.32592604655626,88.47535225164779
31258,Lincoln Memorial,outgoing_trips,Naive (same hour last week),val,2.995104178526699,5.301756211192597,0.1196450305978532,110.27762448293176,81.77946342524947
31258,Lincoln Memorial,outgoing_trips,Poisson,test,2.159330139193181,3.3580450704532256,0.5189927309820757,72.65839405988012,74.648035241714
31258,Lincoln Memorial,outgoing_trips,Poisson,val,2.4025222972877205,3.84114444578189,0.537896146096459,73.8391253296365,65.59938240146128
31258,Lincoln Memorial,outgoing_trips,Polynomial Regression,test,2.1927714363020465,3.6166429556193846,0.4420569523498719,82.84694344238805,75.80410076398005
31258,Lincoln Memorial,outgoing_trips,Polynomial Regression,val,2.3108517587325643,3.890673757902316,0.5259021958544143,76.7162805744423,63.09637515760909
31258,Lincoln Memorial,outgoing_trips,Random Forest,test,2.001195623723341,3.2503342060210403,0.5493549193198876,81.74124779243935,69.18132560363401
31258,Lincoln Memorial,outgoing_trips,Random Forest,val,2.158597142639812,3.5505230877727096,0.6051764996373438,76.72680545229066,58.93915722263645
31258,Lincoln Memorial,outgoing_trips,Soft Two-Stage,test,1.7121928103385144,3.0377486303966323,0.6063753700054171,70.61136877562731,59.19049937149248
31258,Lincoln Memorial,outgoing_trips,Soft Two-Stage,val,2.0095368015638853,3.5153356189085296,0.6129635196179939,68.47574126229466,54.86915698739578
31258,Lincoln Memorial,outgoing_trips,XGBoost,test,1.777338417145624,3.0633720212996938,0.5997069213217825,71.56713439856821,61.442582767409405
31258,Lincoln Memorial,outgoing_trips,XGBoost,val,2.0518927824090394,3.554144361660517,0.6043707067306832,69.07654305362763,56.02566079490966
31265,5th St & Massachusetts Ave NW,incoming_trips,GAM,test,1.3569343332750856,1.947057618821652,0.5566278786226824,60.01901883575839,56.52172258491761
31265,5th St & Massachusetts Ave NW,incoming_trips,GAM,val,1.3566910292374954,1.972852284772484,0.5867849716812251,59.042273500384255,54.51217946746385
31265,5th St & Massachusetts Ave NW,incoming_trips,HistGradientBoosting,test,1.2566669981472844,1.9448940423553445,0.5576126841125103,56.08918237105625,52.3451884952067
31265,5th St & Massachusetts Ave NW,incoming_trips,HistGradientBoosting,val,1.2563479969724043,1.9728437842969468,0.5867885325323843,54.73985050775181,50.48037173433656
31265,5th St & Massachusetts Ave NW,incoming_trips,LightGBM,test,1.2559307754456803,1.9410858192418363,0.5593434315793733,56.10652355307978,52.31452188571768
31265,5th St & Massachusetts Ave NW,incoming_trips,LightGBM,val,1.2554948735515694,1.9696740801729864,0.5881152528028816,54.83095518763439,50.44609302531422
31265,5th St & Massachusetts Ave NW,incoming_trips,Linear Regression,test,1.3010436091488269,1.9463443355942036,0.556952668158747,57.75608287941317,54.1936511914332
31265,5th St & Massachusetts Ave NW,incoming_trips,Linear Regression,val,1.3336671457026297,1.9934577380179412,0.5781082473611119,57.65657395848469,53.58707416032844
31265,5th St & Massachusetts Ave NW,incoming_trips,Naive (same hour last week),test,1.7263386231304942,2.6871124138721725,0.1555334626236068,83.2540682168951,71.90888339357048
31265,5th St & Massachusetts Ave NW,incoming_trips,Naive (same hour last week),val,1.7931230786747123,2.7931659740316164,0.1717137429195916,83.90585558110784,72.04812662976349
31265,5th St & Massachusetts Ave NW,incoming_trips,Poisson,test,1.3937785983940885,2.0291309193679763,0.518461615304924,52.8381298333228,58.05643305751295
31265,5th St & Massachusetts Ave NW,incoming_trips,Poisson,val,1.4178913472470962,2.065221758802865,0.5471854702043752,53.202104662345526,56.97122330788804
31265,5th St & Massachusetts Ave NW,incoming_trips,Polynomial Regression,test,1.3659184419640569,2.10580450939472,0.4813828465210039,62.633940313349775,56.89594651494756
31265,5th St & Massachusetts Ave NW,incoming_trips,Polynomial Regression,val,1.3571120050434038,2.0427106436660964,0.5570031139242141,60.644328885961926,54.52909437895702
31265,5th St & Massachusetts Ave NW,incoming_trips,Random Forest,test,1.3050118044770411,1.924107315863257,0.5670184845118709,59.23998208034376,54.358942340757096
31265,5th St & Massachusetts Ave NW,incoming_trips,Random Forest,val,1.302722430396533,1.9353323798585904,0.6023526473536724,58.03358867863403,52.34370788312709
31265,5th St & Massachusetts Ave NW,incoming_trips,Soft Two-Stage,test,1.2698060482538576,1.9306800798691488,0.5640552962543741,55.09100859937076,52.89248229339708
31265,5th St & Massachusetts Ave NW,incoming_trips,Soft Two-Stage,val,1.2742205804914126,1.9604621441032863,0.591958917448677,54.01535311073502,51.198496538982006
31265,5th St & Massachusetts Ave NW,incoming_trips,XGBoost,test,1.2679608778204987,1.938751966016327,0.5604024362676803,53.73840629521949,52.81562359154341
31265,5th St & Massachusetts Ave NW,incoming_trips,XGBoost,val,1.2704572216601395,1.9694028593020576,0.5882286766933823,53.18853351034798,51.047283854892754
31265,5th St & Massachusetts Ave NW,outgoing_trips,GAM,test,1.3115600458217291,1.8638857207791413,0.508323814170001,60.30173718345212,55.42774506104663
31265,5th St & Massachusetts Ave NW,outgoing_trips,GAM,val,1.3195297391747711,1.8802001900465903,0.5470188177867792,57.70809078161572,53.8968036979585
31265,5th St & Massachusetts Ave NW,outgoing_trips,HistGradientBoosting,test,1.2459885115974496,1.8891305862311456,0.4949148841797888,56.56891154169063,52.65663115450189
31265,5th St & Massachusetts Ave NW,outgoing_trips,HistGradientBoosting,val,1.2448727972074989,1.8909183914418035,0.5418396011341489,54.31315447943823,50.84740630550836
31265,5th St & Massachusetts Ave NW,outgoing_trips,LightGBM,test,1.249792121031591,1.8946811224281417,0.4919424991359357,56.92256512024719,52.81737522008929
31265,5th St & Massachusetts Ave NW,outgoing_trips,LightGBM,val,1.2465425837086055,1.8953197112223377,0.5397042818524438,54.62864161155475,50.91560950896471
31265,5th St & Massachusetts Ave NW,outgoing_trips,Linear Regression,test,1.288888750697634,1.8828071538805828,0.498290538787579,59.42481987779525,54.46963508327983
31265,5th St & Massachusetts Ave NW,outgoing_trips,Linear Regression,val,1.3119858766475416,1.9049310557761625,0.5350240391138572,56.51488702864476,53.58867113702905
31265,5th St & Massachusetts Ave NW,outgoing_trips,Naive (same hour last week),test,1.7310195227765726,2.583064624915619,0.0556974661260216,84.29819476121233,73.1544919424877
31265,5th St & Massachusetts Ave NW,outgoing_trips,Naive (same hour last week),val,1.7852669930547649,2.656809364889825,0.0955329224444944,82.19284802078256,72.92005766637213
31265,5th St & Massachusetts Ave NW,outgoing_trips,Poisson,test,1.3821827719423374,1.9435954834822888,0.4653711708321792,54.64609572526386,58.41232702616489
31265,5th St & Massachusetts Ave NW,outgoing_trips,Poisson,val,1.4067537881391563,1.9745816480377216,0.5004002998627934,53.28435899046373,57.45951039960104
31265,5th St & Massachusetts Ave NW,outgoing_trips,Polynomial Regression,test,1.3337411145442606,2.0795501765216224,0.3879605462012635,59.69578328931847,56.36513761600492
31265,5th St & Massachusetts Ave NW,outgoing_trips,Polynomial Regression,val,1.3339263052863812,2.224641579421487,0.3658498834802108,58.61878882322672,54.48483811249726
31265,5th St & Massachusetts Ave NW,outgoing_trips,Random Forest,test,1.308202213300974,1.8744523156100965,0.5027332680314803,61.18356007919162,55.28583994163482
31265,5th St & Massachusetts Ave NW,outgoing_trips,Random Forest,val,1.2915080146411484,1.8638667711253112,0.5548547863456617,57.91695445257968,52.752243373451165
31265,5th St & Massachusetts Ave NW,outgoing_trips,Soft Two-Stage,test,1.265114627835655,1.8872239572519292,0.4959338967994862,54.67586132049378,53.464918581552176
31265,5th St & Massachusetts Ave NW,outgoing_trips,Soft Two-Stage,val,1.253152246290569,1.8741504977710293,0.5499291334566029,52.13898356829014,51.18558424019936
31265,5th St & Massachusetts Ave NW,outgoing_trips,XGBoost,test,1.2685826663248787,1.889861154744848,0.4945241535070306,54.35765060389544,53.61148110749596
31265,5th St & Massachusetts Ave NW,outgoing_trips,XGBoost,val,1.257225507409809,1.8823286770340797,0.5459926395107668,52.09595315723743,51.351958478260485
31266,11th & M St NW,incoming_trips,GAM,test,1.4800578449539208,2.1948932230937173,0.5932663019863903,51.81613939923755,46.760303938650246
31266,11th & M St NW,incoming_trips,GAM,val,1.5449519844939892,2.2483991015097957,0.6188979521850715,54.00448886518245,45.40813599642173
31266,11th & M St NW,incoming_trips,HistGradientBoosting,test,1.433635649472492,2.1945222270203995,0.5934037882663297,49.13679828984494,45.29366128166771
31266,11th & M St NW,incoming_trips,HistGradientBoosting,val,1.4938390788984277,2.278766068049328,0.6085340757399182,49.25677626065499,43.90586162689453
31266,11th & M St NW,incoming_trips,LightGBM,test,1.4352072044770934,2.190691605115087,0.594822007671122,49.00756851456525,45.343312307080005
31266,11th & M St NW,incoming_trips,LightGBM,val,1.4911968837940863,2.270536578774752,0.6113564343170242,49.14668404002114,43.82820409719058
31266,11th & M St NW,incoming_trips,Linear Regression,test,1.479537384849735,2.179855787434944,0.5988203583644889,52.23555948856181,46.74386074844477
31266,11th & M St NW,incoming_trips,Linear Regression,val,1.5329129084174116,2.225874395475876,0.6264955471217222,53.20460432985684,45.05429198751841
31266,11th & M St NW,incoming_trips,Naive (same hour last week),test,1.9683753853179584,2.98071971730131,0.2498888155622967,77.86694591823418,62.18799596017891
31266,11th & M St NW,incoming_trips,Naive (same hour last week),val,2.0442901058863714,3.077373323804496,0.2860712920109564,77.75717797532901,60.0843288826423
31266,11th & M St NW,incoming_trips,Poisson,test,1.6463942535614673,2.3735124911644747,0.5243731061060506,50.94424344442332,52.01546409949823
31266,11th & M St NW,incoming_trips,Poisson,val,1.7158548018694406,2.457614072226032,0.5446746327965619,52.91119963553099,50.43119072656459
31266,11th & M St NW,incoming_trips,Polynomial Regression,test,1.526561160026083,2.33026356425436,0.5415484457252713,54.86234848434685,48.22950945270691
31266,11th & M St NW,incoming_trips,Polynomial Regression,val,1.5382443993719233,2.2587805304898843,0.6153705378085181,53.85326975525112,45.21099139873373
31266,11th & M St NW,incoming_trips,Random Forest,test,1.4813938063320842,2.1796930818522795,0.5988802446484096,52.19979116158612,46.8025117214786
31266,11th & M St NW,incoming_trips,Random Forest,val,1.5227052531553735,2.2268451760220813,0.6261696797442118,52.64169892059801,44.75427580384716
31266,11th & M St NW,incoming_trips,Soft Two-Stage,test,1.453066821847095,2.186555227129001,0.5963506455444065,49.210397235861,45.907561291872405
31266,11th & M St NW,incoming_trips,Soft Two-Stage,val,1.507196678003623,2.263457130460649,0.6137762083107925,49.315970349018166,44.298458732074494
31266,11th & M St NW,incoming_trips,XGBoost,test,1.4619632238194444,2.2050409602935885,0.5894966717535695,48.188612301278376,46.188630347116266
31266,11th & M St NW,incoming_trips,XGBoost,val,1.5243556019993547,2.288908501395189,0.605041612907385,48.702189776439056,44.802781689791296
31266,11th & M St NW,outgoing_trips,GAM,test,1.5714633082386122,2.211753081823123,0.5271187360917329,55.73665602708684,48.89852967019078
31266,11th & M St NW,outgoing_trips,GAM,val,1.6048565702379594,2.2665360980553224,0.5518843079538269,55.34450643178258,46.65361022208982
31266,11th & M St NW,outgoing_trips,HistGradientBoosting,test,1.5258965501131014,2.2348680373840937,0.5171829550069944,52.12947910751715,47.480648983767296
31266,11th & M St NW,outgoing_trips,HistGradientBoosting,val,1.5658864186960175,2.294167972951477,0.5408915385229851,51.313946180413296,45.52073748190224
31266,11th & M St NW,outgoing_trips,LightGBM,test,1.522867822689264,2.225196401445336,0.5213527998814314,52.01634219603889,47.386405410264175
31266,11th & M St NW,outgoing_trips,LightGBM,val,1.5542309160151069,2.274008698157916,0.5489246291791003,50.640903414811646,45.18190889802629
31266,11th & M St NW,outgoing_trips,Linear Regression,test,1.5531321190206726,2.2222802800325896,0.522606512816109,54.58365351360092,48.32812615191329
31266,11th & M St NW,outgoing_trips,Linear Regression,val,1.572532195262237,2.2309735681874403,0.5658360881534544,53.81092101363434,45.71393198619213
31266,11th & M St NW,outgoing_trips,Naive (same hour last week),test,2.061993378239525,3.0154869125541506,0.1209901922706934,78.31920492688691,64.16213719847951
31266,11th & M St NW,outgoing_trips,Naive (same hour last week),val,2.0803825572127974,3.013612896389668,0.2077909431073571,78.20107193244993,60.47727799291695
31266,11th & M St NW,outgoing_trips,Poisson,test,1.6805180701443143,2.3206818739616533,0.479392949686822,54.81914936490496,52.2919385285234
31266,11th & M St NW,outgoing_trips,Poisson,val,1.707318887659577,2.3730753291803146,0.5087665629911897,54.68046204317035,49.63221722541312
31266,11th & M St NW,outgoing_trips,Polynomial Regression,test,1.5977992717576788,2.340360830730823,0.470526209589069,56.1418463962171,49.71801421480518
31266,11th & M St NW,outgoing_trips,Polynomial Regression,val,1.6152129472380734,2.345203734757624,0.5202378014873771,54.09045406720337,46.95467287456393
31266,11th & M St NW,outgoing_trips,Random Forest,test,1.5488797975362714,2.188393822716204,0.5370545869783261,55.12904403271525,48.195808542471134
31266,11th & M St NW,outgoing_trips,Random Forest,val,1.5906884651540538,2.228703576128859,0.5667191530659168,55.04002876645091,46.2417396135705
31266,11th & M St NW,outgoing_trips,Soft Two-Stage,test,1.5284016134848062,2.215075250018617,0.5256970846756686,51.77067156701145,47.55859793425492
31266,11th & M St NW,outgoing_trips,Soft Two-Stage,val,1.565196856186027,2.271272390004996,0.5500095314595822,50.51229568414364,45.50069171509574
31266,11th & M St NW,outgoing_trips,XGBoost,test,1.5356699641671088,2.222208942442529,0.5226371620142082,50.767705156982565,47.78476399211235
31266,11th & M St NW,outgoing_trips,XGBoost,val,1.580201551256031,2.2833103736477933,0.5452268966675508,49.5545844278281,45.9368822185209
31271,Constitution Ave & 2nd St NW/DOL,incoming_trips,GAM,test,1.7001251755536284,2.4809545331513903,0.1535553135109422,92.531105742814,96.28473045825832
31271,Constitution Ave & 2nd St NW/DOL,incoming_trips,GAM,val,1.5660795773298488,2.378609700800524,0.3491034780778278,79.79990214203073,81.05885395537783
31271,Constitution Ave & 2nd St NW/DOL,incoming_trips,HistGradientBoosting,test,1.177092626816138,2.094548211415149,0.3966883733042218,71.9869631840598,66.66335392656507
31271,Constitution Ave & 2nd St NW/DOL,incoming_trips,HistGradientBoosting,val,1.306464058740402,2.3435246574793176,0.3681636114968005,72.63035037322241,67.62139093592403
31271,Constitution Ave & 2nd St NW/DOL,incoming_trips,LightGBM,test,1.138645823804333,2.0276064524413657,0.4346358038503871,66.60158774866646,64.48596127442231
31271,Constitution Ave & 2nd St NW/DOL,incoming_trips,LightGBM,val,1.2312882927805238,2.219566330553345,0.4332365493001363,65.61181356933169,63.73036169185774
31271,Constitution Ave & 2nd St NW/DOL,incoming_trips,Linear Regression,test,1.233839286386372,2.026710841562786,0.4351351458159836,68.66316316751538,69.87713894645177
31271,Constitution Ave & 2nd St NW/DOL,incoming_trips,Linear Regression,val,1.3557250011599895,2.2272916532577938,0.4292843806466834,69.78792941190963,70.17109249330066
31271,Constitution Ave & 2nd St NW/DOL,incoming_trips,Naive (same hour last week),test,1.56364881835826,2.783959074962344,-0.0658268726765936,96.25823218338134,88.55554118712014
31271,Constitution Ave & 2nd St NW/DOL,incoming_trips,Naive (same hour last week),val,1.7800296026414664,3.166846934031778,-0.1537712818407464,102.13331489702423,92.13271259355297
31271,Constitution Ave & 2nd St NW/DOL,incoming_trips,Poisson,test,1.3810334960880228,2.0952621840009136,0.3962769992668807,65.57794643380247,78.21332207574673
31271,Constitution Ave & 2nd St NW/DOL,incoming_trips,Poisson,val,1.4709597422511984,2.2857902444970795,0.398911624625696,65.95259375698177,76.13553784072295
31271,Constitution Ave & 2nd St NW/DOL,incoming_trips,Polynomial Regression,test,1.3039584362948762,2.12566504798576,0.3786294934348666,70.26692162080386,73.8482603356189
31271,Constitution Ave & 2nd St NW/DOL,incoming_trips,Polynomial Regression,val,1.3624243966167575,2.30673608162826,0.3878450056819733,70.38318377455785,70.51784710639981
31271,Constitution Ave & 2nd St NW/DOL,incoming_trips,Random Forest,test,1.3222096618780796,2.097869448362034,0.394773564680655,74.13845049789182,74.88189854125243
31271,Constitution Ave & 2nd St NW/DOL,incoming_trips,Random Forest,val,1.3794281750184136,2.2301852218797027,0.4278005358968225,72.63794529190608,71.39794720482485
31271,Constitution Ave & 2nd St NW/DOL,incoming_trips,Soft Two-Stage,test,1.1825883216639628,2.0114688853858307,0.4435993732670465,63.29431920512232,66.97459659546521
31271,Constitution Ave & 2nd St NW/DOL,incoming_trips,Soft Two-Stage,val,1.2664107904914796,2.1863954979633413,0.4500502256034653,61.80887635334429,65.54827021560885
31271,Constitution Ave & 2nd St NW/DOL,incoming_trips,XGBoost,test,1.1553112735838162,2.0311128521441058,0.4326787110899337,64.83690645881353,65.42979080124562
31271,Constitution Ave & 2nd St NW/DOL,incoming_trips,XGBoost,val,1.2413030848937148,2.21183533174449,0.4371778747895093,63.91499996264304,64.24871821923212
31271,Constitution Ave & 2nd St NW/DOL,outgoing_trips,GAM,test,1.5637371120035806,2.385088051867962,0.3188755107956806,86.98785416388137,89.56237078427621
31271,Constitution Ave & 2nd St NW/DOL,outgoing_trips,GAM,val,1.4484724062750196,2.3435656167916887,0.4269840150543668,77.02400786640139,75.56835844558061
31271,Constitution Ave & 2nd St NW/DOL,outgoing_trips,HistGradientBoosting,test,1.125256285488228,2.128297977746967,0.4576464010880818,70.9287181038743,64.44856996397952
31271,Constitution Ave & 2nd St NW/DOL,outgoing_trips,HistGradientBoosting,val,1.2347182603357951,2.3699549847167654,0.4140066387017062,71.61474895540809,64.41657547091945
31271,Constitution Ave & 2nd St NW/DOL,outgoing_trips,LightGBM,test,1.0910848737256644,2.0730530799174045,0.4854370577176781,66.66544679151286,62.491417046773655
31271,Constitution Ave & 2nd St NW/DOL,outgoing_trips,LightGBM,val,1.1645447733496057,2.248839402487574,0.4723701150923937,66.19613161555671,60.75554941686716
31271,Constitution Ave & 2nd St NW/DOL,outgoing_trips,Linear Regression,test,1.1743378936545676,2.065901145096362,0.4889813688009741,68.22605933084867,67.25969796979244
31271,Constitution Ave & 2nd St NW/DOL,outgoing_trips,Linear Regression,val,1.2756525160501089,2.2450875251386657,0.4741292013704907,70.40914799544267,66.55215948006004
31271,Constitution Ave & 2nd St NW/DOL,outgoing_trips,Naive (same hour last week),test,1.5724397762301632,2.944379161960837,-0.0380185927051801,95.18062021721578,90.0608121362715
31271,Constitution Ave & 2nd St NW/DOL,outgoing_trips,Naive (same hour last week),val,1.6939542297620402,3.18602350255806,-0.0590353386610424,99.60728544876535,88.37540837540837
31271,Constitution Ave & 2nd St NW/DOL,outgoing_trips,Poisson,test,1.2817372940758611,2.1169787249996377,0.4634000243470805,60.36315398483464,73.41095245413241
31271,Constitution Ave & 2nd St NW/DOL,outgoing_trips,Poisson,val,1.3660824025585605,2.282586370823797,0.4564156541064597,62.37885937595779,71.26998361551432
31271,Constitution Ave & 2nd St NW/DOL,outgoing_trips,Polynomial Regression,test,1.2553768894113917,2.1398069708077645,0.4517648742976082,70.95091991002609,71.90117161024244
31271,Constitution Ave & 2nd St NW/DOL,outgoing_trips,Polynomial Regression,val,1.3229511687785818,2.42763442518744,0.3851359849762061,70.97998336979376,69.01978090515168
31271,Constitution Ave & 2nd St NW/DOL,outgoing_trips,Random Forest,test,1.2326413668621754,2.1016059176139192,0.4711649555924898,69.9985978973993,70.599004331039
31271,Constitution Ave & 2nd St NW/DOL,outgoing_trips,Random Forest,val,1.2747893821148728,2.214177005595153,0.4885099681371757,69.28405091681229,66.50712885723152
31271,Constitution Ave & 2nd St NW/DOL,outgoing_trips,Soft Two-Stage,test,1.1243874840122254,2.048168264799426,0.4977164824261748,61.94359730175382,64.39880973296987
31271,Constitution Ave & 2nd St NW/DOL,outgoing_trips,Soft Two-Stage,val,1.197683759068202,2.221526201459231,0.4851089041432942,61.9907900918069,62.48444583246818
31271,Constitution Ave & 2nd St NW/DOL,outgoing_trips,XGBoost,test,1.1059483375915191,2.0818050854156858,0.4810831276791386,64.81744946866452,63.34271554936321
31271,Constitution Ave & 2nd St NW/DOL,outgoing_trips,XGBoost,val,1.1761591475536066,2.258307348769612,0.4679179630635992,64.74565584052183,61.36148377168593
31278,18th & R St NW,incoming_trips,GAM,test,1.5273970302255857,2.078673368763232,0.5197843340658244,63.99190619885955,61.03873796763347
31278,18th & R St NW,incoming_trips,GAM,val,1.3986398233273778,1.952931919239944,0.5489806745969734,61.22179799409256,57.096228530254976
31278,18th & R St NW,incoming_trips,HistGradientBoosting,test,1.2733907396772517,2.026465622959007,0.5436035042631221,50.66888705478909,50.88798927289463
31278,18th & R St NW,incoming_trips,HistGradientBoosting,val,1.2256386858933337,1.943151653742925,0.5534867644990156,50.53279950964341,50.03385813711899
31278,18th & R St NW,incoming_trips,LightGBM,test,1.2774628168157247,2.022997705346813,0.5451642424677199,50.70730379005066,51.05072001318064
31278,18th & R St NW,incoming_trips,LightGBM,val,1.228044813043832,1.9399455228021307,0.5549590107533565,50.45873010987829,50.13208270027412
31278,18th & R St NW,incoming_trips,Linear Regression,test,1.3350629444176472,1.989376524970726,0.5601568857769514,53.04138475124002,53.35257017133941
31278,18th & R St NW,incoming_trips,Linear Regression,val,1.2766265688665577,1.8859245776377025,0.5793996939935658,53.95912136906343,52.11532026193342
31278,18th & R St NW,incoming_trips,Naive (same hour last week),test,1.7278228108231533,2.6662765631622705,0.2099142842571385,80.89898568187441,69.04827082763025
31278,18th & R St NW,incoming_trips,Naive (same hour last week),val,1.6684504155755435,2.5749385527831787,0.2159302784404487,81.78105118028871,68.11062049732745
31278,18th & R St NW,incoming_trips,Poisson,test,1.4704565102024931,2.1683341808946497,0.4774639577313231,55.37947244749573,58.76324743527529
31278,18th & R St NW,incoming_trips,Poisson,val,1.4251742241618195,2.1137340406517726,0.4716501033985951,55.66114369418177,58.17943393359639
31278,18th & R St NW,incoming_trips,Polynomial Regression,test,1.3948892192286,2.442887926152375,0.3367597019826998,57.686234413022255,55.74338293285568
31278,18th & R St NW,incoming_trips,Polynomial Regression,val,1.2654375393322472,1.922547723739019,0.5629056406598266,56.16692085958918,51.65855406904544
31278,18th & R St NW,incoming_trips,Random Forest,test,1.291371107697801,1.9328654967633785,0.584790686125644,53.29932681118287,51.606531309084026
31278,18th & R St NW,incoming_trips,Random Forest,val,1.2389952960532529,1.8497656090949888,0.5953734787705844,52.70957129374483,50.57911078427013
31278,18th & R St NW,incoming_trips,Soft Two-Stage,test,1.3118947825608478,2.045773302579151,0.5348652001639411,49.52905748110119,52.42671046833864
31278,18th & R St NW,incoming_trips,Soft Two-Stage,val,1.258607694755739,1.959746237136971,0.545827721868251,49.37975216763223,51.37974149681457
31278,18th & R St NW,incoming_trips,XGBoost,test,1.3110797757218529,2.026778988883518,0.5434623420680075,49.718016408709886,52.39414068595541
31278,18th & R St NW,incoming_trips,XGBoost,val,1.2540295418536975,1.94506121232512,0.5526087453998436,49.36824755515868,51.19284901743447
31278,18th & R St NW,outgoing_trips,GAM,test,1.4578731703931478,2.043298440396103,0.4641639197961765,60.39057647936731,59.72084510089599
31278,18th & R St NW,outgoing_trips,GAM,val,1.3509158274272983,1.9729190511011288,0.5118850895909721,57.19721665419737,55.348666848411455
31278,18th & R St NW,outgoing_trips,HistGradientBoosting,test,1.3373428069343902,2.0914928573702154,0.4385887414696745,52.78501340122696,54.78339559413676
31278,18th & R St NW,outgoing_trips,HistGradientBoosting,val,1.2720399067511414,2.0034720641540127,0.4966499414480931,51.06287736270508,52.11702430841664
31278,18th & R St NW,outgoing_trips,LightGBM,test,1.3388780100377953,2.086343510071537,0.4413497767503636,52.59804860951679,54.84628421064938
31278,18th & R St NW,outgoing_trips,LightGBM,val,1.2669827227923025,1.991760403975075,0.5025175895230187,50.88062482642264,51.909825322035694
31278,18th & R St NW,outgoing_trips,Linear Regression,test,1.3556569813639705,1.9865247098869647,0.4935270104259833,55.90277539081273,55.533624075236254
31278,18th & R St NW,outgoing_trips,Linear Regression,val,1.307861212609159,1.916554846379759,0.5393765484131148,55.41642665160095,53.58466683932569
31278,18th & R St NW,outgoing_trips,Naive (same hour last week),test,1.7898161890626785,2.706206369994657,0.0600815596970245,82.96091702917637,73.31867926293144
31278,18th & R St NW,outgoing_trips,Naive (same hour last week),val,1.713195946715245,2.6198473498712813,0.1392926425071342,81.60442187898359,70.19172458832858
31278,18th & R St NW,outgoing_trips,Poisson,test,1.49343822843468,2.1622259709020324,0.3999733980937121,57.50956696092801,61.17774503254777
31278,18th & R St NW,outgoing_trips,Poisson,val,1.4587445322037804,2.140647427231331,0.425362680390545,57.58179869431981,59.76654021712834
31278,18th & R St NW,outgoing_trips,Polynomial Regression,test,1.468703209656966,3.058679356870666,-0.2007048095355383,58.96497318180742,60.16449075570745
31278,18th & R St NW,outgoing_trips,Polynomial Regression,val,1.3506193044816848,2.884963506166772,-0.0437204405074238,58.53616350873536,55.33651794216839
31278,18th & R St NW,outgoing_trips,Random Forest,test,1.4065738923894937,2.021069167429272,0.4757593425348991,56.83400729482535,57.61940287830687
31278,18th & R St NW,outgoing_trips,Random Forest,val,1.3067775655611111,1.901023145417308,0.5468120535813947,53.866391787023794,53.54026849989849
31278,18th & R St NW,outgoing_trips,Soft Two-Stage,test,1.3578472603336944,2.0729466267840806,0.4485011811320492,50.57778204173231,55.62334745703316
31278,18th & R St NW,outgoing_trips,Soft Two-Stage,val,1.2965453398209372,1.9860154838918969,0.5053832705195636,49.421468168875904,53.12104174859957
31278,18th & R St NW,outgoing_trips,XGBoost,test,1.3493737665839354,2.060287541943305,0.4552164076622081,49.967500425551854,55.276236187020345
31278,18th & R St NW,outgoing_trips,XGBoost,val,1.2866841772800277,1.9900515232539089,0.5033708783021814,48.81478458425102,52.71701790852489
31281,8th & O St NW,incoming_trips,GAM,test,1.6802698567436103,2.4155222096314213,0.6471938051441097,59.34712621997491,49.154950319686336
31281,8th & O St NW,incoming_trips,GAM,val,1.5508302298287413,2.2691567999788145,0.6735216306592677,55.44122381171833,45.78775685285006
31281,8th & O St NW,incoming_trips,HistGradientBoosting,test,1.4876043658007392,2.3324382220635704,0.6710465605790417,49.515092457457335,43.518675528702026
31281,8th & O St NW,incoming_trips,HistGradientBoosting,val,1.442184058404881,2.2414815641821737,0.6814367002566051,49.41685659060243,42.58001406807204
31281,8th & O St NW,incoming_trips,LightGBM,test,1.4846366405132212,2.320123875727649,0.6745108779732809,49.319326379783554,43.43185709981399
31281,8th & O St NW,incoming_trips,LightGBM,val,1.4368717476002226,2.2321816787499102,0.6840746485973771,49.05963168131473,42.42316982376212
31281,8th & O St NW,incoming_trips,Linear Regression,test,1.5492421058448254,2.3620686190897007,0.6626356778202098,53.63104865831518,45.321838298970725
31281,8th & O St NW,incoming_trips,Linear Regression,val,1.5068710640659648,2.2631164557906067,0.6752574445959845,53.59981600777844,44.489876817572174
31281,8th & O St NW,incoming_trips,Naive (same hour last week),test,2.056855805457244,3.2139168208281608,0.3754267245174422,77.93816120710548,60.17167095287399
31281,8th & O St NW,incoming_trips,Naive (same hour last week),val,1.992371627006717,3.100337326884918,0.3905426809254576,75.59863494183593,58.82412263009278
31281,8th & O St NW,incoming_trips,Poisson,test,1.7020578033680909,2.538054104130743,0.6104924467585502,51.16788459276391,49.79233926622727
31281,8th & O St NW,incoming_trips,Poisson,val,1.6388201162306857,2.414712202700616,0.630294294906428,50.36263084247305,48.385629557799206
31281,8th & O St NW,incoming_trips,Polynomial Regression,test,1.6421460416691682,2.700059800860206,0.5591803978421763,55.34880412013423,48.03966861153684
31281,8th & O St NW,incoming_trips,Polynomial Regression,val,1.5572566776058592,2.3126056335233143,0.6608994007203789,55.493894790002265,45.9774956279826
31281,8th & O St NW,incoming_trips,Random Forest,test,1.5222402274987017,2.285074923931687,0.6842706022642233,52.09095257001538,44.5319199514416
31281,8th & O St NW,incoming_trips,Random Forest,val,1.4724527993638945,2.1944885089243784,0.6946541506151598,51.74079809714127,43.47368877508769
31281,8th & O St NW,incoming_trips,Soft Two-Stage,test,1.50360226749229,2.325929966775345,0.6728797718705246,49.03598346295456,43.98668134319151
31281,8th & O St NW,incoming_trips,Soft Two-Stage,val,1.4543789859798382,2.2261433434177507,0.68578157325681,49.18479908913983,42.94006532829406
31281,8th & O St NW,incoming_trips,XGBoost,test,1.5240055478677477,2.3341249221805604,0.67057062392394,47.55674137993286,44.58356298645203
31281,8th & O St NW,incoming_trips,XGBoost,val,1.4614930931243757,2.231051289333293,0.6843945403459818,47.725124544591104,43.15010702202297
31281,8th & O St NW,outgoing_trips,GAM,test,1.7013946297159104,2.3924768026991643,0.5624440334754798,58.98659072613258,50.00844148215322
31281,8th & O St NW,outgoing_trips,GAM,val,1.598075010127754,2.276934167120615,0.5944946671324525,57.95160609917388,46.92395297523423
31281,8th & O St NW,outgoing_trips,HistGradientBoosting,test,1.5684038751103837,2.3729017609369696,0.5695748332694273,52.56149731486125,46.09949510769077
31281,8th & O St NW,outgoing_trips,HistGradientBoosting,val,1.5108098852917209,2.2764887056449723,0.5946533184773832,53.16673190216208,44.36160478241904
31281,8th & O St NW,outgoing_trips,LightGBM,test,1.5698976135542075,2.3764850203930403,0.5682739032541853,52.75587001682971,46.14339999033994
31281,8th & O St NW,outgoing_trips,LightGBM,val,1.5103282482666849,2.277208846325205,0.5943968245137898,52.98206746742122,44.34746257196541
31281,8th & O St NW,outgoing_trips,Linear Regression,test,1.6260645648635417,2.367036973501077,0.5716998538647357,55.415658847624,47.79429370348912
31281,8th & O St NW,outgoing_trips,Linear Regression,val,1.5754246743214972,2.2816608218412444,0.5928093543715194,56.67282551651437,46.25887575075458
31281,8th & O St NW,outgoing_trips,Naive (same hour last week),test,2.165087338737299,3.220446437954348,0.207187844920109,80.76282516140138,63.63758389261744
31281,8th & O St NW,outgoing_trips,Naive (same hour last week),val,2.1085050666059435,3.1476077927944925,0.2250800430737987,80.72865068236032,61.91160738165284
31281,8th & O St NW,outgoing_trips,Poisson,test,1.760637578385082,2.506561292608388,0.519719673986335,54.046391520472426,51.74974680897629
31281,8th & O St NW,outgoing_trips,Poisson,val,1.705318751394305,2.417840039266101,0.5427531183692889,54.72627770020205,50.07292923741703
31281,8th & O St NW,outgoing_trips,Polynomial Regression,test,1.7560705497633702,3.178351921722696,0.2277781170604904,59.24157246138885,51.61550988381664
31281,8th & O St NW,outgoing_trips,Polynomial Regression,val,1.6439878995239658,2.7655371601534915,0.4017886913248173,58.152548729564735,48.27208385102632
31281,8th & O St NW,outgoing_trips,Random Forest,test,1.6258941340652118,2.352573438464121,0.5769180300886982,56.654753305958494,47.78928429623218
31281,8th & O St NW,outgoing_trips,Random Forest,val,1.554214087170677,2.238342350243337,0.6081240188527444,56.70082034933305,45.63607357455221
31281,8th & O St NW,outgoing_trips,Soft Two-Stage,test,1.594920477803633,2.383877773346482,0.5655837043917062,51.30797441761341,46.8788874667182
31281,8th & O St NW,outgoing_trips,Soft Two-Stage,val,1.5339316588963408,2.278058188658845,0.5940942082716556,51.78728419700776,45.04052473952448
31281,8th & O St NW,outgoing_trips,XGBoost,test,1.6038771481841685,2.3976826225056995,0.5605377949683283,50.487114031409,47.142147452836014
31281,8th & O St NW,outgoing_trips,XGBoost,val,1.536265101564254,2.2918029004316467,0.5891813497467584,51.32590254108052,45.10904114415232
31288,4th St & Madison Dr NW,incoming_trips,GAM,test,1.922097997861784,3.0800489590773346,0.5580927992615763,85.76245503972163,66.38665758387762
31288,4th St & Madison Dr NW,incoming_trips,GAM,val,2.023750116684302,3.253052959040684,0.6048509759734166,78.69819025757388,59.92986032852835
31288,4th St & Madison Dr NW,incoming_trips,HistGradientBoosting,test,1.5919954052712628,2.944554472016332,0.5961175108331593,72.93318961511459,54.98536180903388
31288,4th St & Madison Dr NW,incoming_trips,HistGradientBoosting,val,1.7442433539112177,3.212722398549132,0.6145881630908574,66.85442540415927,51.65275085944309
31288,4th St & Madison Dr NW,incoming_trips,LightGBM,test,1.5883111484176051,2.9391130315052005,0.5976088548839438,72.61034562575598,54.85811257488093
31288,4th St & Madison Dr NW,incoming_trips,LightGBM,val,1.7405177527721922,3.205669949793509,0.6162783893599246,66.54346668265576,51.54242362385166
31288,4th St & Madison Dr NW,incoming_trips,Linear Regression,test,1.7166515173356929,3.018606747897295,0.575547676213429,80.2928628418178,59.29081482785226
31288,4th St & Madison Dr NW,incoming_trips,Linear Regression,val,1.919820605081757,3.300086920219988,0.5933419216199403,76.81942182689919,56.85216755262508
31288,4th St & Madison Dr NW,incoming_trips,Naive (same hour last week),test,2.316017810252312,4.28134865911508,0.1461589468075665,107.5252029711368,79.99211356466877
31288,4th St & Madison Dr NW,incoming_trips,Naive (same hour last week),val,2.558465216896277,4.623438250831391,0.2018054283815312,103.60929944047923,75.76452341616373
31288,4th St & Madison Dr NW,incoming_trips,Poisson,test,1.9373471644496647,3.136109959368386,0.5418597992147414,72.97051096050878,66.91334311283364
31288,4th St & Madison Dr NW,incoming_trips,Poisson,val,2.109428355163052,3.4670404923243674,0.5511549145649106,68.30524249906219,62.46707321014561
31288,4th St & Madison Dr NW,incoming_trips,Polynomial Regression,test,2.017527144991585,3.383664263374997,0.4666769333358207,84.27093874022489,69.68265087926378
31288,4th St & Madison Dr NW,incoming_trips,Polynomial Regression,val,2.023142033701752,3.584148275841126,0.5203211360052286,77.73425624294632,59.9118530024697
31288,4th St & Madison Dr NW,incoming_trips,Random Forest,test,1.7645911663676783,3.028813117679866,0.5726725477128897,81.14157069963736,60.94658527687105
31288,4th St & Madison Dr NW,incoming_trips,Random Forest,val,1.880766316651492,3.2343609113257483,0.6093789834207644,72.46887082417327,55.69564233167016
31288,4th St & Madison Dr NW,incoming_trips,Soft Two-Stage,test,1.61912590393983,2.9355457153533924,0.5985850577595753,70.64393372712476,55.92241243142338
31288,4th St & Madison Dr NW,incoming_trips,Soft Two-Stage,val,1.7701761400041087,3.1979863391784327,0.6181156552315576,64.67381910818027,52.420705477784445
31288,4th St & Madison Dr NW,incoming_trips,XGBoost,test,1.6065666082966163,2.936022306279579,0.598454706358185,70.12323835638878,55.48863139617532
31288,4th St & Madison Dr NW,incoming_trips,XGBoost,val,1.7527138259768669,3.1915475687897,0.6196518658539569,64.04797861713106,51.903589242910485
31288,4th St & Madison Dr NW,outgoing_trips,GAM,test,1.9280262923770848,3.1563771772007696,0.6136769274037805,85.52604150034966,66.74933713411419
31288,4th St & Madison Dr NW,outgoing_trips,GAM,val,1.9687769149752423,3.2905235370515795,0.6518174405425622,79.38936204886484,58.38657362313464
31288,4th St & Madison Dr NW,outgoing_trips,HistGradientBoosting,test,1.553231483541428,3.003215193558192,0.6502596321865242,70.06964076447349,53.77373345588683
31288,4th St & Madison Dr NW,outgoing_trips,HistGradientBoosting,val,1.68458549582495,3.232917318426748,0.6639017853213001,65.3394821098472,49.95851705102153
31288,4th St & Madison Dr NW,outgoing_trips,LightGBM,test,1.553541533465289,3.002365498111961,0.6504575072899739,70.0391910072025,53.784467555820015
31288,4th St & Madison Dr NW,outgoing_trips,LightGBM,val,1.6846389169803475,3.2301722415334844,0.6644723064047615,65.47497068741775,49.96010132306319
31288,4th St & Madison Dr NW,outgoing_trips,Linear Regression,test,1.682769959553797,3.0894295359059813,0.6298911704346042,78.8824358220651,58.25842717680517
31288,4th St & Madison Dr NW,outgoing_trips,Linear Regression,val,1.8511455086622564,3.333538828937583,0.6426547230382449,77.97139160651322,54.898065243721625
31288,4th St & Madison Dr NW,outgoing_trips,Naive (same hour last week),test,2.268866308939377,4.430856835155118,0.2387132111314354,101.25194334399386,78.5494071146245
31288,4th St & Madison Dr NW,outgoing_trips,Naive (same hour last week),val,2.5560742343162928,4.8584190283317445,0.2409560059595779,104.96837809740364,75.80361966504591
31288,4th St & Madison Dr NW,outgoing_trips,Poisson,test,1.8493971690287816,3.169307826977686,0.6105051641116394,66.75228847112234,64.0271533736091
31288,4th St & Madison Dr NW,outgoing_trips,Poisson,val,1.996627436834708,3.4900973018362484,0.608301345147384,62.52903642711994,59.21251613222326
31288,4th St & Madison Dr NW,outgoing_trips,Polynomial Regression,test,2.0367150231084183,3.50665876159571,0.5231740642486318,82.75836971026672,70.51220113599462
31288,4th St & Madison Dr NW,outgoing_trips,Polynomial Regression,val,1.991024747964449,3.7077773724908094,0.5579164962422474,76.97927058675383,59.04636129582576
31288,4th St & Madison Dr NW,outgoing_trips,Random Forest,test,1.78283835655427,3.1391668606128165,0.6178783366139987,82.84370294845861,61.72285045477807
31288,4th St & Madison Dr NW,outgoing_trips,Random Forest,val,1.8200463315048188,3.239113916562058,0.662612138040729,72.09560746244983,53.97577974610625
31288,4th St & Madison Dr NW,outgoing_trips,Soft Two-Stage,test,1.5681085702178346,2.958156010940836,0.6606756648307865,67.01813463235983,54.288786429004
31288,4th St & Madison Dr NW,outgoing_trips,Soft Two-Stage,val,1.703830142109947,3.203507658642156,0.6699889033414725,62.48552175100913,50.52924141731384
31288,4th St & Madison Dr NW,outgoing_trips,XGBoost,test,1.5657229301319546,2.986019815102461,0.6542531529868301,67.4573519706757,54.20619424911379
31288,4th St & Madison Dr NW,outgoing_trips,XGBoost,val,1.6842670392709176,3.2036865128989,0.6699520527742979,62.39752487783636,49.94907281846457
31289,Henry Bacon Dr & Lincoln Memorial Circle NW,incoming_trips,GAM,test,1.7135486705973315,2.696661781364297,0.4088037251328057,84.32694043466171,82.10597814968285
31289,Henry Bacon Dr & Lincoln Memorial Circle NW,incoming_trips,GAM,val,1.839459090404548,2.862815100044648,0.5128802150222049,79.22791013357505,66.72435960444037
31289,Henry Bacon Dr & Lincoln Memorial Circle NW,incoming_trips,HistGradientBoosting,test,1.4378002893742772,2.48007576478986,0.4999555336754494,76.86605514868607,68.89328629447098
31289,Henry Bacon Dr & Lincoln Memorial Circle NW,incoming_trips,HistGradientBoosting,val,1.6819474361988398,2.8207633620201653,0.5270856645308777,72.88159299303898,61.01079722518651
31289,Henry Bacon Dr & Lincoln Memorial Circle NW,incoming_trips,LightGBM,test,1.4335538922613142,2.47138008102568,0.5034559151496151,76.89322223466483,68.68981697109875
31289,Henry Bacon Dr & Lincoln Memorial Circle NW,incoming_trips,LightGBM,val,1.680588515938935,2.81359123179452,0.5294874903708691,73.14043373499662,60.96150388424264
31289,Henry Bacon Dr & Lincoln Memorial Circle NW,incoming_trips,Linear Regression,test,1.5782093399477553,2.613805649632082,0.444575141144938,79.58339798637286,75.62109195077893
31289,Henry Bacon Dr & Lincoln Memorial Circle NW,incoming_trips,Linear Regression,val,1.824078793990613,2.9100200228243924,0.4966835494045327,80.16983811462035,66.16645623268307
31289,Henry Bacon Dr & Lincoln Memorial Circle NW,incoming_trips,Naive (same hour last week),test,2.120105034821327,3.694338012222998,-0.1095630501774567,104.48751916443712,101.58643326039387
31289,Henry Bacon Dr & Lincoln Memorial Circle NW,incoming_trips,Naive (same hour last week),val,2.4176249573038824,4.088957312110493,0.0062564471179267,104.75632999905926,87.69669185974477
31289,Henry Bacon Dr & Lincoln Memorial Circle NW,incoming_trips,Poisson,test,1.8642065607643057,2.778444352973025,0.3724011561446794,73.66379354475467,89.32486469220215
31289,Henry Bacon Dr & Lincoln Memorial Circle NW,incoming_trips,Poisson,val,2.003554347694977,3.055009911314051,0.4452792417585951,72.2779860665967,72.67673495975296
31289,Henry Bacon Dr & Lincoln Memorial Circle NW,incoming_trips,Polynomial Regression,test,1.814462049602036,2.805258017644999,0.3602292901201025,78.5066428436784,86.94131888656581
31289,Henry Bacon Dr & Lincoln Memorial Circle NW,incoming_trips,Polynomial Regression,val,1.860550381737404,2.9302834640402216,0.4896496235320037,72.81581972154603,67.48942304877387
31289,Henry Bacon Dr & Lincoln Memorial Circle NW,incoming_trips,Random Forest,test,1.77900120867528,2.775687564192081,0.3736459527976253,81.40848171794876,85.24218592334122
31289,Henry Bacon Dr & Lincoln Memorial Circle NW,incoming_trips,Random Forest,val,1.8315341294220984,2.842199359350788,0.5198706606696251,75.79485695024583,66.43689034285008
31289,Henry Bacon Dr & Lincoln Memorial Circle NW,incoming_trips,Soft Two-Stage,test,1.451859726916969,2.4344198328479947,0.5181967960954156,71.53200865629444,69.56695485812764
31289,Henry Bacon Dr & Lincoln Memorial Circle NW,incoming_trips,Soft Two-Stage,val,1.698648585107171,2.778333381015722,0.5412058362921849,66.97040880300817,61.61661307147518
31289,Henry Bacon Dr & Lincoln Memorial Circle NW,incoming_trips,XGBoost,test,1.552716498583195,2.498558400710134,0.4924746508489034,70.89779498115095,74.3995832116532
31289,Henry Bacon Dr & Lincoln Memorial Circle NW,incoming_trips,XGBoost,val,1.6951511816206235,2.793812784908086,0.5360792779632466,67.20541354737108,61.48974859857902
31289,Henry Bacon Dr & Lincoln Memorial Circle NW,outgoing_trips,GAM,test,1.8105633282707536,2.86502242961314,0.3847284923894775,89.96003199569157,88.22165216023326
31289,Henry Bacon Dr & Lincoln Memorial Circle NW,outgoing_trips,GAM,val,1.8357481985411508,2.926047173857343,0.5345158673845907,81.53425883914036,67.10244892536593
31289,Henry Bacon Dr & Lincoln Memorial Circle NW,outgoing_trips,HistGradientBoosting,test,1.380554443954773,2.497207141108696,0.5325664423629799,77.35499246614259,67.26900519915363
31289,Henry Bacon Dr & Lincoln Memorial Circle NW,outgoing_trips,HistGradientBoosting,val,1.64094196885737,2.8827155298188107,0.5482004336326722,72.86483639514148,59.98166019841136
31289,Henry Bacon Dr & Lincoln Memorial Circle NW,outgoing_trips,LightGBM,test,1.3730289554741744,2.496549975493357,0.5328124298403758,77.29792369802082,66.90231765130336
31289,Henry Bacon Dr & Lincoln Memorial Circle NW,outgoing_trips,LightGBM,val,1.6417431616449722,2.879064097549741,0.5493442653295728,73.43203617021912,60.01094634895867
31289,Henry Bacon Dr & Lincoln Memorial Circle NW,outgoing_trips,Linear Regression,test,1.554003955067901,2.659391573522928,0.4698786100429154,81.27134530550293,75.72051981775559
31289,Henry Bacon Dr & Lincoln Memorial Circle NW,outgoing_trips,Linear Regression,val,1.7920933407240522,2.9603519161257865,0.5235372892165965,81.86554916764658,65.50672470276075
31289,Henry Bacon Dr & Lincoln Memorial Circle NW,outgoing_trips,Naive (same hour last week),test,2.076378582029912,3.776508468399924,-0.0690343919205196,106.67545155543613,101.1737872719181
31289,Henry Bacon Dr & Lincoln Memorial Circle NW,outgoing_trips,Naive (same hour last week),val,2.361493794830924,4.151231420247705,0.0630937762660482,105.0184540617288,86.32012651906109
31289,Henry Bacon Dr & Lincoln Memorial Circle NW,outgoing_trips,Poisson,test,1.8405781915017587,2.8323179004532317,0.3986950962468607,73.70009472901837,89.68415876370663
31289,Henry Bacon Dr & Lincoln Memorial Circle NW,outgoing_trips,Poisson,val,2.004251486122889,3.1557702200972426,0.4585567032227036,74.26934013003307,73.26178126609513
31289,Henry Bacon Dr & Lincoln Memorial Circle NW,outgoing_trips,Polynomial Regression,test,1.762673861985426,2.856350519946098,0.3884474887636878,79.56385727539185,85.88818623236729
31289,Henry Bacon Dr & Lincoln Memorial Circle NW,outgoing_trips,Polynomial Regression,val,1.8317507032909883,2.9744627401621657,0.5189842460166914,75.55183789730135,66.95632773016793
31289,Henry Bacon Dr & Lincoln Memorial Circle NW,outgoing_trips,Random Forest,test,1.7404381948025762,2.818103447005756,0.4047154463949469,83.29746351887965,84.80472935177885
31289,Henry Bacon Dr & Lincoln Memorial Circle NW,outgoing_trips,Random Forest,val,1.809348825700884,2.9212889926552665,0.5360285272130729,78.21479680402598,66.13746768824231
31289,Henry Bacon Dr & Lincoln Memorial Circle NW,outgoing_trips,Soft Two-Stage,test,1.4245789540514058,2.4751222204068903,0.5407977054664092,72.5877859797906,69.41414696560004
31289,Henry Bacon Dr & Lincoln Memorial Circle NW,outgoing_trips,Soft Two-Stage,val,1.6685399105675915,2.8412298625414434,0.5611107176338801,69.39622083417478,60.990452948706334
31289,Henry Bacon Dr & Lincoln Memorial Circle NW,outgoing_trips,XGBoost,test,1.4937752809240792,2.504765291243507,0.5297326530398574,71.44987358615622,72.78581267030489
31289,Henry Bacon Dr & Lincoln Memorial Circle NW,outgoing_trips,XGBoost,val,1.6728853965983412,2.861933578925845,0.5546911413821857,69.10519589199228,61.1492943163111
31290,17th St & Independence Ave SW,incoming_trips,GAM,test,1.691614546093012,2.812905967566565,0.2824728609043258,98.89076734892645,110.41695960376104
31290,17th St & Independence Ave SW,incoming_trips,GAM,val,1.5966279774948815,2.694401495525971,0.462155366941561,82.6821267687465,82.87933526204225
31290,17th St & Independence Ave SW,incoming_trips,HistGradientBoosting,test,1.5320242036762188,3.657112518324568,-0.2128428944977549,100.0,100.0
31290,17th St & Independence Ave SW,incoming_trips,HistGradientBoosting,val,1.926448821587157,4.148391742301098,-0.2749458503813782,100.0,100.0
31290,17th St & Independence Ave SW,incoming_trips,LightGBM,test,1.1150480038125472,2.3925030424379297,0.4809216676462047,78.34765060203841,72.78266238463449
31290,17th St & Independence Ave SW,incoming_trips,LightGBM,val,1.2767608990230783,2.57182146975645,0.5099799473641664,73.26752107764423,66.27536037895801
31290,17th St & Independence Ave SW,incoming_trips,Linear Regression,test,1.2701491528489526,2.469007134349632,0.4471941974644651,81.44504370572922,82.9065983292643
31290,17th St & Independence Ave SW,incoming_trips,Linear Regression,val,1.452680405683448,2.632443370275447,0.4866065870300712,79.58260090845545,75.40716313899364
31290,17th St & Independence Ave SW,incoming_trips,Naive (same hour last week),test,1.6934581573238954,3.6044745188008407,-0.1781804788082497,110.87266773570306,110.53729786124153
31290,17th St & Independence Ave SW,incoming_trips,Naive (same hour last week),val,1.8640555618809065,3.63425202370886,0.0214966891547265,108.1379712427815,96.7612293144208
31290,17th St & Independence Ave SW,incoming_trips,Poisson,test,1.5118184757144906,2.6136634881794163,0.3805200633894088,75.4430761786658,98.6811090899711
31290,17th St & Independence Ave SW,incoming_trips,Poisson,val,1.6198635078006856,2.7787207114184023,0.4279657746211085,70.71338549926166,84.08546802017388
31290,17th St & Independence Ave SW,incoming_trips,Polynomial Regression,test,1.382414028228501,2.5193950015304623,0.4244004708188937,82.23576383506874,90.2344770344544
31290,17th St & Independence Ave SW,incoming_trips,Polynomial Regression,val,1.476690751945642,2.606887241961804,0.4965263908127636,75.39158943073903,76.65351580578353
31290,17th St & Independence Ave SW,incoming_trips,Random Forest,test,1.3569972434228277,2.4272173054148443,0.4657491485589226,80.58268373845516,88.5754441846676
31290,17th St & Independence Ave SW,incoming_trips,Random Forest,val,1.4301573574370037,2.5503817534304947,0.5181158933651351,73.52662554169655,74.2380146002908
31290,17th St & Independence Ave SW,incoming_trips,Soft Two-Stage,test,1.1744925686218566,2.3338278575661184,0.5060698438189888,71.52728001365408,76.66279460882959
31290,17th St & Independence Ave SW,incoming_trips,Soft Two-Stage,val,1.3266642107233004,2.521556195627832,0.5289472752795478,65.23982483534479,68.86579056018172
31290,17th St & Independence Ave SW,incoming_trips,XGBoost,test,1.1638922919104202,2.357639518039055,0.495939451018124,75.38213465432571,75.97088147286215
31290,17th St & Independence Ave SW,incoming_trips,XGBoost,val,1.2778827838036433,2.5512372097614557,0.5177925692627152,70.12307006187898,66.3335962774669
31290,17th St & Independence Ave SW,outgoing_trips,GAM,test,1.5939136315777898,2.7767820713386144,0.3369150341114985,94.6402922031792,102.68527139592425
31290,17th St & Independence Ave SW,outgoing_trips,GAM,val,1.5707597539044102,2.7248467781820165,0.4814884321932291,82.67200902848234,80.79638605295716
31290,17th St & Independence Ave SW,outgoing_trips,HistGradientBoosting,test,1.552231989953191,3.7466886091236256,-0.2072043397802045,100.0,100.0
31290,17th St & Independence Ave SW,outgoing_trips,HistGradientBoosting,val,1.944096550153706,4.254285032327525,-0.2639428709769549,100.0,100.0
31290,17th St & Independence Ave SW,outgoing_trips,LightGBM,test,1.1207736408800733,2.437843269476063,0.4889102745778456,77.05479092176489,72.20400353389645
31290,17th St & Independence Ave SW,outgoing_trips,LightGBM,val,1.296245140253396,2.651159856348106,0.5091530381063786,71.86303928971054,66.6759652523899
31290,17th St & Independence Ave SW,outgoing_trips,Linear Regression,test,1.2675880934824733,2.528337912342264,0.4502619191500852,80.53459924940964,81.66228383946002
31290,17th St & Independence Ave SW,outgoing_trips,Linear Regression,val,1.4653396335084106,2.6989832352061978,0.4912848740342943,80.58077509178027,75.37380966971813
31290,17th St & Independence Ave SW,outgoing_trips,Naive (same hour last week),test,1.682954675191232,3.6875484365439215,-0.1693945223455646,108.54569847495613,108.42159458664314
31290,17th St & Independence Ave SW,outgoing_trips,Naive (same hour last week),val,1.843675281794376,3.666425145320309,0.0612284434262304,106.16880603896554,94.8345534407028
31290,17th St & Independence Ave SW,outgoing_trips,Poisson,test,1.5093107305651698,2.670712985854177,0.3866052927635487,75.30209716172327,97.2348682628738
31290,17th St & Independence Ave SW,outgoing_trips,Poisson,val,1.633396257265628,2.8743440635023902,0.4230319261714691,71.55923571066324,84.01826838983315
31290,17th St & Independence Ave SW,outgoing_trips,Polynomial Regression,test,1.3777646784722837,2.5806086247879816,0.4272964476836758,81.29834497931755,88.76022961708394
31290,17th St & Independence Ave SW,outgoing_trips,Polynomial Regression,val,1.4607380050040235,2.623196781487496,0.5194528358066812,76.3418847800448,75.13711214026553
31290,17th St & Independence Ave SW,outgoing_trips,Random Forest,test,1.3867574242568133,2.511934317121458,0.457372066904109,81.0875846661125,89.33957251445592
31290,17th St & Independence Ave SW,outgoing_trips,Random Forest,val,1.445133713905015,2.617898119600933,0.5213922140012435,74.81898632139008,74.33446213310542
31290,17th St & Independence Ave SW,outgoing_trips,Soft Two-Stage,test,1.179244659101402,2.4139390278470443,0.4988841023310998,70.50750941898215,75.97090297932614
31290,17th St & Independence Ave SW,outgoing_trips,Soft Two-Stage,val,1.3548605982026278,2.6383332390312675,0.5138910971608621,66.08620375332612,69.69101396201278
31290,17th St & Independence Ave SW,outgoing_trips,XGBoost,test,1.1787626170813783,2.425702370698854,0.4939882362911176,72.1241514254032,75.9398482128258
31290,17th St & Independence Ave SW,outgoing_trips,XGBoost,val,1.302880246720307,2.6265512499357784,0.5182230302590699,68.97584548496519,67.01726036277864
31321,15th St & Constitution Ave NW,incoming_trips,GAM,test,1.6359662198300382,2.513514530060292,0.232510735902618,92.08917258331329,94.94088729537737
31321,15th St & Constitution Ave NW,incoming_trips,GAM,val,1.578959820267999,2.458313809804792,0.3264073633877759,79.41103275046102,86.44271084843132
31321,15th St & Constitution Ave NW,incoming_trips,HistGradientBoosting,test,1.2287326821019433,2.247470542956422,0.3863827989115634,76.97328947031743,71.30768940920242
31321,15th St & Constitution Ave NW,incoming_trips,HistGradientBoosting,val,1.3180939574885115,2.3872747496477587,0.3647751222315015,75.09741502938519,72.16118698885244
31321,15th St & Constitution Ave NW,incoming_trips,LightGBM,test,1.2102004714658117,2.2080635589624094,0.407712387483914,73.7656931744133,70.23219989113525
31321,15th St & Constitution Ave NW,incoming_trips,LightGBM,val,1.267741757537402,2.288681737864529,0.4161604680881773,70.58781779624707,69.40457430936236
31321,15th St & Constitution Ave NW,incoming_trips,Linear Regression,test,1.3015386975793142,2.2292367288661303,0.3962990092097715,74.62946444404348,75.53287916316977
31321,15th St & Constitution Ave NW,incoming_trips,Linear Regression,val,1.420769422518951,2.3492982614974105,0.3848245382110401,74.88854794130975,77.78232149837281
31321,15th St & Constitution Ave NW,incoming_trips,Naive (same hour last week),test,1.669711154241352,3.0493711205880807,-0.1296140222308874,100.33086516985092,96.89922480620154
31321,15th St & Constitution Ave NW,incoming_trips,Naive (same hour last week),val,1.844358419674371,3.2777771881263846,-0.1975166105372301,101.84274057818416,100.97238671071496
31321,15th St & Constitution Ave NW,incoming_trips,Poisson,test,1.5123571560005122,2.3144125342877864,0.349284646078207,68.7823064668184,87.76741754063795
31321,15th St & Constitution Ave NW,incoming_trips,Poisson,val,1.6090413788069255,2.443276071670914,0.3346230180899813,66.99239313159514,88.08957445653074
31321,15th St & Constitution Ave NW,incoming_trips,Polynomial Regression,test,1.4504973039780225,2.473262835052247,0.2568952250589613,76.65931730356198,84.1774722423872
31321,15th St & Constitution Ave NW,incoming_trips,Polynomial Regression,val,1.5061796855349805,2.59155447133929,0.2514111182622549,74.28334232271395,82.45824458052566
31321,15th St & Constitution Ave NW,incoming_trips,Random Forest,test,1.4194647358397092,2.2615872580545706,0.3786501380863563,79.1958446481099,82.37654290876574
31321,15th St & Constitution Ave NW,incoming_trips,Random Forest,val,1.4673636945297994,2.307305668719671,0.4066199299951056,73.57550544730961,80.3332003307064
31321,15th St & Constitution Ave NW,incoming_trips,Soft Two-Stage,test,1.2520307715605714,2.187338071853052,0.4187789520040281,67.0116436680229,72.65975967732753
31321,15th St & Constitution Ave NW,incoming_trips,Soft Two-Stage,val,1.3230845367921036,2.2673933331618072,0.4269712393499111,63.77487579053391,72.43440432989495
31321,15th St & Constitution Ave NW,incoming_trips,XGBoost,test,1.2178764662319408,2.211565538932502,0.405832166086102,70.30957239085919,70.67766492894435
31321,15th St & Constitution Ave NW,incoming_trips,XGBoost,val,1.2832165688437602,2.290504444920401,0.4152301577101248,67.25132860133853,70.25176789973663
31321,15th St & Constitution Ave NW,outgoing_trips,GAM,test,1.5317522592583597,2.444959826160216,0.350430893483707,89.46380874777722,90.85540759019416
31321,15th St & Constitution Ave NW,outgoing_trips,GAM,val,1.5021214604877853,2.4567457271254503,0.3886278734080926,81.19230389769048,86.42167422680609
31321,15th St & Constitution Ave NW,outgoing_trips,HistGradientBoosting,test,1.1248095894334522,2.2224663174122243,0.4632744345850822,78.01192020518688,66.71773003215011
31321,15th St & Constitution Ave NW,outgoing_trips,HistGradientBoosting,val,1.1995960146745503,2.369210768938801,0.4314186479083624,78.26499620894455,69.01645353652938
31321,15th St & Constitution Ave NW,outgoing_trips,LightGBM,test,1.1019096455557114,2.1832202489812293,0.4820629151716111,73.99914645585304,65.35942700225148
31321,15th St & Constitution Ave NW,outgoing_trips,LightGBM,val,1.156822147898342,2.282366201835075,0.4723379372254349,73.41252453423657,66.55554123536707
31321,15th St & Constitution Ave NW,outgoing_trips,Linear Regression,test,1.1866094976651966,2.2005346348571515,0.4738151694799613,73.39748205175165,70.38337231698691
31321,15th St & Constitution Ave NW,outgoing_trips,Linear Regression,val,1.3254497281908388,2.3597184525158985,0.435965598516706,77.10984085891512,76.2572053104948
31321,15th St & Constitution Ave NW,outgoing_trips,Naive (same hour last week),test,1.5870533165886516,3.0827347917223507,-0.0326525801312409,98.8823817993918,94.13557256043882
31321,15th St & Constitution Ave NW,outgoing_trips,Naive (same hour last week),val,1.7417738813617214,3.329353577018533,-0.1228068543502507,102.19995660703036,100.20961614044282
31321,15th St & Constitution Ave NW,outgoing_trips,Poisson,test,1.3602056881249929,2.2694039204964542,0.4403641746507235,64.33086149160332,80.68017621918341
31321,15th St & Constitution Ave NW,outgoing_trips,Poisson,val,1.4722524132312562,2.4234108652901063,0.4051063717648975,65.32851331309692,84.70321594006369
31321,15th St & Constitution Ave NW,outgoing_trips,Polynomial Regression,test,1.3647815399131855,2.317486632199373,0.4163985233132538,75.33754412513841,80.95159144104824
31321,15th St & Constitution Ave NW,outgoing_trips,Polynomial Regression,val,1.4353793113766418,2.706134556719026,0.2582048487535739,75.70356073304659,82.58179281947494
31321,15th St & Constitution Ave NW,outgoing_trips,Random Forest,test,1.268610077669244,2.2057749675328315,0.4713060821692221,76.52377901218794,75.24721114854005
31321,15th St & Constitution Ave NW,outgoing_trips,Random Forest,val,1.318620228481851,2.2794965052744085,0.4736639979242901,74.97773053440282,75.86428315705551
31321,15th St & Constitution Ave NW,outgoing_trips,Soft Two-Stage,test,1.144866714881996,2.153773624916923,0.4959402551229087,67.29549877019181,67.90741217343674
31321,15th St & Constitution Ave NW,outgoing_trips,Soft Two-Stage,val,1.210214483235992,2.253642344322097,0.4855357463722543,67.08646278521798,69.6273667382531
31321,15th St & Constitution Ave NW,outgoing_trips,XGBoost,test,1.1212136077175698,2.1852177141457974,0.481114742806792,70.83799334000157,66.5044354980578
31321,15th St & Constitution Ave NW,outgoing_trips,XGBoost,val,1.1912548227215796,2.296454483748059,0.4658036700883131,70.65588093554057,68.53655907221035
31324,18th & New Hampshire Ave NW,incoming_trips,GAM,test,1.6547225175449285,2.363303072930365,0.5225306197405328,58.05401075704799,52.18071187779388
31324,18th & New Hampshire Ave NW,incoming_trips,GAM,val,1.539777180513409,2.187751979713892,0.5325338510463367,58.69962480774101,52.6261303465222
31324,18th & New Hampshire Ave NW,incoming_trips,HistGradientBoosting,test,1.772417768450084,2.745487327494135,0.3556147758706017,62.37831285252879,55.892163140316406
31324,18th & New Hampshire Ave NW,incoming_trips,HistGradientBoosting,val,1.650538161213642,2.582675646819271,0.3485310353429167,63.26650329125907,56.41169223262285
31324,18th & New Hampshire Ave NW,incoming_trips,LightGBM,test,1.5449759725945784,2.377203958893668,0.516897175990755,52.42410809495284,48.719918433021
31324,18th & New Hampshire Ave NW,incoming_trips,LightGBM,val,1.4095359339675044,2.1784512117148007,0.5365000705924188,53.65011262811379,48.17477666758733
31324,18th & New Hampshire Ave NW,incoming_trips,Linear Regression,test,1.593792588109268,2.284555870615551,0.5538198413479719,56.01098246992083,50.259322001904806
31324,18th & New Hampshire Ave NW,incoming_trips,Linear Regression,val,1.5044303016724732,2.162077812484967,0.5434412858422389,57.35363181925212,51.4180533099437
31324,18th & New Hampshire Ave NW,incoming_trips,Naive (same hour last week),test,2.0152985500627927,3.005987859169755,0.2275308734678606,79.61349679577945,63.55126728110599
31324,18th & New Hampshire Ave NW,incoming_trips,Naive (same hour last week),val,1.9193897301605372,2.8871128656631635,0.1858929409804246,82.84372994824726,65.60043583158223
31324,18th & New Hampshire Ave NW,incoming_trips,Poisson,test,2.1549797929938856,3.324470391777534,0.0551744579052707,77.77053109193031,67.95603401077709
31324,18th & New Hampshire Ave NW,incoming_trips,Poisson,val,1.803414483748648,2.6568761431309142,0.310559780985735,67.48354186843528,61.63666203893056
31324,18th & New Hampshire Ave NW,incoming_trips,Polynomial Regression,test,1.599146189776556,2.397240367905358,0.5087191326356499,58.12160188583576,50.428144715772085
31324,18th & New Hampshire Ave NW,incoming_trips,Polynomial Regression,val,1.490979367494197,2.3727186985870623,0.450147122729863,59.27188509279265,50.95833054985419
31324,18th & New Hampshire Ave NW,incoming_trips,Random Forest,test,1.562503528485931,2.2606044504323988,0.5631263580882038,55.82053495876933,49.27263971057125
31324,18th & New Hampshire Ave NW,incoming_trips,Random Forest,val,1.4535694414081135,2.136503315001563,0.5541783669297744,56.67513631138568,49.679743185802245
31324,18th & New Hampshire Ave NW,incoming_trips,Soft Two-Stage,test,1.5554224919358464,2.3613774799336262,0.5233083762137605,50.42474638738697,49.04934334269181
31324,18th & New Hampshire Ave NW,incoming_trips,Soft Two-Stage,val,1.4370219565461124,2.1899811009549603,0.5315807543485858,51.5384366596532,49.11418726883223
31324,18th & New Hampshire Ave NW,incoming_trips,XGBoost,test,1.5772701239778184,2.3959716284576773,0.5092390158162738,50.44502180848976,49.73829570824349
31324,18th & New Hampshire Ave NW,incoming_trips,XGBoost,val,1.4356800078787106,2.1970825225946347,0.5285379556040024,51.81874535467962,49.06832247333923
31324,18th & New Hampshire Ave NW,outgoing_trips,GAM,test,1.7481487982227744,2.4471297410434003,0.5360343124546911,66.9598227509042,54.51256834929432
31324,18th & New Hampshire Ave NW,outgoing_trips,GAM,val,1.573109269787956,2.2262653353812007,0.5499814807738547,60.9134123255044,53.34395859830747
31324,18th & New Hampshire Ave NW,outgoing_trips,HistGradientBoosting,test,1.5417186889115493,2.4033496399320047,0.5524868653663959,53.98670083035698,48.075453010702624
31324,18th & New Hampshire Ave NW,outgoing_trips,HistGradientBoosting,val,1.4147423006708846,2.191551698349215,0.5639061337810494,53.26116947838466,47.97375246821504
31324,18th & New Hampshire Ave NW,outgoing_trips,LightGBM,test,1.525503064028782,2.3697530708078847,0.5649110410139033,55.36110379309572,47.569800768372325
31324,18th & New Hampshire Ave NW,outgoing_trips,LightGBM,val,1.3897383085635313,2.1438163421916845,0.5826968215874448,54.19870672351299,47.12586990507508
31324,18th & New Hampshire Ave NW,outgoing_trips,Linear Regression,test,1.596725755438874,2.3331862525207727,0.578234850750025,59.22939246624131,49.79073976250167
31324,18th & New Hampshire Ave NW,outgoing_trips,Linear Regression,val,1.488000799204797,2.1734839987510908,0.5710670270216258,57.049015430006655,50.45793992284364
31324,18th & New Hampshire Ave NW,outgoing_trips,Naive (same hour last week),test,2.068386802146364,3.135647746595516,0.2382255350073802,82.78625916505332,64.49855815443767
31324,18th & New Hampshire Ave NW,outgoing_trips,Naive (same hour last week),val,1.9423887054537172,2.933084218942462,0.2188658864567796,81.34017685611815,65.86618277286591
31324,18th & New Hampshire Ave NW,outgoing_trips,Poisson,test,2.198032402296704,3.5092936849546,0.0458617577530846,78.97089291580308,68.54130019479807
31324,18th & New Hampshire Ave NW,outgoing_trips,Poisson,val,1.7854143866886878,2.7115688122632475,0.3323977396924105,65.99796931479283,60.54320125974575
31324,18th & New Hampshire Ave NW,outgoing_trips,Polynomial Regression,test,1.682170543652115,4.62598204882703,-0.657981802125797,60.70093386060231,52.45516676225168
31324,18th & New Hampshire Ave NW,outgoing_trips,Polynomial Regression,val,1.4944748688563667,2.7079060222498743,0.3342001172185506,59.7826483487716,50.67747489736099
31324,18th & New Hampshire Ave NW,outgoing_trips,Random Forest,test,1.538525801545808,2.278267921405516,0.5978561201909949,58.686196933396,47.97588912292973
31324,18th & New Hampshire Ave NW,outgoing_trips,Random Forest,val,1.4270697409725817,2.107257367366832,0.5968081916884982,55.44867393361942,48.3917745838469
31324,18th & New Hampshire Ave NW,outgoing_trips,Soft Two-Stage,test,1.5613694157171554,2.4097383449504863,0.5501044992142008,52.83006681574231,48.68822212348808
31324,18th & New Hampshire Ave NW,outgoing_trips,Soft Two-Stage,val,1.4124408187999993,2.1572410895712384,0.5774540866406316,51.57957613471304,47.89570947654683
31324,18th & New Hampshire Ave NW,outgoing_trips,XGBoost,test,1.5480749251874475,2.37975532634233,0.5612304422276466,52.264612229664046,48.27365968783813
31324,18th & New Hampshire Ave NW,outgoing_trips,XGBoost,val,1.4033268213341323,2.141716460280525,0.583513923513582,51.69077639826628,47.58665484644487
31600,5th & K St NW,incoming_trips,GAM,test,3.154287644848052,4.668066575444406,0.2003759041951268,68.140829754735,62.21072590399695
31600,5th & K St NW,incoming_trips,GAM,val,2.416846567160205,3.6621952059075458,0.4294104235404592,61.38438327429234,52.15391120456029
31600,5th & K St NW,incoming_trips,HistGradientBoosting,test,2.082914807106181,3.1622610217263354,0.6330497229278711,49.50975181418215,41.08047734895193
31600,5th & K St NW,incoming_trips,HistGradientBoosting,val,1.8785864964456056,2.8738670756538527,0.6486222900831875,50.94520378784531,40.53862361681963
31600,5th & K St NW,incoming_trips,LightGBM,test,2.102558228205984,3.188867279040855,0.6268489409288174,50.09927605778437,41.4678965140533
31600,5th & K St NW,incoming_trips,LightGBM,val,1.889799223971528,2.892505786158405,0.6440497298172112,51.34037339248905,40.78058667880871
31600,5th & K St NW,incoming_trips,Linear Regression,test,2.044676789279723,2.9357152716844896,0.6837433588048234,52.52079735182632,40.32632455315371
31600,5th & K St NW,incoming_trips,Linear Regression,val,1.92397705543693,2.773097422861711,0.6728317819283416,55.19766290209197,41.518121122091735
31600,5th & K St NW,incoming_trips,Naive (same hour last week),test,2.6609201963694487,3.934429454137029,0.4319647130576685,73.85701779916091,52.48024138163968
31600,5th & K St NW,incoming_trips,Naive (same hour last week),val,2.5343276784697717,3.767901973032033,0.3959956794846606,77.99136342068923,54.68907397852632
31600,5th & K St NW,incoming_trips,Poisson,test,2.535742109872553,4.109231851201187,0.3803690795344411,57.653714092026206,50.01140514821484
31600,5th & K St NW,incoming_trips,Poisson,val,2.235609385945904,3.421644467194022,0.5019067953883638,56.21251778376888,48.24293564473323
31600,5th & K St NW,incoming_trips,Polynomial Regression,test,1.998252421192424,2.861643292257601,0.6995011703650013,55.56609659510391,39.41071571733229
31600,5th & K St NW,incoming_trips,Polynomial Regression,val,1.8666661990330788,2.885624744015246,0.6457412703948527,56.233592714321226,40.2813916761444
31600,5th & K St NW,incoming_trips,Random Forest,test,2.062643326396284,3.0276899526859844,0.6636165740640472,51.6715869664084,40.680671220880086
31600,5th & K St NW,incoming_trips,Random Forest,val,1.8790560837558996,2.788314993999485,0.6692312116103925,53.56805051082342,40.54875699277184
31600,5th & K St NW,incoming_trips,Soft Two-Stage,test,2.1330416939053403,3.2287841273205045,0.6174485880504976,48.39405535083401,42.06910944792253
31600,5th & K St NW,incoming_trips,Soft Two-Stage,val,1.9164286193658653,2.91640872722417,0.6381424549374417,50.07533613989346,41.35523098668435
31600,5th & K St NW,incoming_trips,XGBoost,test,2.323171620672944,3.5508604725801787,0.537321834403561,47.75420818181496,45.818964277936345
31600,5th & K St NW,incoming_trips,XGBoost,val,2.028702281576632,3.110593410515916,0.5883507301252452,49.99932002789813,43.778020537794056
31600,5th & K St NW,outgoing_trips,GAM,test,3.081147095749573,4.648947772752256,0.1992327812663102,68.25522937791374,61.41539588027788
31600,5th & K St NW,outgoing_trips,GAM,val,2.340697941898631,3.5646894215819334,0.4342350753762773,59.55392283971401,51.32017779698863
31600,5th & K St NW,outgoing_trips,HistGradientBoosting,test,2.0930224520779226,3.23388854344092,0.612522002118039,51.146251800444745,41.71946307204907
31600,5th & K St NW,outgoing_trips,HistGradientBoosting,val,1.8467919126435504,2.842819915451286,0.6401750091016053,50.01644631965901,40.49120888875984
31600,5th & K St NW,outgoing_trips,LightGBM,test,2.0754197261754164,3.2035181273587248,0.6197656718203892,50.83569559333172,41.36859427342346
31600,5th & K St NW,outgoing_trips,LightGBM,val,1.8406047744615357,2.8254303564028587,0.644563651674398,49.996254654312,40.35555489177379
31600,5th & K St NW,outgoing_trips,Linear Regression,test,2.05904698743191,2.997533214844894,0.6670914419555511,54.843353937388365,41.04224236605625
31600,5th & K St NW,outgoing_trips,Linear Regression,val,1.899825305491164,2.770289942754661,0.6583014976401096,53.27632261682535,41.653974532886224
31600,5th & K St NW,outgoing_trips,Naive (same hour last week),test,2.643794953761845,3.964032262143791,0.4178011914610864,77.56995106197934,52.69781307603031
31600,5th & K St NW,outgoing_trips,Naive (same hour last week),val,2.4846863258567686,3.722422220663264,0.3830586369821147,75.7460783003616,54.47714620934122
31600,5th & K St NW,outgoing_trips,Poisson,test,2.552422835122648,4.113610397069882,0.3730350459487225,60.35034663483984,50.876525528159824
31600,5th & K St NW,outgoing_trips,Poisson,val,2.201855945961241,3.3796265377513595,0.4914542280976225,54.90776357233027,48.27604476741202
31600,5th & K St NW,outgoing_trips,Polynomial Regression,test,2.0520639639418348,3.405452634179413,0.5703185155611761,56.77709979587503,40.90305227264077
31600,5th & K St NW,outgoing_trips,Polynomial Regression,val,1.823553938468076,2.7645431188285747,0.6597176991148145,53.473740164084006,39.98171257786043
31600,5th & K St NW,outgoing_trips,Random Forest,test,2.0958932007444178,3.060931054253228,0.6528604897594042,55.28371625125384,41.77668467178016
31600,5th & K St NW,outgoing_trips,Random Forest,val,1.8864355826314736,2.7811306952408104,0.655621982662112,52.67803959903916,41.360402711630925
31600,5th & K St NW,outgoing_trips,Soft Two-Stage,test,2.165800588464166,3.3296292312861127,0.5892394726931516,49.05005318872014,43.17012346530193
31600,5th & K St NW,outgoing_trips,Soft Two-Stage,val,1.895002793118928,2.9027426009869326,0.624845916496839,48.08519515542519,41.548240175649774
31600,5th & K St NW,outgoing_trips,XGBoost,test,2.3099944685831173,3.548710411745424,0.5334071570339975,48.67526227355109,46.04428816949121
31600,5th & K St NW,outgoing_trips,XGBoost,val,1.9868729351853929,3.050019933764782,0.58581155379634,47.90922311585415,43.5625077753646
31603,1st & M St NE,incoming_trips,GAM,test,1.9993389542796467,2.866354744395318,0.6246160335544748,56.95255333432559,45.77158886705547
31603,1st & M St NE,incoming_trips,GAM,val,1.8685827746701176,2.697353123070709,0.6735887918275498,52.45334298258357,40.68057038377822
31603,1st & M St NE,incoming_trips,HistGradientBoosting,test,1.8114542283021429,2.7803889477605903,0.6467949134823543,50.425490276599575,41.47027596889302
31603,1st & M St NE,incoming_trips,HistGradientBoosting,val,1.7974518431575528,2.722144737034196,0.6675610686178224,49.29875410403006,39.13199201460672
31603,1st & M St NE,incoming_trips,LightGBM,test,1.8068212507055577,2.76834131186091,0.649849210648097,50.226102762569816,41.364211539283794
31603,1st & M St NE,incoming_trips,LightGBM,val,1.7885216399265411,2.704456923566749,0.6718672423218308,48.95765779607039,38.93757420983767
31603,1st & M St NE,incoming_trips,Linear Regression,test,1.90669637493174,2.829987798157955,0.634080993358972,52.87728624862712,43.65068883436255
31603,1st & M St NE,incoming_trips,Linear Regression,val,1.8460841196284807,2.689392951985356,0.6755124963122894,52.19379534275519,40.19075632128733
31603,1st & M St NE,incoming_trips,Naive (same hour last week),test,2.6626327206302087,4.004877720123966,0.2671849784425809,78.69699182219887,60.95661265028751
31603,1st & M St NE,incoming_trips,Naive (same hour last week),val,2.507116019583286,3.704531936861728,0.3843184519804395,75.25862915499098,54.58195969561014
31603,1st & M St NE,incoming_trips,Poisson,test,2.10782716282119,3.089095997847389,0.5640078681149394,51.34517397387028,48.2552486125217
31603,1st & M St NE,incoming_trips,Poisson,val,2.153740816191341,3.144079906294406,0.5565173829964573,52.08226907200084,46.88869342539858
31603,1st & M St NE,incoming_trips,Polynomial Regression,test,1.920409288988011,2.8929880262368264,0.6176077211343554,53.83885015173041,43.96462352913223
31603,1st & M St NE,incoming_trips,Polynomial Regression,val,1.83742348081898,2.7151960758253484,0.6692560976636963,51.7527666197241,40.00220715373944
31603,1st & M St NE,incoming_trips,Random Forest,test,1.8422107067310536,2.758699041966856,0.6522841478286295,51.622170845993374,42.17439513919838
31603,1st & M St NE,incoming_trips,Random Forest,val,1.8315501763294544,2.6904889587161973,0.6752479660175754,50.79312984953837,39.87434052673723
31603,1st & M St NE,incoming_trips,Soft Two-Stage,test,1.822603275809784,2.7768931488377997,0.6476825286794523,49.07001231687493,41.72551514066362
31603,1st & M St NE,incoming_trips,Soft Two-Stage,val,1.8101590331563733,2.7104905695604478,0.6704014800902303,48.23521886224126,39.40863790053399
31603,1st & M St NE,incoming_trips,XGBoost,test,1.848414701512053,2.7828998266294103,0.6461566893706838,47.899530551530034,42.31642543268184
31603,1st & M St NE,incoming_trips,XGBoost,val,1.844564065960834,2.74595121574962,0.6617209624690331,47.3403300223864,40.15766351370499
31603,1st & M St NE,outgoing_trips,GAM,test,2.16958825308216,3.0345219668641144,0.5714463039480638,66.61621262204905,49.850275461678976
31603,1st & M St NE,outgoing_trips,GAM,val,1.8797458466484656,2.671664489632945,0.6615070514367816,55.23145686533753,41.064066089077166
31603,1st & M St NE,outgoing_trips,HistGradientBoosting,test,1.772074746475014,2.7388992557138896,0.65087834342584,51.15010305228538,40.71667244923965
31603,1st & M St NE,outgoing_trips,HistGradientBoosting,val,1.7637841958092273,2.6680933660825668,0.6624113508080609,50.20759321421048,38.53082102174466
31603,1st & M St NE,outgoing_trips,LightGBM,test,1.7741216653429663,2.7379622647265576,0.6511171750584142,51.03017608551802,40.76370417024486
31603,1st & M St NE,outgoing_trips,LightGBM,val,1.769310966762868,2.6746042448663565,0.660761722904299,50.06203613011765,38.65155632652225
31603,1st & M St NE,outgoing_trips,Linear Regression,test,1.8777712015606003,2.8037226097910755,0.6341569901346874,53.35352932405555,43.14524266013299
31603,1st & M St NE,outgoing_trips,Linear Regression,val,1.8154584715224305,2.6471654773947315,0.6676865106689094,52.11798410526792,39.65967356145133
31603,1st & M St NE,outgoing_trips,Naive (same hour last week),test,2.5840849412033338,3.9163825514209023,0.286169849416989,78.4028400342833,59.37409826604758
31603,1st & M St NE,outgoing_trips,Naive (same hour last week),val,2.496982807696687,3.700642001593152,0.3505586493972981,76.44686053467285,54.547941798283794
31603,1st & M St NE,outgoing_trips,Poisson,test,2.0598702018517163,3.028819884644518,0.5730553564068238,51.67599318308807,47.32930169203112
31603,1st & M St NE,outgoing_trips,Poisson,val,2.0750245618237724,3.03705586553118,0.5625873374644232,51.20423288461598,45.33003538489788
31603,1st & M St NE,outgoing_trips,Polynomial Regression,test,1.894048473487087,2.8623632362582074,0.6186935390423287,53.75035560419765,43.5192428825933
31603,1st & M St NE,outgoing_trips,Polynomial Regression,val,1.843430983935572,2.7158434157814115,0.6502197826912903,51.98511094214493,40.27074824500965
31603,1st & M St NE,outgoing_trips,Random Forest,test,1.811847716083728,2.7184834530012743,0.6560636632038688,52.013576962030605,41.63052948552601
31603,1st & M St NE,outgoing_trips,Random Forest,val,1.7929892323508891,2.6428876845575835,0.6687596733831072,50.78907762119528,39.16882086242472
31603,1st & M St NE,outgoing_trips,Soft Two-Stage,test,1.7952490970629749,2.7506941659057684,0.647864924632976,49.3142286476462,41.24914572328794
31603,1st & M St NE,outgoing_trips,Soft Two-Stage,val,1.7864529336207509,2.678004928390823,0.6598985107609878,48.48161502191876,39.02603187661001
31603,1st & M St NE,outgoing_trips,XGBoost,test,1.8399656585093904,2.774382514694594,0.6417737959803549,48.71952742861315,42.27659086299874
31603,1st & M St NE,outgoing_trips,XGBoost,val,1.8159833431293668,2.7016577421274315,0.6538642559433347,47.58511677901596,39.67113966597496
31609,Maine Ave & 7th St SW,incoming_trips,GAM,test,1.7130617442761245,2.4356396661045383,0.4405933734311914,74.3186821292781,69.0474797207426
31609,Maine Ave & 7th St SW,incoming_trips,GAM,val,1.6154115774483877,2.4346237159104915,0.503590420943359,66.7009844082044,61.26677556235076
31609,Maine Ave & 7th St SW,incoming_trips,HistGradientBoosting,test,1.3871831827948808,2.3225653550761,0.4913284863516458,59.44369552207368,55.91246375270518
31609,Maine Ave & 7th St SW,incoming_trips,HistGradientBoosting,val,1.459531145056829,2.4707579301695293,0.4887458423249947,58.427335620906206,55.35478904496989
31609,Maine Ave & 7th St SW,incoming_trips,LightGBM,test,1.3814017617646257,2.3173171816476383,0.4936247232655312,58.68630206555042,55.67943505267294
31609,Maine Ave & 7th St SW,incoming_trips,LightGBM,val,1.4526373915438338,2.464977811313927,0.4911351117489351,57.81340513000862,55.09333366408797
31609,Maine Ave & 7th St SW,incoming_trips,Linear Regression,test,1.4762903941604757,2.2800869120649088,0.5097649781692,61.89448611784554,59.50406130620591
31609,Maine Ave & 7th St SW,incoming_trips,Linear Regression,val,1.5238039739624876,2.4133652455733765,0.5122215992926332,60.91550696433866,57.79242725327113
31609,Maine Ave & 7th St SW,incoming_trips,Naive (same hour last week),test,1.874871560680443,3.100405270917329,0.0935612499743392,90.58260364546574,75.5694629791542
31609,Maine Ave & 7th St SW,incoming_trips,Naive (same hour last week),val,1.9689172264602075,3.30992387190405,0.0824864911924656,91.06639564573452,74.67397875464202
31609,Maine Ave & 7th St SW,incoming_trips,Poisson,test,1.6188161505301202,2.486713691459546,0.4168864932470454,61.25521671760027,65.24877208823028
31609,Maine Ave & 7th St SW,incoming_trips,Poisson,val,1.6600705234720612,2.6060203484122515,0.4312360497663421,60.214861871776826,62.96052943974053
31609,Maine Ave & 7th St SW,incoming_trips,Polynomial Regression,test,1.497637599525106,2.3644388429942884,0.4728214869772676,65.15055458571888,60.36449189747552
31609,Maine Ave & 7th St SW,incoming_trips,Polynomial Regression,val,1.530934406983863,2.571011396247149,0.4464148133702077,62.433629225135775,58.06285904024213
31609,Maine Ave & 7th St SW,incoming_trips,Random Forest,test,1.43294300798439,2.2477860416228075,0.5235564300526655,61.26629211304937,57.75688098539078
31609,Maine Ave & 7th St SW,incoming_trips,Random Forest,val,1.4782152573553304,2.3674172775277604,0.5306183767784696,59.46287250821501,56.063410507608026
31609,Maine Ave & 7th St SW,incoming_trips,Soft Two-Stage,test,1.396269730046371,2.293497866577257,0.5039811157555567,56.475192851409226,56.278710438894485
31609,Maine Ave & 7th St SW,incoming_trips,Soft Two-Stage,val,1.4600337821758336,2.4370934195239355,0.5025827856789447,55.2236675169121,55.37385227070708
31609,Maine Ave & 7th St SW,incoming_trips,XGBoost,test,1.3974761473775974,2.2894159219939,0.5057451634467546,56.67975422176163,56.32733686843853
31609,Maine Ave & 7th St SW,incoming_trips,XGBoost,val,1.4620862729224873,2.4374447827174794,0.5024393470250096,55.72557125098703,55.45169589376546
31609,Maine Ave & 7th St SW,outgoing_trips,GAM,test,1.4107793833875557,2.1502374233726784,0.4477005576017757,61.89401537028287,61.02833178136902
31609,Maine Ave & 7th St SW,outgoing_trips,GAM,val,1.4595973877288122,2.255856779488957,0.4632742587797948,61.833411017634695,60.56143167244027
31609,Maine Ave & 7th St SW,outgoing_trips,HistGradientBoosting,test,1.3326475070344046,2.183282169787496,0.4305946957493707,59.41522735646949,57.64845670739999
31609,Maine Ave & 7th St SW,outgoing_trips,HistGradientBoosting,val,1.3766021637564725,2.317441460218123,0.4335691193209197,56.93284026642473,57.11780425299081
31609,Maine Ave & 7th St SW,outgoing_trips,LightGBM,test,1.3255562435349306,2.1739052625619104,0.4354752330223702,59.52351835420268,57.34169862269092
31609,Maine Ave & 7th St SW,outgoing_trips,LightGBM,val,1.3709125488243934,2.3095127664495863,0.4374383642739713,57.10530285137615,56.8817314641187
31609,Maine Ave & 7th St SW,outgoing_trips,Linear Regression,test,1.3753496086216483,2.104901962900312,0.470744330925739,61.818957530493925,59.49568955905284
31609,Maine Ave & 7th St SW,outgoing_trips,Linear Regression,val,1.4398855667962245,2.2524264299176746,0.4649053526179817,62.14917763401861,59.74355127159505
31609,Maine Ave & 7th St SW,outgoing_trips,Naive (same hour last week),test,1.822810823153328,2.896785956491396,-0.0023850600675414,90.4540616931916,78.85223231924141
31609,Maine Ave & 7th St SW,outgoing_trips,Naive (same hour last week),val,1.947626095867016,3.165552376604521,-0.0568865829772515,96.5182943211061,80.81065759637188
31609,Maine Ave & 7th St SW,outgoing_trips,Poisson,test,1.489641656217025,2.24721533955649,0.3967585796710358,59.1704425157152,64.4398027795581
31609,Maine Ave & 7th St SW,outgoing_trips,Poisson,val,1.5696214214308426,2.409390009135126,0.3877291439791086,59.85453748804223,65.12653507382413
31609,Maine Ave & 7th St SW,outgoing_trips,Polynomial Regression,test,1.4479915899794782,2.253755534447655,0.393242176483505,68.23180465554809,62.63807949738369
31609,Maine Ave & 7th St SW,outgoing_trips,Polynomial Regression,val,1.4706226176188213,2.336530378153033,0.4241992304694538,64.11921565970937,61.01888912767435
31609,Maine Ave & 7th St SW,outgoing_trips,Random Forest,test,1.3648592162404525,2.104389320113176,0.4710020969087556,62.97478544624349,59.04188993999468
31609,Maine Ave & 7th St SW,outgoing_trips,Random Forest,val,1.4085939030002446,2.2128157764811647,0.4835599725517313,61.083603696005895,58.44520148361275
31609,Maine Ave & 7th St SW,outgoing_trips,Soft Two-Stage,test,1.3403743462744722,2.153757504738262,0.4458907757641773,57.82719224339474,57.98270890467256
31609,Maine Ave & 7th St SW,outgoing_trips,Soft Two-Stage,val,1.3884235799552544,2.2898765435224546,0.4469638581623554,55.22255203705564,57.6082969706491
31609,Maine Ave & 7th St SW,outgoing_trips,XGBoost,test,1.3450479121907837,2.1646376080411427,0.4402782652580528,57.55044184592359,58.184880792567526
31609,Maine Ave & 7th St SW,outgoing_trips,XGBoost,val,1.3889696750546114,2.2959754854450547,0.4440139811307041,55.0656457305008,57.63095547999174
31615,6th & H St NE,incoming_trips,GAM,test,1.50838578435658,2.182369455450556,0.6365042139694672,54.823817657436415,47.73276160691962
31615,6th & H St NE,incoming_trips,GAM,val,1.4396806123073986,2.0996741236306065,0.6712838504791934,52.67504387979248,45.81916446677494
31615,6th & H St NE,incoming_trips,HistGradientBoosting,test,1.4116040168421402,2.1869645749108524,0.6349718748643958,52.87066679511905,44.67010940973412
31615,6th & H St NE,incoming_trips,HistGradientBoosting,val,1.3499493288665656,2.106844221600724,0.6690349764654555,49.90884026375636,42.96338353964216
31615,6th & H St NE,incoming_trips,LightGBM,test,1.4091280793916157,2.1835712678182837,0.6361037556364374,53.03148661566856,44.591758543990615
31615,6th & H St NE,incoming_trips,LightGBM,val,1.3503281711249735,2.1071352113479422,0.668943546754263,49.96522573235788,42.97544054422816
31615,6th & H St NE,incoming_trips,Linear Regression,test,1.4664809982083122,2.186402467357366,0.6351594944534293,53.18778956237029,46.40668760904154
31615,6th & H St NE,incoming_trips,Linear Regression,val,1.423336121308726,2.1158376912579278,0.6662033700291979,52.977234779006665,45.298985953018594
31615,6th & H St NE,incoming_trips,Naive (same hour last week),test,1.966206187920996,3.0327586946032725,0.2980300127909004,78.27490578010908,62.22045594132736
31615,6th & H St NE,incoming_trips,Naive (same hour last week),val,1.8781737447341456,2.93223009970614,0.358918352872831,76.263744316394,59.774613182592304
31615,6th & H St NE,incoming_trips,Poisson,test,1.5992471782105764,2.3806106480382216,0.5674666739431293,52.49309630814859,50.6080639977833
31615,6th & H St NE,incoming_trips,Poisson,val,1.583845117412232,2.342402450981229,0.5908898290881615,52.07657144620054,50.40733292108429
31615,6th & H St NE,incoming_trips,Polynomial Regression,test,1.5061490079100377,2.315233658947543,0.5908971674445493,57.83534422486398,47.66197897425493
31615,6th & H St NE,incoming_trips,Polynomial Regression,val,1.4118061253952594,2.145674053923255,0.6567229666544026,54.28174568769785,44.93203318964584
31615,6th & H St NE,incoming_trips,Random Forest,test,1.447765348449395,2.160428656744493,0.6437763987374867,54.54016847015981,45.81443219432874
31615,6th & H St NE,incoming_trips,Random Forest,val,1.3929695863415312,2.084052709475757,0.6761569010249063,52.21548046959188,44.33254294610889
31615,6th & H St NE,incoming_trips,Soft Two-Stage,test,1.4235363328990398,2.183835880321346,0.6360155539532966,51.7295874519479,45.04770670856133
31615,6th & H St NE,incoming_trips,Soft Two-Stage,val,1.3688434479452087,2.106609642327636,0.6691086726710895,49.125980166814,43.5647063206246
31615,6th & H St NE,incoming_trips,XGBoost,test,1.4292881966647155,2.184857742399928,0.6356748425238121,50.93594602056357,45.22972403116531
31615,6th & H St NE,incoming_trips,XGBoost,val,1.3725276816092145,2.107906035002889,0.6687012909944141,48.35773440762157,43.68196045792561
31615,6th & H St NE,outgoing_trips,GAM,test,1.555707570608705,2.202124934597252,0.5980762867390802,59.68266621419207,49.678962452009344
31615,6th & H St NE,outgoing_trips,GAM,val,1.4277637713745073,2.0669790084213946,0.6452675687768024,54.37587181400861,46.01852918892586
31615,6th & H St NE,outgoing_trips,HistGradientBoosting,test,1.3918830822201331,2.1521693776289528,0.6161048578307988,53.2857726622599,44.447496872529605
31615,6th & H St NE,outgoing_trips,HistGradientBoosting,val,1.3204101130846264,2.071461555213657,0.6437273219695292,49.383751782958726,42.558392745769815
31615,6th & H St NE,outgoing_trips,LightGBM,test,1.394913162316557,2.1578906247061216,0.614061079731876,53.36127050176034,44.54425749655738
31615,6th & H St NE,outgoing_trips,LightGBM,val,1.3212817770494725,2.07291362929242,0.643227659648923,49.36237424413019,42.586487514956026
31615,6th & H St NE,outgoing_trips,Linear Regression,test,1.4808699944650028,2.170871431937215,0.6094038770818928,56.10808856134136,47.2891475501074
31615,6th & H St NE,outgoing_trips,Linear Regression,val,1.3917527430957422,2.0632551806151844,0.6465445750512244,52.752247768555286,44.85785079856846
31615,6th & H St NE,outgoing_trips,Naive (same hour last week),test,1.9405183240095905,2.954636668007772,0.2764510998620195,80.31185794855669,61.96726092821466
31615,6th & H St NE,outgoing_trips,Naive (same hour last week),val,1.8470909711943528,2.859075727523175,0.3212965132473239,75.9397761568045,59.53394495412844
31615,6th & H St NE,outgoing_trips,Poisson,test,1.6133176123280977,2.353406977876141,0.5409565501341773,55.58461450741957,51.51864437778194
31615,6th & H St NE,outgoing_trips,Poisson,val,1.5567184824518645,2.281638123099174,0.5677626492735132,51.83256525242328,50.174893326145785
31615,6th & H St NE,outgoing_trips,Polynomial Regression,test,1.5331388009105955,3.19512058266823,0.1538755846833596,59.909356827871406,48.95826591263228
31615,6th & H St NE,outgoing_trips,Polynomial Regression,val,1.4083656647218123,2.9401797989337703,0.2822444787270443,54.10946828468781,45.39330507615295
31615,6th & H St NE,outgoing_trips,Random Forest,test,1.4161014973418888,2.098877475559561,0.6348814526154021,55.663376942275086,45.22087212518723
31615,6th & H St NE,outgoing_trips,Random Forest,val,1.3431281679350298,2.0255279453812176,0.6593524718296666,51.12762138661121,43.29062274852611
31615,6th & H St NE,outgoing_trips,Soft Two-Stage,test,1.4040635327585915,2.141152286085461,0.620025165093345,52.714891718102095,44.83645952616757
31615,6th & H St NE,outgoing_trips,Soft Two-Stage,val,1.3347878784940124,2.062660881964656,0.6467481638574442,48.88512304588679,43.02180527270793
31615,6th & H St NE,outgoing_trips,XGBoost,test,1.4152746470167803,2.1489006423945933,0.6172700994240594,51.579648533085646,45.1944680200517
31615,6th & H St NE,outgoing_trips,XGBoost,val,1.3362049194004386,2.0685859997261007,0.6447157745629915,47.43833598570537,43.06747819117084
31616,3rd & H St NE,incoming_trips,GAM,test,1.255107828669456,1.7523249207049267,0.5510203942805585,56.69120251162042,58.12048359141298
31616,3rd & H St NE,incoming_trips,GAM,val,1.213309739856303,1.7426008606479502,0.601128646102285,53.13200940448446,52.487314412441066
31616,3rd & H St NE,incoming_trips,HistGradientBoosting,test,1.1274420048737115,1.7529992795616804,0.5506747601699133,52.59838600389062,52.20864139935944
31616,3rd & H St NE,incoming_trips,HistGradientBoosting,val,1.1473065352469616,1.788504999500763,0.5798374734785089,50.38807669487616,49.63204107311266
31616,3rd & H St NE,incoming_trips,LightGBM,test,1.1239895008558032,1.7458410967480371,0.5543368100450685,52.43687518847979,52.04876573088014
31616,3rd & H St NE,incoming_trips,LightGBM,val,1.145673027894711,1.7867405977078972,0.5806660647801041,50.04144392138865,49.5613761710055
31616,3rd & H St NE,incoming_trips,Linear Regression,test,1.1785401394414303,1.7388242927091089,0.5579119888699692,53.65364662959733,54.574851077808574
31616,3rd & H St NE,incoming_trips,Linear Regression,val,1.1909862780479172,1.746390318318975,0.5993919895843083,52.36792109885309,51.52161000884036
31616,3rd & H St NE,incoming_trips,Naive (same hour last week),test,1.572553944514214,2.425179028681261,0.1400267395064536,80.90649080848641,72.82051282051282
31616,3rd & H St NE,incoming_trips,Naive (same hour last week),val,1.553113970169646,2.403671903580329,0.2410950718820571,77.77021800435851,67.18711520464956
31616,3rd & H St NE,incoming_trips,Poisson,test,1.277443164084807,1.852816327597525,0.4980481283129723,51.6958387147152,59.15476962315
31616,3rd & H St NE,incoming_trips,Poisson,val,1.3141722534073428,1.925584532270642,0.5129627524975906,51.38142951453744,56.850588098688334
31616,3rd & H St NE,incoming_trips,Polynomial Regression,test,1.271885377071156,1.9142180334272405,0.4642278359283419,59.57282280004835,58.89740427050625
31616,3rd & H St NE,incoming_trips,Polynomial Regression,val,1.2138873144879685,1.8225108883674523,0.5637079874239536,55.37882621180985,52.51230006968343
31616,3rd & H St NE,incoming_trips,Random Forest,test,1.1704639920616495,1.7195997104508869,0.5676334711270821,55.63370948191954,54.20086759961929
31616,3rd & H St NE,incoming_trips,Random Forest,val,1.1694106555175303,1.7297520152350785,0.6069890150253634,52.96232513216376,50.5882568458379
31616,3rd & H St NE,incoming_trips,Soft Two-Stage,test,1.148489793903055,1.7402454737363022,0.5571890361793052,51.83853933121623,53.18330480992258
31616,3rd & H St NE,incoming_trips,Soft Two-Stage,val,1.1674617472729787,1.782008388605524,0.5828843476614545,49.38209114059313,50.50394782198971
31616,3rd & H St NE,incoming_trips,XGBoost,test,1.1403239863685353,1.734367850306911,0.5601751446419568,50.63182568134435,52.80516942427703
31616,3rd & H St NE,incoming_trips,XGBoost,val,1.1602182830660166,1.7751635533408443,0.5860825420531823,48.92460443568212,50.19059833605292
31616,3rd & H St NE,outgoing_trips,GAM,test,1.2140014514562043,1.6947063453566436,0.5117934801507451,56.61391463504464,56.61505011875675
31616,3rd & H St NE,outgoing_trips,GAM,val,1.2058225117817147,1.734425431375391,0.5567111143215817,55.31323881971913,52.57776458808916
31616,3rd & H St NE,outgoing_trips,HistGradientBoosting,test,1.1041384838510369,1.6934346976754746,0.5125258710660294,52.93893706483386,51.49158225988304
31616,3rd & H St NE,outgoing_trips,HistGradientBoosting,val,1.1416380364345748,1.7727707423271348,0.5368936584624278,52.56820292058874,49.77911370701917
31616,3rd & H St NE,outgoing_trips,LightGBM,test,1.1037444421767746,1.6936553029766412,0.5123988553838787,52.54017258407434,51.47320609640277
31616,3rd & H St NE,outgoing_trips,LightGBM,val,1.141771033195519,1.7722654788581136,0.5371576038963373,52.10257424223956,49.78491279628777
31616,3rd & H St NE,outgoing_trips,Linear Regression,test,1.1503767468355837,1.6866977129809455,0.5163967887666365,54.10736742860405,53.64790717459738
31616,3rd & H St NE,outgoing_trips,Linear Regression,val,1.1849400296405517,1.740103256515756,0.5538040576898928,54.94166576164956,51.66722077313689
31616,3rd & H St NE,outgoing_trips,Naive (same hour last week),test,1.5260874529055828,2.3320880230649,0.075505054731614,78.89996938598368,71.1692045575551
31616,3rd & H St NE,outgoing_trips,Naive (same hour last week),val,1.5510645565296597,2.3842198211900336,0.1623392520363361,78.59269058776202,67.63143523804796
31616,3rd & H St NE,outgoing_trips,Poisson,test,1.2515453889054966,1.7767725699954044,0.4633658016710774,52.250619778552576,58.365914500177006
31616,3rd & H St NE,outgoing_trips,Poisson,val,1.2941406376399864,1.870998379544197,0.4841512296048117,54.25842930017139,56.42872074860746
31616,3rd & H St NE,outgoing_trips,Polynomial Regression,test,1.196916055796444,1.8189178191380089,0.4376058182800523,59.001007786448014,55.81827139133774
31616,3rd & H St NE,outgoing_trips,Polynomial Regression,val,1.186087945963698,1.9072956595695871,0.4639422022384792,57.03693387085873,51.71727364046645
31616,3rd & H St NE,outgoing_trips,Random Forest,test,1.144690392520441,1.6822186138791906,0.5189618371414898,54.585505393003295,53.38272360817029
31616,3rd & H St NE,outgoing_trips,Random Forest,val,1.164214547729752,1.7259994842514417,0.5610077025745208,54.3261195973721,50.76352267641568
31616,3rd & H St NE,outgoing_trips,Soft Two-Stage,test,1.131814403296119,1.708859604499329,0.5036049624404625,51.2600664360253,52.78225087035836
31616,3rd & H St NE,outgoing_trips,Soft Two-Stage,val,1.174926120574399,1.7918325712839454,0.5268809550584739,51.22216842286142,51.23058192426624
31616,3rd & H St NE,outgoing_trips,XGBoost,test,1.1757009130693232,1.905795434148021,0.3825991427346362,51.53143331357636,54.82890159500694
31616,3rd & H St NE,outgoing_trips,XGBoost,val,1.1587787815316972,1.765631256363679,0.5406162869177368,50.75049250175421,50.52650567538548
31623,Columbus Circle / Union Station,incoming_trips,GAM,test,2.6315455479823484,3.7970893712461473,0.7676026839577244,62.06676115183123,40.1688812777132
31623,Columbus Circle / Union Station,incoming_trips,GAM,val,2.415496687590984,3.471096801803974,0.7607441855940524,58.478868904366166,38.26921984795644
31623,Columbus Circle / Union Station,incoming_trips,HistGradientBoosting,test,2.244822539567951,3.507882615556305,0.8016557686252125,48.89800241378431,34.265798724470535
31623,Columbus Circle / Union Station,incoming_trips,HistGradientBoosting,val,2.183406178604826,3.314038542439953,0.7819057779899039,49.803496026195454,34.592161312275536
31623,Columbus Circle / Union Station,incoming_trips,LightGBM,test,2.2336205113393173,3.5021009005042845,0.8023090543230731,49.11210892001996,34.09480683632686
31623,Columbus Circle / Union Station,incoming_trips,LightGBM,val,2.180053357283168,3.315839325685153,0.7816686973889735,49.93305398294616,34.53904186196595
31623,Columbus Circle / Union Station,incoming_trips,Linear Regression,test,2.536612702926723,3.798192401125418,0.7674676445150789,55.89448710178752,38.71979133689165
31623,Columbus Circle / Union Station,incoming_trips,Linear Regression,val,2.4170994630200995,3.554421909885116,0.7491194433927941,57.10593746167289,38.294612954715326
31623,Columbus Circle / Union Station,incoming_trips,Naive (same hour last week),test,3.275031396278114,5.201697317553723,0.563866321451298,76.69887149064546,49.99128646613921
31623,Columbus Circle / Union Station,incoming_trips,Naive (same hour last week),val,3.1967437094386884,4.87994312750684,0.527111697620247,79.03263543999945,50.646680015152334
31623,Columbus Circle / Union Station,incoming_trips,Poisson,test,2.773689136831178,4.151706445770607,0.7221676921847905,58.05871125843254,42.33861341449285
31623,Columbus Circle / Union Station,incoming_trips,Poisson,val,2.6091133081032902,3.8497840360014552,0.7056921917219534,55.308428577633975,41.33672851177227
31623,Columbus Circle / Union Station,incoming_trips,Polynomial Regression,test,2.493715594785426,4.03959747469305,0.7369697765866994,55.43311069249335,38.06499406560515
31623,Columbus Circle / Union Station,incoming_trips,Polynomial Regression,val,2.3845503857758965,4.374296630838905,0.6200333233677697,54.87950611868671,37.77893110786965
31623,Columbus Circle / Union Station,incoming_trips,Random Forest,test,2.3005232477636968,3.4895603337316303,0.8037223304146504,50.64229860083689,35.11603486661709
31623,Columbus Circle / Union Station,incoming_trips,Random Forest,val,2.2436671115113938,3.3493277408180013,0.7772363408847449,50.98377900691546,35.546887891488666
31623,Columbus Circle / Union Station,incoming_trips,Soft Two-Stage,test,2.243594058881267,3.4724057851499306,0.8056473744541077,46.68191668574031,34.24704674242972
31623,Columbus Circle / Union Station,incoming_trips,Soft Two-Stage,val,2.1905501921484407,3.303218749580183,0.7833275370931553,47.44507652955497,34.70534541486688
31623,Columbus Circle / Union Station,incoming_trips,XGBoost,test,2.2643649148597054,3.492383064144799,0.8034046611512489,45.60313128087892,34.564100744582205
31623,Columbus Circle / Union Station,incoming_trips,XGBoost,val,2.179468619336283,3.273606410651085,0.7871949278780765,46.1522532559412,34.52977773622414
31623,Columbus Circle / Union Station,outgoing_trips,GAM,test,2.5660282147060207,3.732796807847439,0.7469726591762511,59.42259732885095,39.36569074806907
31623,Columbus Circle / Union Station,outgoing_trips,GAM,val,2.4223174936444694,3.493848831514782,0.7459753267314309,55.96046211556055,38.32819511904477
31623,Columbus Circle / Union Station,outgoing_trips,HistGradientBoosting,test,2.304752938242044,3.604973069095474,0.764005000628309,48.93553866062472,35.357441082515216
31623,Columbus Circle / Union Station,outgoing_trips,HistGradientBoosting,val,2.2303842115452515,3.4064319927332187,0.7585278068918737,48.41572292633046,35.29124546011736
31623,Columbus Circle / Union Station,outgoing_trips,LightGBM,test,2.307623699290461,3.618150402047169,0.7622765725639555,48.78585581449501,35.40148170958078
31623,Columbus Circle / Union Station,outgoing_trips,LightGBM,val,2.231837214034514,3.4078868721609163,0.7583214983852937,48.30124833069438,35.31423623777679
31623,Columbus Circle / Union Station,outgoing_trips,Linear Regression,test,2.482844014125298,3.76724741123839,0.7422806440020394,56.653679651864906,38.08955376079077
31623,Columbus Circle / Union Station,outgoing_trips,Linear Regression,val,2.387403788804859,3.554604648806564,0.7370638559855249,56.40344295447037,37.775757507157664
31623,Columbus Circle / Union Station,outgoing_trips,Naive (same hour last week),test,3.261331202192031,5.135208069149725,0.5211330752815463,77.28248437353254,50.03240213678957
31623,Columbus Circle / Union Station,outgoing_trips,Naive (same hour last week),val,3.1297961971991346,4.84928256412945,0.5106465411492072,77.88967809143386,49.522591338185485
31623,Columbus Circle / Union Station,outgoing_trips,Poisson,test,2.8740361442739024,4.26601561982737,0.6695211781335819,59.54017442187366,44.09087063262127
31623,Columbus Circle / Union Station,outgoing_trips,Poisson,val,2.7117021001636057,3.931662129874534,0.6783229633339334,56.59480997613841,42.90711166991596
31623,Columbus Circle / Union Station,outgoing_trips,Polynomial Regression,test,2.5753242347803638,4.270743399767454,0.6687882708682177,57.92503589237706,39.50830190461721
31623,Columbus Circle / Union Station,outgoing_trips,Polynomial Regression,val,2.341139097357865,3.513428226392445,0.7431202601860049,53.687129702592784,37.04371386483773
31623,Columbus Circle / Union Station,outgoing_trips,Random Forest,test,2.3783991425557227,3.6522838524142793,0.7577700734113981,51.80581775005864,36.48725473271841
31623,Columbus Circle / Union Station,outgoing_trips,Random Forest,val,2.29953631828054,3.434718745420968,0.7545008226161324,50.9386538273563,36.38543540292928
31623,Columbus Circle / Union Station,outgoing_trips,Soft Two-Stage,test,2.319530213989102,3.607337476089405,0.7636953332875284,47.33367759202687,35.58414072043181
31623,Columbus Circle / Union Station,outgoing_trips,Soft Two-Stage,val,2.242979494060809,3.3986525385334048,0.7596294738733287,46.88341111281947,35.49053991557269
31623,Columbus Circle / Union Station,outgoing_trips,XGBoost,test,2.315642727355669,3.5865829403616822,0.7664066322200722,45.90623401946407,35.52450240635486
31623,Columbus Circle / Union Station,outgoing_trips,XGBoost,val,2.241953260018805,3.3925286239720363,0.7604949241467616,46.03210125888143,35.47430187134317
31627,M St & Delaware Ave NE,incoming_trips,GAM,test,1.9659541793333624,2.937277226824809,0.5446251767689043,57.33515527195105,48.17129453319418
31627,M St & Delaware Ave NE,incoming_trips,GAM,val,1.9673496645797264,2.8897905274950544,0.5626780299457337,57.90380667147706,48.41884188641168
31627,M St & Delaware Ave NE,incoming_trips,HistGradientBoosting,test,1.7988084264451525,2.772006862584722,0.5944282080764536,54.750502708732384,44.07576302132512
31627,M St & Delaware Ave NE,incoming_trips,HistGradientBoosting,val,1.794321105396203,2.778677664630441,0.5956616729322957,53.96289976755855,44.16040089863213
31627,M St & Delaware Ave NE,incoming_trips,LightGBM,test,1.7872626934022124,2.739571112718449,0.6038640148319263,54.89059648091559,43.792860747782974
31627,M St & Delaware Ave NE,incoming_trips,LightGBM,val,1.7913034254241345,2.7594207537714586,0.6012465788179806,54.00715861979635,44.08613216437407
31627,M St & Delaware Ave NE,incoming_trips,Linear Regression,test,1.885788230235697,2.739477413555329,0.603891111756236,57.95975671163775,46.207007884953896
31627,M St & Delaware Ave NE,incoming_trips,Linear Regression,val,1.8895040537353756,2.743923418735023,0.6057129238052592,57.17609004193762,46.5029677584493
31627,M St & Delaware Ave NE,incoming_trips,Naive (same hour last week),test,2.436922023061993,3.703736199237554,0.2759655480725355,82.20435565270482,59.71130444512826
31627,M St & Delaware Ave NE,incoming_trips,Naive (same hour last week),val,2.5023340544233177,3.765196541787979,0.2575898995479995,85.36078151528945,61.58545128478158
31627,M St & Delaware Ave NE,incoming_trips,Poisson,test,2.1861100407426464,3.286441672534973,0.4299263110961321,62.16698912042643,53.56571977191048
31627,M St & Delaware Ave NE,incoming_trips,Poisson,val,2.170313373190308,3.2533430336261597,0.4457211780453313,60.0727490565591,53.41402291235037
31627,M St & Delaware Ave NE,incoming_trips,Polynomial Regression,test,1.9025269005583805,2.8402413485287994,0.5742157126975311,63.73973719119724,46.617151430863714
31627,M St & Delaware Ave NE,incoming_trips,Polynomial Regression,val,1.8591488422505733,2.6902981152357706,0.6209736665643879,60.141709741509445,45.75588948773163
31627,M St & Delaware Ave NE,incoming_trips,Random Forest,test,1.9054785200068076,2.7358407215161007,0.6049420931403903,63.88741690263594,46.68947424046669
31627,M St & Delaware Ave NE,incoming_trips,Random Forest,val,1.8908154444071803,2.7350730694963814,0.6082523172847778,61.20107946751644,46.53524266043171
31627,M St & Delaware Ave NE,incoming_trips,Soft Two-Stage,test,1.801848926580292,2.733625156282228,0.6055816933513377,53.04348638926805,44.150263652661145
31627,M St & Delaware Ave NE,incoming_trips,Soft Two-Stage,val,1.7958830831513288,2.739513287982029,0.6069793295450769,52.013614089192174,44.19884305018108
31627,M St & Delaware Ave NE,incoming_trips,XGBoost,test,1.8250668086672115,2.729701007976885,0.6067132640174457,53.828667951535614,44.71916574010714
31627,M St & Delaware Ave NE,incoming_trips,XGBoost,val,1.822211424688736,2.743521965823156,0.6058282886252366,52.565640761490826,44.84681520733368
31627,M St & Delaware Ave NE,outgoing_trips,GAM,test,1.8937927574366409,2.882254458349653,0.5628888388910198,55.71711335356444,46.961470931395546
31627,M St & Delaware Ave NE,outgoing_trips,GAM,val,1.8596938015536657,2.76843858682726,0.6006953186844637,56.15958419300433,46.36038447730997
31627,M St & Delaware Ave NE,outgoing_trips,HistGradientBoosting,test,1.6757703769231096,2.618531290694464,0.6392197190105591,52.604459470948285,41.55504425420281
31627,M St & Delaware Ave NE,outgoing_trips,HistGradientBoosting,val,1.6981349812416924,2.6416561875545286,0.6364307027017697,52.90531700608496,42.33287789579298
31627,M St & Delaware Ave NE,outgoing_trips,LightGBM,test,1.6716255261696384,2.5976451800547293,0.6449521271843139,52.956395605044605,41.4522620002261
31627,M St & Delaware Ave NE,outgoing_trips,LightGBM,val,1.693608511268608,2.625392999634084,0.6408935052092378,52.96504273544296,42.220037336717134
31627,M St & Delaware Ave NE,outgoing_trips,Linear Regression,test,1.75963715213087,2.622324214726546,0.63817378668153,54.87529498383893,43.63473703503281
31627,M St & Delaware Ave NE,outgoing_trips,Linear Regression,val,1.7924869237443133,2.636198873161307,0.6379313237978728,55.588163201719546,44.68498141248383
31627,M St & Delaware Ave NE,outgoing_trips,Naive (same hour last week),test,2.308254366936865,3.551683221341793,0.3362634955831769,79.3830393517565,57.23911443293132
31627,M St & Delaware Ave NE,outgoing_trips,Naive (same hour last week),val,2.3585335306842765,3.5745026700919973,0.3343194533263989,81.1693095250525,58.79598092643052
31627,M St & Delaware Ave NE,outgoing_trips,Poisson,test,2.050841612840689,3.2028658238218712,0.4602349663418341,56.58886595140024,50.85590195026213
31627,M St & Delaware Ave NE,outgoing_trips,Poisson,val,2.076784249459166,3.200542490084217,0.4663189176007839,56.09114617665768,51.77224132322847
31627,M St & Delaware Ave NE,outgoing_trips,Polynomial Regression,test,1.8287278421272457,3.338431312946726,0.4135754450059058,61.538862145922856,45.34801871126365
31627,M St & Delaware Ave NE,outgoing_trips,Polynomial Regression,val,1.7607018012904647,2.7536879571297783,0.604939085663302,58.52938231709939,43.89260876684308
31627,M St & Delaware Ave NE,outgoing_trips,Random Forest,test,1.707524407266714,2.5514512591112446,0.6574674803489313,56.53333517755459,42.34246725340906
31627,M St & Delaware Ave NE,outgoing_trips,Random Forest,val,1.7283189925918605,2.564989042865004,0.6572277600778287,57.34013965913246,43.08533637583535
31627,M St & Delaware Ave NE,outgoing_trips,Soft Two-Stage,test,1.6693702484862143,2.5777287378959217,0.6503756409737582,52.52163819008422,41.39633657915959
31627,M St & Delaware Ave NE,outgoing_trips,Soft Two-Stage,val,1.6958732468527775,2.5997827857325526,0.6478653662978575,52.47790391132239,42.27649502471601
31627,M St & Delaware Ave NE,outgoing_trips,XGBoost,test,1.7089242088572416,2.611315388280244,0.6412053880525217,51.4221186844671,42.3771789405486
31627,M St & Delaware Ave NE,outgoing_trips,XGBoost,val,1.720783187375727,2.624840338647304,0.6410446774420047,51.68473447134265,42.89747597275491
31628,1st & I St SE,incoming_trips,GAM,test,1.5660243056630865,2.233254372826304,0.5803443822165273,66.11753362422107,55.97325917450002
31628,1st & I St SE,incoming_trips,GAM,val,1.561371186417746,2.3018047657265805,0.5974535254123021,61.1407363856068,53.998752285033326
31628,1st & I St SE,incoming_trips,HistGradientBoosting,test,1.3648209079729337,2.1838209293424944,0.598717054239557,56.65410485565261,48.78179357273699
31628,1st & I St SE,incoming_trips,HistGradientBoosting,val,1.4078008362444647,2.263812069582316,0.6106324093397593,54.77217629873354,48.68764665591091
31628,1st & I St SE,incoming_trips,LightGBM,test,1.3671046137260654,2.1815056682457103,0.5995674740552084,56.66405327446517,48.863418393971294
31628,1st & I St SE,incoming_trips,LightGBM,val,1.4070831246990314,2.2565521363341343,0.6131257700555146,54.85453134568316,48.66282518598044
31628,1st & I St SE,incoming_trips,Linear Regression,test,1.4305512546400694,2.1868912589623988,0.5975878984474943,60.30564560392983,51.1311451864538
31628,1st & I St SE,incoming_trips,Linear Regression,val,1.502889369646936,2.3008709447129005,0.5977800779606971,58.50349970565662,51.97620622778799
31628,1st & I St SE,incoming_trips,Naive (same hour last week),test,1.9286448224683184,3.046674252061304,0.2189682304720411,83.32157725751473,68.93413857830735
31628,1st & I St SE,incoming_trips,Naive (same hour last week),val,2.048275076853012,3.263940490557742,0.190599400762003,83.3209031563989,70.83792723263505
31628,1st & I St SE,incoming_trips,Poisson,test,1.5417210039529583,2.320334349593596,0.5469795640393922,55.64952192245124,55.10460407093758
31628,1st & I St SE,incoming_trips,Poisson,val,1.6222300353171093,2.448879060021189,0.5443685086873264,54.32163622854053,56.10350606469589
31628,1st & I St SE,incoming_trips,Polynomial Regression,test,1.4679376096739014,2.345494625990179,0.5371017492521974,61.41728535553773,52.46741827770221
31628,1st & I St SE,incoming_trips,Polynomial Regression,val,1.4996013696656514,2.3724449017136355,0.5723668858432408,61.01254614995375,51.862493423269086
31628,1st & I St SE,incoming_trips,Random Forest,test,1.4144155742358384,2.1577020022833224,0.6082584978288337,59.82752089667088,50.55441938599407
31628,1st & I St SE,incoming_trips,Random Forest,val,1.4436247399595572,2.2081471357601767,0.6295453294446229,57.1171875585282,49.92658722265234
31628,1st & I St SE,incoming_trips,Soft Two-Stage,test,1.3791366338521085,2.1650493542204847,0.6055860591183821,55.55270952370957,49.29347007227053
31628,1st & I St SE,incoming_trips,Soft Two-Stage,val,1.4152662617778649,2.2379485993879134,0.619478436236603,53.38577257346769,48.94583232475582
31628,1st & I St SE,incoming_trips,XGBoost,test,1.3800928509017691,2.174077154618773,0.602289955045298,54.26555378602352,49.327647437560586
31628,1st & I St SE,incoming_trips,XGBoost,val,1.4223509656447508,2.24843551629418,0.6159038700826631,52.362030997102494,49.19085104448671
31628,1st & I St SE,outgoing_trips,GAM,test,1.4150172893243322,2.069283768937856,0.5707373537171914,56.567310520391125,51.30235703957874
31628,1st & I St SE,outgoing_trips,GAM,val,1.4585024660331702,2.154877666722369,0.572566691211821,54.74723722933663,50.92437749620089
31628,1st & I St SE,outgoing_trips,HistGradientBoosting,test,1.317067152009226,2.071920730691962,0.5696426073714017,52.71891009136177,47.75111215053939
31628,1st & I St SE,outgoing_trips,HistGradientBoosting,val,1.3896854305773538,2.1582545354852574,0.5712259959484058,52.92425365901391,48.521594660150654
31628,1st & I St SE,outgoing_trips,LightGBM,test,1.3172295004727332,2.0741028128914034,0.5687356521059106,52.73949237707388,47.75699819794144
31628,1st & I St SE,outgoing_trips,LightGBM,val,1.385368008443767,2.1563840473569083,0.5719688825082798,52.78095940689224,48.37084960509483
31628,1st & I St SE,outgoing_trips,Linear Regression,test,1.38018533366077,2.083206151417765,0.5649416637735025,56.04443839734296,50.03950220429109
31628,1st & I St SE,outgoing_trips,Linear Regression,val,1.4657743207527514,2.177769240467528,0.5634370844818268,55.49795764537495,51.17827811238885
31628,1st & I St SE,outgoing_trips,Naive (same hour last week),test,1.8661947710925904,2.8773298883200527,0.1700301618458817,81.23073237782316,67.66008526842998
31628,1st & I St SE,outgoing_trips,Naive (same hour last week),val,1.9982921553000117,3.0482663248779165,0.1446793860527733,82.52367988959261,69.77141721327767
31628,1st & I St SE,outgoing_trips,Poisson,test,1.4741411847116177,2.17720926932448,0.5247924354382902,51.41643436143632,53.44593168959418
31628,1st & I St SE,outgoing_trips,Poisson,val,1.5623076117623882,2.287710534270333,0.5182460698205635,51.72159522443916,54.548788527565314
31628,1st & I St SE,outgoing_trips,Polynomial Regression,test,1.401247512379603,2.1371932502601543,0.5421000628843702,57.64241455810113,50.8031249676433
31628,1st & I St SE,outgoing_trips,Polynomial Regression,val,1.4424509819488665,2.180985371308565,0.5621466996452469,56.83639930065856,50.363931522388775
31628,1st & I St SE,outgoing_trips,Random Forest,test,1.354908069728877,2.0329223644512693,0.585690794165858,55.04172786187552,49.123058830064295
31628,1st & I St SE,outgoing_trips,Random Forest,val,1.4185861312336447,2.115036958823085,0.5882258836220364,54.37270263851508,49.53067776038601
31628,1st & I St SE,outgoing_trips,Soft Two-Stage,test,1.3277958274093096,2.059167000826348,0.5749244399164948,51.82660042326938,48.14008714051965
31628,1st & I St SE,outgoing_trips,Soft Two-Stage,val,1.3971838852946614,2.1436652459880503,0.5770032248108701,51.85579688620703,48.78340713394161
31628,1st & I St SE,outgoing_trips,XGBoost,test,1.3470356429899353,2.0840008899026667,0.56460965289151,50.89770333898815,48.83763896249366
31628,1st & I St SE,outgoing_trips,XGBoost,val,1.4171071809491196,2.1645104614876245,0.5687367010354671,50.95382995763088,49.47903943659757
31646,Maine Ave & 9th St SW,incoming_trips,GAM,test,1.3798506042231042,2.22793321727247,0.5189757227514138,62.48318900796818,58.56809188985351
31646,Maine Ave & 9th St SW,incoming_trips,GAM,val,1.4264941450811928,2.422460747230744,0.5248063780173002,59.8278790365811,55.29813336385274
31646,Maine Ave & 9th St SW,incoming_trips,HistGradientBoosting,test,1.2885078739626483,2.2213577908061484,0.5218108815943737,60.514497751821615,54.69102766058751
31646,Maine Ave & 9th St SW,incoming_trips,HistGradientBoosting,val,1.3601540544995605,2.415311778400296,0.5276069449267584,58.07016413431637,52.72645566787148
31646,Maine Ave & 9th St SW,incoming_trips,LightGBM,test,1.292638231581219,2.225845365316905,0.5198768600829224,60.24320477342352,54.86634168646975
31646,Maine Ave & 9th St SW,incoming_trips,LightGBM,val,1.3604797915973026,2.4207773605340157,0.5254665799893277,57.39784236334116,52.7390828865212
31646,Maine Ave & 9th St SW,incoming_trips,Linear Regression,test,1.359646291188651,2.201781350664495,0.530202137787302,62.54275648589067,57.710514947283365
31646,Maine Ave & 9th St SW,incoming_trips,Linear Regression,val,1.4195173963908991,2.3793100267226746,0.5415846249340533,61.56663709431376,55.02767927131248
31646,Maine Ave & 9th St SW,incoming_trips,Naive (same hour last week),test,1.829090078776116,3.094600108973046,0.0719492384707806,87.93308684797123,77.63616980034891
31646,Maine Ave & 9th St SW,incoming_trips,Naive (same hour last week),val,1.936923602413754,3.3887047747032755,0.0701249932419357,91.0905393112268,75.08496270468288
31646,Maine Ave & 9th St SW,incoming_trips,Poisson,test,1.4620068154120125,2.331652921030487,0.4731457761939535,58.21614503313642,62.05523210018325
31646,Maine Ave & 9th St SW,incoming_trips,Poisson,val,1.5515254181154647,2.5642115560495755,0.4675671877962979,57.20023788857862,60.14497836124873
31646,Maine Ave & 9th St SW,incoming_trips,Polynomial Regression,test,1.4010295764023508,2.3063236972161327,0.4845302534776029,65.04861825682214,59.46703847503485
31646,Maine Ave & 9th St SW,incoming_trips,Polynomial Regression,val,1.469768916418634,2.4666936066849474,0.5072943731359478,62.66462299694682,56.97568253919258
31646,Maine Ave & 9th St SW,incoming_trips,Random Forest,test,1.3321259709146287,2.1765261817357806,0.5409178045503837,61.16013075654488,56.54240831188812
31646,Maine Ave & 9th St SW,incoming_trips,Random Forest,val,1.374281885445803,2.3183391984794133,0.5647777775154617,57.88612897492852,53.27412190435842
31646,Maine Ave & 9th St SW,incoming_trips,Soft Two-Stage,test,1.2963645157318988,2.2004045079968617,0.5307895126397031,57.70225447254052,55.02450471649399
31646,Maine Ave & 9th St SW,incoming_trips,Soft Two-Stage,val,1.3679544224043343,2.4047824920683425,0.5317166586809978,55.32263555987375,53.028837409971615
31646,Maine Ave & 9th St SW,incoming_trips,XGBoost,test,1.3081522679199875,2.216712516576673,0.5238087560480603,57.317285517772255,55.52483870280661
31646,Maine Ave & 9th St SW,incoming_trips,XGBoost,val,1.384153211579627,2.417282387498762,0.5268357966106174,54.57024061183936,53.65678446971736
31646,Maine Ave & 9th St SW,outgoing_trips,GAM,test,1.362296438838574,2.295769836733081,0.4164936257793794,61.28411001369152,62.14120668569456
31646,Maine Ave & 9th St SW,outgoing_trips,GAM,val,1.4442068844579818,2.4989848063413582,0.4138459728954694,58.77265835956729,59.860637405353735
31646,Maine Ave & 9th St SW,outgoing_trips,HistGradientBoosting,test,1.270024115676922,2.2300778635412786,0.4494091787802049,57.94995421832857,57.9322009645566
31646,Maine Ave & 9th St SW,outgoing_trips,HistGradientBoosting,val,1.3580831274603202,2.427748101980788,0.4467877754506429,55.76458801133598,56.29091131894286
31646,Maine Ave & 9th St SW,outgoing_trips,LightGBM,test,1.2728696571562286,2.232548834572952,0.4481883714540522,57.80007155260596,58.06200045324137
31646,Maine Ave & 9th St SW,outgoing_trips,LightGBM,val,1.360035653277979,2.430157360576313,0.4456892326105923,55.48270837494743,56.37184116441949
31646,Maine Ave & 9th St SW,outgoing_trips,Linear Regression,test,1.3466314568291935,2.1790368160383444,0.4743241211575906,63.10301717623322,61.42664790317105
31646,Maine Ave & 9th St SW,outgoing_trips,Linear Regression,val,1.4208297658719582,2.385333723855517,0.4659488945650573,60.59807867103398,58.8916839719368
31646,Maine Ave & 9th St SW,outgoing_trips,Naive (same hour last week),test,1.809567302203448,3.0673454791753443,-0.0416319710557968,92.98489976600231,82.54348505364024
31646,Maine Ave & 9th St SW,outgoing_trips,Naive (same hour last week),val,1.9491062279403395,3.412760110578487,-0.0931909953144527,93.9005387686264,80.78810759792356
31646,Maine Ave & 9th St SW,outgoing_trips,Poisson,test,1.4618516408726283,2.3244931452273843,0.4018013161507668,60.88967198434175,66.68242121864053
31646,Maine Ave & 9th St SW,outgoing_trips,Poisson,val,1.5688205670156588,2.6126441295984377,0.3593142891217916,58.87507393813179,65.02572458753436
31646,Maine Ave & 9th St SW,outgoing_trips,Polynomial Regression,test,1.4259762191902752,2.437687969932792,0.3421223359522518,67.57455599864602,65.04596241999594
31646,Maine Ave & 9th St SW,outgoing_trips,Polynomial Regression,val,1.4585807308500578,2.5399402380864373,0.3944757807635247,61.83546655698583,60.45641604084973
31646,Maine Ave & 9th St SW,outgoing_trips,Random Forest,test,1.32059613729642,2.159697378342582,0.4836136952020492,62.47771115768107,60.23904575866755
31646,Maine Ave & 9th St SW,outgoing_trips,Random Forest,val,1.3811783920284677,2.3338794916995185,0.4887405160044878,58.81770197554721,57.24818224250132
31646,Maine Ave & 9th St SW,outgoing_trips,Soft Two-Stage,test,1.2885800244008003,2.2235842529872154,0.4526109656399349,56.77076614490074,58.77862948508806
31646,Maine Ave & 9th St SW,outgoing_trips,Soft Two-Stage,val,1.3618077472198802,2.409898603413809,0.4548926200210724,53.64591019237657,56.445292325777295
31646,Maine Ave & 9th St SW,outgoing_trips,XGBoost,test,1.2887111344112985,2.211168149481938,0.4587069467921904,56.50439134461814,58.78461007347444
31646,Maine Ave & 9th St SW,outgoing_trips,XGBoost,val,1.3733161003183625,2.4172667679285227,0.4515542381502281,53.82355726426987,56.92229971258224
