station_id,station_name,target,model,phase,MAE,RMSE,R2,MAPE,WMAPE
31101,14th & V St NW,incoming_trips,GAM,test,2.03401055747416,2.95364582288376,0.6605197378854585,58.173808756101465,42.4208259272255
31101,14th & V St NW,incoming_trips,GAM,val,1.896797748087064,2.729961314978444,0.6723388259102254,55.84914773986364,42.03036208958469
31101,14th & V St NW,incoming_trips,HistGradientBoosting,test,2.014031933209889,3.055347917951943,0.6367387798867348,50.65612954534696,42.004156633614514
31101,14th & V St NW,incoming_trips,HistGradientBoosting,val,1.85876828990945,2.7899543432486658,0.6577793673834447,49.87197469636579,41.18768294844388
31101,14th & V St NW,incoming_trips,LightGBM,test,1.9968421801938945,3.0265542335265376,0.6435532856630592,51.27557086053638,41.64565135558436
31101,14th & V St NW,incoming_trips,LightGBM,val,1.846747150877409,2.769237392718096,0.662842851819345,50.33737934764355,40.921311466953306
31101,14th & V St NW,incoming_trips,Linear Regression,test,2.0120351948020017,2.97176301646875,0.6563423294381435,54.8980384243939,41.962513146508726
31101,14th & V St NW,incoming_trips,Linear Regression,val,1.9011760462409208,2.749354677867609,0.6676669481777626,54.04226110967984,42.127378999757816
31101,14th & V St NW,incoming_trips,Naive (same hour last week),test,2.652243406781596,3.964118664346606,0.3885077071610457,77.22275244918802,55.3145387875613
31101,14th & V St NW,incoming_trips,Naive (same hour last week),val,2.4687464419902083,3.7051619370919737,0.3964317513915923,76.35348414888118,54.70393823952367
31101,14th & V St NW,incoming_trips,Poisson,test,2.258433889033306,3.3883333851466224,0.5532444416508289,58.81981385139285,47.10134395457576
31101,14th & V St NW,incoming_trips,Poisson,val,2.1150166865562565,3.12846165096086,0.5696976987000568,56.10663904066787,46.86578590212075
31101,14th & V St NW,incoming_trips,Polynomial Regression,test,2.053117591015761,3.062831069119511,0.6349572037318121,58.92820334210366,42.8193175382329
31101,14th & V St NW,incoming_trips,Polynomial Regression,val,1.8843493972997771,2.8935715075024304,0.6318876093636016,55.25263020906491,41.754524198309525
31101,14th & V St NW,incoming_trips,Random Forest,test,1.972930801677945,2.916400813474818,0.6690273432161765,53.16860183927309,41.14696150268375
31101,14th & V St NW,incoming_trips,Random Forest,val,1.827539505309075,2.672533566962063,0.6859792586217106,51.916338767223976,40.49569713936374
31101,14th & V St NW,incoming_trips,Soft Two-Stage,test,2.0092969174095927,3.0433184205021675,0.6395936085770547,50.24404388982534,41.90540430399215
31101,14th & V St NW,incoming_trips,Soft Two-Stage,val,1.860694734678591,2.777516019040585,0.6608239781843864,49.4205490729496,41.23037024669391
31101,14th & V St NW,incoming_trips,XGBoost,test,2.0827005216534493,3.1472819462797434,0.6145491606069272,47.963523946945536,43.436291892858144
31101,14th & V St NW,incoming_trips,XGBoost,val,1.9198393899830704,2.847271621085592,0.6435736556631263,47.8364919214646,42.54093236678182
31101,14th & V St NW,outgoing_trips,GAM,test,2.1846275075886945,3.138846246514294,0.5480259005481287,59.26206018854687,45.47651291434602
31101,14th & V St NW,outgoing_trips,GAM,val,2.0939063840356438,3.081732142099173,0.5912491173942009,56.38629045799782,44.875261751464194
31101,14th & V St NW,outgoing_trips,HistGradientBoosting,test,2.114946172760732,3.1513054452768343,0.544430686965511,54.8620522990454,44.02598456926884
31101,14th & V St NW,outgoing_trips,HistGradientBoosting,val,1.99388786467172,3.0048480929793557,0.6113900013054174,52.28855547105684,42.731728845375336
31101,14th & V St NW,outgoing_trips,LightGBM,test,2.1295144470962644,3.182908169603964,0.5352475578430128,54.1569086823196,44.329246481726784
31101,14th & V St NW,outgoing_trips,LightGBM,val,2.0056078610267782,3.0291523091249157,0.6050781627633125,51.71654916167535,42.982904307740455
31101,14th & V St NW,outgoing_trips,Linear Regression,test,2.1477129018077674,3.0810919603840667,0.564505390007887,58.487408660319865,44.70807640025247
31101,14th & V St NW,outgoing_trips,Linear Regression,val,2.0788048653230304,2.9795248435558417,0.6179123950116037,57.589986850597406,44.551615665736605
31101,14th & V St NW,outgoing_trips,Naive (same hour last week),test,2.8097956387715493,4.1148735143712365,0.2232407334952554,81.68554851607006,58.49038667205362
31101,14th & V St NW,outgoing_trips,Naive (same hour last week),val,2.670272116588865,3.974113549450751,0.3202496015410845,80.28558412525948,57.22756332048217
31101,14th & V St NW,outgoing_trips,Poisson,test,2.437012396642135,3.4853947702807404,0.4427149236759413,64.99048795385015,50.73030772675919
31101,14th & V St NW,outgoing_trips,Poisson,val,2.371418090127976,3.524146097482417,0.4654642750959691,60.882923825257166,50.82271505927971
31101,14th & V St NW,outgoing_trips,Polynomial Regression,test,2.1742957000121,3.180415034926107,0.5359753429842253,60.554870336319134,45.26143982794872
31101,14th & V St NW,outgoing_trips,Polynomial Regression,val,2.016767814321831,2.9837297384072783,0.6168331813903649,57.47153939102783,43.222077285609885
31101,14th & V St NW,outgoing_trips,Random Forest,test,2.1633269163484314,3.1522566615838787,0.5441556197787205,59.19067838923695,45.03310706632105
31101,14th & V St NW,outgoing_trips,Random Forest,val,2.052488482627326,2.9926031095501835,0.6145507782743584,56.33368410295606,43.98761979141038
31101,14th & V St NW,outgoing_trips,Soft Two-Stage,test,2.151273468246552,3.2003720380620635,0.5301335919957971,53.37629671490453,44.78219528096478
31101,14th & V St NW,outgoing_trips,Soft Two-Stage,val,2.0314622229531105,3.047649100375112,0.6002404467959015,51.05258561216134,43.53699844858027
31101,14th & V St NW,outgoing_trips,XGBoost,test,2.1730975718258527,3.19344210801382,0.5321662406727095,51.94529154604864,45.2364988749736
31101,14th & V St NW,outgoing_trips,XGBoost,val,2.0498880880058707,3.0495842902583976,0.5997326086357602,49.76812336372806,43.93188979785165
31104,Adams Mill & Columbia Rd NW,incoming_trips,GAM,test,2.5458754066292903,3.7358089873075424,0.1416021655236581,73.3777124631353,65.15126270682781
31104,Adams Mill & Columbia Rd NW,incoming_trips,GAM,val,1.9426419367862484,2.967527563047682,0.3712238397514121,60.890524014153854,57.84981396485258
31104,Adams Mill & Columbia Rd NW,incoming_trips,HistGradientBoosting,test,1.8518920830553427,2.881368730942467,0.4893574903050183,48.75981484411496,47.39159948427192
31104,Adams Mill & Columbia Rd NW,incoming_trips,HistGradientBoosting,val,1.648617412879518,2.621871237338949,0.5091720755918989,49.86093150303687,49.094075870756114
31104,Adams Mill & Columbia Rd NW,incoming_trips,LightGBM,test,1.8773032291836227,2.914660804209638,0.477489130069188,48.86719094732271,48.04189378098972
31104,Adams Mill & Columbia Rd NW,incoming_trips,LightGBM,val,1.6630125976703003,2.6446201399814804,0.5006176988333304,49.363496855654745,49.52274918742201
31104,Adams Mill & Columbia Rd NW,incoming_trips,Linear Regression,test,1.7796072252263937,2.5801626578683567,0.5905381359383115,51.71452150646976,45.54176435491858
31104,Adams Mill & Columbia Rd NW,incoming_trips,Linear Regression,val,1.6834602026528709,2.478017386191329,0.5615548780120933,53.2423855653476,50.13165715026842
31104,Adams Mill & Columbia Rd NW,incoming_trips,Naive (same hour last week),test,2.240895079346957,3.348979529434564,0.3101665108867929,76.31364675142292,57.3465392818535
31104,Adams Mill & Columbia Rd NW,incoming_trips,Naive (same hour last week),val,2.208470909711944,3.4064822909480448,0.1714498210955357,79.76942375010009,65.76591849189666
31104,Adams Mill & Columbia Rd NW,incoming_trips,Poisson,test,2.1334833836903027,3.379174941694498,0.2976709370390229,58.4465659558476,54.59777648564981
31104,Adams Mill & Columbia Rd NW,incoming_trips,Poisson,val,1.8891331012424204,2.959684413026355,0.3745431475458618,56.90227454764485,56.25637766397293
31104,Adams Mill & Columbia Rd NW,incoming_trips,Polynomial Regression,test,1.7615097196165923,2.5995589881919243,0.5843587505499666,57.47993877430878,45.07863275812
31104,Adams Mill & Columbia Rd NW,incoming_trips,Polynomial Regression,val,1.655263342912586,2.47440750715266,0.5628313670567806,57.15855240285036,49.29198460975535
31104,Adams Mill & Columbia Rd NW,incoming_trips,Random Forest,test,1.7221196051644816,2.552628574516659,0.5992306121618793,51.75751909081345,44.07060397240686
31104,Adams Mill & Columbia Rd NW,incoming_trips,Random Forest,val,1.6410671642805876,2.4601776436697107,0.5678450622259162,53.79214361892777,48.86923748517123
31104,Adams Mill & Columbia Rd NW,incoming_trips,Soft Two-Stage,test,1.890913287202096,2.900522351811292,0.4825460323344418,48.64873418611025,48.39018752038788
31104,Adams Mill & Columbia Rd NW,incoming_trips,Soft Two-Stage,val,1.6793946760865053,2.6388743678570457,0.5027852841611979,49.51589153096991,50.010590086349005
31104,Adams Mill & Columbia Rd NW,incoming_trips,XGBoost,test,1.882420019688986,2.8676008272369304,0.4942257878843159,46.85882693657759,48.17283709485444
31104,Adams Mill & Columbia Rd NW,incoming_trips,XGBoost,val,1.6857100645439769,2.619101293860513,0.5102086233939603,48.52636444945701,50.19865564823268
31104,Adams Mill & Columbia Rd NW,outgoing_trips,GAM,test,2.550286623950805,3.613969997375229,0.1734270787869332,77.17985403875586,62.027491570224925
31104,Adams Mill & Columbia Rd NW,outgoing_trips,GAM,val,2.0304399673543854,2.8619414494400246,0.4146570369132357,61.66993081738038,53.69066455900517
31104,Adams Mill & Columbia Rd NW,outgoing_trips,HistGradientBoosting,test,1.9476607271625836,2.971537106515987,0.4411768313162766,51.97698021857127,47.370561489509534
31104,Adams Mill & Columbia Rd NW,outgoing_trips,HistGradientBoosting,val,1.872126426073864,2.819192818383406,0.4320128984969082,53.21728830862369,49.50439981998117
31104,Adams Mill & Columbia Rd NW,outgoing_trips,LightGBM,test,1.937126859448054,2.952560451128672,0.4482914882068892,51.82688334205891,47.114359153376576
31104,Adams Mill & Columbia Rd NW,outgoing_trips,LightGBM,val,1.86233005239884,2.807202830469776,0.4368339073211875,52.90195599346266,49.24535556290534
31104,Adams Mill & Columbia Rd NW,outgoing_trips,Linear Regression,test,1.966416916676901,2.743211711284072,0.5237546587161119,57.964735566136014,47.82674526746724
31104,Adams Mill & Columbia Rd NW,outgoing_trips,Linear Regression,val,1.9135155405662845,2.6706357552306548,0.490295778108517,56.65030318275935,50.598846884822144
31104,Adams Mill & Columbia Rd NW,outgoing_trips,Naive (same hour last week),test,2.469916657152643,3.618841738303381,0.1711970861248196,82.48624407609918,60.07275150640047
31104,Adams Mill & Columbia Rd NW,outgoing_trips,Naive (same hour last week),val,2.514858248889901,3.665633188721573,0.0397442409289249,83.01116406988332,66.50007526719855
31104,Adams Mill & Columbia Rd NW,outgoing_trips,Poisson,test,2.528563427728813,3.749151218663152,0.1104343526313469,75.45239836525236,61.49914492954397
31104,Adams Mill & Columbia Rd NW,outgoing_trips,Poisson,val,2.2269909774868637,3.2601839694377506,0.2404206878497939,65.25375251817887,58.88803779999133
31104,Adams Mill & Columbia Rd NW,outgoing_trips,Polynomial Regression,test,2.017489236311396,2.934882374527364,0.454878277972126,67.08127625129012,49.06891461653157
31104,Adams Mill & Columbia Rd NW,outgoing_trips,Polynomial Regression,val,1.9254819441103048,2.751834815361001,0.4588300983332953,62.501019440676174,50.915272964385984
31104,Adams Mill & Columbia Rd NW,outgoing_trips,Random Forest,test,1.8919165412190464,2.696200134787052,0.5399380243328837,61.17470472947016,46.01476407002368
31104,Adams Mill & Columbia Rd NW,outgoing_trips,Random Forest,val,1.848189647352296,2.646067638704082,0.4996305392268907,59.65581898507863,48.87144263945571
31104,Adams Mill & Columbia Rd NW,outgoing_trips,Soft Two-Stage,test,1.9809192916247156,2.9933529374326318,0.4329414011423924,51.52875755513193,48.179468734459455
31104,Adams Mill & Columbia Rd NW,outgoing_trips,Soft Two-Stage,val,1.904850172407197,2.8468966623921346,0.4207949775682579,52.457498568960304,50.36970966205752
31104,Adams Mill & Columbia Rd NW,outgoing_trips,XGBoost,test,1.893740648609605,2.768974330492401,0.5147674263756516,53.97608203506971,46.059129595344814
31104,Adams Mill & Columbia Rd NW,outgoing_trips,XGBoost,val,1.8889309897099456,2.7442985628104752,0.4617901658691564,53.94424202582109,49.94876074852462
31107,Lamont & Mt Pleasant NW,incoming_trips,GAM,test,1.771082822893101,2.629050155671908,0.4770143063609738,59.518384349122336,53.42096644416361
31107,Lamont & Mt Pleasant NW,incoming_trips,GAM,val,1.5085789141971184,2.209358520466021,0.4971575407794911,57.05282551413083,54.57104037641388
31107,Lamont & Mt Pleasant NW,incoming_trips,HistGradientBoosting,test,1.764483973995246,2.804013876986094,0.4050884739646246,51.07955615998087,53.221926127705366
31107,Lamont & Mt Pleasant NW,incoming_trips,HistGradientBoosting,val,1.467833008195679,2.331085361104268,0.440221900091495,51.06810696503366,53.09710589366824
31107,Lamont & Mt Pleasant NW,incoming_trips,LightGBM,test,1.771361843287595,2.8209060003709667,0.3978990738942709,51.25782361501492,53.4293825040671
31107,Lamont & Mt Pleasant NW,incoming_trips,LightGBM,val,1.4700468677159009,2.3296441868819318,0.4409138424817662,51.39162373034935,53.17718961758138
31107,Lamont & Mt Pleasant NW,incoming_trips,Linear Regression,test,1.6845669307210511,2.441492256874344,0.5489727637211328,51.65713111340694,50.81139759008811
31107,Lamont & Mt Pleasant NW,incoming_trips,Linear Regression,val,1.4787057179962138,2.1476134661400432,0.5248707291792976,51.55039523951916,53.49041318435233
31107,Lamont & Mt Pleasant NW,incoming_trips,Naive (same hour last week),test,2.0289987441488755,3.085677648954846,0.2795677007064653,78.72482811760737,61.20045456110748
31107,Lamont & Mt Pleasant NW,incoming_trips,Naive (same hour last week),val,1.8760104747808264,2.812987721320621,0.1848543365633188,82.0227376836339,67.86243822075782
31107,Lamont & Mt Pleasant NW,incoming_trips,Poisson,test,2.4984345035057487,4.573890991474057,-0.5829372016895866,75.39661726937297,75.35999110233428
31107,Lamont & Mt Pleasant NW,incoming_trips,Poisson,val,1.7846774871313602,2.873147463386568,0.1496154079684193,63.87882115072283,64.55857648053845
31107,Lamont & Mt Pleasant NW,incoming_trips,Polynomial Regression,test,1.6786628863436612,2.434265548508111,0.5516388531921215,61.82896979234594,50.63331458205905
31107,Lamont & Mt Pleasant NW,incoming_trips,Polynomial Regression,val,1.483540366808135,2.171222759310484,0.5143668608248454,60.72640943856256,53.665300830625405
31107,Lamont & Mt Pleasant NW,incoming_trips,Random Forest,test,1.6604777991061612,2.4687775554614677,0.5388353742217686,52.77418569418892,50.08479989796779
31107,Lamont & Mt Pleasant NW,incoming_trips,Random Forest,val,1.4555787404324718,2.127144485259643,0.533884516332206,54.41634497145471,52.65382239381549
31107,Lamont & Mt Pleasant NW,incoming_trips,Soft Two-Stage,test,1.79145730872631,2.826380141675837,0.3955599788800928,51.04171513390855,54.03551970499586
31107,Lamont & Mt Pleasant NW,incoming_trips,Soft Two-Stage,val,1.4871023343753464,2.321103120810865,0.4450058306968435,51.27318684120332,53.79415075295992
31107,Lamont & Mt Pleasant NW,incoming_trips,XGBoost,test,1.743322623699144,2.69653612738634,0.4498203123929239,48.90732787766681,52.583638765042885
31107,Lamont & Mt Pleasant NW,incoming_trips,XGBoost,val,1.479942921807962,2.263208411688118,0.4723467144730487,50.1334519315152,53.53516755452772
31107,Lamont & Mt Pleasant NW,outgoing_trips,GAM,test,1.979260345302962,2.858761356174258,0.4109281732656732,61.02804146213619,53.91994701576464
31107,Lamont & Mt Pleasant NW,outgoing_trips,GAM,val,1.6753228788165797,2.406997813605121,0.4565384964423342,57.5444187962715,54.15664646538836
31107,Lamont & Mt Pleasant NW,outgoing_trips,HistGradientBoosting,test,1.9850741631704096,3.042825440859496,0.3326302395508493,53.90163400954757,54.078329793510896
31107,Lamont & Mt Pleasant NW,outgoing_trips,HistGradientBoosting,val,1.6597369612622714,2.56351081587991,0.3835644130192446,53.353461104967536,53.652814614525326
31107,Lamont & Mt Pleasant NW,outgoing_trips,LightGBM,test,1.9739231445785772,3.0233127106351194,0.3411620811499113,53.96283928531187,53.77454846778975
31107,Lamont & Mt Pleasant NW,outgoing_trips,LightGBM,val,1.648326637286179,2.5440470602763523,0.3928895953838403,53.50233065763674,53.283963398176326
31107,Lamont & Mt Pleasant NW,outgoing_trips,Linear Regression,test,1.8844181176563943,2.660589108291307,0.4897675630089737,56.06326360777818,51.33621016593791
31107,Lamont & Mt Pleasant NW,outgoing_trips,Linear Regression,val,1.6535144279732976,2.362383758450553,0.4764980656516725,55.05828249144615,53.45166441254867
31107,Lamont & Mt Pleasant NW,outgoing_trips,Naive (same hour last week),test,2.352551661148533,3.440356717566248,0.1468617822904178,84.17732020485052,64.08932570291117
31107,Lamont & Mt Pleasant NW,outgoing_trips,Naive (same hour last week),val,2.1162472959125584,3.1191927710881338,0.0873551114828304,83.76568357298122,68.41001104159
31107,Lamont & Mt Pleasant NW,outgoing_trips,Poisson,test,2.663456986264636,4.359238530188074,-0.369726045070532,81.49764529906646,72.55915570630737
31107,Lamont & Mt Pleasant NW,outgoing_trips,Poisson,val,1.938804661057617,2.936176257063229,0.1913108070336837,68.20866148372544,62.673983577729295
31107,Lamont & Mt Pleasant NW,outgoing_trips,Polynomial Regression,test,2.012773475570711,2.802550365689658,0.4338659200088671,71.54675064803166,54.83292757067634
31107,Lamont & Mt Pleasant NW,outgoing_trips,Polynomial Regression,val,1.728559430461204,2.4638811684488062,0.4305482776143985,64.64302130674606,55.8775762890716
31107,Lamont & Mt Pleasant NW,outgoing_trips,Random Forest,test,2.0132525608631475,2.8906994772510965,0.3976924118653716,64.26458316835367,54.845979038941
31107,Lamont & Mt Pleasant NW,outgoing_trips,Random Forest,val,1.715937688000255,2.480496696629444,0.4228420257451896,60.56460841780411,55.46956464374766
31107,Lamont & Mt Pleasant NW,outgoing_trips,Soft Two-Stage,test,1.9586769926114775,2.966830724917864,0.3655491511723732,53.06546000653846,53.35920558062931
31107,Lamont & Mt Pleasant NW,outgoing_trips,Soft Two-Stage,val,1.6497227330052644,2.507572147499485,0.4101735159755764,52.42295358742884,53.32909372096148
31107,Lamont & Mt Pleasant NW,outgoing_trips,XGBoost,test,1.9903350324589224,2.972412568757961,0.3631595729859475,51.289602629689846,54.22164888438573
31107,Lamont & Mt Pleasant NW,outgoing_trips,XGBoost,val,1.6698476077456568,2.505779708149173,0.4110164431407005,51.15105899603125,53.97965233283071
31108,4th & M St SW,incoming_trips,GAM,test,1.484458653109429,2.2669555986216907,0.5664776880024583,53.37429842980039,47.834498354004445
31108,4th & M St SW,incoming_trips,GAM,val,1.408464972350114,2.140254815087747,0.5860021786112661,54.67303730433424,48.69144238428345
31108,4th & M St SW,incoming_trips,HistGradientBoosting,test,1.4345338591606704,2.2455389226797187,0.5746302512959285,52.02685789197334,46.22574524460419
31108,4th & M St SW,incoming_trips,HistGradientBoosting,val,1.3721005321408328,2.1564351138658324,0.5797188808536036,53.882845297133855,47.43430281741689
31108,4th & M St SW,incoming_trips,LightGBM,test,1.4383498365583007,2.2525730424681494,0.57196114759409,52.13574584492314,46.348709507814576
31108,4th & M St SW,incoming_trips,LightGBM,val,1.3722340978375995,2.1545681048431566,0.5804463119358756,53.98006730642708,47.43892026020482
31108,4th & M St SW,incoming_trips,Linear Regression,test,1.4664496334398551,2.212620267386664,0.5870103208442305,53.5413423180018,47.25418416341583
31108,4th & M St SW,incoming_trips,Linear Regression,val,1.424008938208026,2.148727665400326,0.5827178175369918,55.68994217113211,49.22880620436548
31108,4th & M St SW,incoming_trips,Naive (same hour last week),test,1.9469117479164288,3.0011034238218017,0.240220886008132,79.55355169275045,62.73636965639026
31108,4th & M St SW,incoming_trips,Naive (same hour last week),val,1.894910622794034,2.941708533291888,0.2178926437778842,80.11539787948827,65.50814768165
31108,4th & M St SW,incoming_trips,Poisson,test,1.6264534186728397,2.42648802540738,0.503314214692348,52.81567348321396,52.41007098136783
31108,4th & M St SW,incoming_trips,Poisson,val,1.575744562001943,2.303039355899653,0.5206311504193275,54.395659336076186,54.47439379698915
31108,4th & M St SW,incoming_trips,Polynomial Regression,test,1.537508562573064,2.353385936820172,0.5327904256855613,54.59710761083391,49.54395371781865
31108,4th & M St SW,incoming_trips,Polynomial Regression,val,1.4577250224020435,2.2003549414564687,0.5624249248642781,55.99159774656557,50.39439058394532
31108,4th & M St SW,incoming_trips,Random Forest,test,1.5270841847888004,2.308502767463737,0.5504414878199719,56.87876950310735,49.20804346466449
31108,4th & M St SW,incoming_trips,Random Forest,val,1.442629389482845,2.170848173771279,0.5740820031929408,57.78670214508024,49.872525890844
31108,4th & M St SW,incoming_trips,Soft Two-Stage,test,1.4505290686085928,2.2518023983077184,0.572253976469743,50.804338258254674,46.741167360542505
31108,4th & M St SW,incoming_trips,Soft Two-Stage,val,1.379912056521238,2.1469023507677822,0.5834264673777021,52.66597350042637,47.70435169812656
31108,4th & M St SW,incoming_trips,XGBoost,test,1.4540966939116446,2.24766627922585,0.5738239043169231,48.92373293140528,46.85612884251378
31108,4th & M St SW,incoming_trips,XGBoost,val,1.3934575166386352,2.155855099828358,0.5799449355714914,51.81394164358655,48.17262602785615
31108,4th & M St SW,outgoing_trips,GAM,test,1.4248056998296206,2.0953390035654103,0.5777661346665204,53.41680376333472,46.73584662699939
31108,4th & M St SW,outgoing_trips,GAM,val,1.3456352700265812,1.9569096387874856,0.5795654813650847,54.76371894548488,47.46281103828546
31108,4th & M St SW,outgoing_trips,HistGradientBoosting,test,1.4265378232285415,2.2091707634044813,0.5306432773460157,52.23412322751743,46.79266297291988
31108,4th & M St SW,outgoing_trips,HistGradientBoosting,val,1.3127960275203894,2.014919100088582,0.5542698125266095,52.88403933646904,46.30451592189703
31108,4th & M St SW,outgoing_trips,LightGBM,test,1.4282585016197007,2.216008873525549,0.5277331535494021,52.256770314413046,46.84910390475586
31108,4th & M St SW,outgoing_trips,LightGBM,val,1.3149903825944238,2.0186588554950564,0.5526136975898069,52.75553898826092,46.38191450273813
31108,4th & M St SW,outgoing_trips,Linear Regression,test,1.4139677112914375,2.1308265810319083,0.5633427451819621,52.453206807252286,46.38034371868967
31108,4th & M St SW,outgoing_trips,Linear Regression,val,1.3388366188897205,1.9768848735746665,0.5709384697356803,54.58207013022657,47.223011219261934
31108,4th & M St SW,outgoing_trips,Naive (same hour last week),test,1.8833200137001944,2.857221958358974,0.2148865330560531,77.00398800835713,61.77583043103772
31108,4th & M St SW,outgoing_trips,Naive (same hour last week),val,1.805077991574633,2.721628930032641,0.1867676505387977,79.55229536201895,63.6681257780812
31108,4th & M St SW,outgoing_trips,Poisson,test,1.548342716780858,2.236435159085541,0.5189866930983245,52.32689798812442,50.78805323852576
31108,4th & M St SW,outgoing_trips,Poisson,val,1.4561556641555349,2.068183180041109,0.5303927163185473,52.56816134307113,51.361050553303336
31108,4th & M St SW,outgoing_trips,Polynomial Regression,test,1.457876704020607,2.280081194227608,0.5000286784867873,52.66391081499568,47.82062708503352
31108,4th & M St SW,outgoing_trips,Polynomial Regression,val,1.3572699699765856,2.0114798771856144,0.5557901288271757,54.919951874143415,47.87318640337476
31108,4th & M St SW,outgoing_trips,Random Forest,test,1.4288893489402037,2.1358098378900108,0.5612979802996343,53.091168054312,46.869796679651145
31108,4th & M St SW,outgoing_trips,Random Forest,val,1.3328608952410232,1.9687252032754743,0.5744730967770749,53.40754924873965,47.0122374318377
31108,4th & M St SW,outgoing_trips,Soft Two-Stage,test,1.4318038114757283,2.201644026682224,0.5338360648561551,49.82297657533599,46.96539559119165
31108,4th & M St SW,outgoing_trips,Soft Two-Stage,val,1.329809146856513,2.010194827691528,0.5563575213589879,50.9037316705925,46.90459715208527
31108,4th & M St SW,outgoing_trips,XGBoost,test,1.4441714802717878,2.218932971961977,0.526485987193734,49.23470836276962,47.371074395014
31108,4th & M St SW,outgoing_trips,XGBoost,val,1.3316725252858972,2.0157085144205085,0.5539204836369744,50.526411367853306,46.970321632006886
31114,18th St & Wyoming Ave NW,incoming_trips,GAM,test,3.0523126296238874,4.421337289533792,-0.6934969728912679,140.63377807953376,114.05804745254108
31114,18th St & Wyoming Ave NW,incoming_trips,GAM,val,2.1214768107808903,3.110374214332538,0.1830474573370921,89.41471627098973,76.87169779730418
31114,18th St & Wyoming Ave NW,incoming_trips,HistGradientBoosting,test,1.3548523873694662,2.207325780408635,0.5779052000902407,51.11299942736104,50.62778183007318
31114,18th St & Wyoming Ave NW,incoming_trips,HistGradientBoosting,val,1.4018852254731655,2.257300769189375,0.5697207507468771,52.1261986511514,50.7973016020909
31114,18th St & Wyoming Ave NW,incoming_trips,LightGBM,test,1.3554189229310474,2.21152934353497,0.5762960206790184,51.03827194564061,50.64895198785428
31114,18th St & Wyoming Ave NW,incoming_trips,LightGBM,val,1.4039285242615802,2.261785259063956,0.5680094150881017,52.10807355342724,50.87134051977994
31114,18th St & Wyoming Ave NW,incoming_trips,Linear Regression,test,1.4305354528326606,2.1595751968626016,0.5959698337153552,55.80414322037307,53.45588750580749
31114,18th St & Wyoming Ave NW,incoming_trips,Linear Regression,val,1.4749293194364328,2.2004543415618545,0.5911196250340285,56.52656314071319,53.444053849623295
31114,18th St & Wyoming Ave NW,incoming_trips,Naive (same hour last week),test,1.8059139171138257,2.880106047698068,0.2813886228767994,80.8676598045572,67.48293515358363
31114,18th St & Wyoming Ave NW,incoming_trips,Naive (same hour last week),val,1.9118752134805876,2.9836550448815826,0.2482580873317288,84.90591447604227,69.27678534593011
31114,18th St & Wyoming Ave NW,incoming_trips,Poisson,test,1.54859449966023,2.3658051848797745,0.515119086713413,55.554785527224674,57.86748815069947
31114,18th St & Wyoming Ave NW,incoming_trips,Poisson,val,1.594897198158463,2.411248254899582,0.5090295028797465,56.88797455312498,57.79108911846933
31114,18th St & Wyoming Ave NW,incoming_trips,Polynomial Regression,test,1.4795460046956277,2.188421381813628,0.5851042088270046,59.85903605802331,55.28730142973123
31114,18th St & Wyoming Ave NW,incoming_trips,Polynomial Regression,val,1.4833937017545844,2.238200445637386,0.5769716252168726,57.589315873849664,53.750760685302666
31114,18th St & Wyoming Ave NW,incoming_trips,Random Forest,test,1.712424356762587,2.708665856848044,0.3643939866168727,75.47526943273827,63.989440874076365
31114,18th St & Wyoming Ave NW,incoming_trips,Random Forest,val,1.6014311600672402,2.4888640090585974,0.4769130587667862,66.65003305897021,58.02784718375581
31114,18th St & Wyoming Ave NW,incoming_trips,Soft Two-Stage,test,1.390812701005209,2.234494761143529,0.5674505022717196,50.73633879650372,51.97153774788662
31114,18th St & Wyoming Ave NW,incoming_trips,Soft Two-Stage,val,1.4297852516351943,2.274551267929917,0.5631191550875252,51.24187048400833,51.80825886015064
31114,18th St & Wyoming Ave NW,incoming_trips,XGBoost,test,1.3886816183194737,2.202221062489979,0.5798552370349557,50.28644344768654,51.891903988311725
31114,18th St & Wyoming Ave NW,incoming_trips,XGBoost,val,1.434219985915997,2.2486083046927448,0.5730282282000243,51.44929472567017,51.96895142662734
31114,18th St & Wyoming Ave NW,outgoing_trips,GAM,test,3.737082170266268,5.468427263028532,-1.651301306705122,163.57103863264015,126.60260193139524
31114,18th St & Wyoming Ave NW,outgoing_trips,GAM,val,2.5229579926772634,3.698680054820976,-0.2084572278080341,99.5613341886116,82.3943632396981
31114,18th St & Wyoming Ave NW,outgoing_trips,HistGradientBoosting,test,1.566423383229926,2.4640423313346504,0.4616923702590793,55.67279706576356,53.06634079950076
31114,18th St & Wyoming Ave NW,outgoing_trips,HistGradientBoosting,val,1.5906816853978232,2.4687939361251523,0.4615970425023201,54.03055032482618,51.94823099148167
31114,18th St & Wyoming Ave NW,outgoing_trips,LightGBM,test,1.5683800828427228,2.470838719546566,0.4587187255817259,54.48557683048229,53.13262868156801
31114,18th St & Wyoming Ave NW,outgoing_trips,LightGBM,val,1.6038273070450852,2.484492687472074,0.4547279981136729,52.971795846954784,52.37753862488653
31114,18th St & Wyoming Ave NW,outgoing_trips,Linear Regression,test,1.6720835565513388,2.4125210735452267,0.4839682332669471,62.12903684240633,56.645832031843646
31114,18th St & Wyoming Ave NW,outgoing_trips,Linear Regression,val,1.6787145437824875,2.407681380404099,0.4879223970755316,60.23405042695621,54.82319416242132
31114,18th St & Wyoming Ave NW,outgoing_trips,Naive (same hour last week),test,2.139741979678045,3.249667358072329,0.0637064699251495,89.74357316726433,72.488880293947
31114,18th St & Wyoming Ave NW,outgoing_trips,Naive (same hour last week),val,2.173858590458841,3.2964120931927727,0.0401115847315296,88.32549402764893,70.993530155425
31114,18th St & Wyoming Ave NW,outgoing_trips,Poisson,test,1.794240744157764,2.59633616030787,0.4023374407185062,63.58675589368098,60.78419910298919
31114,18th St & Wyoming Ave NW,outgoing_trips,Poisson,val,1.8271916392620435,2.598939051593693,0.4033358525908832,62.25783424421768,59.67213567204034
31114,18th St & Wyoming Ave NW,outgoing_trips,Polynomial Regression,test,1.6744944796315753,2.484544504206346,0.4526970776984567,66.75542236859452,56.7275078208972
31114,18th St & Wyoming Ave NW,outgoing_trips,Polynomial Regression,val,1.650286326922949,2.4303194872771474,0.4782475568723924,60.80173566486889,53.89478995078553
31114,18th St & Wyoming Ave NW,outgoing_trips,Random Forest,test,2.0742623809041763,3.2197197282232466,0.0808839637124994,85.68153317002981,70.27060218271004
31114,18th St & Wyoming Ave NW,outgoing_trips,Random Forest,val,1.8839321170456744,2.873821886963399,0.2704459899973838,72.10677905897145,61.52515722470498
31114,18th St & Wyoming Ave NW,outgoing_trips,Soft Two-Stage,test,1.5705605290113125,2.4266219193189427,0.4779183384494427,55.7844642543423,53.20649651367273
31114,18th St & Wyoming Ave NW,outgoing_trips,Soft Two-Stage,val,1.60069174080121,2.441244273215912,0.4735462448052928,54.22621688275182,52.27513779823391
31114,18th St & Wyoming Ave NW,outgoing_trips,XGBoost,test,1.588777453931548,2.454673780729958,0.4657779940220012,54.830850466587066,53.82363844125481
31114,18th St & Wyoming Ave NW,outgoing_trips,XGBoost,val,1.6136769909762756,2.462316968448567,0.4644183748796403,52.89499376698499,52.699208045454846
31116,California St & Florida Ave NW,incoming_trips,GAM,test,1.495276248681863,2.092247800703935,0.5364623305046943,64.69818267297846,59.61910352423725
31116,California St & Florida Ave NW,incoming_trips,GAM,val,1.3563973337738235,1.9549985321109995,0.6160760305322297,54.97646992496127,52.835008792511495
31116,California St & Florida Ave NW,incoming_trips,HistGradientBoosting,test,1.2595424562004964,1.965599251471264,0.5908818478756439,49.34535664871828,50.22001262682151
31116,California St & Florida Ave NW,incoming_trips,HistGradientBoosting,val,1.251817567625255,1.9564250826125,0.6155155321542622,46.74854924082669,48.76136995056154
31116,California St & Florida Ave NW,incoming_trips,LightGBM,test,1.2562057129160986,1.9566063855026767,0.5946168192109267,49.485999524304056,50.08697122829619
31116,California St & Florida Ave NW,incoming_trips,LightGBM,val,1.24533406835186,1.9429299853915225,0.6208014590990398,46.84512376155616,48.50882172403044
31116,California St & Florida Ave NW,incoming_trips,Linear Regression,test,1.3229128715304568,1.9589875526893248,0.5936295255931088,53.39999790535007,52.74669447257497
31116,California St & Florida Ave NW,incoming_trips,Linear Regression,val,1.314732896455545,1.941663902299625,0.6212954969084516,51.22814333063573,51.212076590247705
31116,California St & Florida Ave NW,incoming_trips,Naive (same hour last week),test,1.7167484872702363,2.665698438983495,0.2475444874038103,80.07264015534547,68.44956300072833
31116,California St & Florida Ave NW,incoming_trips,Naive (same hour last week),val,1.687805988842081,2.634819699550689,0.3026446138760692,76.04562512959085,65.74419017207734
31116,California St & Florida Ave NW,incoming_trips,Poisson,test,1.4316696243251563,2.095290717130782,0.5351130332634209,52.19518254380448,57.0830036392209
31116,California St & Florida Ave NW,incoming_trips,Poisson,val,1.4143204340105409,2.076062432804782,0.567054554337854,49.99685516270392,55.09125586266889
31116,California St & Florida Ave NW,incoming_trips,Polynomial Regression,test,1.3776685814095344,2.0262458871789804,0.5652465013956559,58.3744084352559,54.9298939574204
31116,California St & Florida Ave NW,incoming_trips,Polynomial Regression,val,1.3088888773924192,1.9498803127585036,0.6180836380544041,52.47572449641788,50.98443768909712
31116,California St & Florida Ave NW,incoming_trips,Random Forest,test,1.309352529615236,1.9277582862742384,0.6064825910078422,56.03178053870139,52.20602151720617
31116,California St & Florida Ave NW,incoming_trips,Random Forest,val,1.2724494444088033,1.8823295958029136,0.644087126164288,51.31582364568197,49.565032243403046
31116,California St & Florida Ave NW,incoming_trips,Soft Two-Stage,test,1.2877220201470538,1.973153163694734,0.5877312758725375,51.70115753773408,51.34357781531338
31116,California St & Florida Ave NW,incoming_trips,Soft Two-Stage,val,1.2765544310337196,1.951831596182049,0.6173188732193235,49.138146950539465,49.7249315583163
31116,California St & Florida Ave NW,incoming_trips,XGBoost,test,1.283644668875444,1.9711293615395509,0.5885765447184498,48.69704471009191,51.1810071680627
31116,California St & Florida Ave NW,incoming_trips,XGBoost,val,1.2667358828288826,1.9404322793443425,0.6217757790316201,46.236621460588864,49.34247498175481
31116,California St & Florida Ave NW,outgoing_trips,GAM,test,1.6186977573268575,2.230863970293647,0.4332335350106111,67.07402655968582,61.13389813912532
31116,California St & Florida Ave NW,outgoing_trips,GAM,val,1.4757901423282445,2.1058560156556063,0.520023196743781,60.87639556835111,57.24699593705932
31116,California St & Florida Ave NW,outgoing_trips,HistGradientBoosting,test,1.402506159668637,2.1648940527548524,0.4662581440799423,53.71175153815966,52.968917956785056
31116,California St & Florida Ave NW,outgoing_trips,HistGradientBoosting,val,1.3248543723549189,2.081739386476787,0.530953802271573,51.06118423865652,51.39208529455549
31116,California St & Florida Ave NW,outgoing_trips,LightGBM,test,1.4011019746317117,2.15561947651892,0.4708215322426126,53.86454730380839,52.915885632110914
31116,California St & Florida Ave NW,outgoing_trips,LightGBM,val,1.3206047342010596,2.070377545021984,0.5360598068726607,51.15791509588596,51.22723867365032
31116,California St & Florida Ave NW,outgoing_trips,Linear Regression,test,1.4726775082362784,2.133298623414869,0.4817237915941345,57.50828023050572,55.6191026847256
31116,California St & Florida Ave NW,outgoing_trips,Linear Regression,val,1.4034178713574303,2.062232368412707,0.5397030471959977,55.750465485637655,54.439621783112415
31116,California St & Florida Ave NW,outgoing_trips,Naive (same hour last week),test,1.9245347642424933,2.879848374184712,0.0555103315419203,85.43306827973947,72.68454639530873
31116,California St & Florida Ave NW,outgoing_trips,Naive (same hour last week),val,1.8240919959011728,2.8026881583807417,0.1498169178319933,84.25653121235631,70.75788357918911
31116,California St & Florida Ave NW,outgoing_trips,Poisson,test,1.5743780737745043,2.2531784628571785,0.4218385254015673,56.70766815384168,59.46006186698381
31116,California St & Florida Ave NW,outgoing_trips,Poisson,val,1.5333254710285111,2.23472624679162,0.4594802576397969,56.10722511325024,59.47883407845338
31116,California St & Florida Ave NW,outgoing_trips,Polynomial Regression,test,1.5032676091073631,2.190312041825097,0.4536512568930668,59.06147928820686,56.77440922805879
31116,California St & Florida Ave NW,outgoing_trips,Polynomial Regression,val,1.3993062072931248,2.0935207386382544,0.5256297589920185,56.13516100972164,54.28012727963747
31116,California St & Florida Ave NW,outgoing_trips,Random Forest,test,1.4434186759701348,2.1111329171692907,0.4924379749215526,59.1346415487959,54.51407460685759
31116,California St & Florida Ave NW,outgoing_trips,Random Forest,val,1.369530863037154,2.0255844364363607,0.5559175560738496,56.2004811148833,53.12511955682061
31116,California St & Florida Ave NW,outgoing_trips,Soft Two-Stage,test,1.410630551199858,2.139789810856473,0.4785649780046295,53.46399065128449,53.27575456174352
31116,California St & Florida Ave NW,outgoing_trips,Soft Two-Stage,val,1.3317824103725868,2.047005722589021,0.5464752265702879,50.92872252707944,51.66082903587329
31116,California St & Florida Ave NW,outgoing_trips,XGBoost,test,1.4415351079133465,2.1809750123231084,0.4582993629022474,51.61528941973611,54.44293726376769
31116,California St & Florida Ave NW,outgoing_trips,XGBoost,val,1.349456714572623,2.0775667769579376,0.5328322172195338,49.34190113132445,52.34642842545424
31119,14th & Belmont St NW,incoming_trips,GAM,test,2.573962715847748,3.8901749944937367,-0.1096413595235221,75.56663286854925,75.7495528949045
31119,14th & Belmont St NW,incoming_trips,GAM,val,1.768868360660479,2.658118639444798,0.3054547240101419,62.5802443140054,62.39095141432467
31119,14th & Belmont St NW,incoming_trips,HistGradientBoosting,test,1.7665538161482728,2.739439494673426,0.449740200820482,50.813219701745496,51.988189616781646
31119,14th & Belmont St NW,incoming_trips,HistGradientBoosting,val,1.4623937010230263,2.248763765775969,0.5029048683480986,49.73727850899103,51.58107656754846
31119,14th & Belmont St NW,incoming_trips,LightGBM,test,1.7737568080864314,2.7573872494733327,0.4425064001736769,50.6061694330023,52.20016759745003
31119,14th & Belmont St NW,incoming_trips,LightGBM,val,1.4601792400583151,2.249269592623292,0.5026812144930863,49.33539898996585,51.50296881824901
31119,14th & Belmont St NW,incoming_trips,Linear Regression,test,1.6535587653307464,2.3928093056551045,0.5801825001953265,52.6727732737227,48.662840525256215
31119,14th & Belmont St NW,incoming_trips,Linear Regression,val,1.4559634332121765,2.105187766136954,0.5643542163114823,51.57912067979,51.35427024578348
31119,14th & Belmont St NW,incoming_trips,Naive (same hour last week),test,2.0989839022719488,3.1449911428701336,0.274757555142765,79.16775861306435,61.7713268151732
31119,14th & Belmont St NW,incoming_trips,Naive (same hour last week),val,1.8539223499943072,2.7943885802242936,0.232416844397364,80.07172535978296,65.39094815469258
31119,14th & Belmont St NW,incoming_trips,Poisson,test,2.5434125527623195,5.340091337937405,-1.0909407692059694,75.14012313829367,74.85048734887329
31119,14th & Belmont St NW,incoming_trips,Poisson,val,1.6921159457197412,2.7247623317945155,0.2701912035070511,57.35234337680383,59.68376511488087
31119,14th & Belmont St NW,incoming_trips,Polynomial Regression,test,1.7892318733651276,2.762961753731848,0.4402499946891136,59.268711167970935,52.65558572323069
31119,14th & Belmont St NW,incoming_trips,Polynomial Regression,val,1.4715452480375653,2.129695362571664,0.5541520126291208,55.16192000152908,51.90386696724604
31119,14th & Belmont St NW,incoming_trips,Random Forest,test,1.749179614431772,2.5331306932767816,0.5295000796541214,51.24743433692457,51.47688150659506
31119,14th & Belmont St NW,incoming_trips,Random Forest,val,1.4646490227351248,2.105509821964763,0.564220914192199,51.54775722052391,51.66062554388419
31119,14th & Belmont St NW,incoming_trips,Soft Two-Stage,test,1.8121905806299945,2.7869265156008978,0.4304978144845097,50.15185988539282,53.33124112400672
31119,14th & Belmont St NW,incoming_trips,Soft Two-Stage,val,1.4905864638867228,2.253039640100273,0.5010126846458356,49.9352043927605,52.575482560206765
31119,14th & Belmont St NW,incoming_trips,XGBoost,test,1.8654150788232144,2.812637066309622,0.4199415583483052,47.97360514101062,54.89759323795496
31119,14th & Belmont St NW,incoming_trips,XGBoost,val,1.5029206163559872,2.2583542086374755,0.4986558419600754,47.24106939697714,53.0105287878183
31119,14th & Belmont St NW,outgoing_trips,GAM,test,2.687148859336722,4.016160856609874,-0.1941830285525865,72.24137286104437,73.47882386029704
31119,14th & Belmont St NW,outgoing_trips,GAM,val,1.7442817004894062,2.553332807314144,0.2375520544049922,60.518474891909,60.36021502461863
31119,14th & Belmont St NW,outgoing_trips,HistGradientBoosting,test,1.9234719853092184,2.9356622801316377,0.3619409363793159,52.500034797014926,52.596438309576186
31119,14th & Belmont St NW,outgoing_trips,HistGradientBoosting,val,1.4894109980873156,2.226905435090316,0.4200388556160316,51.69952301419699,51.54050981521963
31119,14th & Belmont St NW,outgoing_trips,LightGBM,test,1.9195361198522112,2.9293795781624827,0.3646690739811886,51.33182872778323,52.48881391666308
31119,14th & Belmont St NW,outgoing_trips,LightGBM,val,1.4835250897999488,2.224253096278381,0.4214195495295596,50.491304230587176,51.33683016316516
31119,14th & Belmont St NW,outgoing_trips,Linear Regression,test,1.7842090594691942,2.544984831267583,0.52046634433014,54.70447223892266,48.78835899066768
31119,14th & Belmont St NW,outgoing_trips,Linear Regression,val,1.4919152815543866,2.104513193415334,0.4820371007405458,53.58568516244975,51.627169606761655
31119,14th & Belmont St NW,outgoing_trips,Naive (same hour last week),test,2.255051946569243,3.30954329708121,0.1890672667407761,79.52402949038209,61.663336663336665
31119,14th & Belmont St NW,outgoing_trips,Naive (same hour last week),val,1.919731299100535,2.813837572686197,0.0740375049779049,79.71525134126361,66.43158267995744
31119,14th & Belmont St NW,outgoing_trips,Poisson,test,2.7663341994761725,5.320743540585787,-1.096009997256466,81.71036306244552,75.64410980648037
31119,14th & Belmont St NW,outgoing_trips,Poisson,val,1.7274242745831334,2.5837686465438887,0.2192668941118633,62.23939911859127,59.776870114115525
31119,14th & Belmont St NW,outgoing_trips,Polynomial Regression,test,1.9868347774428887,2.8758508125220934,0.3876758299374898,65.10011873518422,54.329064109709854
31119,14th & Belmont St NW,outgoing_trips,Polynomial Regression,val,1.5259340962520995,2.2263601650005445,0.4203228342208523,58.50337615860974,52.80437794957721
31119,14th & Belmont St NW,outgoing_trips,Random Forest,test,1.8206278895893484,2.674619578898134,0.4703698065075932,56.20051885035612,49.784214800552895
31119,14th & Belmont St NW,outgoing_trips,Random Forest,val,1.4853461968753372,2.11134031849542,0.4786710650280364,56.21855390133601,51.39984889151762
31119,14th & Belmont St NW,outgoing_trips,Soft Two-Stage,test,1.957169098573672,2.9545885579891817,0.353687255025418,51.88788033939268,53.51787004997125
31119,14th & Belmont St NW,outgoing_trips,Soft Two-Stage,val,1.5013804914156197,2.2268406628867696,0.4200725928501183,50.63134288207962,51.95470964935735
31119,14th & Belmont St NW,outgoing_trips,XGBoost,test,1.9409685336979132,2.926022414165056,0.3661244592341574,50.26751698876426,53.07487321010247
31119,14th & Belmont St NW,outgoing_trips,XGBoost,val,1.517519791367987,2.240062287586543,0.4131656368401301,49.42199531106618,52.5132040801585
31124,14th & Irving St NW,incoming_trips,GAM,test,2.0711757694221604,2.9114314310368634,0.420555693574896,63.71982197017429,53.65064341506093
31124,14th & Irving St NW,incoming_trips,GAM,val,1.7266951610251349,2.5009361061444437,0.472335531242039,55.59165160479714,50.88773773331911
31124,14th & Irving St NW,incoming_trips,HistGradientBoosting,test,1.855291428244276,2.811707807568073,0.4595706323481098,51.29024511720029,48.05848944221805
31124,14th & Irving St NW,incoming_trips,HistGradientBoosting,val,1.6352732351838444,2.477965431906822,0.4819840342986299,50.54561465376264,48.19342602717839
31124,14th & Irving St NW,incoming_trips,LightGBM,test,1.862184261580523,2.8201728061479963,0.4563116733467316,50.8623323272553,48.23703775709411
31124,14th & Irving St NW,incoming_trips,LightGBM,val,1.6389576284631768,2.483136473199042,0.4798197773938832,50.27528538901726,48.30200943155521
31124,14th & Irving St NW,incoming_trips,Linear Regression,test,1.8318588115795824,2.597022838485506,0.5389477930935378,52.295890221587385,47.451503314087546
31124,14th & Irving St NW,incoming_trips,Linear Regression,val,1.644195258066006,2.3496823883039206,0.5342305693836735,51.78381789310659,48.456368537661
31124,14th & Irving St NW,incoming_trips,Naive (same hour last week),test,2.263728736157096,3.3252022455395545,0.2441516007374166,77.93757895992417,58.63843378482285
31124,14th & Irving St NW,incoming_trips,Naive (same hour last week),val,2.120118410565866,3.11513843057554,0.1813328591071319,78.50254040161718,62.48238373263539
31124,14th & Irving St NW,incoming_trips,Poisson,test,2.119568776708355,3.2990226453688347,0.2560064666225955,60.37633447359212,54.904190321134685
31124,14th & Irving St NW,incoming_trips,Poisson,val,1.7914301794173249,2.666412127791542,0.4001989660533509,55.62760486605429,52.79555488162661
31124,14th & Irving St NW,incoming_trips,Polynomial Regression,test,1.8240367931747323,2.622383789060146,0.5298991131390794,59.90740550114103,47.24888587986479
31124,14th & Irving St NW,incoming_trips,Polynomial Regression,val,1.664001250413601,2.3952552773616755,0.5159878435698231,58.49842254864191,49.04007443253023
31124,14th & Irving St NW,incoming_trips,Random Forest,test,1.8516424007001189,2.725919108060289,0.492045870499468,53.9012091153227,47.96396695963902
31124,14th & Irving St NW,incoming_trips,Random Forest,val,1.6325950404636294,2.409130578699425,0.5103640035025359,53.02218443422372,48.11449647806207
31124,14th & Irving St NW,incoming_trips,Soft Two-Stage,test,1.966682081631681,2.9600688294253508,0.401033977664323,50.55862689616212,50.943894106026775
31124,14th & Irving St NW,incoming_trips,Soft Two-Stage,val,1.7025709820853865,2.572695086983108,0.4416207225351672,49.89359771578313,50.176769799530064
31124,14th & Irving St NW,incoming_trips,XGBoost,test,1.97905118256364,2.946164507713762,0.4066478040285195,48.59834746306294,51.26429676487526
31124,14th & Irving St NW,incoming_trips,XGBoost,val,1.7104404647438685,2.5678625672516637,0.4437164583169072,48.2454108902412,50.40869271137976
31124,14th & Irving St NW,outgoing_trips,GAM,test,2.179312666174792,3.270708333728322,0.4106351132456171,59.804824955722246,51.343804516178935
31124,14th & Irving St NW,outgoing_trips,GAM,val,1.916959559254256,2.9282835831487035,0.4527209854013138,58.810520962626846,50.1703143983138
31124,14th & Irving St NW,outgoing_trips,HistGradientBoosting,test,1.8674450894720136,2.830275027453322,0.5586756383714365,55.97104604735927,43.9963191637134
31124,14th & Irving St NW,outgoing_trips,HistGradientBoosting,val,1.7202985644845423,2.6374806317689603,0.5560223703494014,55.94629966608371,45.02333887144354
31124,14th & Irving St NW,outgoing_trips,LightGBM,test,1.86345022226894,2.8262253113145994,0.5599376780898004,56.01956763461481,43.90220156235851
31124,14th & Irving St NW,outgoing_trips,LightGBM,val,1.7195617145687498,2.641740195577582,0.5545871536229161,56.08222087764535,45.00405417043813
31124,14th & Irving St NW,outgoing_trips,Linear Regression,test,1.9163162996837493,2.8219097194145437,0.5612805854774465,56.45685280611675,45.147706893673565
31124,14th & Irving St NW,outgoing_trips,Linear Regression,val,1.7814214282589045,2.659114656662309,0.5487090155208298,57.9020787871946,46.62303526445352
31124,14th & Irving St NW,outgoing_trips,Naive (same hour last week),test,2.4953761844959472,3.733363981955212,0.2321059733212807,80.57778850821859,58.79014470923665
31124,14th & Irving St NW,outgoing_trips,Naive (same hour last week),val,2.3573949675509507,3.5766679741217318,0.1835308456492904,82.23237843146511,61.69730921660359
31124,14th & Irving St NW,outgoing_trips,Poisson,test,2.450475872780305,3.6490559812619634,0.2663960266431669,71.12074755084257,57.732309886714425
31124,14th & Irving St NW,outgoing_trips,Poisson,val,2.1141051303759517,3.0664346250757704,0.3998636254364172,66.09194472938063,55.32997216869388
31124,14th & Irving St NW,outgoing_trips,Polynomial Regression,test,2.136476369441319,3.1005871874257416,0.4703505582023114,65.82924497991715,50.3345971271626
31124,14th & Irving St NW,outgoing_trips,Polynomial Regression,val,1.9253066662268143,2.8205466588379897,0.4922509647632845,63.93648022059656,50.3887733528118
31124,14th & Irving St NW,outgoing_trips,Random Forest,test,1.9863503480136544,2.8858807115027365,0.5411641176122574,65.00582544468512,46.79768330262952
31124,14th & Irving St NW,outgoing_trips,Random Forest,val,1.807192772563264,2.6422406981008955,0.5544183623299512,62.89514821707034,47.29751816628371
31124,14th & Irving St NW,outgoing_trips,Soft Two-Stage,test,1.891218177576261,2.8482371555132264,0.5530561992191327,54.50315494785766,44.55640437191476
31124,14th & Irving St NW,outgoing_trips,Soft Two-Stage,val,1.7426846128135556,2.652843876363337,0.5508349936448496,54.7769262840576,45.609222427192286
31124,14th & Irving St NW,outgoing_trips,XGBoost,test,1.9554462628612015,2.9042594284827605,0.5353013201940373,53.43602440684797,46.06959442789086
31124,14th & Irving St NW,outgoing_trips,XGBoost,val,1.795999087741049,2.710959300715591,0.5309398638626535,53.628567558750895,47.004559097796815
31125,15th & W St NW,incoming_trips,GAM,test,1.8416685664838923,2.5789259189374274,0.6150395882739832,65.97475838482123,51.588394172606776
31125,15th & W St NW,incoming_trips,GAM,val,1.7171073060345956,2.446579634981778,0.6495219203749065,61.45197533545973,48.82593068150043
31125,15th & W St NW,incoming_trips,HistGradientBoosting,test,1.6241373348712371,2.5362623036691105,0.6276711663127235,51.41091632016568,45.494959596204446
31125,15th & W St NW,incoming_trips,HistGradientBoosting,val,1.566047322250434,2.442080065505129,0.6508098819806518,50.51695689628827,44.53054141195792
31125,15th & W St NW,incoming_trips,LightGBM,test,1.6341636485741806,2.5463277459053826,0.6247100444627491,50.58050993168533,45.77581437801416
31125,15th & W St NW,incoming_trips,LightGBM,val,1.5761671374291863,2.450229201803223,0.6484755230572612,49.4864141302879,44.81829826482952
31125,15th & W St NW,incoming_trips,Linear Regression,test,1.6513296608092538,2.4893709465131706,0.6413114037792075,53.854104127327176,46.25666474472562
31125,15th & W St NW,incoming_trips,Linear Regression,val,1.5941658959968916,2.398339788776794,0.6632065995728866,53.21169920784278,45.33009280154332
31125,15th & W St NW,incoming_trips,Naive (same hour last week),test,2.1633748144765383,3.304416568002907,0.3679842251632891,79.76217168049979,60.59995522722185
31125,15th & W St NW,incoming_trips,Naive (same hour last week),val,2.101787544119321,3.2317239396330004,0.3884800096805509,78.61429997421149,59.764309764309765
31125,15th & W St NW,incoming_trips,Poisson,test,1.8232394950080717,2.775212318612632,0.5542095450089055,54.63557929193039,51.072163282406535
31125,15th & W St NW,incoming_trips,Poisson,val,1.7687622940059695,2.7304734050719204,0.5634660256277231,52.99423502991206,50.29473979621352
31125,15th & W St NW,incoming_trips,Polynomial Regression,test,1.6466772571055668,2.460206630116518,0.649666631150315,55.650004332351934,46.12634268760644
31125,15th & W St NW,incoming_trips,Polynomial Regression,val,1.566649951431566,2.3349405410365325,0.6807772759163606,54.7036657756898,44.54767716726057
31125,15th & W St NW,incoming_trips,Random Forest,test,1.7091212078281284,2.5510862116505084,0.6233060829991848,59.79608734859091,47.87550820098684
31125,15th & W St NW,incoming_trips,Random Forest,val,1.6323917063430975,2.436653586497774,0.6523600093489587,57.10115799463426,46.41704337222037
31125,15th & W St NW,incoming_trips,Soft Two-Stage,test,1.6278153523671877,2.505760954160332,0.6365726466256689,50.04402928628932,45.59798737210719
31125,15th & W St NW,incoming_trips,Soft Two-Stage,val,1.5718973447337143,2.416268301088557,0.658152458699802,48.97644054569999,44.696886748239486
31125,15th & W St NW,incoming_trips,XGBoost,test,1.6998351065247748,2.591095624094095,0.6113978331043421,48.97311105553431,47.61538807781029
31125,15th & W St NW,incoming_trips,XGBoost,val,1.6226921832251753,2.475970922898662,0.6410506030493043,47.75729685115667,46.141237520288506
31125,15th & W St NW,outgoing_trips,GAM,test,1.7564967486804526,2.4639090224781346,0.5597029519831367,59.844585866787824,49.65996908328357
31125,15th & W St NW,outgoing_trips,GAM,val,1.701666685154421,2.426876002565687,0.6017326965469134,57.42099293799507,48.21828137731089
31125,15th & W St NW,outgoing_trips,HistGradientBoosting,test,1.702004944672728,2.551723190711876,0.5277591420536176,53.41588557440093,48.1193677104949
31125,15th & W St NW,outgoing_trips,HistGradientBoosting,val,1.6361940651903129,2.5050762166332383,0.575652774953102,50.70075119851227,46.363054828256935
31125,15th & W St NW,outgoing_trips,LightGBM,test,1.6983138397395796,2.545486302792341,0.5300648105249661,53.11331586604552,48.01501217610464
31125,15th & W St NW,outgoing_trips,LightGBM,val,1.6299798645366093,2.496144233289801,0.5786734456450275,50.4029970744417,46.186969771018966
31125,15th & W St NW,outgoing_trips,Linear Regression,test,1.6991880807405912,2.4635093288259604,0.5598457897742732,56.30425178389735,48.03972886351905
31125,15th & W St NW,outgoing_trips,Linear Regression,val,1.663555589417831,2.430747682245687,0.6004609435621763,54.93682846714953,47.138368634200575
31125,15th & W St NW,outgoing_trips,Naive (same hour last week),test,2.2202306199337825,3.275474951376603,0.2218828218260015,82.3383831784651,62.770730447693744
31125,15th & W St NW,outgoing_trips,Naive (same hour last week),val,2.18797677331208,3.2735366737747964,0.2753740204413123,81.12534332621078,61.99832236417602
31125,15th & W St NW,outgoing_trips,Poisson,test,1.8837787203309209,2.755531423997623,0.4493100203614179,59.88516553716586,53.2585062179353
31125,15th & W St NW,outgoing_trips,Poisson,val,1.872187924097952,2.796316289515647,0.4712479499180714,57.719094025395954,53.05015659230969
31125,15th & W St NW,outgoing_trips,Polynomial Regression,test,1.8659871488227184,5.875017475254388,-1.5033107449926275,68.14033966840711,52.75549994040926
31125,15th & W St NW,outgoing_trips,Polynomial Regression,val,1.6473160739603532,2.8925132507433617,0.4342426649381224,55.470801425912086,46.67820711573681
31125,15th & W St NW,outgoing_trips,Random Forest,test,1.717277517771917,2.450062733581478,0.5646376716103871,60.588538596017685,48.551156444802366
31125,15th & W St NW,outgoing_trips,Random Forest,val,1.6468298455721992,2.387929810378972,0.6144128134588749,56.55703485515636,46.66442938979426
31125,15th & W St NW,outgoing_trips,Soft Two-Stage,test,1.7127711403534231,2.5420137280709407,0.5313461153522039,52.704443447614125,48.42375139070925
31125,15th & W St NW,outgoing_trips,Soft Two-Stage,val,1.6487633797962935,2.4991121995198933,0.5776709183124135,49.64003777149362,46.71921784988658
31125,15th & W St NW,outgoing_trips,XGBoost,test,1.7339545804809269,2.5599984003314997,0.5246912319215453,50.84920341316349,49.02265314364429
31125,15th & W St NW,outgoing_trips,XGBoost,val,1.6672137768216406,2.512589748372114,0.5731034490985574,48.17526662908028,47.24202671901042
31128,23rd & M St NW,incoming_trips,GAM,test,1.6802109080099057,2.224343714119483,0.3838978590699269,74.132036813382,61.3820793429211
31128,23rd & M St NW,incoming_trips,GAM,val,1.5784784646487628,2.1673349002598585,0.4617983991766829,64.46645772508808,54.85173632051468
31128,23rd & M St NW,incoming_trips,HistGradientBoosting,test,1.3231649646973422,1.9659260309729816,0.5187361172551266,55.76938978912261,48.33834637047055
31128,23rd & M St NW,incoming_trips,HistGradientBoosting,val,1.398574197665504,2.0813801888483714,0.503641150367517,55.84230493695049,48.60010752955933
31128,23rd & M St NW,incoming_trips,LightGBM,test,1.319405550723156,1.964269379034279,0.5195468810396546,55.72380633487976,48.20100608435154
31128,23rd & M St NW,incoming_trips,LightGBM,val,1.3953375184289285,2.080303252786521,0.5041546639068137,55.73420686567366,48.48763372645411
31128,23rd & M St NW,incoming_trips,Linear Regression,test,1.3751806589965148,1.9645674296302411,0.5194010658024758,56.59144012417299,50.23860273669701
31128,23rd & M St NW,incoming_trips,Linear Regression,val,1.4509692954996771,2.073461542293127,0.5074107773746577,56.9062822206858,50.42082422304121
31128,23rd & M St NW,incoming_trips,Naive (same hour last week),test,1.84461696540701,2.724579967125201,0.0756253173790522,81.36647427775729,67.38822155488822
31128,23rd & M St NW,incoming_trips,Naive (same hour last week),val,1.954229762040305,2.878028282513009,0.050963203878695,83.58092024945168,67.90900098911969
31128,23rd & M St NW,incoming_trips,Poisson,test,1.472047021417242,2.0328223644627066,0.4854260646823529,55.97465245810035,53.77736011258602
31128,23rd & M St NW,incoming_trips,Poisson,val,1.5534756065292898,2.165622558752164,0.4626484947324696,56.648128052353776,53.98289318356777
31128,23rd & M St NW,incoming_trips,Polynomial Regression,test,1.4181498403460424,2.079047367732417,0.4617578651458446,60.77856010497141,51.80836858354599
31128,23rd & M St NW,incoming_trips,Polynomial Regression,val,1.466321816536123,2.120387340491087,0.4848622916046067,59.78203306794207,50.954320532687504
31128,23rd & M St NW,incoming_trips,Random Forest,test,1.4092502367904751,2.0027497822527964,0.5005381626646432,62.86440033398038,51.4832450118776
31128,23rd & M St NW,incoming_trips,Random Forest,val,1.4590564878822994,2.084613716892189,0.502097715885973,60.1238069381961,50.70185215853703
31128,23rd & M St NW,incoming_trips,Soft Two-Stage,test,1.3406029089619744,1.9640978280854304,0.5196307988465632,54.35936085211114,48.97539572738545
31128,23rd & M St NW,incoming_trips,Soft Two-Stage,val,1.4101935305982665,2.0769136690034697,0.5057691785783456,54.18607857543667,49.00387647574511
31128,23rd & M St NW,incoming_trips,XGBoost,test,1.3394524991624643,1.9657961537681736,0.5187997037199326,53.72328538730656,48.93336853588599
31128,23rd & M St NW,incoming_trips,XGBoost,val,1.414615969252221,2.0814177942369265,0.5036232142536583,53.433903546630745,49.15755512538975
31128,23rd & M St NW,outgoing_trips,GAM,test,1.355527123220108,1.8793026261917736,0.5206314626332849,58.2916140288046,53.17328170668157
31128,23rd & M St NW,outgoing_trips,GAM,val,1.354821668356343,1.925456214046748,0.5051597214484873,55.93597802225126,51.36135494291161
31128,23rd & M St NW,outgoing_trips,HistGradientBoosting,test,1.2584990513194012,1.9114825119885457,0.5040741536716804,54.584347246591314,49.36716015274592
31128,23rd & M St NW,outgoing_trips,HistGradientBoosting,val,1.305757740189284,1.9828927871615027,0.4751971138404335,54.511625210517735,49.50133905422341
31128,23rd & M St NW,outgoing_trips,LightGBM,test,1.257386215170676,1.9065577787870935,0.5066262631449554,54.25003279423094,49.323506913341184
31128,23rd & M St NW,outgoing_trips,LightGBM,val,1.3011324287840746,1.9759680130284945,0.4788562080626336,54.02396783251311,49.32599327525262
31128,23rd & M St NW,outgoing_trips,Linear Regression,test,1.290631235801715,1.870571518637534,0.5250753405064332,54.691464940284185,50.62760980960732
31128,23rd & M St NW,outgoing_trips,Linear Regression,val,1.3328800741968594,1.9342840894255169,0.5006118097146589,54.51814172271887,50.52954804761316
31128,23rd & M St NW,outgoing_trips,Naive (same hour last week),test,1.6971115424135177,2.5573231738041478,0.112338644322378,80.89680816369422,66.5726185677818
31128,23rd & M St NW,outgoing_trips,Naive (same hour last week),val,1.7891381077080724,2.678831035493932,0.0421700948898767,81.08657781381027,67.82631215469614
31128,23rd & M St NW,outgoing_trips,Poisson,test,1.3791065323901115,1.9498034275104168,0.4839904444510886,53.83539780255189,54.09823152494507
31128,23rd & M St NW,outgoing_trips,Poisson,val,1.4382394890003272,2.038533711573386,0.4453314466789301,54.83654827972572,54.523728556154495
31128,23rd & M St NW,outgoing_trips,Polynomial Regression,test,1.311397001441917,1.9121225568969724,0.5037419843184823,58.02990066022835,51.442188793182645
31128,23rd & M St NW,outgoing_trips,Polynomial Regression,val,1.353335346409399,1.963044879477354,0.4856506373559929,57.46115093908517,51.30500840605037
31128,23rd & M St NW,outgoing_trips,Random Forest,test,1.291914883502595,1.8771479550101116,0.5217300504234288,55.3385671606918,50.67796347619342
31128,23rd & M St NW,outgoing_trips,Random Forest,val,1.3225135038648883,1.927600588547205,0.5040569035791682,54.649736485372834,50.13655086518178
31128,23rd & M St NW,outgoing_trips,Soft Two-Stage,test,1.2641682092073496,1.8906903890133469,0.5148043281132706,51.749126416650526,49.58954428970028
31128,23rd & M St NW,outgoing_trips,Soft Two-Stage,val,1.3095901519096724,1.95633064300395,0.4891630963085417,52.0088169178291,49.64662596781187
31128,23rd & M St NW,outgoing_trips,XGBoost,test,1.280820198613433,1.907160625923824,0.5063142075954985,52.1111589516385,50.24275211453742
31128,23rd & M St NW,outgoing_trips,XGBoost,val,1.3240186699933922,1.9702032321028,0.4818925905939021,51.74650153175504,50.193611785876925
31201,15th & P St NW,incoming_trips,GAM,test,2.17548188907991,3.003475234630783,0.6905539688792359,63.95180799498424,42.43412953223679
31201,15th & P St NW,incoming_trips,GAM,val,1.9780631626750595,2.761939967731634,0.728521256836997,58.2012760872702,39.8617124581843
31201,15th & P St NW,incoming_trips,HistGradientBoosting,test,1.904276655163288,2.874088663454058,0.71664092270841,51.12409921097303,37.14410248875457
31201,15th & P St NW,incoming_trips,HistGradientBoosting,val,1.7798233015661875,2.6778710730301283,0.7447964635084637,49.70425972639958,35.86680446415158
31201,15th & P St NW,incoming_trips,LightGBM,test,1.90183587672277,2.8740953812769576,0.7166395980740331,51.07574178238733,37.0964935847116
31201,15th & P St NW,incoming_trips,LightGBM,val,1.7748428138212902,2.6724190522422373,0.7458345706920084,49.65363255719432,35.76643821997153
31201,15th & P St NW,incoming_trips,Linear Regression,test,1.9986136626373363,2.9441312004975497,0.7026615139607086,53.88350524370454,38.98420458977938
31201,15th & P St NW,incoming_trips,Linear Regression,val,1.877821855129568,2.754699145481593,0.7299428319805479,52.64812917146909,37.84166059472053
31201,15th & P St NW,incoming_trips,Naive (same hour last week),test,2.624614682041329,3.952437282859788,0.4641209473897991,73.34709512916363,51.19474446052779
31201,15th & P St NW,incoming_trips,Naive (same hour last week),val,2.5083684390299443,3.768899016298876,0.49448230425119,71.98194659158197,50.54836637298092
31201,15th & P St NW,incoming_trips,Poisson,test,2.18234706952616,3.1920315802184094,0.6504806974634609,53.072271293744855,42.56803915372372
31201,15th & P St NW,incoming_trips,Poisson,val,2.045805377667684,2.934458707244174,0.6935473608914737,50.93762382096896,41.22684616385662
31201,15th & P St NW,incoming_trips,Polynomial Regression,test,2.034931935325048,3.0892404717534805,0.672628975130043,53.80084990694775,39.69261512417792
31201,15th & P St NW,incoming_trips,Polynomial Regression,val,1.8429558079964672,2.7556688462514694,0.729752669119152,50.09873585357947,37.13904382716816
31201,15th & P St NW,incoming_trips,Random Forest,test,1.9421409030331915,2.848928091215933,0.7215804152944647,54.784191809214974,37.882668232196245
31201,15th & P St NW,incoming_trips,Random Forest,val,1.810517304651828,2.6458758346529248,0.7508583822642135,52.262194501009176,36.48534665647257
31201,15th & P St NW,incoming_trips,Soft Two-Stage,test,1.9208840887948864,2.869270733879334,0.7175901347684227,50.10985459155063,37.46804082786864
31201,15th & P St NW,incoming_trips,Soft Two-Stage,val,1.7895515578877097,2.662120288067757,0.7477897626233223,48.44093888201305,36.062847221291655
31201,15th & P St NW,incoming_trips,XGBoost,test,1.9427017042658217,2.9092398482906248,0.7096673611817093,49.826167984473024,37.89360700960769
31201,15th & P St NW,incoming_trips,XGBoost,val,1.8023580047489087,2.690048267981876,0.7424701909324923,48.69846070799898,36.32092133743958
31201,15th & P St NW,outgoing_trips,GAM,test,2.1402632387617566,2.953421374219681,0.6516027568022351,60.63408000207568,42.16786042313747
31201,15th & P St NW,outgoing_trips,GAM,val,1.9765058812584744,2.728561930633196,0.7008457710883735,59.833582628123125,39.85410522772666
31201,15th & P St NW,outgoing_trips,HistGradientBoosting,test,1.9689221602286355,2.9122699597961947,0.6612438849487552,51.41037974944543,38.79206694433412
31201,15th & P St NW,outgoing_trips,HistGradientBoosting,val,1.8380999977458825,2.721024626900069,0.7024962390071101,51.26377814983757,37.06330015198605
31201,15th & P St NW,outgoing_trips,LightGBM,test,1.966114607562123,2.911351040882194,0.661457629068994,51.02593994977646,38.73675202473544
31201,15th & P St NW,outgoing_trips,LightGBM,val,1.8356829892532855,2.714105027990779,0.7040074264831375,51.064060564909965,37.014563787620204
31201,15th & P St NW,outgoing_trips,Linear Regression,test,2.053674849237093,2.949237743763361,0.6525890928413128,54.499994039245216,40.461880028944144
31201,15th & P St NW,outgoing_trips,Linear Regression,val,1.9387985478985463,2.758015091474724,0.6943525393181582,55.82089484007236,39.09377759812878
31201,15th & P St NW,outgoing_trips,Naive (same hour last week),test,2.724626098869734,4.007399822755687,0.3585700535809994,75.70286095672583,53.6810850934611
31201,15th & P St NW,outgoing_trips,Naive (same hour last week),val,2.5621086189229194,3.7534605839757273,0.4339025029207031,74.40663477446589,51.66215161394003
31201,15th & P St NW,outgoing_trips,Poisson,test,2.2843094440063902,3.266791316391872,0.5737477664692048,55.7476369184896,45.00588528252462
31201,15th & P St NW,outgoing_trips,Poisson,val,2.158124092331741,3.0294371572460577,0.6312335424941965,55.02801546313441,43.51624019227164
31201,15th & P St NW,outgoing_trips,Polynomial Regression,test,2.095915253517376,3.125758504739272,0.6097573557802651,55.30471497030014,41.2941082519259
31201,15th & P St NW,outgoing_trips,Polynomial Regression,val,1.886018704917746,2.748942946472985,0.6963600102517307,52.95889152239332,38.02952909980385
31201,15th & P St NW,outgoing_trips,Random Forest,test,2.016632506311586,2.930084009292673,0.6570869387540628,54.14564626327381,39.73206496790873
31201,15th & P St NW,outgoing_trips,Random Forest,val,1.87098643200801,2.7087722722398664,0.7051694341307525,53.55657788420506,37.72641956087597
31201,15th & P St NW,outgoing_trips,Soft Two-Stage,test,1.979303681663405,2.910811613816749,0.6615830704856591,50.34593930660226,38.99660559122246
31201,15th & P St NW,outgoing_trips,Soft Two-Stage,val,1.8488259131396263,2.718079553824039,0.7031398907777602,50.13324003507616,37.27957664517503
31201,15th & P St NW,outgoing_trips,XGBoost,test,1.9930162060979184,2.920725208284117,0.6592739954057929,49.10324750317906,39.26677227255925
31201,15th & P St NW,outgoing_trips,XGBoost,val,1.857235354791808,2.728464584041129,0.7008671164900484,48.95142935639244,37.44914394861208
31202,14th & R St NW,incoming_trips,GAM,test,2.054366901612786,2.9439483032878933,0.613945904178619,67.85978830646935,50.18042804101172
31202,14th & R St NW,incoming_trips,GAM,val,1.7759865650196032,2.568101544681148,0.6597133772830326,62.16097592338462,47.43489235058745
31202,14th & R St NW,incoming_trips,HistGradientBoosting,test,1.7859625677424664,2.84838941561537,0.638601344711351,50.15077175826448,43.62432340794853
31202,14th & R St NW,incoming_trips,HistGradientBoosting,val,1.5995488325852207,2.5218310243163984,0.671865073527115,51.26059147977779,42.722410280367335
31202,14th & R St NW,incoming_trips,LightGBM,test,1.78843987512318,2.860121342338545,0.6356181611907872,50.130817554232095,43.68483467526684
31202,14th & R St NW,incoming_trips,LightGBM,val,1.5994702356906183,2.5248179878931603,0.6710872993493762,51.19307295371004,42.72031103293609
31202,14th & R St NW,incoming_trips,Linear Regression,test,1.7914300207226037,2.7206154739333543,0.6702975811168106,55.57918822591748,43.75787264427141
31202,14th & R St NW,incoming_trips,Linear Regression,val,1.6668392767460796,2.512479245110435,0.6742942256623871,56.40947222805921,44.51967329905369
31202,14th & R St NW,incoming_trips,Naive (same hour last week),test,2.2874757392396394,3.587982122245857,0.4265595208316145,76.5705159768308,55.87439694358459
31202,14th & R St NW,incoming_trips,Naive (same hour last week),val,2.164750085392235,3.3758962359128706,0.4119710998285677,77.87261342673953,57.81839192312371
31202,14th & R St NW,incoming_trips,Poisson,test,2.1392009068542857,3.462263727584676,0.4660407708102053,58.16538293801633,52.252602535309656
31202,14th & R St NW,incoming_trips,Poisson,val,1.865655471323694,2.828815903831677,0.5871142803294949,55.36431659885948,49.82986256123343
31202,14th & R St NW,incoming_trips,Polynomial Regression,test,1.8631158525671137,2.986509755985679,0.6027026381329728,56.59456619466816,45.50888689766962
31202,14th & R St NW,incoming_trips,Polynomial Regression,val,1.642936328548335,2.480996190324356,0.6824057089044879,54.59528946069503,43.88124855139285
31202,14th & R St NW,incoming_trips,Random Forest,test,1.7802646245917828,2.7170168158131767,0.6711692232829293,51.793065707632266,43.48514416687422
31202,14th & R St NW,incoming_trips,Random Forest,val,1.6171206662176758,2.4303439347230587,0.6952414010849999,53.39273903845901,43.191737049598125
31202,14th & R St NW,incoming_trips,Soft Two-Stage,test,1.8121177140796365,2.8667346394977304,0.6339311339126195,48.830293753648206,44.263194895628814
31202,14th & R St NW,incoming_trips,Soft Two-Stage,val,1.6152730964834705,2.517063421718108,0.6731045999844643,49.61003274659991,43.14239023967376
31202,14th & R St NW,incoming_trips,XGBoost,test,1.8381264259624717,2.8775333496080053,0.6311680480459011,47.681035235051134,44.89848954238904
31202,14th & R St NW,incoming_trips,XGBoost,val,1.6336793366859137,2.5249899330575083,0.6710424985959014,49.0115656801964,43.63400320554792
31202,14th & R St NW,outgoing_trips,GAM,test,2.181843281995572,2.982912934801284,0.4948708681673744,72.73667417680532,53.60062070735181
31202,14th & R St NW,outgoing_trips,GAM,val,1.911935723190477,2.629395853700161,0.5436615623909158,67.00051894266309,50.68831373353243
31202,14th & R St NW,outgoing_trips,HistGradientBoosting,test,1.8546566936958715,2.8273327349251898,0.5461889106498657,52.29264186850055,45.56273624300818
31202,14th & R St NW,outgoing_trips,HistGradientBoosting,val,1.6903918660564767,2.5612962682753566,0.5669931795591778,53.002060748564425,44.81485031112933
31202,14th & R St NW,outgoing_trips,LightGBM,test,1.863292330382891,2.8476933952052703,0.5396292558641276,51.91584775676931,45.77488506709974
31202,14th & R St NW,outgoing_trips,LightGBM,val,1.6914931980388817,2.5751760331866254,0.5622875020089164,52.64592321122409,44.84404829115125
31202,14th & R St NW,outgoing_trips,Linear Regression,test,1.8734007255047351,2.6833656411151665,0.5912281596057382,55.69369721558605,46.02321465949395
31202,14th & R St NW,outgoing_trips,Linear Regression,val,1.7815925527164287,2.541142022315146,0.5737808292283482,57.88620562528652,47.23271873738535
31202,14th & R St NW,outgoing_trips,Naive (same hour last week),test,2.391254709441717,3.5583791084157905,0.2811708294769225,77.85786357366312,58.7451618331744
31202,14th & R St NW,outgoing_trips,Naive (same hour last week),val,2.3143572811112376,3.435603316285896,0.2209216600547351,82.11950138782626,61.35711914033023
31202,14th & R St NW,outgoing_trips,Poisson,test,2.32194363332494,3.5584529490690238,0.2811409960248806,65.2267957732858,57.04241960030614
31202,14th & R St NW,outgoing_trips,Poisson,val,2.0555315186845897,2.9387914633402303,0.4299504031241408,61.79416020758034,54.49525590451493
31202,14th & R St NW,outgoing_trips,Polynomial Regression,test,1.8752053506556472,2.766501726451074,0.5655066315727668,56.687092292230886,46.06754828740903
31202,14th & R St NW,outgoing_trips,Polynomial Regression,val,1.713763282194407,2.487677999516352,0.5915269253576607,56.96865040898172,45.43446197444377
31202,14th & R St NW,outgoing_trips,Random Forest,test,1.8503772845088575,2.714837374345539,0.5815834060288663,54.73613188877273,45.4576054159788
31202,14th & R St NW,outgoing_trips,Random Forest,val,1.7157749154775546,2.5071380138730035,0.5851113183163976,55.560151358853226,45.48779342159245
31202,14th & R St NW,outgoing_trips,Soft Two-Stage,test,1.8874338505808912,2.8705113169110024,0.5322220051274476,50.14643407068117,46.36796179177098
31202,14th & R St NW,outgoing_trips,Soft Two-Stage,val,1.710457604559776,2.5889031796399578,0.5576085534970402,50.66168750486008,45.34682345029585
31202,14th & R St NW,outgoing_trips,XGBoost,test,1.8973574789988643,2.8603261975928698,0.5355356462972474,49.6342871682574,46.611752281794615
31202,14th & R St NW,outgoing_trips,XGBoost,val,1.7135438519818142,2.580023574409355,0.5606380408237728,50.55923182442018,45.42864454694158
31203,14th St & Rhode Island Ave NW,incoming_trips,GAM,test,1.6953800156750929,2.513337008519073,0.642866519804919,61.13199976114792,49.22542366592017
31203,14th St & Rhode Island Ave NW,incoming_trips,GAM,val,1.5909204549551823,2.342321262849837,0.6431187809452759,58.924754302484175,48.7205521473897
31203,14th St & Rhode Island Ave NW,incoming_trips,HistGradientBoosting,test,1.5961285765647273,2.5804477752361503,0.6235396328801521,52.7226283639999,46.34365433132378
31203,14th St & Rhode Island Ave NW,incoming_trips,HistGradientBoosting,val,1.4924666800686046,2.373327799723035,0.6336077956079543,52.43619650417255,45.70549111242174
31203,14th St & Rhode Island Ave NW,incoming_trips,LightGBM,test,1.5901418623438326,2.561270657080852,0.6291143232139103,52.6094284543435,46.16982985470756
31203,14th St & Rhode Island Ave NW,incoming_trips,LightGBM,val,1.4921007324237652,2.3695498511366533,0.6347733397796775,52.28839985037632,45.69428428479055
31203,14th St & Rhode Island Ave NW,incoming_trips,Linear Regression,test,1.6348386757796065,2.5315684017573457,0.6376665358939227,57.22746070479903,47.46760354411633
31203,14th St & Rhode Island Ave NW,incoming_trips,Linear Regression,val,1.5393904079842633,2.3451375858361843,0.6422600626812134,56.1131205904447,47.142489377007614
31203,14th St & Rhode Island Ave NW,incoming_trips,Naive (same hour last week),test,2.1657723484416027,3.443143130313308,0.3297462282185547,83.40930901594291,62.88328305764577
31203,14th St & Rhode Island Ave NW,incoming_trips,Naive (same hour last week),val,2.016053740179893,3.164023397889665,0.3488063679645792,79.36706301376807,61.739888423988845
31203,14th St & Rhode Island Ave NW,incoming_trips,Poisson,test,1.7977093078187178,2.7010620555173226,0.5875244241856897,54.29874876053725,52.1965585811786
31203,14th St & Rhode Island Ave NW,incoming_trips,Poisson,val,1.7023794690959149,2.5171069291289063,0.587870120144514,54.63383285562221,52.13388729801053
31203,14th St & Rhode Island Ave NW,incoming_trips,Polynomial Regression,test,1.7275567096667956,3.1087240802904703,0.4536216679534104,59.2036941091567,50.15967520791416
31203,14th St & Rhode Island Ave NW,incoming_trips,Polynomial Regression,val,1.5729329630427953,2.6701898755341187,0.5362167476037157,56.08287969194928,48.16970088704627
31203,14th St & Rhode Island Ave NW,incoming_trips,Random Forest,test,1.6149963263308191,2.4725169886838163,0.6543729837678418,56.6782829094076,46.89148016816934
31203,14th St & Rhode Island Ave NW,incoming_trips,Random Forest,val,1.5475319059268415,2.3227631530166395,0.6490537322447123,56.91023674934688,47.39181565465638
31203,14th St & Rhode Island Ave NW,incoming_trips,Soft Two-Stage,test,1.614870485709365,2.568580140695658,0.626994397980907,51.43076086084674,46.88782638090738
31203,14th St & Rhode Island Ave NW,incoming_trips,Soft Two-Stage,val,1.5144491581066013,2.372132762678224,0.6339766801942217,51.2750828231457,46.37868534048214
31203,14th St & Rhode Island Ave NW,incoming_trips,XGBoost,test,1.616635360564608,2.559454842524137,0.6296400161031812,50.68720402946255,46.93906958990089
31203,14th St & Rhode Island Ave NW,incoming_trips,XGBoost,val,1.509237774467154,2.372819115263292,0.6337648392721364,50.54717819660305,46.21909125922251
31203,14th St & Rhode Island Ave NW,outgoing_trips,GAM,test,2.007098720242993,2.6799524529715817,0.4211688248666442,76.95453216256686,58.61036069547717
31203,14th St & Rhode Island Ave NW,outgoing_trips,GAM,val,1.7704163503648658,2.4312462963692294,0.4830315523630268,65.95245939808126,53.155460312633295
31203,14th St & Rhode Island Ave NW,outgoing_trips,HistGradientBoosting,test,1.699391850573989,2.5411373976138334,0.4795799367695033,55.66177877909968,49.62484820529277
31203,14th St & Rhode Island Ave NW,outgoing_trips,HistGradientBoosting,val,1.6008686367104128,2.4029642632537698,0.4949891053046084,54.01626351156893,48.06491380790878
31203,14th St & Rhode Island Ave NW,outgoing_trips,LightGBM,test,1.6938270774538924,2.526865174505158,0.4854093680694719,55.54521407393317,49.4623482961115
31203,14th St & Rhode Island Ave NW,outgoing_trips,LightGBM,val,1.597073241229931,2.386226109853288,0.5020000375138263,54.0778652776941,47.95095982539393
31203,14th St & Rhode Island Ave NW,outgoing_trips,Linear Regression,test,1.7357975510907837,2.468027324172001,0.5090947656204348,59.23846404248481,50.68795049176254
31203,14th St & Rhode Island Ave NW,outgoing_trips,Linear Regression,val,1.6429366320830738,2.3463245732709903,0.5185155105539274,57.47565502236365,49.32797470203274
31203,14th St & Rhode Island Ave NW,outgoing_trips,Naive (same hour last week),test,2.2536819271606348,3.3216295655383896,0.1107986146106757,83.24095365807305,65.81096849474912
31203,14th St & Rhode Island Ave NW,outgoing_trips,Naive (same hour last week),val,2.1755664351588297,3.197687881543762,0.105710224683894,83.97364869610226,65.31979626021263
31203,14th St & Rhode Island Ave NW,outgoing_trips,Poisson,test,1.9088722281081552,2.6623303135210645,0.428756054715239,62.25151734753219,55.74199648607878
31203,14th St & Rhode Island Ave NW,outgoing_trips,Poisson,val,1.8070710867798103,2.514874485583088,0.4468553033963772,58.52274544222576,54.25599205273672
31203,14th St & Rhode Island Ave NW,outgoing_trips,Polynomial Regression,test,1.7985334424032748,2.678609218620936,0.4217489180453126,62.48943207512633,52.51993472915581
31203,14th St & Rhode Island Ave NW,outgoing_trips,Polynomial Regression,val,1.668043964500848,2.6238312536000032,0.3978871096677868,57.96814821656056,50.08180405500615
31203,14th St & Rhode Island Ave NW,outgoing_trips,Random Forest,test,1.740577912203723,2.488119615394901,0.5010692790217945,61.51545410049775,50.827544367369256
31203,14th St & Rhode Island Ave NW,outgoing_trips,Random Forest,val,1.622406875531024,2.322943457132328,0.5280636810832845,57.95868709580788,48.71158372744329
31203,14th St & Rhode Island Ave NW,outgoing_trips,Soft Two-Stage,test,1.708890533907208,2.5274113793384365,0.4851868771575892,55.0279238073347,49.902224325698405
31203,14th St & Rhode Island Ave NW,outgoing_trips,Soft Two-Stage,val,1.614544430370345,2.3980852290707646,0.4970377949247421,53.35795850167986,48.47551954309896
31203,14th St & Rhode Island Ave NW,outgoing_trips,XGBoost,test,1.7196940859356955,2.528563429594919,0.4847174436755732,54.150894827717664,50.21770461313805
31203,14th St & Rhode Island Ave NW,outgoing_trips,XGBoost,val,1.6287109481513895,2.4010476669734246,0.495794374046552,52.96242658471185,48.900858912295
31212,New Hampshire Ave & Ward Pl NW,incoming_trips,GAM,test,1.427151145242592,1.9462168196347955,0.4605658682949427,62.4404461063747,54.63230139058548
31212,New Hampshire Ave & Ward Pl NW,incoming_trips,GAM,val,1.5331681820452994,2.1833511068623217,0.5160516771164174,58.82961008608488,51.15414125096438
31212,New Hampshire Ave & Ward Pl NW,incoming_trips,HistGradientBoosting,test,1.313635340725986,1.9377477278520296,0.4652504204200607,55.9131516419262,50.28684038905167
31212,New Hampshire Ave & Ward Pl NW,incoming_trips,HistGradientBoosting,val,1.469327552628168,2.199146930043253,0.5090239349188168,53.76837447706764,49.02409928101047
31212,New Hampshire Ave & Ward Pl NW,incoming_trips,LightGBM,test,1.3143688970609892,1.9311137151869904,0.4689056566685715,56.08232206734122,50.31492141670908
31212,New Hampshire Ave & Ward Pl NW,incoming_trips,LightGBM,val,1.4695943939208542,2.1972224684851214,0.5098828599204891,53.9521715375022,49.03300243810539
31212,New Hampshire Ave & Ward Pl NW,incoming_trips,Linear Regression,test,1.373114748222369,1.9543370636692088,0.456055091454141,59.33790084250264,52.563751932519246
31212,New Hampshire Ave & Ward Pl NW,incoming_trips,Linear Regression,val,1.5239872935767185,2.182560559605341,0.51640206946056,58.85832241718286,50.84782099788907
31212,New Hampshire Ave & Ward Pl NW,incoming_trips,Naive (same hour last week),test,1.8265783765270007,2.675274856693,-0.0192783389245301,82.34444494765418,69.92264324111709
31212,New Hampshire Ave & Ward Pl NW,incoming_trips,Naive (same hour last week),val,2.035295457133098,3.029589550251345,0.0682070588156023,84.29608339510874,67.90761282479866
31212,New Hampshire Ave & Ward Pl NW,incoming_trips,Poisson,test,1.4483173557426678,1.983937451472128,0.4394531313770634,56.20833657627367,55.44255810038909
31212,New Hampshire Ave & Ward Pl NW,incoming_trips,Poisson,val,1.647940632756934,2.292048654243016,0.4666657277157175,58.28238095407991,54.98352293535995
31212,New Hampshire Ave & Ward Pl NW,incoming_trips,Polynomial Regression,test,1.420304373997456,1.9871553865620355,0.4376332490857941,63.08050925260898,54.37020240305807
31212,New Hampshire Ave & Ward Pl NW,incoming_trips,Polynomial Regression,val,1.5028263811711569,2.197421389267635,0.5097941125135677,56.96900764988217,50.141787364482106
31212,New Hampshire Ave & Ward Pl NW,incoming_trips,Random Forest,test,1.3551582246734353,1.9222314986257143,0.473779990338015,59.36971769231923,51.87636418825497
31212,New Hampshire Ave & Ward Pl NW,incoming_trips,Random Forest,val,1.4930657695604217,2.1575858793951177,0.5274062104709936,56.47482718310928,49.81612465449469
31212,New Hampshire Ave & Ward Pl NW,incoming_trips,Soft Two-Stage,test,1.3286598740151427,1.9338833966767164,0.4673811301560174,55.059485698030166,50.86198958305421
31212,New Hampshire Ave & Ward Pl NW,incoming_trips,Soft Two-Stage,val,1.4841351401383684,2.20470457563608,0.5065392270062301,52.98907370454957,49.518154292034986
31212,New Hampshire Ave & Ward Pl NW,incoming_trips,XGBoost,test,1.3190223477599508,1.929758834128012,0.469650633241871,54.7959812548937,50.493058625188624
31212,New Hampshire Ave & Ward Pl NW,incoming_trips,XGBoost,val,1.488094905464017,2.2084813877978813,0.5048471136948613,52.4400903082724,49.65027182301496
31212,New Hampshire Ave & Ward Pl NW,outgoing_trips,GAM,test,1.3679341644905547,1.8787659034754796,0.504108319739172,59.01344576848575,54.02044791150933
31212,New Hampshire Ave & Ward Pl NW,outgoing_trips,GAM,val,1.4672739132129358,2.1217057694413324,0.5390104315847528,56.47017972508935,50.83655534417836
31212,New Hampshire Ave & Ward Pl NW,outgoing_trips,HistGradientBoosting,test,1.2807626399500978,1.89857829402587,0.4935943935705947,58.03314728919802,50.57799803121238
31212,New Hampshire Ave & Ward Pl NW,outgoing_trips,HistGradientBoosting,val,1.4026245272836524,2.1633925465416133,0.5207176438844411,54.78670633732611,48.59665176778034
31212,New Hampshire Ave & Ward Pl NW,outgoing_trips,LightGBM,test,1.2792135093640096,1.9016520207322785,0.4919533630779091,57.68372007986902,50.516822040213526
31212,New Hampshire Ave & Ward Pl NW,outgoing_trips,LightGBM,val,1.404727851403825,2.1697028565188594,0.5179175684737014,54.70934688821368,48.6695255182635
31212,New Hampshire Ave & Ward Pl NW,outgoing_trips,Linear Regression,test,1.3358792762690843,1.891073629906893,0.4975899021191888,57.34335297791584,52.75458332209608
31212,New Hampshire Ave & Ward Pl NW,outgoing_trips,Linear Regression,val,1.4855550524155925,2.1428237708051125,0.5297880152503585,56.56558893176023,51.46994092846606
31212,New Hampshire Ave & Ward Pl NW,outgoing_trips,Naive (same hour last week),test,1.7708642539102637,2.6279127333193983,0.0297953297464749,82.47510717976189,69.93237150586114
31212,New Hampshire Ave & Ward Pl NW,outgoing_trips,Naive (same hour last week),val,1.9919162017533871,2.989544953277519,0.0847684985149148,83.33272170435828,69.0138067061144
31212,New Hampshire Ave & Ward Pl NW,outgoing_trips,Poisson,test,1.397117390810591,1.9533963883437997,0.4639290870487697,53.98667423185628,55.17290904467974
31212,New Hampshire Ave & Ward Pl NW,outgoing_trips,Poisson,val,1.609141572718854,2.311840502179607,0.4526860477126316,57.22632281828446,55.75183602836171
31212,New Hampshire Ave & Ward Pl NW,outgoing_trips,Polynomial Regression,test,1.378083739860144,1.936803954917016,0.4729973380811535,62.01222661701786,54.42126004253832
31212,New Hampshire Ave & Ward Pl NW,outgoing_trips,Polynomial Regression,val,1.484401101225755,2.2659871400697686,0.474181738466123,57.33171419845634,51.42996004759687
31212,New Hampshire Ave & Ward Pl NW,outgoing_trips,Random Forest,test,1.3321658049093166,1.8809429312889945,0.5029584208012305,59.6568992629517,52.60793636249191
31212,New Hampshire Ave & Ward Pl NW,outgoing_trips,Random Forest,val,1.448792358418591,2.117621459870481,0.5407835444298135,56.937501481826814,50.196225972349055
31212,New Hampshire Ave & Ward Pl NW,outgoing_trips,Soft Two-Stage,test,1.290005128785034,1.884499105414738,0.5010771969913485,55.12471516692889,50.94298883240809
31212,New Hampshire Ave & Ward Pl NW,outgoing_trips,Soft Two-Stage,val,1.427042306714554,2.170358861906652,0.5176260110559905,52.54386141452392,49.44265317504509
31212,New Hampshire Ave & Ward Pl NW,outgoing_trips,XGBoost,test,1.3001592761699057,1.8913070951540876,0.497465842922053,55.72776006426,51.34398151475295
31212,New Hampshire Ave & Ward Pl NW,outgoing_trips,XGBoost,val,1.443117233695706,2.183017031363397,0.511982909622424,51.910115688829805,49.99960025068791
31213,17th & K St NW,incoming_trips,GAM,test,1.3496412520777683,2.1478024060102823,0.6373430836753377,55.5969431199342,49.98946095631416
31213,17th & K St NW,incoming_trips,GAM,val,1.2259963096810214,1.8772937998610324,0.6250833241419482,56.73974516598235,51.793773871709526
31213,17th & K St NW,incoming_trips,HistGradientBoosting,test,1.2262052159872654,2.0045045843313134,0.6841205137677324,51.304550326330144,45.41750459587474
31213,17th & K St NW,incoming_trips,HistGradientBoosting,val,1.1331189845226035,1.7890968707165154,0.6594836430998339,52.86377534405331,47.87005310756146
31213,17th & K St NW,incoming_trips,LightGBM,test,1.226201957068176,2.0116394108485056,0.6818678311459656,52.07919331871088,45.417383888532456
31213,17th & K St NW,incoming_trips,LightGBM,val,1.1297309691340194,1.7873309750543385,0.6601555123632347,53.43990643839921,47.72692208708077
31213,17th & K St NW,incoming_trips,Linear Regression,test,1.3395877088648125,2.046424926627109,0.6707703429774741,56.695360042483166,49.61708703461981
31213,17th & K St NW,incoming_trips,Linear Regression,val,1.2187846778229388,1.8282142923882203,0.6444305289008475,56.30237085573815,51.48910930889308
31213,17th & K St NW,incoming_trips,Naive (same hour last week),test,1.69585569128896,2.737685064312501,0.4107843295119533,82.16326233418923,62.81292286874154
31213,17th & K St NW,incoming_trips,Naive (same hour last week),val,1.5516338380963224,2.481217155856972,0.3450625616358976,78.37595064886905,65.55074555074555
31213,17th & K St NW,incoming_trips,Poisson,test,1.524178806739155,2.4231077209595164,0.5384138617381844,56.9877792564524,56.45417019717633
31213,17th & K St NW,incoming_trips,Poisson,val,1.3478627481511432,2.00675283907419,0.5715915401857699,53.86286148026136,56.94217660900187
31213,17th & K St NW,incoming_trips,Polynomial Regression,test,1.380722659431113,2.2211330012163075,0.6121565646174729,56.60155371077401,51.140687474446544
31213,17th & K St NW,incoming_trips,Polynomial Regression,val,1.2153194271975476,1.819262763925225,0.6479039707444156,56.47356006024039,51.342715387571246
31213,17th & K St NW,incoming_trips,Random Forest,test,1.2877109875753598,1.9866587357541412,0.6897199463316768,55.56690459278124,47.6956213640586
31213,17th & K St NW,incoming_trips,Random Forest,val,1.1844504084472605,1.7901988515564562,0.6590640369051772,55.93340962946806,50.03861441747133
31213,17th & K St NW,incoming_trips,Soft Two-Stage,test,1.2479562862256368,2.0063311617736006,0.6835445697361091,50.57538527633135,46.22314407582186
31213,17th & K St NW,incoming_trips,Soft Two-Stage,val,1.1485050537373709,1.7774417740984847,0.6639057891136433,51.68234849987753,48.5200571764085
31213,17th & K St NW,incoming_trips,XGBoost,test,1.2624564495817103,2.036420976422737,0.6739813542153041,49.26538782325402,46.76021668591933
31213,17th & K St NW,incoming_trips,XGBoost,val,1.1458382509481635,1.7850742420254708,0.6610131644847385,51.082696348078095,48.407394699748544
31213,17th & K St NW,outgoing_trips,GAM,test,1.3635632412438703,2.149107096326486,0.6059871286896352,56.28490383323958,52.51253266819848
31213,17th & K St NW,outgoing_trips,GAM,val,1.2150440960499709,1.916834924793819,0.5975049957422907,55.24484671852098,54.26764452380826
31213,17th & K St NW,outgoing_trips,HistGradientBoosting,test,1.2853638545277146,2.1126911157419994,0.6192268603964335,54.72348188445969,49.5009760895544
31213,17th & K St NW,outgoing_trips,HistGradientBoosting,val,1.1221262188138503,1.8715585122006717,0.6162946224237287,54.16921225163584,50.11764342660589
31213,17th & K St NW,outgoing_trips,LightGBM,test,1.2916643935352488,2.1308089094758804,0.6126680690805437,54.77190429363343,49.74361775842088
31213,17th & K St NW,outgoing_trips,LightGBM,val,1.1272776146512598,1.88314127906462,0.6115305473066646,54.25917217478726,50.34772077031281
31213,17th & K St NW,outgoing_trips,Linear Regression,test,1.3675052192821595,2.071693981139852,0.6338614127721005,57.44918829857703,52.66434319245708
31213,17th & K St NW,outgoing_trips,Linear Regression,val,1.210090642554227,1.8770412018460667,0.6140432165358152,55.90367949163952,54.046407900095474
31213,17th & K St NW,outgoing_trips,Naive (same hour last week),test,1.7241694257335312,2.758416114157241,0.3508966428598626,81.63572882323359,66.39992965177629
31213,17th & K St NW,outgoing_trips,Naive (same hour last week),val,1.5433223272230443,2.562861069165256,0.2804827752841099,79.99581656584785,68.92957030256801
31213,17th & K St NW,outgoing_trips,Poisson,test,1.5539666610030352,2.6152609652432868,0.4165221738996318,57.87528204227696,59.84520745570517
31213,17th & K St NW,outgoing_trips,Poisson,val,1.3221551430873475,2.0484644144850277,0.5403281435245466,53.10332597980703,59.05155668312317
31213,17th & K St NW,outgoing_trips,Polynomial Regression,test,1.40206289796563,2.164429939299781,0.600348582076244,60.46846630862274,53.99520279318041
31213,17th & K St NW,outgoing_trips,Polynomial Regression,val,1.212857902150441,1.8483599417696768,0.625747971820525,58.64745263770269,54.17000231165687
31213,17th & K St NW,outgoing_trips,Random Forest,test,1.3497365330296816,2.0751276529438982,0.6326467144525245,58.77467595710848,51.98004877245419
31213,17th & K St NW,outgoing_trips,Random Forest,val,1.182428070246621,1.8386624098859865,0.6296647416750736,57.41122955989951,52.81091147203698
31213,17th & K St NW,outgoing_trips,Soft Two-Stage,test,1.3111997114996834,2.1170236401104394,0.6176635457839883,52.27418827372578,50.495947384038544
31213,17th & K St NW,outgoing_trips,Soft Two-Stage,val,1.150771954122096,1.879062703116136,0.6132114476258496,51.71954198865387,51.39705096900264
31213,17th & K St NW,outgoing_trips,XGBoost,test,1.3272938547752666,2.126441171067382,0.614254349907517,52.53294054722305,51.11575305125115
31213,17th & K St NW,outgoing_trips,XGBoost,val,1.1468760278616974,1.8720352630639752,0.6160991113901522,52.174270088160746,51.22304679740294
31214,17th & Corcoran St NW,incoming_trips,GAM,test,1.8083179753089045,2.733363672395936,0.5465004170412284,58.05161085867764,50.97533839382948
31214,17th & Corcoran St NW,incoming_trips,GAM,val,1.536290616956431,2.316488319196582,0.6203707793442481,55.2150573667078,46.9673169575284
31214,17th & Corcoran St NW,incoming_trips,HistGradientBoosting,test,1.5836377520157972,2.475543928379927,0.6280167964938361,48.81098224459207,44.64174520438455
31214,17th & Corcoran St NW,incoming_trips,HistGradientBoosting,val,1.4306261820132726,2.2231038136070764,0.6503617873408408,49.83162011412595,43.736954842224144
31214,17th & Corcoran St NW,incoming_trips,LightGBM,test,1.5870210235054885,2.4819445297571456,0.6260907598386557,48.683193560697504,44.73711748482419
31214,17th & Corcoran St NW,incoming_trips,LightGBM,val,1.4352621892995936,2.225949956562024,0.6494659611232341,49.63116335605442,43.878686374807096
31214,17th & Corcoran St NW,incoming_trips,Linear Regression,test,1.6344712100231689,2.42087108245156,0.6442659954981189,54.04461705343023,46.0747081893439
31214,17th & Corcoran St NW,incoming_trips,Linear Regression,val,1.495509485379936,2.218750889740935,0.6517296573375977,55.12629894971995,45.72056044447066
31214,17th & Corcoran St NW,incoming_trips,Naive (same hour last week),test,2.1183925105605663,3.253126048907232,0.3576320887327602,76.59467204487906,59.71614315139032
31214,17th & Corcoran St NW,incoming_trips,Naive (same hour last week),val,1.965843106000228,3.020895765535861,0.3543890540952417,78.5386612265122,60.09955097636534
31214,17th & Corcoran St NW,incoming_trips,Poisson,test,1.8275814381951168,2.7451322878302515,0.5425868860892717,54.242968464643006,51.51836321173734
31214,17th & Corcoran St NW,incoming_trips,Poisson,val,1.6445871656682591,2.4208313135534,0.5854007990305625,53.80364749486532,50.278147781211736
31214,17th & Corcoran St NW,incoming_trips,Polynomial Regression,test,1.6277139097839894,2.4379079506258847,0.6392414247296726,52.865150054756825,45.884224175456886
31214,17th & Corcoran St NW,incoming_trips,Polynomial Regression,val,1.497513326065511,2.2422490640365176,0.6443137252564657,54.45541668059736,45.78182165349779
31214,17th & Corcoran St NW,incoming_trips,Random Forest,test,1.607955657870279,2.387980279734021,0.6538665845883994,51.58323985994324,45.327251568247206
31214,17th & Corcoran St NW,incoming_trips,Random Forest,val,1.4598624509531464,2.1681635378594795,0.6674296884455679,52.89498880060959,44.63076301549474
31214,17th & Corcoran St NW,incoming_trips,Soft Two-Stage,test,1.6290856182275613,2.5151714765174225,0.6160123521379292,48.17264493625363,45.9228917676854
31214,17th & Corcoran St NW,incoming_trips,Soft Two-Stage,val,1.461819338861326,2.24054397526394,0.6448544734630313,49.01672110421295,44.69058878909473
31214,17th & Corcoran St NW,incoming_trips,XGBoost,test,1.6348534604391278,2.4924247612782886,0.6229263628965083,47.71382753058446,46.08548358646473
31214,17th & Corcoran St NW,incoming_trips,XGBoost,val,1.4585059691998703,2.227513836874947,0.6489732403841979,48.361692360321605,44.58929279641639
31214,17th & Corcoran St NW,outgoing_trips,GAM,test,2.0015906949533724,2.967599452989484,0.3513818762101403,61.938667604229394,56.64232649617662
31214,17th & Corcoran St NW,outgoing_trips,GAM,val,1.6585183606692362,2.466651894248335,0.5157718788586171,57.132146534750426,49.848630353014514
31214,17th & Corcoran St NW,outgoing_trips,HistGradientBoosting,test,1.677308654598956,2.5440853160888066,0.5233036160288665,51.7188180215086,47.46558059457306
31214,17th & Corcoran St NW,outgoing_trips,HistGradientBoosting,val,1.4890993688702352,2.280835622021145,0.5859791112980843,50.0380020931507,44.75655244948079
31214,17th & Corcoran St NW,outgoing_trips,LightGBM,test,1.6738201218290223,2.537251637397442,0.525861089072365,51.69769489055851,47.3668598058297
31214,17th & Corcoran St NW,outgoing_trips,LightGBM,val,1.4861165226740822,2.2751184597475294,0.5880520866413214,49.957799782693016,44.666899660004326
31214,17th & Corcoran St NW,outgoing_trips,Linear Regression,test,1.722607963833097,2.451854808058523,0.5572403731687714,56.78103151880286,48.74749016287831
31214,17th & Corcoran St NW,outgoing_trips,Linear Regression,val,1.561710192728133,2.253273943563943,0.5959247333473601,55.3798811385881,46.93895223711995
31214,17th & Corcoran St NW,outgoing_trips,Naive (same hour last week),test,2.2032195456102293,3.275631797325825,0.2097424177478761,80.12895189141189,62.34815197725511
31214,17th & Corcoran St NW,outgoing_trips,Naive (same hour last week),val,2.0578390071729475,3.105602727716855,0.2324157093001425,79.01300772579043,61.85066046129628
31214,17th & Corcoran St NW,outgoing_trips,Poisson,test,1.9285598540507984,2.7537999007810945,0.4414741543133218,61.179761282431166,54.57565185329201
31214,17th & Corcoran St NW,outgoing_trips,Poisson,val,1.715293885720678,2.4464004516242657,0.5236903554310598,56.84575658839044,51.55508246624022
31214,17th & Corcoran St NW,outgoing_trips,Polynomial Regression,test,1.7284064180781815,2.631348585673345,0.4900409724357069,56.21975292804532,48.91157862479579
31214,17th & Corcoran St NW,outgoing_trips,Polynomial Regression,val,1.5388672085001678,2.316219666116919,0.5730335324717242,55.336752760666585,46.2523807140407
31214,17th & Corcoran St NW,outgoing_trips,Random Forest,test,1.6991581173842902,2.463330047024729,0.5530862429225017,56.288609613747056,48.08389102535861
31214,17th & Corcoran St NW,outgoing_trips,Random Forest,val,1.5208478739985756,2.2153259754399075,0.6094203980378737,54.36294300529889,45.71078939610393
31214,17th & Corcoran St NW,outgoing_trips,Soft Two-Stage,test,1.7139680022544606,2.576933722851268,0.5109142462493939,50.97183680395146,48.50299086245419
31214,17th & Corcoran St NW,outgoing_trips,Soft Two-Stage,val,1.5222538381640658,2.30230640113539,0.5781476032525428,49.73134982361788,45.75304722672982
31214,17th & Corcoran St NW,outgoing_trips,XGBoost,test,1.717489391078941,2.529837964308939,0.5286278429705362,49.831063014229,48.60264143338215
31214,17th & Corcoran St NW,outgoing_trips,XGBoost,val,1.5298461165445132,2.280146958577244,0.586229088108633,49.00826329603645,45.981241672748126
31228,8th & H St NW,incoming_trips,GAM,test,1.863959261430008,2.559551041264617,0.3999105656448984,75.58057706252659,60.69526439966332
31228,8th & H St NW,incoming_trips,GAM,val,1.6761490437889843,2.3765171428935705,0.4913521913782908,66.9670361750515,55.31946885464696
31228,8th & H St NW,incoming_trips,HistGradientBoosting,test,1.4586123481641702,2.208348283126938,0.5532922087712209,56.63027502408757,47.49613575809497
31228,8th & H St NW,incoming_trips,HistGradientBoosting,val,1.4392360930923351,2.2314704194487307,0.5515463704415351,56.02299281146015,47.500415623139865
31228,8th & H St NW,incoming_trips,LightGBM,test,1.457712037374232,2.210658458812812,0.5523571087556373,56.14553118021095,47.46681934406817
31228,8th & H St NW,incoming_trips,LightGBM,val,1.438148801882943,2.230385151734199,0.5519824720280593,55.81387105462869,47.46453076408345
31228,8th & H St NW,incoming_trips,Linear Regression,test,1.5058416425923793,2.235292978861049,0.5423248849657485,55.63015373570228,49.03404196240251
31228,8th & H St NW,incoming_trips,Linear Regression,val,1.5130045682119628,2.264479180319642,0.5381808482739601,57.83690112020268,49.93506359013103
31228,8th & H St NW,incoming_trips,Naive (same hour last week),test,2.042813106519009,3.127554327683378,0.1040204110770426,79.56202792561417,66.51920145730324
31228,8th & H St NW,incoming_trips,Naive (same hour last week),val,2.0357508823864285,3.109303342823847,0.1293141981965037,83.79828190952989,67.18773485645573
31228,8th & H St NW,incoming_trips,Poisson,test,1.6298913613158026,2.3291291445927644,0.5030925237841691,54.1865542811952,53.07341698117073
31228,8th & H St NW,incoming_trips,Poisson,val,1.6522803204449998,2.3702051587359727,0.4940505209938945,56.1147161431128,54.53170770505199
31228,8th & H St NW,incoming_trips,Polynomial Regression,test,1.6239295865125505,2.3719939116711424,0.4846342756900353,60.70964846445035,52.87928639824317
31228,8th & H St NW,incoming_trips,Polynomial Regression,val,1.575149315869296,2.30656636247901,0.5208547540075441,60.17843209132864,51.986083125206775
31228,8th & H St NW,incoming_trips,Random Forest,test,1.5600328567698418,2.2687773772519493,0.528510356753821,61.21203312381597,50.79864601824248
31228,8th & H St NW,incoming_trips,Random Forest,val,1.5144332959716458,2.2478872265281624,0.5449235998917419,59.837686456241016,49.98221718968497
31228,8th & H St NW,incoming_trips,Soft Two-Stage,test,1.4665254211418783,2.202885436382183,0.5554995398436935,54.298368198393554,47.75380558303919
31228,8th & H St NW,incoming_trips,Soft Two-Stage,val,1.4565104431309528,2.22634595693858,0.553603709023087,54.66170741142696,48.070536682771525
31228,8th & H St NW,incoming_trips,XGBoost,test,1.4777145171762522,2.2165372833949197,0.549973101257442,52.77572843681023,48.11815106861517
31228,8th & H St NW,incoming_trips,XGBoost,val,1.4603557687239466,2.2360678327077665,0.5496966031374761,53.55297315262422,48.19744745491666
31228,8th & H St NW,outgoing_trips,GAM,test,1.6335581509210846,2.270945717964818,0.4906989741765472,66.6575880570867,56.92820817982725
31228,8th & H St NW,outgoing_trips,GAM,val,1.536887265217616,2.1899485376954666,0.5043178285329606,62.37901333408548,55.52873771198455
31228,8th & H St NW,outgoing_trips,HistGradientBoosting,test,1.4300880512548402,2.212553489947968,0.5165532982298258,57.20312308180734,49.83743630516888
31228,8th & H St NW,outgoing_trips,HistGradientBoosting,val,1.401189327086373,2.1926662535717223,0.5030867866425901,55.825287006971934,50.62588284092152
31228,8th & H St NW,outgoing_trips,LightGBM,test,1.429109467516793,2.2168464844443814,0.5146754249843066,57.16946183967402,49.80333343669766
31228,8th & H St NW,outgoing_trips,LightGBM,val,1.3981822852512544,2.1928700127131444,0.5029944284790652,55.55153066003691,50.51723646123561
31228,8th & H St NW,outgoing_trips,Linear Regression,test,1.4828109384771495,2.200059117701701,0.5219979647678865,57.8293423697319,51.67478718119421
31228,8th & H St NW,outgoing_trips,Linear Regression,val,1.466833898539194,2.1832297681084616,0.5073546720399009,58.28981450621821,52.99766395520072
31228,8th & H St NW,outgoing_trips,Naive (same hour last week),test,2.0142710355063365,3.052327443109048,0.0799248804999895,85.50093917047893,70.19575077584149
31228,8th & H St NW,outgoing_trips,Naive (same hour last week),val,1.9628828418535809,3.0122146872524724,0.0622062727423756,84.85350019872708,70.92023530379696
31228,8th & H St NW,outgoing_trips,Poisson,test,1.615536644924721,2.277039121999305,0.4879621932899598,56.05070219692955,56.300172964492845
31228,8th & H St NW,outgoing_trips,Poisson,val,1.5979037059561434,2.27884915470696,0.4632566935901229,55.21465537584508,57.73330144972153
31228,8th & H St NW,outgoing_trips,Polynomial Regression,test,1.55763448010809,2.5283988140539577,0.3686761448202934,64.07362758802262,54.28232836503047
31228,8th & H St NW,outgoing_trips,Polynomial Regression,val,1.4921956899857267,2.254783818487315,0.4745331792476492,60.824630462687054,53.914001995740826
31228,8th & H St NW,outgoing_trips,Random Forest,test,1.478066109961529,2.1828584383744274,0.5294430546440311,59.454298577897966,51.50943366417218
31228,8th & H St NW,outgoing_trips,Random Forest,val,1.4552114907667246,2.174810718523993,0.5111468595879736,58.49009466998947,52.577738793879405
31228,8th & H St NW,outgoing_trips,Soft Two-Stage,test,1.445910759591652,2.2028359176018597,0.5207905848138239,55.40815508578502,50.38884516297954
31228,8th & H St NW,outgoing_trips,Soft Two-Stage,val,1.416781542286197,2.181719863924588,0.5080358555170814,54.02786577677941,51.18923972972837
31228,8th & H St NW,outgoing_trips,XGBoost,test,1.4503105373407346,2.2285182978266835,0.509551452562357,54.883920861998526,50.54217393398383
31228,8th & H St NW,outgoing_trips,XGBoost,val,1.4203268975044316,2.206565631290468,0.4967669232412315,54.20309447301005,51.31733572249547
31229,New Hampshire Ave & T St NW,incoming_trips,GAM,test,2.8824412686677032,4.102894117998329,0.5600073907904325,70.36764168193434,48.55343962818595
31229,New Hampshire Ave & T St NW,incoming_trips,GAM,val,2.298864026189178,3.2824954178630006,0.6813239304454706,56.72480279799756,40.65668467242469
31229,New Hampshire Ave & T St NW,incoming_trips,HistGradientBoosting,test,2.316312788458248,3.5896795373178945,0.6631968680217974,48.28942796313397,39.01725747438565
31229,New Hampshire Ave & T St NW,incoming_trips,HistGradientBoosting,val,2.110688017597874,3.197643032518988,0.6975865137953804,46.94090027278424,37.32868764560857
31229,New Hampshire Ave & T St NW,incoming_trips,LightGBM,test,2.296211814038822,3.556888129696405,0.669322097058406,48.00519595908597,38.67866551119453
31229,New Hampshire Ave & T St NW,incoming_trips,LightGBM,val,2.1026683067866565,3.177957692531218,0.7012984903657845,46.96500109084674,37.186854614206446
31229,New Hampshire Ave & T St NW,incoming_trips,Linear Regression,test,2.307253319213127,3.379950298306299,0.7014030338679419,53.51359487150571,38.864654749106286
31229,New Hampshire Ave & T St NW,incoming_trips,Linear Regression,val,2.1358038485511117,3.090761034443507,0.7174651322914436,51.5749949621169,37.77287503891187
31229,New Hampshire Ave & T St NW,incoming_trips,Naive (same hour last week),test,2.983103093960498,4.499686026265582,0.4707886073552465,73.39692323134834,50.24904325083175
31229,New Hampshire Ave & T St NW,incoming_trips,Naive (same hour last week),val,2.8171467607878857,4.185293293175906,0.4819245772819731,72.31627465344245,49.822802142483184
31229,New Hampshire Ave & T St NW,incoming_trips,Poisson,test,2.747575759911145,4.364644205321218,0.5020766917935505,56.885270281970136,46.28169018839156
31229,New Hampshire Ave & T St NW,incoming_trips,Poisson,val,2.5188472101898896,3.928949068819644,0.5434440645656935,54.08818517535239,44.54720922858081
31229,New Hampshire Ave & T St NW,incoming_trips,Polynomial Regression,test,2.309550779349224,3.418806049776221,0.6944982585272814,53.483067849896806,38.90335444204668
31229,New Hampshire Ave & T St NW,incoming_trips,Polynomial Regression,val,2.105890893420836,3.062661562289588,0.7225790778325196,50.23122755455503,37.24384784526438
31229,New Hampshire Ave & T St NW,incoming_trips,Random Forest,test,2.4003929646188213,3.514181187082284,0.6772152103916769,60.09274975870939,40.4335506011582
31229,New Hampshire Ave & T St NW,incoming_trips,Random Forest,val,2.2288593742196112,3.231816051523649,0.6910882254220436,58.41548781624062,39.418613595446914
31229,New Hampshire Ave & T St NW,incoming_trips,Soft Two-Stage,test,2.348670891741594,3.621539199901956,0.6571918460080958,47.62405879450361,39.56231531522649
31229,New Hampshire Ave & T St NW,incoming_trips,Soft Two-Stage,val,2.1473943765038785,3.236713050936229,0.6901513609208241,46.24996640999897,37.97785995093545
31229,New Hampshire Ave & T St NW,incoming_trips,XGBoost,test,2.4108604018939355,3.701611187765383,0.6418653341373771,46.79045795378342,40.60986992093883
31229,New Hampshire Ave & T St NW,incoming_trips,XGBoost,val,2.191905008194281,3.302320704516541,0.6774628902528976,45.37530799872544,38.76505514673265
31229,New Hampshire Ave & T St NW,outgoing_trips,GAM,test,2.7518349343486066,3.968545862357803,0.5453536478217704,63.16712559573067,46.37573053826807
31229,New Hampshire Ave & T St NW,outgoing_trips,GAM,val,2.3904337693260684,3.4748982523818706,0.6309690165055117,55.11687654034285,41.422049078623004
31229,New Hampshire Ave & T St NW,outgoing_trips,HistGradientBoosting,test,2.343689536631994,3.5389168912290105,0.6384639314112979,51.90419227307167,39.49739610451309
31229,New Hampshire Ave & T St NW,outgoing_trips,HistGradientBoosting,val,2.207356191177272,3.2935477647001523,0.6684824091403889,48.93583774755291,38.24963387742173
31229,New Hampshire Ave & T St NW,outgoing_trips,LightGBM,test,2.3500948157719868,3.5507981266182247,0.6360322801938347,51.71887629392344,39.60534207747495
31229,New Hampshire Ave & T St NW,outgoing_trips,LightGBM,val,2.206621976563406,3.3003522111053862,0.667111168115438,48.84581782452819,38.23691121839639
31229,New Hampshire Ave & T St NW,outgoing_trips,Linear Regression,test,2.390848595026454,3.431543669200592,0.6600696325053653,58.52070804982454,40.2921515446891
31229,New Hampshire Ave & T St NW,outgoing_trips,Linear Regression,val,2.295059711583264,3.2589137792891605,0.6754180340194473,55.25895527531837,39.76938295946772
31229,New Hampshire Ave & T St NW,outgoing_trips,Naive (same hour last week),test,3.0855120447539672,4.579996415413609,0.3944623097491196,77.2982638770006,51.99907646130758
31229,New Hampshire Ave & T St NW,outgoing_trips,Naive (same hour last week),val,2.959467152453604,4.364511222890028,0.4178299294896441,75.94203740669754,51.28240539794026
31229,New Hampshire Ave & T St NW,outgoing_trips,Poisson,test,2.88435990417158,4.345143935562607,0.4549714675681972,65.0807978114464,48.60912841158824
31229,New Hampshire Ave & T St NW,outgoing_trips,Poisson,val,2.684746860067958,4.02949428580058,0.5037737506474473,59.19132923585696,46.52198175428496
31229,New Hampshire Ave & T St NW,outgoing_trips,Polynomial Regression,test,2.4029422935845366,3.4321481010770505,0.659949871333734,58.09001476800864,40.495962499532375
31229,New Hampshire Ave & T St NW,outgoing_trips,Polynomial Regression,val,2.244296166737006,3.3536889665916214,0.6562646405782004,54.679034280945,38.88973924249521
31229,New Hampshire Ave & T St NW,outgoing_trips,Random Forest,test,2.4030932416279485,3.460207960561128,0.6543669166750994,61.80304020899767,40.49850637514758
31229,New Hampshire Ave & T St NW,outgoing_trips,Random Forest,val,2.270758120484084,3.236435774012297,0.6798801303532562,57.29318282046916,39.34827875983844
31229,New Hampshire Ave & T St NW,outgoing_trips,Soft Two-Stage,test,2.364429025827406,3.5570714279646607,0.6347450787962485,50.83831979728143,39.84691160430647
31229,New Hampshire Ave & T St NW,outgoing_trips,Soft Two-Stage,val,2.225400743331905,3.305681748270957,0.6660351763631303,48.6149427603365,38.56231450239538
31229,New Hampshire Ave & T St NW,outgoing_trips,XGBoost,test,2.3962781853949533,3.583488184827298,0.6292997682584192,49.406838600214655,40.38365456935082
31229,New Hampshire Ave & T St NW,outgoing_trips,XGBoost,val,2.24139871918106,3.320791790957208,0.6629751384686126,46.87570781189396,38.83953152856262
31230,Metro Center / 12th & G St NW,incoming_trips,GAM,test,2.244854311296794,3.278885877333621,-0.1809934018722281,119.64006022925622,110.11804946599808
31230,Metro Center / 12th & G St NW,incoming_trips,GAM,val,1.7975883721251888,2.676806051438058,0.3486226748341841,84.03811977580102,76.43405631475375
31230,Metro Center / 12th & G St NW,incoming_trips,HistGradientBoosting,test,1.114927246035712,1.8912265308111256,0.6071000511558953,60.316209822194764,54.69112762111784
31230,Metro Center / 12th & G St NW,incoming_trips,HistGradientBoosting,val,1.222175317605816,2.065040904783697,0.6123354016209466,58.80811061735454,51.96730158080888
31230,Metro Center / 12th & G St NW,incoming_trips,LightGBM,test,1.114074147019622,1.89094175026598,0.6072183678520595,60.64013244802551,54.649280094897335
31230,Metro Center / 12th & G St NW,incoming_trips,LightGBM,val,1.2180669294470392,2.0566361750506226,0.6154845747811993,58.99268929921445,51.79261154789575
31230,Metro Center / 12th & G St NW,incoming_trips,Linear Regression,test,1.2043586265577175,1.9450717627565264,0.5844090065467302,62.626497310588455,59.07805337152246
31230,Metro Center / 12th & G St NW,incoming_trips,Linear Regression,val,1.322168573453437,2.116355530634325,0.5928297107598682,63.2370157176543,56.21904812471698
31230,Metro Center / 12th & G St NW,incoming_trips,Naive (same hour last week),test,1.550176960840279,2.6509890405326684,0.2280116730314454,86.52151221134291,76.04166666666666
31230,Metro Center / 12th & G St NW,incoming_trips,Naive (same hour last week),val,1.7089832631219402,2.894241987896685,0.2385024594465121,86.5811647996384,72.66653756777691
31230,Metro Center / 12th & G St NW,incoming_trips,Poisson,test,1.358882000372305,2.0327129269226383,0.5461138121425182,62.043262405761205,66.65797178125571
31230,Metro Center / 12th & G St NW,incoming_trips,Poisson,val,1.4687642505162386,2.2298022379607603,0.5480071970726015,60.858151163391526,62.4523451408023
31230,Metro Center / 12th & G St NW,incoming_trips,Polynomial Regression,test,1.2934822109812336,2.052898775414365,0.537054421916546,66.88469194440941,63.44988063387448
31230,Metro Center / 12th & G St NW,incoming_trips,Polynomial Regression,val,1.3361979060087312,2.1362989938988517,0.5851196197188977,63.472358875897314,56.81558001778993
31230,Metro Center / 12th & G St NW,incoming_trips,Random Forest,test,1.6422566338920246,2.841859131594394,0.1128440656424563,95.77619779772144,80.55850053909185
31230,Metro Center / 12th & G St NW,incoming_trips,Random Forest,val,1.447077248254734,2.3446350258120723,0.5002540047196586,73.70405795671701,61.53020658124191
31230,Metro Center / 12th & G St NW,incoming_trips,Soft Two-Stage,test,1.1385816672494282,1.870863894129633,0.6155151284872955,58.61293423549993,55.85146070473645
31230,Metro Center / 12th & G St NW,incoming_trips,Soft Two-Stage,val,1.242473980803814,2.0508522378972915,0.6176443011858095,57.04563347339116,52.83040750096775
31230,Metro Center / 12th & G St NW,incoming_trips,XGBoost,test,1.1426279041850982,1.8817967190150828,0.6110083465000342,57.99142392897989,56.0499429477894
31230,Metro Center / 12th & G St NW,incoming_trips,XGBoost,val,1.2389627809168782,2.0408536749008834,0.6213634266075918,56.50625575712519,52.68111011228186
31230,Metro Center / 12th & G St NW,outgoing_trips,GAM,test,1.412038279545565,2.069689424930255,0.3792735323640561,76.48526661970831,76.74387745432864
31230,Metro Center / 12th & G St NW,outgoing_trips,GAM,val,1.3326982215031866,2.0122995839795554,0.55840147496232,65.63454543502431,66.55156060645035
31230,Metro Center / 12th & G St NW,outgoing_trips,HistGradientBoosting,test,1.0528651456102318,1.7920598308610336,0.534633718298122,58.70215698648228,57.22292014395644
31230,Metro Center / 12th & G St NW,outgoing_trips,HistGradientBoosting,val,1.11497674790303,1.9146665315915816,0.6002130339043258,57.145138413441245,55.6791038027764
31230,Metro Center / 12th & G St NW,outgoing_trips,LightGBM,test,1.0506373421499031,1.7881987894948792,0.5366368465505558,60.580716344395405,57.10183966177092
31230,Metro Center / 12th & G St NW,outgoing_trips,LightGBM,val,1.1058372318560916,1.900972444442919,0.6059112997005168,58.63275491053004,55.22269960991615
31230,Metro Center / 12th & G St NW,outgoing_trips,Linear Regression,test,1.09542968513524,1.7651407280710008,0.5485095439839514,60.50080018143147,59.5362907179174
31230,Metro Center / 12th & G St NW,outgoing_trips,Linear Regression,val,1.1873223675593756,1.897400325699015,0.6073909729092778,60.19711303716039,59.29186009935181
31230,Metro Center / 12th & G St NW,outgoing_trips,Naive (same hour last week),test,1.4501655440118737,2.4187209866633013,0.1522623951349196,84.65117704454994,78.81608339538347
31230,Metro Center / 12th & G St NW,outgoing_trips,Naive (same hour last week),val,1.55197540703632,2.6062528267817857,0.2592435766909907,88.16121891954012,77.50170570843757
31230,Metro Center / 12th & G St NW,outgoing_trips,Poisson,test,1.1681914402952551,1.7875928952133988,0.5369507954510405,51.80378188801932,63.490871342430765
31230,Metro Center / 12th & G St NW,outgoing_trips,Poisson,val,1.2638714887580207,1.9608781685626149,0.5806819456407053,53.57151177863189,63.11452857494709
31230,Metro Center / 12th & G St NW,outgoing_trips,Polynomial Regression,test,1.177992841924928,1.9895240153596567,0.4264275613706795,63.63446950069584,64.02357472338326
31230,Metro Center / 12th & G St NW,outgoing_trips,Polynomial Regression,val,1.2168612450287484,1.952028544607666,0.5844582470455402,61.28374968757532,60.7669565333608
31230,Metro Center / 12th & G St NW,outgoing_trips,Random Forest,test,1.1376819057856775,1.811104924858275,0.5246898092361287,61.49048125578188,61.83268685019082
31230,Metro Center / 12th & G St NW,outgoing_trips,Random Forest,val,1.1892518617743175,1.9054660264861667,0.6040459776302687,59.16996298954806,59.388214134431614
31230,Metro Center / 12th & G St NW,outgoing_trips,Soft Two-Stage,test,1.0673699304006663,1.7722296173187253,0.544875847700661,55.05835704140433,58.011251057206735
31230,Metro Center / 12th & G St NW,outgoing_trips,Soft Two-Stage,val,1.133088772309681,1.8904705734483105,0.6102535369815122,53.61784511760077,56.58357224923771
31230,Metro Center / 12th & G St NW,outgoing_trips,XGBoost,test,1.0585343514118577,1.7881256788439146,0.5366747350554057,58.269160434983135,57.53103986110983
31230,Metro Center / 12th & G St NW,outgoing_trips,XGBoost,val,1.1191976286283667,1.9214679103775767,0.5973677007723887,57.03653835261622,55.88988385400809
31232,9th & F St NW,incoming_trips,GAM,test,1.2326597466986204,1.9484702348861251,0.4607988235697134,65.35842702285005,63.04371552804634
31232,9th & F St NW,incoming_trips,GAM,val,1.4170098994812197,2.215238031249985,0.4760659472018302,65.16376601486643,58.44924598292187
31232,9th & F St NW,incoming_trips,HistGradientBoosting,test,1.1785187714661731,1.9413814803374985,0.464715036205099,62.079524409961095,60.27470465533232
31232,9th & F St NW,incoming_trips,HistGradientBoosting,val,1.362539885712403,2.235991254149622,0.466203121805516,61.42203032941899,56.20245064674793
31232,9th & F St NW,incoming_trips,LightGBM,test,1.1796250257962153,1.943595187603812,0.4634935969176785,62.13259179883356,60.33128343424647
31232,9th & F St NW,incoming_trips,LightGBM,val,1.3632935671726931,2.2366567701353475,0.4658853180369068,61.39375018341951,56.233538723889374
31232,9th & F St NW,incoming_trips,Linear Regression,test,1.2184148098167864,1.9595878170505845,0.454628120719762,64.42011643984702,62.315165941756575
31232,9th & F St NW,incoming_trips,Linear Regression,val,1.420169976269325,2.2375951891898285,0.4654370341973902,65.3844779340024,58.57959377059822
31232,9th & F St NW,incoming_trips,Naive (same hour last week),test,1.6218746432241122,2.7235112290521912,-0.0534686591923228,88.41009681655586,82.94990073572346
31232,9th & F St NW,incoming_trips,Naive (same hour last week),val,1.8519867926676532,3.015803379140076,0.0289493673965662,90.97103175887057,76.39130230592214
31232,9th & F St NW,incoming_trips,Poisson,test,1.344923718588843,2.0037631599139942,0.4297621314681035,58.630506048377285,68.78539560387526
31232,9th & F St NW,incoming_trips,Poisson,val,1.5378554770574588,2.3213184320803664,0.4246855684674196,61.10413413584935,63.433920325908325
31232,9th & F St NW,incoming_trips,Polynomial Regression,test,1.334917695718025,2.0283020424444884,0.4157098898850295,66.55317283788476,68.27364298022995
31232,9th & F St NW,incoming_trips,Polynomial Regression,val,1.466607954787,2.2979855676534706,0.4361930538150833,66.17682323897203,60.49508132669994
31232,9th & F St NW,incoming_trips,Random Forest,test,1.2915481131112196,1.9714470350813345,0.4480070804812923,67.87869840516812,66.05552915299062
31232,9th & F St NW,incoming_trips,Random Forest,val,1.4389213604417754,2.2285324465755245,0.469758455465515,66.2051231857,59.35305644465371
31232,9th & F St NW,incoming_trips,Soft Two-Stage,test,1.1903522522550047,1.9268011857867573,0.4727251106343123,61.13598597378135,60.87992162502386
31232,9th & F St NW,incoming_trips,Soft Two-Stage,val,1.3762400635261898,2.221613466583242,0.473045852464209,60.22661526522346,56.767559657871246
31232,9th & F St NW,incoming_trips,XGBoost,test,1.2005594452477406,1.938822258598212,0.4661253823813897,59.276942292574496,61.40196298566484
31232,9th & F St NW,incoming_trips,XGBoost,val,1.3696004744032706,2.237329366870073,0.4655640369079534,58.67244149736091,56.49368791003582
31232,9th & F St NW,outgoing_trips,GAM,test,1.171388376257564,1.915461529626011,0.4632642811246288,62.0864121106775,63.194079746489294
31232,9th & F St NW,outgoing_trips,GAM,val,1.3424169123490537,2.125525846216044,0.4892570582337061,61.84382179526193,58.89922939934928
31232,9th & F St NW,outgoing_trips,HistGradientBoosting,test,1.1264978262207963,1.9331086226773773,0.4533288615331456,57.2418535197102,60.772323601059085
31232,9th & F St NW,outgoing_trips,HistGradientBoosting,val,1.2894599405636984,2.1750897825803808,0.4651598898428337,55.31219002187024,56.57571514622322
31232,9th & F St NW,outgoing_trips,LightGBM,test,1.1284930516077487,1.9345457481821549,0.4525157390238166,56.99487321554898,60.87996205366021
31232,9th & F St NW,outgoing_trips,LightGBM,val,1.2886783899668626,2.172628312847257,0.4663697229636107,55.32443033784037,56.54142421360253
31232,9th & F St NW,outgoing_trips,Linear Regression,test,1.1711777626310511,1.921097133060496,0.460101305113379,62.42374837635797,63.18271755903779
31232,9th & F St NW,outgoing_trips,Linear Regression,val,1.351408231574152,2.1399076059530726,0.4823220849441582,62.44122862411871,59.29372813425806
31232,9th & F St NW,outgoing_trips,Naive (same hour last week),test,1.5739239639228222,2.6758082453634486,-0.04742661524827,90.95233983026124,84.91007637349101
31232,9th & F St NW,outgoing_trips,Naive (same hour last week),val,1.7589661846749405,2.9150365748906166,0.0393667615903783,91.26942625591693,77.17554201218903
31232,9th & F St NW,outgoing_trips,Poisson,test,1.3018863697318517,1.9699060499939356,0.4323186091212923,55.62126148834854,70.23418768465933
31232,9th & F St NW,outgoing_trips,Poisson,val,1.4718340714401676,2.219711651041823,0.442990353918503,56.7452158955608,64.57747352112595
31232,9th & F St NW,outgoing_trips,Polynomial Regression,test,1.2974132535415732,2.066405451746244,0.375338545963667,64.12082397479753,69.99287193748854
31232,9th & F St NW,outgoing_trips,Polynomial Regression,val,1.4209933557712513,2.293068312892054,0.4055660861618334,63.412216340019256,62.34681108871466
31232,9th & F St NW,outgoing_trips,Random Forest,test,1.237646665475734,1.95249709595652,0.4423079891886028,64.80641169312891,66.76858304324928
31232,9th & F St NW,outgoing_trips,Random Forest,val,1.3630693866383548,2.145231544169001,0.4797429888186622,61.88394130845777,59.805367283668055
31232,9th & F St NW,outgoing_trips,Soft Two-Stage,test,1.1494679935347214,1.932514801315477,0.4536646679500583,56.244988246417385,62.01151857212752
31232,9th & F St NW,outgoing_trips,Soft Two-Stage,val,1.3179657788062946,2.1784206248203195,0.4635205717071742,55.04702289147747,57.826423395222726
31232,9th & F St NW,outgoing_trips,XGBoost,test,1.1525744617419684,1.931517324563372,0.4542285095839501,55.54477539647663,62.17910637101443
31232,9th & F St NW,outgoing_trips,XGBoost,val,1.311386202479813,2.1786715588567738,0.4633969695888043,54.044239082918345,57.53774111489759
31234,20th & O St NW / Dupont South,incoming_trips,GAM,test,1.6976666557794573,2.6497226418139834,0.4335784229191836,58.54879752368903,56.16143157446941
31234,20th & O St NW / Dupont South,incoming_trips,GAM,val,1.3522712227005265,2.006680133315865,0.5199120566818214,57.74793306794693,53.6425552096957
31234,20th & O St NW / Dupont South,incoming_trips,HistGradientBoosting,test,1.5808424068392526,2.524478964709769,0.4858587278035194,55.04075542038239,52.29670522153194
31234,20th & O St NW / Dupont South,incoming_trips,HistGradientBoosting,val,1.2835762920523444,2.0009788625596605,0.522636181010467,54.54654021871021,50.917531155303465
31234,20th & O St NW / Dupont South,incoming_trips,LightGBM,test,1.5893057439944531,2.539524931513218,0.4797118711449495,54.11011843446032,52.57668546907661
31234,20th & O St NW / Dupont South,incoming_trips,LightGBM,val,1.2883643884789715,2.0104555272659743,0.5181038699788821,53.83572655145644,51.10746770250128
31234,20th & O St NW / Dupont South,incoming_trips,Linear Regression,test,1.592058794218968,2.3828234239981043,0.5419396751788739,56.846458872455294,52.66776061700321
31234,20th & O St NW / Dupont South,incoming_trips,Linear Regression,val,1.351323891880664,1.9884287224018016,0.5286054545726123,57.24140063649491,53.60497602812824
31234,20th & O St NW / Dupont South,incoming_trips,Naive (same hour last week),test,2.0278570613083686,3.1239566131194976,0.2126842445885641,81.65092349508028,67.0846394984326
31234,20th & O St NW / Dupont South,incoming_trips,Naive (same hour last week),val,1.7784356142548103,2.7077465083283654,0.1258609810050891,83.33389492552963,70.54785240052391
31234,20th & O St NW / Dupont South,incoming_trips,Poisson,test,1.859482289646004,2.93943402228769,0.3029460565959079,62.99543768922943,61.514542338668846
31234,20th & O St NW / Dupont South,incoming_trips,Poisson,val,1.4975748852280342,2.253052583230519,0.3947885264797772,58.630829447167976,59.40653185022278
31234,20th & O St NW / Dupont South,incoming_trips,Polynomial Regression,test,1.662688503313583,2.547284948660668,0.4765273279620177,60.929583917395725,55.00430033811864
31234,20th & O St NW / Dupont South,incoming_trips,Polynomial Regression,val,1.3279746896851716,1.9895307165267573,0.5280828127892798,58.330837966404026,52.67874847344232
31234,20th & O St NW / Dupont South,incoming_trips,Random Forest,test,1.6219162155716706,2.4118371982178246,0.5307168795436534,58.54097231740052,53.65549016955193
31234,20th & O St NW / Dupont South,incoming_trips,Random Forest,val,1.3299747072746737,1.955652242223377,0.5440179383471553,57.31770767362505,52.75808614784092
31234,20th & O St NW / Dupont South,incoming_trips,Soft Two-Stage,test,1.6104766503714054,2.551311465359826,0.4748711038764744,52.82268817140034,53.2770517075316
31234,20th & O St NW / Dupont South,incoming_trips,Soft Two-Stage,val,1.3076918967940452,2.0189065601265965,0.5140440144108696,52.36220735292334,51.874160740445774
31234,20th & O St NW / Dupont South,incoming_trips,XGBoost,test,1.613393318436677,2.517973209055881,0.4885052679773088,53.50488690608854,53.37353958600618
31234,20th & O St NW / Dupont South,incoming_trips,XGBoost,val,1.3029306411147137,2.0004904698428296,0.5228691795340067,52.84461067684283,51.68528892511869
31234,20th & O St NW / Dupont South,outgoing_trips,GAM,test,1.6942599560860232,2.6436746950542056,0.401523420449602,58.22401958876768,57.44154424369064
31234,20th & O St NW / Dupont South,outgoing_trips,GAM,val,1.3457374531553596,1.996015556114204,0.5090291384604689,56.18800628824131,54.31557396748092
31234,20th & O St NW / Dupont South,outgoing_trips,HistGradientBoosting,test,1.5258598759348765,2.446253320484394,0.4875706601744232,54.24337668353814,51.73217206624186
31234,20th & O St NW / Dupont South,outgoing_trips,HistGradientBoosting,val,1.272922129107687,1.9858005763532205,0.5140415484525642,54.49265031921795,51.37666035546536
31234,20th & O St NW / Dupont South,outgoing_trips,LightGBM,test,1.5334934342278213,2.4628817826849856,0.4805804826799272,54.18523127659676,51.99097731914646
31234,20th & O St NW / Dupont South,outgoing_trips,LightGBM,val,1.2735133322151486,1.992447274981364,0.5107829886239101,54.48361559300429,51.400522020337526
31234,20th & O St NW / Dupont South,outgoing_trips,Linear Regression,test,1.576019415609779,2.3508382202205547,0.5267652612507489,55.9077668332144,53.432761994681854
31234,20th & O St NW / Dupont South,outgoing_trips,Linear Regression,val,1.3378442130484125,1.9707516579145024,0.5213790814416928,55.71152764087218,53.99699335142781
31234,20th & O St NW / Dupont South,outgoing_trips,Naive (same hour last week),test,2.0360771777600184,3.157978459140584,0.1460165422219216,83.06434163153472,69.0303851364428
31234,20th & O St NW / Dupont South,outgoing_trips,Naive (same hour last week),val,1.7401798929750654,2.6981424488867893,0.1028653640720903,81.77070665736818,70.23574284270025
31234,20th & O St NW / Dupont South,outgoing_trips,Poisson,test,1.919820364919005,3.116847678736124,0.1681169241123243,65.07763487611733,65.08885843361938
31234,20th & O St NW / Dupont South,outgoing_trips,Poisson,val,1.5080589329259866,2.289741845744562,0.353898250668508,59.00894411371376,60.86706313077956
31234,20th & O St NW / Dupont South,outgoing_trips,Polynomial Regression,test,1.5932574690918406,2.488040815750943,0.4699142460515051,57.44301816785725,54.01719439433107
31234,20th & O St NW / Dupont South,outgoing_trips,Polynomial Regression,val,1.303381187542893,2.0011826791065426,0.5064838772387865,56.68249316791852,52.60602440232172
31234,20th & O St NW / Dupont South,outgoing_trips,Random Forest,test,1.5268994976610175,2.335390397311196,0.5329642648073125,53.76299061349397,51.767419005275215
31234,20th & O St NW / Dupont South,outgoing_trips,Random Forest,val,1.2997748277277728,1.930849147564898,0.5405644844272643,55.46425187792151,52.46046740468281
31234,20th & O St NW / Dupont South,outgoing_trips,Soft Two-Stage,test,1.5531443033518624,2.451672437146018,0.4852978046524678,51.67256936963096,52.65721290133138
31234,20th & O St NW / Dupont South,outgoing_trips,Soft Two-Stage,val,1.289545938469942,1.980939857377312,0.5164176345361922,51.74026106729026,52.04761719397777
31234,20th & O St NW / Dupont South,outgoing_trips,XGBoost,test,1.582916534798236,2.4601261054779946,0.481742172028243,50.79933258972934,53.66659929668182
31234,20th & O St NW / Dupont South,outgoing_trips,XGBoost,val,1.30217976077787,1.9764680229000693,0.518598477573027,51.79220852275928,52.55753338041465
31236,37th & O St NW / Georgetown University,incoming_trips,GAM,test,2.0796034772578325,3.1052083632231247,0.3971860283748134,70.24190101341581,63.00019664960866
31236,37th & O St NW / Georgetown University,incoming_trips,GAM,val,1.9246541150259475,2.88261714505328,0.4351128709227818,66.55556403300092,59.42779782834556
31236,37th & O St NW / Georgetown University,incoming_trips,HistGradientBoosting,test,2.0308776061398084,3.2743628832520604,0.3297212785311592,70.78805460806112,61.52407896855595
31236,37th & O St NW / Georgetown University,incoming_trips,HistGradientBoosting,val,1.912722241562407,3.116283794148353,0.3398209306773596,67.44557726620035,59.0593758046849
31236,37th & O St NW / Georgetown University,incoming_trips,LightGBM,test,1.7394301125688545,2.8062484944165424,0.5076725328768346,61.363745058904094,52.69487205060213
31236,37th & O St NW / Georgetown University,incoming_trips,LightGBM,val,1.6206682043547318,2.627775240332189,0.5305771981836029,58.25282042108031,50.04158494936759
31236,37th & O St NW / Georgetown University,incoming_trips,Linear Regression,test,1.806041790843018,2.6616652873032383,0.5570969239244175,62.10834804716113,54.71282829866839
31236,37th & O St NW / Georgetown University,incoming_trips,Linear Regression,val,1.6961046733386964,2.495820284051807,0.5765380737451611,58.09826668537591,52.370846707448656
31236,37th & O St NW / Georgetown University,incoming_trips,Naive (same hour last week),test,2.279712295924192,3.5661510760166264,0.204937462464973,89.7259773527248,69.0623594922699
31236,37th & O St NW / Georgetown University,incoming_trips,Naive (same hour last week),val,2.1205738358191963,3.295686684590571,0.2616205803288279,83.63676927929909,65.47723677271928
31236,37th & O St NW / Georgetown University,incoming_trips,Poisson,test,2.3126710827065007,3.921913393961555,0.038392563210025,75.75250783516326,70.06082389729961
31236,37th & O St NW / Georgetown University,incoming_trips,Poisson,val,2.292344419951469,4.204854082502907,-0.2019588724078271,70.59000674419299,70.7810196534848
31236,37th & O St NW / Georgetown University,incoming_trips,Polynomial Regression,test,1.7926055707682351,2.770285971218516,0.5202101891990509,67.26852969943558,54.30578699671072
31236,37th & O St NW / Georgetown University,incoming_trips,Polynomial Regression,val,1.6567583990093802,2.504163222474212,0.573702275309468,61.23349934380151,51.15594662857931
31236,37th & O St NW / Georgetown University,incoming_trips,Random Forest,test,1.8021842481906745,2.675910419701503,0.5523434364565765,65.22842823907604,54.59596662367141
31236,37th & O St NW / Georgetown University,incoming_trips,Random Forest,val,1.6736047528224651,2.507824273372298,0.5724548817588616,60.85519690079156,51.676113707293766
31236,37th & O St NW / Georgetown University,incoming_trips,Soft Two-Stage,test,1.8041967776747168,2.88049205052564,0.4812773913536068,56.718021795478215,54.656934858550976
31236,37th & O St NW / Georgetown University,incoming_trips,Soft Two-Stage,val,1.678055709344718,2.68912210238631,0.5084034874854613,53.24566670469465,51.8135464762688
31236,37th & O St NW / Georgetown University,incoming_trips,XGBoost,test,1.808440183935138,2.888480196332121,0.4783963715187264,57.58210914674719,54.78548601351597
31236,37th & O St NW / Georgetown University,incoming_trips,XGBoost,val,1.6856905665455388,2.7173069322579324,0.4980445867085825,54.6677369200396,52.04928896456133
31236,37th & O St NW / Georgetown University,outgoing_trips,GAM,test,1.99001905952454,3.1476923260279954,0.4566517808102837,66.91811382004259,60.83758661957853
31236,37th & O St NW / Georgetown University,outgoing_trips,GAM,val,1.8821885861265053,3.024605947177448,0.4668345589758933,63.54024512419685,58.71102160013175
31236,37th & O St NW / Georgetown University,outgoing_trips,HistGradientBoosting,test,1.957678704854571,3.281455193391591,0.4094908184977429,67.10695749750997,59.848898034348494
31236,37th & O St NW / Georgetown University,outgoing_trips,HistGradientBoosting,val,1.8685209945138668,3.177892209577051,0.4114237785982784,64.71908747007524,58.28468904647261
31236,37th & O St NW / Georgetown University,outgoing_trips,LightGBM,test,1.6982093726333385,2.821210550706544,0.5635196507252438,59.0134162630231,51.916567990281
31236,37th & O St NW / Georgetown University,outgoing_trips,LightGBM,val,1.6007127474674678,2.697681062571756,0.5758635526556783,56.308974060568815,49.930958770489646
31236,37th & O St NW / Georgetown University,outgoing_trips,Linear Regression,test,1.737750373317676,2.613212197769156,0.6255075634609528,61.22215839410676,53.12539010816211
31236,37th & O St NW / Georgetown University,outgoing_trips,Linear Regression,val,1.6318065337188803,2.4970093135516307,0.6366169111051693,57.036407027761726,50.90086580833515
31236,37th & O St NW / Georgetown University,outgoing_trips,Naive (same hour last week),test,2.1842676104578147,3.475880390833421,0.3374428510119139,87.66602959484449,66.77602875990367
31236,37th & O St NW / Georgetown University,outgoing_trips,Naive (same hour last week),val,2.097005578959353,3.343924121805416,0.3483157633806915,82.23974451323214,65.41179813190325
31236,37th & O St NW / Georgetown University,outgoing_trips,Poisson,test,2.2107176847794987,4.228223015334549,0.0195860789988893,67.50097269414587,67.58464347137492
31236,37th & O St NW / Georgetown University,outgoing_trips,Poisson,val,2.1259547929418985,4.222583384315302,-0.0391562564262648,61.84236555938705,66.31480962605637
31236,37th & O St NW / Georgetown University,outgoing_trips,Polynomial Regression,test,1.7383175523930363,2.676034750822849,0.6072852663504993,63.443241668417535,53.14272954315943
31236,37th & O St NW / Georgetown University,outgoing_trips,Polynomial Regression,val,1.6226677476619653,2.49082470685513,0.6384147404598683,59.738960476870105,50.615800077121285
31236,37th & O St NW / Georgetown University,outgoing_trips,Random Forest,test,1.7556700885461307,2.642920816013986,0.6169442370646283,62.81895642345947,53.67322015139283
31236,37th & O St NW / Georgetown University,outgoing_trips,Random Forest,val,1.6233927431686184,2.50780342812503,0.6334684433919563,57.25835764192754,50.63841482846176
31236,37th & O St NW / Georgetown University,outgoing_trips,Soft Two-Stage,test,1.748681183677261,2.840568199721037,0.5575093084785002,56.4696228316062,53.45955983326631
31236,37th & O St NW / Georgetown University,outgoing_trips,Soft Two-Stage,val,1.6411518618874208,2.704237631266482,0.5737993656167447,52.953707776952776,51.1923741980936
31236,37th & O St NW / Georgetown University,outgoing_trips,XGBoost,test,1.775419620656734,2.918186216341766,0.5329969670753112,56.2437302517189,54.27699018300351
31236,37th & O St NW / Georgetown University,outgoing_trips,XGBoost,val,1.6790268387118277,2.8042524457135785,0.5416907713131143,53.86347369423968,52.3738066001562
31241,Thomas Circle,incoming_trips,GAM,test,1.3582141255474969,1.889211619223497,0.4095131495985419,67.00957160757642,62.71599728857885
31241,Thomas Circle,incoming_trips,GAM,val,1.3857044888166072,1.9096208206768868,0.4753673188178468,61.09514353622901,55.30099293564278
31241,Thomas Circle,incoming_trips,HistGradientBoosting,test,1.1930158853786164,1.831266928457697,0.4451797297114268,56.05487352719031,55.087912594397714
31241,Thomas Circle,incoming_trips,HistGradientBoosting,val,1.2924627227381262,1.9221530603943695,0.4684587255547087,54.109586697197386,51.57988046986988
31241,Thomas Circle,incoming_trips,LightGBM,test,1.1973112673517234,1.83025763769312,0.4457911322905202,56.13519474523437,55.28625331189701
31241,Thomas Circle,incoming_trips,LightGBM,val,1.2896366439594773,1.9167435605558647,0.471446340254823,54.12219203543811,51.46709670981502
31241,Thomas Circle,incoming_trips,Linear Regression,test,1.2670337717272198,1.8589347494197772,0.4282880019471495,60.30266802620902,58.50571356718181
31241,Thomas Circle,incoming_trips,Linear Regression,val,1.3440506001546098,1.910241699757521,0.4750261134786071,58.73185162403315,53.63866058323309
31241,Thomas Circle,incoming_trips,Naive (same hour last week),test,1.678159607261103,2.5444333128739136,-0.071102814892056,86.0281503605426,77.48958827560757
31241,Thomas Circle,incoming_trips,Naive (same hour last week),val,1.7742229306615052,2.615933103163709,0.0155031615930764,82.80784932625829,70.80607051981099
31241,Thomas Circle,incoming_trips,Poisson,test,1.3671937494998556,1.904420714012232,0.3999674531546799,55.666812845515146,63.1306344660722
31241,Thomas Circle,incoming_trips,Poisson,val,1.4446934740329396,1.988322196888448,0.4312327517023306,54.72784817412523,57.655138051759856
31241,Thomas Circle,incoming_trips,Polynomial Regression,test,1.320157097665045,2.092369212696872,0.2756880388455732,63.78394398749708,60.95870113579065
31241,Thomas Circle,incoming_trips,Polynomial Regression,val,1.3587324938805054,2.1278665779571564,0.3485968641087978,58.63514455571113,54.22458875750854
31241,Thomas Circle,incoming_trips,Random Forest,test,1.2842601964958729,1.84164001428984,0.4388764451838961,62.64537896295978,59.301149565645794
31241,Thomas Circle,incoming_trips,Random Forest,val,1.35020737158899,1.9108306844174088,0.4747023332636862,59.226196454200576,53.88436634253952
31241,Thomas Circle,incoming_trips,Soft Two-Stage,test,1.2081134453768625,1.823643398007481,0.4497895275516334,56.1131318473412,55.78504754101922
31241,Thomas Circle,incoming_trips,Soft Two-Stage,val,1.303746424414718,1.9115693552395292,0.4742961255745838,54.2508678892481,52.03019286456957
31241,Thomas Circle,incoming_trips,XGBoost,test,1.2311877129271944,1.832894196777432,0.4441932622898589,54.631267102145074,56.850509660653145
31241,Thomas Circle,incoming_trips,XGBoost,val,1.300544287651909,1.916421832771426,0.4716237621382932,52.972135784308136,51.902401301557255
31241,Thomas Circle,outgoing_trips,GAM,test,1.5999886148842295,2.169443775618824,0.2554037003845946,83.26467139911587,71.53437944857826
31241,Thomas Circle,outgoing_trips,GAM,val,1.5338532341303797,2.1031373695918205,0.4633915191762239,67.09994568851279,55.98567491737158
31241,Thomas Circle,outgoing_trips,HistGradientBoosting,test,1.2461674547173491,1.8390947774710984,0.4649032695113194,60.05106928518421,55.7152811794664
31241,Thomas Circle,outgoing_trips,HistGradientBoosting,val,1.370735842146951,2.0106562745145835,0.5095464089622156,56.76434622312291,50.03188672059458
31241,Thomas Circle,outgoing_trips,LightGBM,test,1.2460323924442478,1.8390863305479572,0.4649081848758031,59.972651608708574,55.70924263906471
31241,Thomas Circle,outgoing_trips,LightGBM,val,1.3712911653674429,2.0090341731689234,0.5103374387647839,56.69353637554406,50.05215602968145
31241,Thomas Circle,outgoing_trips,Linear Regression,test,1.3126383653838802,1.8815831402817704,0.4398931280146244,63.26252186482717,58.68714941757648
31241,Thomas Circle,outgoing_trips,Linear Regression,val,1.4143894848303522,2.009815274471702,0.5099566085908684,59.45776107417474,51.62524558560855
31241,Thomas Circle,outgoing_trips,Naive (same hour last week),test,1.734216234729992,2.5775338572902964,-0.051072884956165,85.16603722661262,77.53560308304834
31241,Thomas Circle,outgoing_trips,Naive (same hour last week),val,1.905271547307298,2.784367807499873,0.0594639215803329,82.82979982456084,69.54245106595187
31241,Thomas Circle,outgoing_trips,Poisson,test,1.429498484471417,1.9379415738896677,0.4058372317958326,61.35291390557873,63.91188415846635
31241,Thomas Circle,outgoing_trips,Poisson,val,1.5062020617862126,2.0835627584604066,0.4733338280396124,55.83717678459872,54.97640655225161
31241,Thomas Circle,outgoing_trips,Polynomial Regression,test,1.4434759545251077,2.0837498284656264,0.3130656569490821,68.19955247572219,64.53680713432401
31241,Thomas Circle,outgoing_trips,Polynomial Regression,val,1.452742629288973,2.0700152150893416,0.4801604392490608,60.07041031617655,53.02513615528008
31241,Thomas Circle,outgoing_trips,Random Forest,test,1.3304031109471268,1.855941883018729,0.4550548140879483,64.54053661492817,59.48139885042052
31241,Thomas Circle,outgoing_trips,Random Forest,val,1.4131218778714991,1.99961060069549,0.5149202861996949,59.26312257552216,51.57897790527106
31241,Thomas Circle,outgoing_trips,Soft Two-Stage,test,1.259634461570584,1.827212678779496,0.4717952829003374,59.15621467328213,56.31738170025392
31241,Thomas Circle,outgoing_trips,Soft Two-Stage,val,1.3803936049617762,1.996274041149492,0.5165377481525234,55.42138870452335,50.38439526401231
31241,Thomas Circle,outgoing_trips,XGBoost,test,1.2916188776824298,1.8437278810054585,0.4622038095710289,57.65151469734246,57.74738272482468
31241,Thomas Circle,outgoing_trips,XGBoost,val,1.379824931018418,2.000384093412972,0.5145449349240754,54.92144090251657,50.363638653263365
31247,Jefferson Dr & 14th St SW,incoming_trips,GAM,test,2.093720248040541,3.415085463960865,0.4136759712541663,89.81037785141332,77.37930655100041
31247,Jefferson Dr & 14th St SW,incoming_trips,GAM,val,2.085461703303752,3.3536354669010207,0.5452546476697799,82.6123605104185,62.03973086342249
31247,Jefferson Dr & 14th St SW,incoming_trips,HistGradientBoosting,test,1.7180583981495032,3.1132905235876063,0.5127253265084614,78.25531979423113,63.49566881599789
31247,Jefferson Dr & 14th St SW,incoming_trips,HistGradientBoosting,val,1.8542093700633584,3.265841417573846,0.5687523453344611,74.28241630418086,55.16027942442242
31247,Jefferson Dr & 14th St SW,incoming_trips,LightGBM,test,1.720907406475312,3.124541264657394,0.5091971579235159,78.76181437098175,63.60096191273104
31247,Jefferson Dr & 14th St SW,incoming_trips,LightGBM,val,1.850839896208169,3.2548883066036307,0.5716401661903456,75.07243780710361,55.0600420281681
31247,Jefferson Dr & 14th St SW,incoming_trips,Linear Regression,test,1.8353378048832625,3.218074937969866,0.4793728095993067,80.32466154399071,67.83005836697255
31247,Jefferson Dr & 14th St SW,incoming_trips,Linear Regression,val,2.032014423559358,3.376536142399487,0.53902288375189,80.92521040536089,60.449744892703706
31247,Jefferson Dr & 14th St SW,incoming_trips,Naive (same hour last week),test,2.485557712067588,4.576118533086937,-0.052759260215528,106.1704921054104,91.86075949367088
31247,Jefferson Dr & 14th St SW,incoming_trips,Naive (same hour last week),val,2.7320960947284525,4.784862654538167,0.0742888096298507,106.76612338841176,81.27624983064625
31247,Jefferson Dr & 14th St SW,incoming_trips,Poisson,test,2.1680186022696386,3.451689770281192,0.4010396821680002,80.85589371440066,80.12521070582179
31247,Jefferson Dr & 14th St SW,incoming_trips,Poisson,val,2.248644958047506,3.549077855473474,0.4907071088669014,75.99321078564265,66.89421713362432
31247,Jefferson Dr & 14th St SW,incoming_trips,Polynomial Regression,test,2.071278644346921,3.520263685890212,0.3770044695945916,85.94526645360429,76.54991411744592
31247,Jefferson Dr & 14th St SW,incoming_trips,Polynomial Regression,val,2.055695317242531,3.410771619362503,0.529627587340984,78.80099794886603,61.15422019828325
31247,Jefferson Dr & 14th St SW,incoming_trips,Random Forest,test,2.0202763707392477,3.317176388325024,0.4468133757954281,88.8311526881285,74.66498198862897
31247,Jefferson Dr & 14th St SW,incoming_trips,Random Forest,val,2.014501096354269,3.2724571719137883,0.5670033820942887,80.86557296364808,59.92874654274335
31247,Jefferson Dr & 14th St SW,incoming_trips,Soft Two-Stage,test,1.763278840845454,3.0955409342676714,0.5182656193358025,75.27979704509903,65.16691716019128
31247,Jefferson Dr & 14th St SW,incoming_trips,Soft Two-Stage,val,1.8774767502601688,3.2188002709057733,0.5810862459513291,71.69864923301165,55.85245325001714
31247,Jefferson Dr & 14th St SW,incoming_trips,XGBoost,test,1.853172247369212,3.16649695654857,0.49592786593144,82.1712549487073,68.4891802308309
31247,Jefferson Dr & 14th St SW,incoming_trips,XGBoost,val,1.8799461731277975,3.245545607304252,0.5740957303144005,71.7903865474372,55.92591531832221
31247,Jefferson Dr & 14th St SW,outgoing_trips,GAM,test,1.9247536684211448,3.185388623984845,0.4766460169719803,84.39157056309075,74.6101849075093
31247,Jefferson Dr & 14th St SW,outgoing_trips,GAM,val,1.9597976458850856,3.192811113191007,0.5924877677868778,80.24808586224059,60.32418421465167
31247,Jefferson Dr & 14th St SW,outgoing_trips,HistGradientBoosting,test,1.5657357170073651,2.891407571023311,0.5687895152623378,72.63271342572727,60.69339327875514
31247,Jefferson Dr & 14th St SW,outgoing_trips,HistGradientBoosting,val,1.7592347032846922,3.1226681406679098,0.6101963860391875,71.91555678105667,54.15069180258446
31247,Jefferson Dr & 14th St SW,outgoing_trips,LightGBM,test,1.5815886406690336,2.9189953388518908,0.5605216480037667,74.46879547884167,61.3079080528415
31247,Jefferson Dr & 14th St SW,outgoing_trips,LightGBM,val,1.7589245377551614,3.122987156669316,0.6101167362418201,72.90513785610952,54.141144652357134
31247,Jefferson Dr & 14th St SW,outgoing_trips,Linear Regression,test,1.6949838741632874,3.0392642069320592,0.5235606809772724,76.5930233579645,65.70350395555069
31247,Jefferson Dr & 14th St SW,outgoing_trips,Linear Regression,val,1.934546961028448,3.254642744167466,0.5765512606489942,80.96713492534369,59.54694735653207
31247,Jefferson Dr & 14th St SW,outgoing_trips,Naive (same hour last week),test,2.3342847357004226,4.392283761198235,0.0049349704107055,103.69748035508636,90.48504160028324
31247,Jefferson Dr & 14th St SW,outgoing_trips,Naive (same hour last week),val,2.6181259250825457,4.664357794290116,0.1302830974508423,108.14249588967104,80.58807037218757
31247,Jefferson Dr & 14th St SW,outgoing_trips,Poisson,test,1.9749846258915065,3.216230700755417,0.4664623510622492,71.83723461864436,76.55731252515359
31247,Jefferson Dr & 14th St SW,outgoing_trips,Poisson,val,2.1117588428520446,3.3851873728551256,0.5419007075138296,71.93796988064388,65.00167490281596
31247,Jefferson Dr & 14th St SW,outgoing_trips,Polynomial Regression,test,1.9206969750703635,3.261575541553905,0.4513118666316819,76.70772361210926,74.45293328306475
31247,Jefferson Dr & 14th St SW,outgoing_trips,Polynomial Regression,val,1.9665787256048937,3.232934134680338,0.5821812648661127,76.60227234584703,60.53291142842848
31247,Jefferson Dr & 14th St SW,outgoing_trips,Random Forest,test,1.9035970599983496,3.142803390983247,0.4905458428681721,86.0632724485022,73.79008075998205
31247,Jefferson Dr & 14th St SW,outgoing_trips,Random Forest,val,1.9194190827440636,3.156147395847236,0.6017931278312131,79.89904361766301,59.08129881454093
31247,Jefferson Dr & 14th St SW,outgoing_trips,Soft Two-Stage,test,1.635811252870824,2.9130623643495066,0.5623063469964101,72.14979218465545,63.409766170541445
31247,Jefferson Dr & 14th St SW,outgoing_trips,Soft Two-Stage,val,1.7776493067791146,3.080001705410078,0.6207757417887187,69.10185501470814,54.71750845111434
31247,Jefferson Dr & 14th St SW,outgoing_trips,XGBoost,test,1.7034460539560654,2.9904384650015823,0.5387457032402125,73.43595169500419,66.0315276447211
31247,Jefferson Dr & 14th St SW,outgoing_trips,XGBoost,val,1.7792526010270246,3.1092568935786598,0.6135374560871165,68.48072280660912,54.76685916738053
31248,Smithsonian-National Mall / Jefferson Dr & 12th St SW,incoming_trips,GAM,test,1.8006951730582017,2.9109046486713512,0.4428152065025288,90.57453114933509,79.60174129815681
31248,Smithsonian-National Mall / Jefferson Dr & 12th St SW,incoming_trips,GAM,val,1.8646608212874036,3.115057976306697,0.5405904580089825,80.19387805571667,63.17677735357506
31248,Smithsonian-National Mall / Jefferson Dr & 12th St SW,incoming_trips,HistGradientBoosting,test,1.4785299383847113,2.7191797264233672,0.5137953331201971,78.28526465633536,65.36006727723674
31248,Smithsonian-National Mall / Jefferson Dr & 12th St SW,incoming_trips,HistGradientBoosting,val,1.6624329393540351,3.0709368861481523,0.5535122734215987,69.5354532397852,56.32507235407356
31248,Smithsonian-National Mall / Jefferson Dr & 12th St SW,incoming_trips,LightGBM,test,1.4966507962910744,2.714940851628459,0.5153100210184737,79.26708541020645,66.16112003993904
31248,Smithsonian-National Mall / Jefferson Dr & 12th St SW,incoming_trips,LightGBM,val,1.6651341982518124,3.058523044614704,0.557114708399981,69.5045184797731,56.41659400241357
31248,Smithsonian-National Mall / Jefferson Dr & 12th St SW,incoming_trips,Linear Regression,test,1.6017990443056624,2.8211713209204623,0.4766379636589032,83.40265481300968,70.80931578214039
31248,Smithsonian-National Mall / Jefferson Dr & 12th St SW,incoming_trips,Linear Regression,val,1.8186108671456396,3.151728151918657,0.5297105404012891,79.58311537862755,61.61655381761428
31248,Smithsonian-National Mall / Jefferson Dr & 12th St SW,incoming_trips,Naive (same hour last week),test,2.086653727594474,3.945527599087837,-0.0236546586139667,106.00972940859003,92.242858584839
31248,Smithsonian-National Mall / Jefferson Dr & 12th St SW,incoming_trips,Naive (same hour last week),val,2.4685187293635438,4.519405449577466,0.0329913626905605,107.26479099204442,83.63615322300659
31248,Smithsonian-National Mall / Jefferson Dr & 12th St SW,incoming_trips,Poisson,test,1.8476296769199856,2.931551737903847,0.4348829342849685,78.8418876398432,81.6765334619065
31248,Smithsonian-National Mall / Jefferson Dr & 12th St SW,incoming_trips,Poisson,val,1.99415630698206,3.270320172610834,0.4936529433101354,72.77996904776539,67.56422807631614
31248,Smithsonian-National Mall / Jefferson Dr & 12th St SW,incoming_trips,Polynomial Regression,test,1.7345665438408395,2.9180781313191875,0.440065628020381,80.31052005810899,76.67845138539373
31248,Smithsonian-National Mall / Jefferson Dr & 12th St SW,incoming_trips,Polynomial Regression,val,1.8194544353443851,3.1129557219402813,0.541210330788517,74.15922859497329,61.64513484407566
31248,Smithsonian-National Mall / Jefferson Dr & 12th St SW,incoming_trips,Random Forest,test,1.7476976882496813,2.8748365915927137,0.4565374477644982,90.30956634507812,77.25892828999172
31248,Smithsonian-National Mall / Jefferson Dr & 12th St SW,incoming_trips,Random Forest,val,1.8005249624006257,3.080683592611478,0.5506736017473471,77.40381587745442,61.00378329963622
31248,Smithsonian-National Mall / Jefferson Dr & 12th St SW,incoming_trips,Soft Two-Stage,test,1.500458791797609,2.7006161853346757,0.5204112044876235,74.33555831370496,66.32945673440628
31248,Smithsonian-National Mall / Jefferson Dr & 12th St SW,incoming_trips,Soft Two-Stage,val,1.684244814301852,3.0532286075461825,0.5586466888824786,66.32662806335803,57.064082876261104
31248,Smithsonian-National Mall / Jefferson Dr & 12th St SW,incoming_trips,XGBoost,test,1.525976546427,2.702502481090219,0.5197410150339413,74.6457741348273,67.45749757824818
31248,Smithsonian-National Mall / Jefferson Dr & 12th St SW,incoming_trips,XGBoost,val,1.6764582755927628,3.0588457467833243,0.557021246567815,65.66817430207561,56.8002663061036
31248,Smithsonian-National Mall / Jefferson Dr & 12th St SW,outgoing_trips,GAM,test,1.891243464995368,3.071003980088028,0.4515624304489144,94.13553511230724,86.1838692570336
31248,Smithsonian-National Mall / Jefferson Dr & 12th St SW,outgoing_trips,GAM,val,1.8568466038533609,3.1453037569041893,0.5751023665692259,84.74969982150091,66.06182898547442
31248,Smithsonian-National Mall / Jefferson Dr & 12th St SW,outgoing_trips,HistGradientBoosting,test,1.3980382487857217,2.7419041249332485,0.5628092458307754,74.39546927352478,63.70853244427519
31248,Smithsonian-National Mall / Jefferson Dr & 12th St SW,outgoing_trips,HistGradientBoosting,val,1.563305988844088,3.0519708041388856,0.59994484194102,71.4989104625515,55.61840847416707
31248,Smithsonian-National Mall / Jefferson Dr & 12th St SW,outgoing_trips,LightGBM,test,1.3761224167397503,2.718440895014677,0.5702595554311889,74.87434425897469,62.7098290839367
31248,Smithsonian-National Mall / Jefferson Dr & 12th St SW,outgoing_trips,LightGBM,val,1.5484463465689875,3.030884777263064,0.6054536975093392,71.30857086801073,55.08974059997335
31248,Smithsonian-National Mall / Jefferson Dr & 12th St SW,outgoing_trips,Linear Regression,test,1.519644490221473,2.859054944989163,0.5246522503191002,79.96220428717832,69.250122729566
31248,Smithsonian-National Mall / Jefferson Dr & 12th St SW,outgoing_trips,Linear Regression,val,1.7355681301452832,3.163017310086861,0.5703030588200788,82.25436964573497,61.74705264740966
31248,Smithsonian-National Mall / Jefferson Dr & 12th St SW,outgoing_trips,Naive (same hour last week),test,1.9997716634318987,3.953029392072128,0.0912874502315104,102.47694265704676,91.12949378284168
31248,Smithsonian-National Mall / Jefferson Dr & 12th St SW,outgoing_trips,Naive (same hour last week),val,2.32597062507116,4.516255256220285,0.123975837842585,106.19925452951937,82.75205573783772
31248,Smithsonian-National Mall / Jefferson Dr & 12th St SW,outgoing_trips,Poisson,test,1.7274846760636933,2.932548077550232,0.4999001541263501,73.27597936644051,78.72138950960871
31248,Smithsonian-National Mall / Jefferson Dr & 12th St SW,outgoing_trips,Poisson,val,1.880282004734087,3.2664192209140976,0.5417494764782232,71.00036433655954,66.89560030615095
31248,Smithsonian-National Mall / Jefferson Dr & 12th St SW,outgoing_trips,Polynomial Regression,test,1.6632258989370092,2.9875338733745145,0.4809704130918116,76.02294148756312,75.7931202788058
31248,Smithsonian-National Mall / Jefferson Dr & 12th St SW,outgoing_trips,Polynomial Regression,val,1.728179598603915,3.111979697795036,0.5840581348844835,73.68832897624019,61.484187688006585
31248,Smithsonian-National Mall / Jefferson Dr & 12th St SW,outgoing_trips,Random Forest,test,1.6301305868453095,2.8739119468839944,0.5196991508298947,85.58442228987552,74.28496857696304
31248,Smithsonian-National Mall / Jefferson Dr & 12th St SW,outgoing_trips,Random Forest,val,1.7221513010985223,3.0918084559935277,0.5894327667102806,78.3319335605318,61.26971635900807
31248,Smithsonian-National Mall / Jefferson Dr & 12th St SW,outgoing_trips,Soft Two-Stage,test,1.4154302957331248,2.721228852383687,0.5693776437373148,70.13879780506255,64.50108714596765
31248,Smithsonian-National Mall / Jefferson Dr & 12th St SW,outgoing_trips,Soft Two-Stage,val,1.582928729928152,3.024037086226042,0.607234483887662,66.53288578464294,56.316535160039535
31248,Smithsonian-National Mall / Jefferson Dr & 12th St SW,outgoing_trips,XGBoost,test,1.3861516445899242,2.7093001450903698,0.5731446987107472,71.3042478404487,63.16686049093776
31248,Smithsonian-National Mall / Jefferson Dr & 12th St SW,outgoing_trips,XGBoost,val,1.561670006209058,3.064450795146278,0.5966663749865899,68.80800019761791,55.56020441744302
31249,Jefferson Memorial,incoming_trips,GAM,test,1.491725706244538,2.7645119411894314,0.4821483196819295,80.90659273326901,76.61111381410676
31249,Jefferson Memorial,incoming_trips,GAM,val,1.577087924156612,2.919863684952884,0.5104381058348503,79.01475142714577,71.2675614214217
31249,Jefferson Memorial,incoming_trips,HistGradientBoosting,test,1.2867844251947311,2.644461341712346,0.526147807266089,74.05909348823695,66.08586795825651
31249,Jefferson Memorial,incoming_trips,HistGradientBoosting,val,1.3983490696567409,2.938780135554142,0.5040742666079414,71.80671003416904,63.19047066677894
31249,Jefferson Memorial,incoming_trips,LightGBM,test,1.283684173050893,2.631248185776285,0.5308712198871957,71.9667334772117,65.92664715187787
31249,Jefferson Memorial,incoming_trips,LightGBM,val,1.376766752494691,2.8803376876492885,0.5236027268613845,69.4530773444655,62.215180012146895
31249,Jefferson Memorial,incoming_trips,Linear Regression,test,1.426942431500328,2.752254015602457,0.4867304769387276,80.38341552620889,73.28401499566915
31249,Jefferson Memorial,incoming_trips,Linear Regression,val,1.5391654128628631,2.969351196215252,0.4937027300973519,79.78817314720735,69.55386818879671
31249,Jefferson Memorial,incoming_trips,Naive (same hour last week),test,1.9896106861513871,3.971484728216272,-0.0687453622028084,111.49345972667108,102.18117854001758
31249,Jefferson Memorial,incoming_trips,Naive (same hour last week),val,2.077650005692816,4.084137315988384,0.0421817143590093,107.85934424127208,93.88763119983535
31249,Jefferson Memorial,incoming_trips,Poisson,test,1.5958380097530211,2.687396588236972,0.5106360507488372,70.759318841204,81.95804824055534
31249,Jefferson Memorial,incoming_trips,Poisson,val,1.680508295716557,2.9772770731950886,0.4909962765876963,68.90539679070963,75.94105968964044
31249,Jefferson Memorial,incoming_trips,Polynomial Regression,test,1.5509528574364309,2.818849767779496,0.4615910006087744,75.24228433629592,79.6528647216986
31249,Jefferson Memorial,incoming_trips,Polynomial Regression,val,1.624000199578641,2.944337200319989,0.5021969590799089,72.38105715289082,73.38749615609798
31249,Jefferson Memorial,incoming_trips,Random Forest,test,1.4519203629589588,2.558783226898965,0.5563551547235583,74.71436743593328,74.56681594346244
31249,Jefferson Memorial,incoming_trips,Random Forest,val,1.5107611495789128,2.740558367621741,0.5687187624595768,70.89561463357354,68.27029829569659
31249,Jefferson Memorial,incoming_trips,Soft Two-Stage,test,1.3154941925967665,2.6100008586505523,0.538417059152349,66.07196419970977,67.5603261973326
31249,Jefferson Memorial,incoming_trips,Soft Two-Stage,val,1.4057377174845966,2.812857047781751,0.5456633453523742,63.935137652703645,63.52435878095911
31249,Jefferson Memorial,incoming_trips,XGBoost,test,1.2948467912992314,2.589281162231688,0.545716594441829,70.59688696793218,66.49992990319535
31249,Jefferson Memorial,incoming_trips,XGBoost,val,1.372183029997239,2.803402439033099,0.5487124559665768,68.23605768025055,62.00804462063054
31249,Jefferson Memorial,outgoing_trips,GAM,test,1.6515892012353883,2.886141476990303,0.4330279868967719,88.12663210400376,85.42736396374613
31249,Jefferson Memorial,outgoing_trips,GAM,val,1.651999509881554,3.010790822809411,0.4935017900503202,81.9258448115513,74.62205150838145
31249,Jefferson Memorial,outgoing_trips,HistGradientBoosting,test,1.2861109568782865,2.708961703995585,0.5005038782521545,73.74261285396437,66.52324241937471
31249,Jefferson Memorial,outgoing_trips,HistGradientBoosting,val,1.420924411495762,3.022746693144941,0.4894711876287132,72.87547927528647,64.18421675667186
31249,Jefferson Memorial,outgoing_trips,LightGBM,test,1.2719171165106438,2.648600233416096,0.522515568964361,71.88514538691221,65.78907537213138
31249,Jefferson Memorial,outgoing_trips,LightGBM,val,1.3870711271963716,2.926684190543274,0.521404654304207,70.50980281655983,62.65503862459233
31249,Jefferson Memorial,outgoing_trips,Linear Regression,test,1.430391035878039,2.787525384206446,0.4711115884677836,80.47515757318139,73.9860345060573
31249,Jefferson Memorial,outgoing_trips,Linear Regression,val,1.5516002265986508,3.048611030943459,0.4806970602786891,81.15169229576597,70.08694090833136
31249,Jefferson Memorial,outgoing_trips,Naive (same hour last week),test,1.9739696312364423,4.02112244697065,-0.1005784009023944,111.09525625440816,102.1022794378174
31249,Jefferson Memorial,outgoing_trips,Naive (same hour last week),val,2.097347147899351,4.17783277432175,0.0247435018374123,110.77534389278088,94.73873688541453
31249,Jefferson Memorial,outgoing_trips,Poisson,test,1.59738081559072,2.7877179124203284,0.4710385276388213,70.66692468751837,82.62347090917159
31249,Jefferson Memorial,outgoing_trips,Poisson,val,1.702289821481164,3.081869753904757,0.4693046175833901,70.66898797699533,76.89370243812522
31249,Jefferson Memorial,outgoing_trips,Polynomial Regression,test,1.5415941250309606,2.8744449866088746,0.4376141411405784,76.45749641475376,79.73794107208091
31249,Jefferson Memorial,outgoing_trips,Polynomial Regression,val,1.6101007431245455,2.968924061123277,0.5074901434289655,74.11242357573012,72.72945292564742
31249,Jefferson Memorial,outgoing_trips,Random Forest,test,1.4516243447153614,2.6087902828645446,0.5367614156126608,75.1894549551896,75.08431342483672
31249,Jefferson Memorial,outgoing_trips,Random Forest,val,1.5273090039608166,2.8061554634721717,0.560012637221303,73.92092798833967,68.98968824206877
31249,Jefferson Memorial,outgoing_trips,Soft Two-Stage,test,1.3104284426043824,2.6333382017834905,0.5280025324957793,66.3863523136072,67.78104835698467
31249,Jefferson Memorial,outgoing_trips,Soft Two-Stage,val,1.4215461520707444,2.9014878442401866,0.5296098072175495,64.76452911022164,64.21230124273477
31249,Jefferson Memorial,outgoing_trips,XGBoost,test,1.296285130620515,2.6511909635907904,0.5215810086556195,70.16443492223048,67.04949485712231
31249,Jefferson Memorial,outgoing_trips,XGBoost,val,1.4099868573608063,2.9269493500098034,0.5213179282845333,69.75579272978493,63.69015926866881
31257,22nd & I St NW / Foggy Bottom,incoming_trips,GAM,test,1.4705207733694765,2.114547709232943,0.452981085525957,61.26608868389275,57.12894284548587
31257,22nd & I St NW / Foggy Bottom,incoming_trips,GAM,val,1.281782933095155,1.7597175221328605,0.4082057531393585,62.29165416975975,62.11940352797408
31257,22nd & I St NW / Foggy Bottom,incoming_trips,HistGradientBoosting,test,1.3494631239531627,2.1339145020443726,0.4429150876860871,52.09356196735359,52.42591813494967
31257,22nd & I St NW / Foggy Bottom,incoming_trips,HistGradientBoosting,val,1.1422609840631075,1.7181729960813894,0.4358188131829267,55.71433681577723,55.35771242634374
31257,22nd & I St NW / Foggy Bottom,incoming_trips,LightGBM,test,1.3575295019337852,2.1422779750050323,0.4385397531052283,51.69503494195769,52.73929259042857
31257,22nd & I St NW / Foggy Bottom,incoming_trips,LightGBM,val,1.1456589436369031,1.7221562399117143,0.4331998962713467,55.55359074389624,55.5223886882024
31257,22nd & I St NW / Foggy Bottom,incoming_trips,Linear Regression,test,1.3761582074381795,2.0162719157480606,0.5026460532289161,54.47833433743512,53.4630078016101
31257,22nd & I St NW / Foggy Bottom,incoming_trips,Linear Regression,val,1.200347760118051,1.705626578428212,0.4440282411402263,56.66037791156764,58.17278804346323
31257,22nd & I St NW / Foggy Bottom,incoming_trips,Naive (same hour last week),test,1.8134490238611716,2.7531132156388622,0.0727101436814646,84.30814743252058,70.45152133416127
31257,22nd & I St NW / Foggy Bottom,incoming_trips,Naive (same hour last week),val,1.5544802459296367,2.351377560440505,-0.0566461149263191,81.22136867509198,75.33520940241681
31257,22nd & I St NW / Foggy Bottom,incoming_trips,Poisson,test,1.487853272565531,2.136013993365233,0.4418183518036612,59.08774217221726,57.80230113723713
31257,22nd & I St NW / Foggy Bottom,incoming_trips,Poisson,val,1.2769839573721389,1.7729950975343942,0.3992415454917749,55.82847629368872,61.88682943000328
31257,22nd & I St NW / Foggy Bottom,incoming_trips,Polynomial Regression,test,1.38698705282791,2.048933703739076,0.4864021707261697,59.4393044853179,53.88370263337028
31257,22nd & I St NW / Foggy Bottom,incoming_trips,Polynomial Regression,val,1.2524242660550606,1.7874254039593558,0.3894226719137252,61.70139984712847,60.69658626475527
31257,22nd & I St NW / Foggy Bottom,incoming_trips,Random Forest,test,1.3996556729457783,2.058534822836548,0.4815775467802886,56.247382237871925,54.37587172594728
31257,22nd & I St NW / Foggy Bottom,incoming_trips,Random Forest,val,1.2075090268817803,1.7051315966460447,0.4443508861597975,59.022475380548286,58.51984651052627
31257,22nd & I St NW / Foggy Bottom,incoming_trips,Soft Two-Stage,test,1.382262646161999,2.1512952949365096,0.4338031856804279,50.512159430359546,53.70016196989688
31257,22nd & I St NW / Foggy Bottom,incoming_trips,Soft Two-Stage,val,1.1654960876314209,1.7136375577631229,0.4387934050919155,54.44579870872679,56.483761726351965
31257,22nd & I St NW / Foggy Bottom,incoming_trips,XGBoost,test,1.3860361810198705,2.1397348561932024,0.4398719916096393,50.57609048420487,53.84676177394236
31257,22nd & I St NW / Foggy Bottom,incoming_trips,XGBoost,val,1.160502352984229,1.7157876111123984,0.437384261049294,54.476671063244666,56.24174897235824
31257,22nd & I St NW / Foggy Bottom,outgoing_trips,GAM,test,1.5777086201310435,2.224633639148516,0.470841909483101,68.21598964871043,62.33265585804154
31257,22nd & I St NW / Foggy Bottom,outgoing_trips,GAM,val,1.2947217545711882,1.8197547449337916,0.4414023827954576,66.74234156588756,64.59634838899538
31257,22nd & I St NW / Foggy Bottom,outgoing_trips,HistGradientBoosting,test,1.3012796963449742,2.1049911497047438,0.5262284376799639,53.80394081309608,51.41140667697622
31257,22nd & I St NW / Foggy Bottom,outgoing_trips,HistGradientBoosting,val,1.0867122198133683,1.7075679713200933,0.5081537570854283,56.47339138920656,54.21832212349928
31257,22nd & I St NW / Foggy Bottom,outgoing_trips,LightGBM,test,1.3002761851878313,2.1020161256690466,0.5275666720585921,54.15559481256976,51.371759612360016
31257,22nd & I St NW / Foggy Bottom,outgoing_trips,LightGBM,val,1.0883382083549682,1.7092460059889585,0.5071866031080188,56.708404814431255,54.299446057610126
31257,22nd & I St NW / Foggy Bottom,outgoing_trips,Linear Regression,test,1.3499044806349243,2.02547955847074,0.5613439033641554,54.76910857710355,53.332491411282376
31257,22nd & I St NW / Foggy Bottom,outgoing_trips,Linear Regression,val,1.1510430737093416,1.7045048973013128,0.5099167442358088,58.04778077637223,57.427921588213735
31257,22nd & I St NW / Foggy Bottom,outgoing_trips,Naive (same hour last week),test,1.7779426875214066,2.7933957310077924,0.1656786237441875,83.85446560121372,70.24357239512855
31257,22nd & I St NW / Foggy Bottom,outgoing_trips,Naive (same hour last week),val,1.5229420471365138,2.35788120566529,0.062184946900561,85.4516061193402,75.98273119745512
31257,22nd & I St NW / Foggy Bottom,outgoing_trips,Poisson,test,1.463689401004743,2.1969381205135665,0.483935375359064,57.13253515054216,57.82794525665559
31257,22nd & I St NW / Foggy Bottom,outgoing_trips,Poisson,val,1.2225868770980208,1.7721870170419582,0.4702237814127856,54.91619376845436,60.99739003381003
31257,22nd & I St NW / Foggy Bottom,outgoing_trips,Polynomial Regression,test,1.4287369513599382,2.283590763401982,0.4424228135584762,60.94913265396376,56.4470318311308
31257,22nd & I St NW / Foggy Bottom,outgoing_trips,Polynomial Regression,val,1.2113950047327984,1.787329056918278,0.4611320059421325,61.78828896840387,60.4390043545113
31257,22nd & I St NW / Foggy Bottom,outgoing_trips,Random Forest,test,1.328121361265051,2.007665119943132,0.5690260816330932,56.04305106766425,52.47187642454029
31257,22nd & I St NW / Foggy Bottom,outgoing_trips,Random Forest,val,1.1489051160456765,1.702169819597513,0.5112585985360305,60.77961485309464,57.321254454835135
31257,22nd & I St NW / Foggy Bottom,outgoing_trips,Soft Two-Stage,test,1.3302326184754054,2.111294009645716,0.5233870134930738,52.10562349806322,52.555288701966965
31257,22nd & I St NW / Foggy Bottom,outgoing_trips,Soft Two-Stage,val,1.1183478213274356,1.7108186326871744,0.5062793398643942,54.78403525815507,55.79668776822806
31257,22nd & I St NW / Foggy Bottom,outgoing_trips,XGBoost,test,1.348338949087815,2.124053587571174,0.5176087970192794,51.12986031344551,53.27063985142162
31257,22nd & I St NW / Foggy Bottom,outgoing_trips,XGBoost,val,1.110299305970611,1.711716381845671,0.5057610457650561,55.0723644393729,55.39513067677729
31258,Lincoln Memorial,incoming_trips,GAM,test,2.3321773889209485,3.5664457947883648,0.4343566997882752,95.24124495826872,79.99507264081528
31258,Lincoln Memorial,incoming_trips,GAM,val,2.2595775526961326,3.5946642958897432,0.5774146572018795,84.68130809596059,62.87302279528
31258,Lincoln Memorial,incoming_trips,HistGradientBoosting,test,1.772262953775905,3.13636463472173,0.5625539610562842,76.13402670513476,60.78967423293841
31258,Lincoln Memorial,incoming_trips,HistGradientBoosting,val,1.9569489195443737,3.4845059437845,0.602918025371157,71.47117021083784,54.45234392636855
31258,Lincoln Memorial,incoming_trips,LightGBM,test,1.7677426778870635,3.1211781194797266,0.5667799985710126,75.57201958233064,60.63462607931073
31258,Lincoln Memorial,incoming_trips,LightGBM,val,1.9512764037199184,3.4733739729842585,0.6054510927451213,70.83355194593476,54.29450547718056
31258,Lincoln Memorial,incoming_trips,Linear Regression,test,1.9073140356530789,3.266188676502294,0.5255898964045166,80.59565812668839,65.42200672887421
31258,Lincoln Memorial,incoming_trips,Linear Regression,val,2.139923423228205,3.617504585934024,0.572027430447112,81.55284239340082,59.54363195378845
31258,Lincoln Memorial,incoming_trips,Naive (same hour last week),test,2.5453818929101497,4.534715957847665,0.0855255615259913,105.20363584587209,87.30811403508771
31258,Lincoln Memorial,incoming_trips,Naive (same hour last week),val,2.906637823067289,5.143184921123323,0.134908524553273,108.3486807118043,80.87755425312847
31258,Lincoln Memorial,incoming_trips,Poisson,test,2.208800310668344,3.397943983612042,0.4865433035957075,75.32438460449785,75.76316541801387
31258,Lincoln Memorial,incoming_trips,Poisson,val,2.374332740484716,3.7387982806705145,0.5428467388832527,74.36948751414451,66.06609998313722
31258,Lincoln Memorial,incoming_trips,Polynomial Regression,test,2.189854832491449,3.773060560561082,0.36691948920781,80.76856336596732,75.11332423947606
31258,Lincoln Memorial,incoming_trips,Polynomial Regression,val,2.263878235656096,3.867923022786055,0.5107245800275817,77.71356046490119,62.9926898266038
31258,Lincoln Memorial,incoming_trips,Random Forest,test,2.1043722892105827,3.369151967669888,0.4952078493735201,84.0495922289022,72.18122212247609
31258,Lincoln Memorial,incoming_trips,Random Forest,val,2.1538170002224013,3.5306481441035857,0.592331991759351,77.81888484991015,59.93022243926295
31258,Lincoln Memorial,incoming_trips,Soft Two-Stage,test,1.806230132738176,3.0812506273778637,0.5777929876439267,71.9418602019895,61.9547686899032
31258,Lincoln Memorial,incoming_trips,Soft Two-Stage,val,1.991710052271074,3.449195672259352,0.6109249171585164,67.25427658006078,55.4195767118544
31258,Lincoln Memorial,incoming_trips,XGBoost,test,1.8535476171836287,3.1489047519755715,0.5590488895235202,71.18942547969588,63.57778657155156
31258,Lincoln Memorial,incoming_trips,XGBoost,val,1.9816478153905248,3.4761254080013804,0.6048257609164686,67.43930494336179,55.13959373538723
31258,Lincoln Memorial,outgoing_trips,GAM,test,2.28379226402624,3.5476360664270628,0.4631453479318672,95.60312567176116,78.95069045508873
31258,Lincoln Memorial,outgoing_trips,GAM,val,2.282698955370108,3.683628956704287,0.575018457086955,85.79577815317855,62.32768030906101
31258,Lincoln Memorial,outgoing_trips,HistGradientBoosting,test,1.7612181886987812,3.172465353766299,0.5706886466674836,75.00707851065962,60.885306527263
31258,Lincoln Memorial,outgoing_trips,HistGradientBoosting,val,2.0094158652024525,3.5768138697419767,0.599307702372285,72.34060106024806,54.8658548949953
31258,Lincoln Memorial,outgoing_trips,LightGBM,test,1.755248044136397,3.158708465829024,0.5744038538233651,75.44191893758003,60.67891865094802
31258,Lincoln Memorial,outgoing_trips,LightGBM,val,2.01106422017995,3.5839884964512114,0.5976986161732107,72.57196727841388,54.91086220611341
31258,Lincoln Memorial,outgoing_trips,Linear Regression,test,1.883395549676047,3.3001074555642256,0.5354475439562334,80.6733201427739,65.10897746225874
31258,Lincoln Memorial,outgoing_trips,Linear Regression,val,2.190147590544653,3.731896455563566,0.5638082138760958,82.32407324398004,59.80062264977676
31258,Lincoln Memorial,outgoing_trips,Naive (same hour last week),test,2.559310423564334,4.64441741057857,0.0798871693695729,108.32592604655626,88.47535225164779
31258,Lincoln Memorial,outgoing_trips,Naive (same hour last week),val,2.995104178526699,5.301756211192597,0.1196450305978532,110.27762448293176,81.77946342524947
31258,Lincoln Memorial,outgoing_trips,Poisson,test,2.1814873654830707,3.4065238313390456,0.5050042604136119,73.46598572851656,75.4140104758504
31258,Lincoln Memorial,outgoing_trips,Poisson,val,2.4119131531563345,3.84617055053598,0.5366860370003752,74.68231693544281,65.85579390111633
31258,Lincoln Memorial,outgoing_trips,Polynomial Regression,test,2.1908473789904197,3.4957446973036608,0.4787356630813987,79.82640776894041,75.73758610955159
31258,Lincoln Memorial,outgoing_trips,Polynomial Regression,val,2.2797095307746797,3.716873628592551,0.5673129437219546,76.33182303459319,62.24605592313244
31258,Lincoln Memorial,outgoing_trips,Random Forest,test,2.1011346134431057,3.387825859236437,0.5104232834940065,83.89566543476515,72.63621612325122
31258,Lincoln Memorial,outgoing_trips,Random Forest,val,2.201345788069802,3.598829030841733,0.5943600292668911,78.28798002501628,60.1063824932915
31258,Lincoln Memorial,outgoing_trips,Soft Two-Stage,test,1.7751486674586816,3.131492318966488,0.5817063232301173,72.01678289934527,61.36688312851005
31258,Lincoln Memorial,outgoing_trips,Soft Two-Stage,val,2.0234286451639374,3.526355082790287,0.6105332429166559,68.99239727937034,55.24846516764031
31258,Lincoln Memorial,outgoing_trips,XGBoost,test,1.8518059287719355,3.201448594507114,0.5628085464993977,73.46809085850614,64.01692437981364
31258,Lincoln Memorial,outgoing_trips,XGBoost,val,2.0371977110266357,3.575459106235095,0.5996111794430498,69.8275704392878,55.624420977856005
31265,5th St & Massachusetts Ave NW,incoming_trips,GAM,test,1.3720313006036573,1.956841342985901,0.5521609034010944,61.4471581675932,57.1505714380228
31265,5th St & Massachusetts Ave NW,incoming_trips,GAM,val,1.373323769355067,1.9807400255580148,0.5834741828369638,59.908193447604816,55.18048705908575
31265,5th St & Massachusetts Ave NW,incoming_trips,HistGradientBoosting,test,1.259622196168278,1.948814826655584,0.5558272361325294,55.95057836262703,52.46828426972583
31265,5th St & Massachusetts Ave NW,incoming_trips,HistGradientBoosting,val,1.2635111033790951,1.987979206140408,0.5804239937997344,54.83564597435699,50.76818711276175
31265,5th St & Massachusetts Ave NW,incoming_trips,LightGBM,test,1.2609250276132289,1.9491880224262697,0.555657102709476,56.191767737612366,52.52255239140323
31265,5th St & Massachusetts Ave NW,incoming_trips,LightGBM,val,1.2619908782565674,1.9859994294547916,0.5812592673002297,55.03904382186361,50.70710409317641
31265,5th St & Massachusetts Ave NW,incoming_trips,Linear Regression,test,1.2991607981705533,1.9488437803496232,0.5558140378156199,57.78946791033788,54.11522461088014
31265,5th St & Massachusetts Ave NW,incoming_trips,Linear Regression,val,1.337080731360583,1.998112233995013,0.5761358092924993,57.40414961391378,53.72423287222655
31265,5th St & Massachusetts Ave NW,incoming_trips,Naive (same hour last week),test,1.7263386231304942,2.6871124138721725,0.1555334626236068,83.2540682168951,71.90888339357048
31265,5th St & Massachusetts Ave NW,incoming_trips,Naive (same hour last week),val,1.7931230786747123,2.7931659740316164,0.1717137429195916,83.90585558110784,72.04812662976349
31265,5th St & Massachusetts Ave NW,incoming_trips,Poisson,test,1.4027690538201418,2.035670085014865,0.515352961192731,53.40188560140554,58.43092135443515
31265,5th St & Massachusetts Ave NW,incoming_trips,Poisson,val,1.4277248266835338,2.066635207246826,0.5465654408930138,53.23427925220432,57.36633493188836
31265,5th St & Massachusetts Ave NW,incoming_trips,Polynomial Regression,test,1.3616430514467424,2.018567043131556,0.5234624462935016,61.12184909325437,56.71785946177486
31265,5th St & Massachusetts Ave NW,incoming_trips,Polynomial Regression,val,1.3383189537316391,1.968803148354064,0.5884794188618118,59.10299236331213,53.77398495185043
31265,5th St & Massachusetts Ave NW,incoming_trips,Random Forest,test,1.3148440719896597,1.9366737472559676,0.5613443723896757,59.92622640656583,54.76849546584282
31265,5th St & Massachusetts Ave NW,incoming_trips,Random Forest,val,1.3187055548910327,1.9571777198457687,0.5933249804564427,59.140405406268535,52.98591375912869
31265,5th St & Massachusetts Ave NW,incoming_trips,Soft Two-Stage,test,1.2712207876835515,1.934850977284265,0.5621696967747062,54.42459966186853,52.95141182861056
31265,5th St & Massachusetts Ave NW,incoming_trips,Soft Two-Stage,val,1.276273356617739,1.969981161287852,0.5879868133943524,53.49878155629193,51.28097758897297
31265,5th St & Massachusetts Ave NW,incoming_trips,XGBoost,test,1.2694931282477715,1.9414067811248648,0.5591976928863784,54.056523237181,52.879447928106494
31265,5th St & Massachusetts Ave NW,incoming_trips,XGBoost,val,1.27736862419256,1.976100520395472,0.5854231619345955,53.62554830790598,51.32498570969969
31265,5th St & Massachusetts Ave NW,outgoing_trips,GAM,test,1.3296079847610132,1.873836442723941,0.5030599797684143,61.30455742014611,56.19046771456969
31265,5th St & Massachusetts Ave NW,outgoing_trips,GAM,val,1.334499102147303,1.8871203541144117,0.5436782449806017,57.99693819687516,54.50823426572925
31265,5th St & Massachusetts Ave NW,outgoing_trips,HistGradientBoosting,test,1.25092261861518,1.899468977676456,0.4893715343317427,56.739590113526006,52.86515109741562
31265,5th St & Massachusetts Ave NW,outgoing_trips,HistGradientBoosting,val,1.2506297504689956,1.9007575276542588,0.5370592460215595,54.25493919019871,51.08255172938283
31265,5th St & Massachusetts Ave NW,outgoing_trips,LightGBM,test,1.2520429852318404,1.9000664353899703,0.4890502583342933,57.158833652698384,52.91249883067496
31265,5th St & Massachusetts Ave NW,outgoing_trips,LightGBM,val,1.2491370765778729,1.900359905835024,0.53725291206117,54.67454717366211,51.02158277255943
31265,5th St & Massachusetts Ave NW,outgoing_trips,Linear Regression,test,1.2956904157885618,1.8910252819115632,0.4939012300734788,59.170750931073016,54.75707976402592
31265,5th St & Massachusetts Ave NW,outgoing_trips,Linear Regression,val,1.3213036062162622,1.9125900468278136,0.5312775456008981,56.34465843716302,53.96925811932024
31265,5th St & Massachusetts Ave NW,outgoing_trips,Naive (same hour last week),test,1.7310195227765726,2.583064624915619,0.0556974661260216,84.29819476121233,73.1544919424877
31265,5th St & Massachusetts Ave NW,outgoing_trips,Naive (same hour last week),val,1.7852669930547649,2.656809364889825,0.0955329224444944,82.19284802078256,72.92005766637213
31265,5th St & Massachusetts Ave NW,outgoing_trips,Poisson,test,1.3909618625150928,1.9529081723499415,0.4602355755273497,55.23795741535096,58.783339543422265
31265,5th St & Massachusetts Ave NW,outgoing_trips,Poisson,val,1.411719541058214,1.976247291493659,0.4995570772480447,53.38310277955017,57.662338878827576
31265,5th St & Massachusetts Ave NW,outgoing_trips,Polynomial Regression,test,1.3466846497255405,2.017253214744527,0.4240809503050858,60.1075913144255,56.91214342828336
31265,5th St & Massachusetts Ave NW,outgoing_trips,Polynomial Regression,val,1.3137351729941535,1.945196390486756,0.5151595044637817,57.59418859178464,53.66012195697182
31265,5th St & Massachusetts Ave NW,outgoing_trips,Random Forest,test,1.3117829220459785,1.8832869506316507,0.4980348044281739,61.53424824397455,55.43716401718
31265,5th St & Massachusetts Ave NW,outgoing_trips,Random Forest,val,1.2933818127549954,1.869648319626928,0.5520889017167789,57.70408163578386,52.828779525773726
31265,5th St & Massachusetts Ave NW,outgoing_trips,Soft Two-Stage,test,1.2726620318160322,1.8988065141521944,0.4897276483283489,54.911504732878846,53.78387888003776
31265,5th St & Massachusetts Ave NW,outgoing_trips,Soft Two-Stage,val,1.2644669129499382,1.8956143224121096,0.5395611726894478,52.420270785294434,51.64773704338608
31265,5th St & Massachusetts Ave NW,outgoing_trips,XGBoost,test,1.2729171657683076,1.8983140953076043,0.4899922725954825,54.68123187913071,53.79466107770243
31265,5th St & Massachusetts Ave NW,outgoing_trips,XGBoost,val,1.260534577204144,1.891261862772316,0.5416731431266653,52.27519113211066,51.48711896751151
31266,11th & M St NW,incoming_trips,GAM,test,1.4740963901107074,2.1763056373706826,0.6001260301998292,51.62681416736496,46.571960326719406
31266,11th & M St NW,incoming_trips,GAM,val,1.5326403127838044,2.2368140056843187,0.6228151652045729,53.29962174678581,45.04628004946007
31266,11th & M St NW,incoming_trips,HistGradientBoosting,test,1.4379652143480983,2.200836600845393,0.5910605956755821,49.0071249966461,45.4304476716022
31266,11th & M St NW,incoming_trips,HistGradientBoosting,val,1.4984767491233475,2.2833375324447163,0.606961849785625,49.20006647613892,44.04216874995938
31266,11th & M St NW,incoming_trips,LightGBM,test,1.4388680923203832,2.2043260109893628,0.5897628268904809,49.12222494906968,45.45897280563496
31266,11th & M St NW,incoming_trips,LightGBM,val,1.496321407128416,2.2805495143794925,0.6079210846320768,49.15093599133538,43.9788204625
31266,11th & M St NW,incoming_trips,Linear Regression,test,1.4783648899254618,2.1831939070005144,0.5975907256530747,52.06902424453661,46.706817453675946
31266,11th & M St NW,incoming_trips,Linear Regression,val,1.533349707963545,2.231360928714381,0.6246519838193065,53.36657449077813,45.06713009083364
31266,11th & M St NW,incoming_trips,Naive (same hour last week),test,1.9683753853179584,2.98071971730131,0.2498888155622967,77.86694591823418,62.18799596017891
31266,11th & M St NW,incoming_trips,Naive (same hour last week),val,2.0442901058863714,3.077373323804496,0.2860712920109564,77.75717797532901,60.0843288826423
31266,11th & M St NW,incoming_trips,Poisson,test,1.6538690350055614,2.382653385452796,0.5207025738970961,51.18910720193958,52.2516190939753
31266,11th & M St NW,incoming_trips,Poisson,val,1.723205284987111,2.454595619026948,0.5457924114728958,52.77759570700859,50.64723092742294
31266,11th & M St NW,incoming_trips,Polynomial Regression,test,1.5059202740948765,2.210469257366801,0.5874730568865327,54.35434603643829,47.57739027844836
31266,11th & M St NW,incoming_trips,Polynomial Regression,val,1.5304176452684843,2.246759510706719,0.6194535684751707,53.19188085997699,44.98095297792423
31266,11th & M St NW,incoming_trips,Random Forest,test,1.4846722151063545,2.1869034387576725,0.5962220719879798,52.04189329162885,46.90608834265098
31266,11th & M St NW,incoming_trips,Random Forest,val,1.523271717293522,2.2263850796279305,0.6263241406072018,52.62561398564847,44.770924917140185
31266,11th & M St NW,incoming_trips,Soft Two-Stage,test,1.454761322228036,2.193935936208119,0.5936210125686456,49.51316496893417,45.961096600041
31266,11th & M St NW,incoming_trips,Soft Two-Stage,val,1.513441759701816,2.2686935759753304,0.6119871050459287,49.48117044814395,44.482009756252886
31266,11th & M St NW,incoming_trips,XGBoost,test,1.469021398336897,2.2234568894785385,0.5826112042239346,47.8520754574159,46.411623243517816
31266,11th & M St NW,incoming_trips,XGBoost,val,1.5306778787460351,2.303927692387892,0.5998413898489494,48.54148870596259,44.9886015762354
31266,11th & M St NW,outgoing_trips,GAM,test,1.5789799117472725,2.21746228292184,0.5246742871891434,55.91061895502366,49.13242050159635
31266,11th & M St NW,outgoing_trips,GAM,val,1.5844303082721611,2.248986016673289,0.5587970759260562,53.26475100970752,46.05981331729517
31266,11th & M St NW,outgoing_trips,HistGradientBoosting,test,1.5268105881983811,2.2355468227383537,0.5168896232279219,51.91410487594108,47.50909070314974
31266,11th & M St NW,outgoing_trips,HistGradientBoosting,val,1.5597068036853716,2.286192226980573,0.5440781991701624,50.801533034871206,45.34109441885486
31266,11th & M St NW,outgoing_trips,LightGBM,test,1.5237090259132888,2.229746266764105,0.5193934162053955,52.51960187086512,47.412580759439045
31266,11th & M St NW,outgoing_trips,LightGBM,val,1.5526609885386091,2.271343634579917,0.5499813006911326,51.229227250254574,45.13627068591204
31266,11th & M St NW,outgoing_trips,Linear Regression,test,1.558645380363934,2.230527854398496,0.5190564253971368,54.56746217576664,48.49967987000496
31266,11th & M St NW,outgoing_trips,Linear Regression,val,1.57664079039105,2.2350790985759947,0.5642366848707316,53.49985631436163,45.83336994672688
31266,11th & M St NW,outgoing_trips,Naive (same hour last week),test,2.061993378239525,3.0154869125541506,0.1209901922706934,78.31920492688691,64.16213719847951
31266,11th & M St NW,outgoing_trips,Naive (same hour last week),val,2.0803825572127974,3.013612896389668,0.2077909431073571,78.20107193244993,60.47727799291695
31266,11th & M St NW,outgoing_trips,Poisson,test,1.686693882540084,2.330347524117978,0.4750472572965601,55.34796375533644,52.4841085550769
31266,11th & M St NW,outgoing_trips,Poisson,val,1.7065902234515105,2.369121245413956,0.5104022126587684,54.90072009776229,49.61103476177346
31266,11th & M St NW,outgoing_trips,Polynomial Regression,test,1.6101885310075803,2.53682599544595,0.3779000253194474,58.28317387619853,50.103525322730455
31266,11th & M St NW,outgoing_trips,Polynomial Regression,val,1.6034456600389129,2.2882089543872985,0.5432734763406699,52.82229541521794,46.61259468481042
31266,11th & M St NW,outgoing_trips,Random Forest,test,1.5452381905444972,2.182454233571089,0.5395641663692918,55.01198394437709,48.082494266152445
31266,11th & M St NW,outgoing_trips,Random Forest,val,1.578912766042094,2.213566035156048,0.5725849242361905,54.05737087620056,45.8994168872595
31266,11th & M St NW,outgoing_trips,Soft Two-Stage,test,1.5362909306465702,2.2282017394424094,0.5200590102369967,51.89385025141506,47.80408633178197
31266,11th & M St NW,outgoing_trips,Soft Two-Stage,val,1.5677856555445788,2.2752972751399496,0.5484132766736496,50.51151101373941,45.57594880564008
31266,11th & M St NW,outgoing_trips,XGBoost,test,1.5384815941325771,2.229193516860339,0.5196316696059584,50.45003726531508,47.87225223989216
31266,11th & M St NW,outgoing_trips,XGBoost,val,1.5771350539907096,2.277841612013161,0.5474027439499505,49.19425781566724,45.84773832191574
31271,Constitution Ave & 2nd St NW/DOL,incoming_trips,GAM,test,1.7685275597553427,2.55636741770864,0.1013149447108936,95.52074186301611,100.1586246986748
31271,Constitution Ave & 2nd St NW/DOL,incoming_trips,GAM,val,1.614203089889859,2.4240812997825927,0.3239793816774972,81.58422802555481,83.54968317816389
31271,Constitution Ave & 2nd St NW/DOL,incoming_trips,HistGradientBoosting,test,1.1838804894732868,2.1000548383575057,0.3935119564185541,72.32051867422352,67.0477771065338
31271,Constitution Ave & 2nd St NW/DOL,incoming_trips,HistGradientBoosting,val,1.3116283501419896,2.3506824086979834,0.3642981226742041,73.00108987504717,67.88868995990981
31271,Constitution Ave & 2nd St NW/DOL,incoming_trips,LightGBM,test,1.1502679579670496,2.042830446581311,0.4261140181801679,66.97603381455284,65.14416813548033
31271,Constitution Ave & 2nd St NW/DOL,incoming_trips,LightGBM,val,1.2396335572052788,2.2277096165305705,0.4290701648306032,66.13085141217856,64.16230498517275
31271,Constitution Ave & 2nd St NW/DOL,incoming_trips,Linear Regression,test,1.2435349186085731,2.02856411521187,0.4341016211905395,68.8484250560291,70.42624047648063
31271,Constitution Ave & 2nd St NW/DOL,incoming_trips,Linear Regression,val,1.368888771686457,2.2393641639039923,0.4230807538224793,69.72091238651682,70.85243727810804
31271,Constitution Ave & 2nd St NW/DOL,incoming_trips,Naive (same hour last week),test,1.56364881835826,2.783959074962344,-0.0658268726765936,96.25823218338134,88.55554118712014
31271,Constitution Ave & 2nd St NW/DOL,incoming_trips,Naive (same hour last week),val,1.7800296026414664,3.166846934031778,-0.1537712818407464,102.13331489702423,92.13271259355297
31271,Constitution Ave & 2nd St NW/DOL,incoming_trips,Poisson,test,1.3965611500238666,2.1065525284355195,0.3897531328322695,66.56603189516039,79.09271377899294
31271,Constitution Ave & 2nd St NW/DOL,incoming_trips,Poisson,val,1.4831914002830513,2.2985370718116105,0.3921889313032998,66.61092437846585,76.7686373309331
31271,Constitution Ave & 2nd St NW/DOL,incoming_trips,Polynomial Regression,test,1.307677089077144,2.142100109068682,0.3689838143564825,69.65936312580602,74.05886217009378
31271,Constitution Ave & 2nd St NW/DOL,incoming_trips,Polynomial Regression,val,1.3488516813379416,2.2204413327820087,0.432789599797574,69.60301426567128,69.81533571330745
31271,Constitution Ave & 2nd St NW/DOL,incoming_trips,Random Forest,test,1.3249853342479432,2.090696710295119,0.3989050986095361,72.95341075369595,75.03909571109358
31271,Constitution Ave & 2nd St NW/DOL,incoming_trips,Random Forest,val,1.3759557301489207,2.2215663398875334,0.4322146894185014,70.90306656057408,71.21821661793841
31271,Constitution Ave & 2nd St NW/DOL,incoming_trips,Soft Two-Stage,test,1.1864264508982123,2.01450815219521,0.4419166949698682,62.96013763259627,67.19196484816659
31271,Constitution Ave & 2nd St NW/DOL,incoming_trips,Soft Two-Stage,val,1.2705613865499603,2.196845288076472,0.4447807369276817,61.82570011557621,65.76310129099124
31271,Constitution Ave & 2nd St NW/DOL,incoming_trips,XGBoost,test,1.152107043181936,2.0288572634228017,0.4339380531942179,64.45837728058143,65.248322715832
31271,Constitution Ave & 2nd St NW/DOL,incoming_trips,XGBoost,val,1.247097240899448,2.222618029495292,0.4316769829890664,63.895078260872765,64.5486184620181
31271,Constitution Ave & 2nd St NW/DOL,outgoing_trips,GAM,test,1.5869988051224848,2.384337193892328,0.3193042976931132,87.3088801136747,90.89467425663928
31271,Constitution Ave & 2nd St NW/DOL,outgoing_trips,GAM,val,1.4773397797137493,2.363019740754377,0.4174312274867836,77.0041362450259,77.07440026864188
31271,Constitution Ave & 2nd St NW/DOL,outgoing_trips,HistGradientBoosting,test,1.128422791561547,2.142827769828229,0.4502158774673233,71.68814149677209,64.62993023793625
31271,Constitution Ave & 2nd St NW/DOL,outgoing_trips,HistGradientBoosting,val,1.238812115130114,2.3861708019307515,0.4059601820829966,71.95194753536565,64.63015626485173
31271,Constitution Ave & 2nd St NW/DOL,outgoing_trips,LightGBM,test,1.0960835698505074,2.081939519209401,0.4810161067878428,67.45549269038005,62.7777152182083
31271,Constitution Ave & 2nd St NW/DOL,outgoing_trips,LightGBM,val,1.171483857573074,2.264999660419716,0.4647597260101136,66.83515534891089,61.11756888069088
31271,Constitution Ave & 2nd St NW/DOL,outgoing_trips,Linear Regression,test,1.189359021479215,2.0822139124554613,0.4808792968007002,67.56646449411261,68.12002660783654
31271,Constitution Ave & 2nd St NW/DOL,outgoing_trips,Linear Regression,val,1.2921052367841288,2.262707168449801,0.4658426516173115,68.8341741365795,67.41051556088509
31271,Constitution Ave & 2nd St NW/DOL,outgoing_trips,Naive (same hour last week),test,1.5724397762301632,2.944379161960837,-0.0380185927051801,95.18062021721578,90.0608121362715
31271,Constitution Ave & 2nd St NW/DOL,outgoing_trips,Naive (same hour last week),val,1.6939542297620402,3.18602350255806,-0.0590353386610424,99.60728544876535,88.37540837540837
31271,Constitution Ave & 2nd St NW/DOL,outgoing_trips,Poisson,test,1.2942151004089766,2.118543040326304,0.4626067034764457,61.46551430571334,74.12561344721261
31271,Constitution Ave & 2nd St NW/DOL,outgoing_trips,Poisson,val,1.3781677327780142,2.298784579968196,0.4486732655703681,63.01820552179649,71.9004882506047
31271,Constitution Ave & 2nd St NW/DOL,outgoing_trips,Polynomial Regression,test,1.2596191211865335,2.2491854698175118,0.3942851794644453,70.14819126144742,72.1441436112787
31271,Constitution Ave & 2nd St NW/DOL,outgoing_trips,Polynomial Regression,val,1.301150507738011,2.2612321821064083,0.4665388247765217,70.29942753137914,67.88241704462698
31271,Constitution Ave & 2nd St NW/DOL,outgoing_trips,Random Forest,test,1.2404953133313947,2.1098905991538586,0.4669873260427398,70.72536223104667,71.04883573837499
31271,Constitution Ave & 2nd St NW/DOL,outgoing_trips,Random Forest,val,1.2888860040698735,2.2433299173563483,0.4749522541959942,70.13477385662398,67.24256473861419
31271,Constitution Ave & 2nd St NW/DOL,outgoing_trips,Soft Two-Stage,test,1.127488887926113,2.0544362032793626,0.4946375366858684,62.4804955327506,64.57644130873484
31271,Constitution Ave & 2nd St NW/DOL,outgoing_trips,Soft Two-Stage,val,1.201881019323367,2.232906628925472,0.4798200268456081,62.45735503388076,62.70342140016118
31271,Constitution Ave & 2nd St NW/DOL,outgoing_trips,XGBoost,test,1.1115161230632984,2.0830518254121952,0.4804614093959287,66.0236732570063,63.661608068472056
31271,Constitution Ave & 2nd St NW/DOL,outgoing_trips,XGBoost,val,1.1849486074450564,2.2725598025687987,0.4611807005108963,65.90859278181595,61.82003931802751
31278,18th & R St NW,incoming_trips,GAM,test,1.5180241321122376,2.085044511030732,0.5168360968901935,65.18406350515214,60.66417270358194
31278,18th & R St NW,incoming_trips,GAM,val,1.3677036917369014,1.9326875194074624,0.5582828840255307,59.96139475152164,55.833332672671176
31278,18th & R St NW,incoming_trips,HistGradientBoosting,test,1.2802828607348586,2.027262573460678,0.543244458510284,51.04416928009461,51.16341626597604
31278,18th & R St NW,incoming_trips,HistGradientBoosting,val,1.2231723421462015,1.9348554176693449,0.5572913788518145,50.52921944514486,49.93317537099739
31278,18th & R St NW,incoming_trips,LightGBM,test,1.2832402465915085,2.03034848206633,0.5418528493000674,50.37394113639242,51.28160105801178
31278,18th & R St NW,incoming_trips,LightGBM,val,1.231085671322845,1.9435177037271647,0.553318520751845,50.303531887661904,50.25621869034882
31278,18th & R St NW,incoming_trips,Linear Regression,test,1.3278825649487092,1.984708157461192,0.5622187780667407,53.65940636483286,53.06562362617823
31278,18th & R St NW,incoming_trips,Linear Regression,val,1.2814758289518535,1.8886879849294904,0.5781661966349068,53.827231423645614,52.31328006360274
31278,18th & R St NW,incoming_trips,Naive (same hour last week),test,1.7278228108231533,2.6662765631622705,0.2099142842571385,80.89898568187441,69.04827082763025
31278,18th & R St NW,incoming_trips,Naive (same hour last week),val,1.6684504155755435,2.5749385527831787,0.2159302784404487,81.78105118028871,68.11062049732745
31278,18th & R St NW,incoming_trips,Poisson,test,1.4631825709539907,2.161139010213136,0.4809260606575101,55.0203623619434,58.47256199920615
31278,18th & R St NW,incoming_trips,Poisson,val,1.4264854269066465,2.111505623303809,0.4727635485345322,55.64028902679341,58.232960746089134
31278,18th & R St NW,incoming_trips,Polynomial Regression,test,1.3384921755327075,2.006518796065913,0.5525440531564215,54.91375266291253,53.48961112095532
31278,18th & R St NW,incoming_trips,Polynomial Regression,val,1.2576466349719668,1.8913913028713472,0.576957773642798,55.24573382640096,51.340508459022935
31278,18th & R St NW,incoming_trips,Random Forest,test,1.3071669761577889,1.9617350840573065,0.5722947925022647,53.58535611404801,52.23777508972567
31278,18th & R St NW,incoming_trips,Random Forest,val,1.2466924346865855,1.8653097535755132,0.5885445057634469,52.92509455482648,50.89332862585303
31278,18th & R St NW,incoming_trips,Soft Two-Stage,test,1.3159794581500803,2.051967584605613,0.5320442248363997,49.81509266320982,52.58994467531962
31278,18th & R St NW,incoming_trips,Soft Two-Stage,val,1.2643724433484562,1.967038679251249,0.5424413780659862,49.659846157772506,51.615073994559566
31278,18th & R St NW,incoming_trips,XGBoost,test,1.3164332733262218,2.0381909373418683,0.5383067213752435,49.52552418910585,52.60808030415356
31278,18th & R St NW,incoming_trips,XGBoost,val,1.2492725323303089,1.948403746883634,0.551069764888557,49.20823949866007,50.99865513110437
31278,18th & R St NW,outgoing_trips,GAM,test,1.4713118904903244,2.0497126809504334,0.4607944892075172,60.14053441552366,60.27135370313699
31278,18th & R St NW,outgoing_trips,GAM,val,1.355509744817063,1.95232947985002,0.5220199554302298,56.89501507936646,55.53688523920448
31278,18th & R St NW,outgoing_trips,HistGradientBoosting,test,1.3428130229621116,2.0925612037558623,0.4380150508900119,52.8059162627766,55.00747950671189
31278,18th & R St NW,outgoing_trips,HistGradientBoosting,val,1.2714870017593711,1.9937338134324225,0.5015313033839779,51.11685810758624,52.09437111747239
31278,18th & R St NW,outgoing_trips,LightGBM,test,1.346728782519962,2.098220614739886,0.4349711211023594,53.09099473137498,55.16788610089023
31278,18th & R St NW,outgoing_trips,LightGBM,val,1.2704165606202351,1.9955391698299243,0.5006281526352699,51.03037684125597,52.05051384021797
31278,18th & R St NW,outgoing_trips,Linear Regression,test,1.3737680906873573,2.0033475487450976,0.484912578914997,55.36242521883378,56.27553412370481
31278,18th & R St NW,outgoing_trips,Linear Regression,val,1.3222721485192044,1.9280788346198243,0.5338205602233723,55.11380255002254,54.17510043590135
31278,18th & R St NW,outgoing_trips,Naive (same hour last week),test,1.7898161890626785,2.706206369994657,0.0600815596970245,82.96091702917637,73.31867926293144
31278,18th & R St NW,outgoing_trips,Naive (same hour last week),val,1.713195946715245,2.6198473498712813,0.1392926425071342,81.60442187898359,70.19172458832858
31278,18th & R St NW,outgoing_trips,Poisson,test,1.5053393726115518,2.180590885715776,0.3897374333994756,58.28339181286383,61.66526781734441
31278,18th & R St NW,outgoing_trips,Poisson,val,1.466533246290388,2.1572817022268627,0.4163973423781321,58.05076676328464,60.08565331981377
31278,18th & R St NW,outgoing_trips,Polynomial Regression,test,1.4431352516270857,2.384651650125346,0.2701758355433622,57.819039846528,59.117115653360976
31278,18th & R St NW,outgoing_trips,Polynomial Regression,val,1.3321081164250237,2.1098186080168397,0.4417949284488454,56.49104407810107,54.57809202108962
31278,18th & R St NW,outgoing_trips,Random Forest,test,1.4266350652351143,2.05480483796332,0.4581120354362145,57.98391632013089,58.44119603589172
31278,18th & R St NW,outgoing_trips,Random Forest,val,1.3232296963805006,1.9289336919402145,0.5334070862042721,54.824897763225145,54.21433233806007
31278,18th & R St NW,outgoing_trips,Soft Two-Stage,test,1.3705932642368492,2.09058360309848,0.439076770509295,51.14348031277592,56.14547938195942
31278,18th & R St NW,outgoing_trips,Soft Two-Stage,val,1.301246525969627,1.993716456417064,0.5015399824675181,49.66991289034483,53.3136550710978
31278,18th & R St NW,outgoing_trips,XGBoost,test,1.354748727230367,2.0728080026644093,0.4485749394054394,50.37749878825547,55.49641802362167
31278,18th & R St NW,outgoing_trips,XGBoost,val,1.2876358972470647,1.995972738614413,0.5004111330259127,49.11668216820371,52.75601103475752
31281,8th & O St NW,incoming_trips,GAM,test,1.6893434231186002,2.4179249661875817,0.6464915727174642,60.34058017240129,49.42039024446685
31281,8th & O St NW,incoming_trips,GAM,val,1.55126432009757,2.2670534529110293,0.6741265946362398,56.00926427244624,45.8005732264924
31281,8th & O St NW,incoming_trips,HistGradientBoosting,test,1.4878646351373357,2.328690986439749,0.6721026878970093,49.484822417912575,43.52628949990957
31281,8th & O St NW,incoming_trips,HistGradientBoosting,val,1.4411982246768331,2.23821012921245,0.6823659058513234,49.52651767282574,42.55090764870455
31281,8th & O St NW,incoming_trips,LightGBM,test,1.4869345776260907,2.3272154869462547,0.6725180792432661,49.48206270197666,43.49908141153245
31281,8th & O St NW,incoming_trips,LightGBM,val,1.4389586445108298,2.238359000215502,0.6823236505883562,49.379458383961264,42.48478477456843
31281,8th & O St NW,incoming_trips,Linear Regression,test,1.549876261687401,2.365288982392136,0.6617151488580306,53.67308977357372,45.340390020774
31281,8th & O St NW,incoming_trips,Linear Regression,val,1.5072102680222847,2.266471016698292,0.674294015559354,53.531871804553866,44.499891703777486
31281,8th & O St NW,incoming_trips,Naive (same hour last week),test,2.056855805457244,3.2139168208281608,0.3754267245174422,77.93816120710548,60.17167095287399
31281,8th & O St NW,incoming_trips,Naive (same hour last week),val,1.992371627006717,3.100337326884918,0.3905426809254576,75.59863494183593,58.82412263009278
31281,8th & O St NW,incoming_trips,Poisson,test,1.6988379321484726,2.5224218108213323,0.6152757530331572,51.42095521059464,49.6981445098309
31281,8th & O St NW,incoming_trips,Poisson,val,1.6370888330140307,2.402840869511534,0.6339204919616288,50.52391394262682,48.33451398535105
31281,8th & O St NW,incoming_trips,Polynomial Regression,test,1.6550817552382988,2.605890169881293,0.5893930013681212,55.36698675378048,48.41809256248041
31281,8th & O St NW,incoming_trips,Polynomial Regression,val,1.5562028658712683,2.3631971256010678,0.645900512457469,55.31019609600276,45.94638218013765
31281,8th & O St NW,incoming_trips,Random Forest,test,1.5304019582032866,2.292121317054977,0.6823203960588882,52.14946183773216,44.770684853219954
31281,8th & O St NW,incoming_trips,Random Forest,val,1.4778961535151067,2.2021087497499097,0.6925298754084488,51.809195881034974,43.634402031475
31281,8th & O St NW,incoming_trips,Soft Two-Stage,test,1.5014761623164428,2.318890765699454,0.6748567709191519,48.8459641553377,43.92448383731246
31281,8th & O St NW,incoming_trips,Soft Two-Stage,val,1.4539913630398411,2.225799480999552,0.6858786375932493,48.82225358998807,42.928620887383765
31281,8th & O St NW,incoming_trips,XGBoost,test,1.5215267562023074,2.3396202087908744,0.6690176308951119,47.82475006827647,44.51104791949504
31281,8th & O St NW,incoming_trips,XGBoost,val,1.461119756268182,2.2366687893812967,0.6828032316409773,47.92626864225048,43.139084373078674
31281,8th & O St NW,outgoing_trips,GAM,test,1.706485446014404,2.3973271015546027,0.5606681094948571,59.39267224385073,50.15807389812136
31281,8th & O St NW,outgoing_trips,GAM,val,1.608193230341502,2.2835387867877683,0.5921387862940495,58.33406268077528,47.22105222683008
31281,8th & O St NW,outgoing_trips,HistGradientBoosting,test,1.5793832678909692,2.389908580853548,0.5633829246252087,52.92724070572519,46.422208199520135
31281,8th & O St NW,outgoing_trips,HistGradientBoosting,val,1.518974062126812,2.2874618172630683,0.5907362032560621,53.58086584060892,44.60132785390409
31281,8th & O St NW,outgoing_trips,LightGBM,test,1.5807298793800328,2.3932501064398948,0.5621611313810603,52.638720033865184,46.46178863587151
31281,8th & O St NW,outgoing_trips,LightGBM,val,1.5166633305604549,2.288946373412758,0.590204808817949,53.15095562487356,44.53347831075312
31281,8th & O St NW,outgoing_trips,Linear Regression,test,1.6363275610124248,2.3803481323555404,0.5668691716513046,55.617803575515865,48.09595002318064
31281,8th & O St NW,outgoing_trips,Linear Regression,val,1.5856228506543073,2.2921326252915977,0.5890631311459384,56.77951795984898,46.55832273768649
31281,8th & O St NW,outgoing_trips,Naive (same hour last week),test,2.165087338737299,3.220446437954348,0.207187844920109,80.76282516140138,63.63758389261744
31281,8th & O St NW,outgoing_trips,Naive (same hour last week),val,2.1085050666059435,3.1476077927944925,0.2250800430737987,80.72865068236032,61.91160738165284
31281,8th & O St NW,outgoing_trips,Poisson,test,1.7670867281372755,2.507582435233777,0.5193282735342117,54.50790770774797,51.93930420051811
31281,8th & O St NW,outgoing_trips,Poisson,val,1.7151916523207371,2.425406322459587,0.5398868637013923,55.20986218694216,50.362825228446894
31281,8th & O St NW,outgoing_trips,Polynomial Regression,test,1.7155292844657928,2.897169730644758,0.3583679970844021,58.13136770884779,50.4238959819996
31281,8th & O St NW,outgoing_trips,Polynomial Regression,val,1.612791199074325,2.7892676791446607,0.3914783827458838,57.27720781967955,47.35606145182468
31281,8th & O St NW,outgoing_trips,Random Forest,test,1.6344679170423475,2.3634617716571498,0.5729926964124006,56.90738739878432,48.04129021937558
31281,8th & O St NW,outgoing_trips,Random Forest,val,1.559229139300736,2.2482771515183715,0.6046376442752701,57.03583254279702,45.783329534896914
31281,8th & O St NW,outgoing_trips,Soft Two-Stage,test,1.601382917889738,2.391212333845712,0.5629064243185984,51.29711065711437,47.06883549596045
31281,8th & O St NW,outgoing_trips,Soft Two-Stage,val,1.5395911535734257,2.291231997448697,0.5893859994401661,51.76279189687065,45.206703335903306
31281,8th & O St NW,outgoing_trips,XGBoost,test,1.614196237998944,2.405673914090526,0.5576035258660696,51.064727825095645,47.44545251219044
31281,8th & O St NW,outgoing_trips,XGBoost,val,1.5453177156606197,2.2997842936490045,0.5863149473023075,51.72425967937878,45.37485121906666
31288,4th St & Madison Dr NW,incoming_trips,GAM,test,1.9812994198830285,3.119289519824388,0.5467610647120538,87.75111058351354,68.43139439572336
31288,4th St & Madison Dr NW,incoming_trips,GAM,val,2.0674981352831074,3.274665092614282,0.5995830740907538,80.2464343366942,61.225382252238894
31288,4th St & Madison Dr NW,incoming_trips,HistGradientBoosting,test,1.5984982935875192,2.942458532465995,0.5966922748702195,73.85199168837542,55.20996275052477
31288,4th St & Madison Dr NW,incoming_trips,HistGradientBoosting,val,1.750474457459792,3.219970685146217,0.6128471307666661,67.24697158372908,51.83727421649197
31288,4th St & Madison Dr NW,incoming_trips,LightGBM,test,1.599404992247244,2.948967556992893,0.594905983993339,73.3594546577111,55.24127889232496
31288,4th St & Madison Dr NW,incoming_trips,LightGBM,val,1.7441536789890295,3.217884477829628,0.6133486381284047,66.75850165611821,51.650095291684295
31288,4th St & Madison Dr NW,incoming_trips,Linear Regression,test,1.7314226279581069,3.035307720888888,0.5708379691768606,80.5157289630633,59.80098895222814
31288,4th St & Madison Dr NW,incoming_trips,Linear Regression,val,1.9233226395371488,3.304236732135382,0.5923185451951516,76.38526866877456,56.95587424746209
31288,4th St & Madison Dr NW,incoming_trips,Naive (same hour last week),test,2.316017810252312,4.28134865911508,0.1461589468075665,107.5252029711368,79.99211356466877
31288,4th St & Madison Dr NW,incoming_trips,Naive (same hour last week),val,2.558465216896277,4.623438250831391,0.2018054283815312,103.60929944047923,75.76452341616373
31288,4th St & Madison Dr NW,incoming_trips,Poisson,test,1.9651295063720984,3.166037122191784,0.5330742296948521,74.30087479616458,67.87290751700793
31288,4th St & Madison Dr NW,incoming_trips,Poisson,val,2.120040448120573,3.4663737247546003,0.5513275382015552,69.30760808321934,62.78133199313192
31288,4th St & Madison Dr NW,incoming_trips,Polynomial Regression,test,1.991441721157722,3.195409422278135,0.5243704141793379,83.80713657717192,68.78169572405555
31288,4th St & Madison Dr NW,incoming_trips,Polynomial Regression,val,1.975766971400965,3.2414934678280254,0.6076542541198666,74.85474795691603,58.508922451244736
31288,4th St & Madison Dr NW,incoming_trips,Random Forest,test,1.784097131888666,3.060663855833947,0.5636378144989678,82.8954762546721,61.62029486676982
31288,4th St & Madison Dr NW,incoming_trips,Random Forest,val,1.894535821696841,3.246539612603674,0.6064317469681404,74.09593218646278,56.10340241398346
31288,4th St & Madison Dr NW,incoming_trips,Soft Two-Stage,test,1.6207637848717242,2.9367819752903257,0.5982468871064754,70.16991529599275,55.97898261707979
31288,4th St & Madison Dr NW,incoming_trips,Soft Two-Stage,val,1.7700378412487872,3.196496424166692,0.6184714057678619,64.12373847363068,52.416609999285534
31288,4th St & Madison Dr NW,incoming_trips,XGBoost,test,1.614263015913843,2.941353274282272,0.5969952021263969,70.10518858907591,55.75445487535233
31288,4th St & Madison Dr NW,incoming_trips,XGBoost,val,1.7564212073846024,3.1940554138218684,0.6190538932926608,64.32466758210408,52.0133769326645
31288,4th St & Madison Dr NW,outgoing_trips,GAM,test,1.99860959162206,3.1962969267673302,0.6038432209039388,87.37456503158954,69.19297001192736
31288,4th St & Madison Dr NW,outgoing_trips,GAM,val,2.028043329752214,3.322933012975859,0.6449249286665406,80.13277203479274,60.14419423694521
31288,4th St & Madison Dr NW,outgoing_trips,HistGradientBoosting,test,1.566759695152414,3.0352369986314702,0.6427616518120108,70.60902623609061,54.24208762782607
31288,4th St & Madison Dr NW,outgoing_trips,HistGradientBoosting,val,1.6933447222793847,3.2640295196611504,0.6574017298574173,65.56855413775673,50.21828300844084
31288,4th St & Madison Dr NW,outgoing_trips,LightGBM,test,1.5701532519315626,3.0435454260190262,0.6408032207650007,70.486679931017,54.35957444137769
31288,4th St & Madison Dr NW,outgoing_trips,LightGBM,val,1.700616956553163,3.277559785116051,0.6545555220733352,65.57551770393405,50.43395032889799
31288,4th St & Madison Dr NW,outgoing_trips,Linear Regression,test,1.6855444917808446,3.0996940930123063,0.6274277290633709,77.69778066698811,58.35448301781984
31288,4th St & Madison Dr NW,outgoing_trips,Linear Regression,val,1.8509108518409585,3.339161612298989,0.641448215639306,75.85506718595246,54.89110619840335
31288,4th St & Madison Dr NW,outgoing_trips,Naive (same hour last week),test,2.268866308939377,4.430856835155118,0.2387132111314354,101.25194334399386,78.5494071146245
31288,4th St & Madison Dr NW,outgoing_trips,Naive (same hour last week),val,2.5560742343162928,4.8584190283317445,0.2409560059595779,104.96837809740364,75.80361966504591
31288,4th St & Madison Dr NW,outgoing_trips,Poisson,test,1.8627938612953543,3.168132295809996,0.6107940463729782,67.56294785382345,64.49095427306723
31288,4th St & Madison Dr NW,outgoing_trips,Poisson,val,1.9942220709409064,3.4734800892679942,0.6120224130238875,62.83531785097139,59.14118195932597
31288,4th St & Madison Dr NW,outgoing_trips,Polynomial Regression,test,2.056049006669855,3.361647714572798,0.5617950728914105,83.72149728029635,71.18155434553857
31288,4th St & Madison Dr NW,outgoing_trips,Polynomial Regression,val,1.966914483097279,3.440924591897801,0.619261039031473,75.16885790763351,58.33134084631079
31288,4th St & Madison Dr NW,outgoing_trips,Random Forest,test,1.7654822930370355,3.137272512646308,0.6183393844117016,80.7185866275587,61.12197393166559
31288,4th St & Madison Dr NW,outgoing_trips,Random Forest,val,1.8209775943432989,3.26954751810015,0.656242393115928,70.57948148550818,54.003397525382205
31288,4th St & Madison Dr NW,outgoing_trips,Soft Two-Stage,test,1.586105154604072,2.9989751795419086,0.6512464793923602,67.1928949972007,54.91183813903978
31288,4th St & Madison Dr NW,outgoing_trips,Soft Two-Stage,val,1.7064568221419658,3.2263425655342752,0.6652674346745544,61.87836548114005,50.60713894135901
31288,4th St & Madison Dr NW,outgoing_trips,XGBoost,test,1.577339344053685,3.0072155503626963,0.6493272860316962,67.64911532416299,54.60836092713923
31288,4th St & Madison Dr NW,outgoing_trips,XGBoost,val,1.6896322243097628,3.2320673949826606,0.6640784803461288,61.89331820149615,50.10818417785199
31289,Henry Bacon Dr & Lincoln Memorial Circle NW,incoming_trips,GAM,test,1.7913822218277502,2.779663034314116,0.3718504805570199,86.12123707409302,85.83543151525856
31289,Henry Bacon Dr & Lincoln Memorial Circle NW,incoming_trips,GAM,val,1.8655408206685096,2.883533329551009,0.5058041182057031,80.49478878658908,67.67044574373898
31289,Henry Bacon Dr & Lincoln Memorial Circle NW,incoming_trips,HistGradientBoosting,test,1.4850586857048775,2.546826451012725,0.4726761282217434,77.35038519899942,71.15770803112157
31289,Henry Bacon Dr & Lincoln Memorial Circle NW,incoming_trips,HistGradientBoosting,val,1.680862953047349,2.824661772453897,0.525777587306374,73.19940413296193,60.97145878914163
31289,Henry Bacon Dr & Lincoln Memorial Circle NW,incoming_trips,LightGBM,test,1.4880575973692476,2.551100357524483,0.4709048069311192,77.95334765908409,71.30140314746849
31289,Henry Bacon Dr & Lincoln Memorial Circle NW,incoming_trips,LightGBM,val,1.6837353301436455,2.824165631628037,0.525944163311095,73.53332868221838,61.07565111572973
31289,Henry Bacon Dr & Lincoln Memorial Circle NW,incoming_trips,Linear Regression,test,1.6184683401759234,2.6707221477558494,0.4201226513152634,80.66999290439428,77.5501323391735
31289,Henry Bacon Dr & Lincoln Memorial Circle NW,incoming_trips,Linear Regression,val,1.840895370077454,2.9285666961904173,0.4902474472394303,81.20278074867812,66.77645907318498
31289,Henry Bacon Dr & Lincoln Memorial Circle NW,incoming_trips,Naive (same hour last week),test,2.120105034821327,3.694338012222998,-0.1095630501774567,104.48751916443712,101.58643326039387
31289,Henry Bacon Dr & Lincoln Memorial Circle NW,incoming_trips,Naive (same hour last week),val,2.4176249573038824,4.088957312110493,0.0062564471179267,104.75632999905926,87.69669185974477
31289,Henry Bacon Dr & Lincoln Memorial Circle NW,incoming_trips,Poisson,test,1.8893111091645325,2.8323014722277424,0.3478347038441347,74.7827216404671,90.5277680808104
31289,Henry Bacon Dr & Lincoln Memorial Circle NW,incoming_trips,Poisson,val,2.0126692259570227,3.056585806854615,0.4447068001211158,73.2173669137972,73.0073671646658
31289,Henry Bacon Dr & Lincoln Memorial Circle NW,incoming_trips,Polynomial Regression,test,1.810369192165604,2.880146537793313,0.3256150062882892,78.53765898697463,86.74520653270528
31289,Henry Bacon Dr & Lincoln Memorial Circle NW,incoming_trips,Polynomial Regression,val,1.872640997278971,2.938784216350306,0.4866842756471986,73.65339608946175,67.92799685747822
31289,Henry Bacon Dr & Lincoln Memorial Circle NW,incoming_trips,Random Forest,test,1.7957046948933493,2.821594434961073,0.3527561852821375,81.22021833325678,86.04254607533287
31289,Henry Bacon Dr & Lincoln Memorial Circle NW,incoming_trips,Random Forest,val,1.847084974007534,2.860266654417925,0.5137470860585776,75.8095062719615,67.00098016234325
31289,Henry Bacon Dr & Lincoln Memorial Circle NW,incoming_trips,Soft Two-Stage,test,1.49990464585413,2.501748665294297,0.4911777639403057,72.22138339689361,71.86906341923591
31289,Henry Bacon Dr & Lincoln Memorial Circle NW,incoming_trips,Soft Two-Stage,val,1.7086347635845576,2.788596261574994,0.5378100982665064,68.26113003888246,61.97885073540317
31289,Henry Bacon Dr & Lincoln Memorial Circle NW,incoming_trips,XGBoost,test,1.5399606995245492,2.541007524410156,0.475083008780583,72.72975474127686,73.78837947010682
31289,Henry Bacon Dr & Lincoln Memorial Circle NW,incoming_trips,XGBoost,val,1.698212621070213,2.8049690429266696,0.5323668223906184,68.74288556833676,61.60079895452725
31289,Henry Bacon Dr & Lincoln Memorial Circle NW,outgoing_trips,GAM,test,1.8861861775317763,2.940071124622477,0.3520724824622402,91.34899930329088,91.90645710392091
31289,Henry Bacon Dr & Lincoln Memorial Circle NW,outgoing_trips,GAM,val,1.8808683857005488,2.9615378232685887,0.5231554739968597,83.72801479770332,68.75173560682502
31289,Henry Bacon Dr & Lincoln Memorial Circle NW,outgoing_trips,HistGradientBoosting,test,1.4293452451042814,2.576009917408298,0.5025999635988971,77.75082402132828,69.64638964101246
31289,Henry Bacon Dr & Lincoln Memorial Circle NW,outgoing_trips,HistGradientBoosting,val,1.6544807716531584,2.892868327036524,0.5450123930572915,75.16568711737871,60.47654660158853
31289,Henry Bacon Dr & Lincoln Memorial Circle NW,outgoing_trips,LightGBM,test,1.4352987822715912,2.578796544120624,0.5015232457524659,77.9260916986403,69.93648216464658
31289,Henry Bacon Dr & Lincoln Memorial Circle NW,outgoing_trips,LightGBM,val,1.652398374270636,2.895641709954041,0.5441395847701433,74.58322211955195,60.40042833868402
31289,Henry Bacon Dr & Lincoln Memorial Circle NW,outgoing_trips,Linear Regression,test,1.5928747902728324,2.7217709047564864,0.4447176289711064,81.31234599362985,77.61454321317167
31289,Henry Bacon Dr & Lincoln Memorial Circle NW,outgoing_trips,Linear Regression,val,1.8107264468902875,2.98707597155724,0.5148960946658407,82.61968905342685,66.1878241344989
31289,Henry Bacon Dr & Lincoln Memorial Circle NW,outgoing_trips,Naive (same hour last week),test,2.076378582029912,3.776508468399924,-0.0690343919205196,106.67545155543613,101.1737872719181
31289,Henry Bacon Dr & Lincoln Memorial Circle NW,outgoing_trips,Naive (same hour last week),val,2.361493794830924,4.151231420247705,0.0630937762660482,105.0184540617288,86.32012651906109
31289,Henry Bacon Dr & Lincoln Memorial Circle NW,outgoing_trips,Poisson,test,1.8653264305947277,2.8864188368558343,0.3755043012035002,74.61944281158624,90.89004342222528
31289,Henry Bacon Dr & Lincoln Memorial Circle NW,outgoing_trips,Poisson,val,2.0116939675387444,3.156332786029598,0.458363644361324,75.37325396627676,73.53382768808386
31289,Henry Bacon Dr & Lincoln Memorial Circle NW,outgoing_trips,Polynomial Regression,test,1.7441322856006702,2.951347696938652,0.3470927299591395,78.34208055265566,84.98472791264058
31289,Henry Bacon Dr & Lincoln Memorial Circle NW,outgoing_trips,Polynomial Regression,val,1.831150550490536,2.969357857326207,0.5206339032125008,74.87715549588772,66.93439023205585
31289,Henry Bacon Dr & Lincoln Memorial Circle NW,outgoing_trips,Random Forest,test,1.747466485304814,2.8452055163877805,0.3932105302017754,83.74259300835809,85.1471903915491
31289,Henry Bacon Dr & Lincoln Memorial Circle NW,outgoing_trips,Random Forest,val,1.826373053780055,2.946703806370209,0.5279204339175819,78.79278652980216,66.75975749687957
31289,Henry Bacon Dr & Lincoln Memorial Circle NW,outgoing_trips,Soft Two-Stage,test,1.4696189494654683,2.5346563001426543,0.5184416631746993,71.51136310252599,71.60876935006696
31289,Henry Bacon Dr & Lincoln Memorial Circle NW,outgoing_trips,Soft Two-Stage,val,1.6760758261022612,2.8567842701206896,0.5562921358874373,68.82433856415979,61.265914685600805
31289,Henry Bacon Dr & Lincoln Memorial Circle NW,outgoing_trips,XGBoost,test,1.532003957700689,2.5767172390417192,0.5023267735731094,73.4490686846304,74.64854620327289
31289,Henry Bacon Dr & Lincoln Memorial Circle NW,outgoing_trips,XGBoost,val,1.689672728576446,2.8774195370003786,0.549858959650734,69.82512329504513,61.76292481724207
31290,17th St & Independence Ave SW,incoming_trips,GAM,test,1.7203921822385766,2.833278176380594,0.2720419782341624,99.65540835642926,112.29536570703998
31290,17th St & Independence Ave SW,incoming_trips,GAM,val,1.615736198956479,2.681068187500274,0.4674652694418684,83.49091394414644,83.87122361368057
31290,17th St & Independence Ave SW,incoming_trips,HistGradientBoosting,test,1.5320242036762188,3.657112518324568,-0.2128428944977549,100.0,100.0
31290,17th St & Independence Ave SW,incoming_trips,HistGradientBoosting,val,1.926448821587157,4.148391742301098,-0.2749458503813782,100.0,100.0
31290,17th St & Independence Ave SW,incoming_trips,LightGBM,test,1.1274847429175088,2.3825231162993874,0.4852431325017908,79.43456952092234,73.59444715116223
31290,17th St & Independence Ave SW,incoming_trips,LightGBM,val,1.273038619405659,2.552701487807304,0.5172388862261079,73.47798791972251,66.0821406278954
31290,17th St & Independence Ave SW,incoming_trips,Linear Regression,test,1.2764404513559462,2.508420727025245,0.4294040764744485,81.41595091661898,83.31725101294235
31290,17th St & Independence Ave SW,incoming_trips,Linear Regression,val,1.4444663011948276,2.6250146053499828,0.4895000947362183,79.9590492479194,74.98077732502463
31290,17th St & Independence Ave SW,incoming_trips,Naive (same hour last week),test,1.6934581573238954,3.6044745188008407,-0.1781804788082497,110.87266773570306,110.53729786124153
31290,17th St & Independence Ave SW,incoming_trips,Naive (same hour last week),val,1.8640555618809065,3.63425202370886,0.0214966891547265,108.1379712427815,96.7612293144208
31290,17th St & Independence Ave SW,incoming_trips,Poisson,test,1.521028632563474,2.6457922711144346,0.3651963865700409,76.49930366164962,99.2822847650605
31290,17th St & Independence Ave SW,incoming_trips,Poisson,val,1.6150397142798607,2.7568229442106014,0.4369461053714114,71.18331663614944,83.83506980212775
31290,17th St & Independence Ave SW,incoming_trips,Polynomial Regression,test,1.3671036827375824,2.652863071165148,0.3617988657183032,81.73117315810585,89.23512301288088
31290,17th St & Independence Ave SW,incoming_trips,Polynomial Regression,val,1.4568310726776084,2.655716479410256,0.4774887631712617,75.47850468014705,75.62262004330634
31290,17th St & Independence Ave SW,incoming_trips,Random Forest,test,1.4002557950715286,2.5085319440641274,0.4293534777888637,84.05018349859992,91.39906482622789
31290,17th St & Independence Ave SW,incoming_trips,Random Forest,val,1.4365598524903336,2.544311163268767,0.5204071890820323,74.09824829857851,74.57036161006265
31290,17th St & Independence Ave SW,incoming_trips,Soft Two-Stage,test,1.195274512173037,2.3663030539810896,0.4922281370677577,71.56865934704182,78.01929690829145
31290,17th St & Independence Ave SW,incoming_trips,Soft Two-Stage,val,1.3352243145126217,2.5404382580631584,0.5218661331426742,65.19432268094566,69.31013684612503
31290,17th St & Independence Ave SW,incoming_trips,XGBoost,test,1.1664654100091858,2.3609293337862027,0.4945317521064212,74.28896296509141,76.1388369198186
31290,17th St & Independence Ave SW,incoming_trips,XGBoost,val,1.2826627691070294,2.5610750043936963,0.514066530757668,69.60259541384505,66.58172045547896
31290,17th St & Independence Ave SW,outgoing_trips,GAM,test,1.6659744646562509,2.839310406928252,0.306715745876829,97.15963379436812,107.32767237366944
31290,17th St & Independence Ave SW,outgoing_trips,GAM,val,1.608428239725194,2.73470643599213,0.4777292513134471,84.43116467092389,82.73396913327309
31290,17th St & Independence Ave SW,outgoing_trips,HistGradientBoosting,test,1.552231989953191,3.7466886091236256,-0.2072043397802045,100.0,100.0
31290,17th St & Independence Ave SW,outgoing_trips,HistGradientBoosting,val,1.944096550153706,4.254285032327525,-0.2639428709769549,100.0,100.0
31290,17th St & Independence Ave SW,outgoing_trips,LightGBM,test,1.131242352953942,2.423509462711298,0.4949027224862037,77.75378029629798,72.87843313859648
31290,17th St & Independence Ave SW,outgoing_trips,LightGBM,val,1.2941177803275343,2.640994378246587,0.5129099808728549,72.15937027105586,66.5665385921917
31290,17th St & Independence Ave SW,outgoing_trips,Linear Regression,test,1.2832455125561244,2.5673909931853536,0.4331480895341194,81.09102803557967,82.67098738216457
31290,17th St & Independence Ave SW,outgoing_trips,Linear Regression,val,1.4597432462712103,2.697721842721493,0.4917602674927689,80.62040900721588,75.08594396486116
31290,17th St & Independence Ave SW,outgoing_trips,Naive (same hour last week),test,1.682954675191232,3.6875484365439215,-0.1693945223455646,108.54569847495613,108.42159458664314
31290,17th St & Independence Ave SW,outgoing_trips,Naive (same hour last week),val,1.843675281794376,3.666425145320309,0.0612284434262304,106.16880603896554,94.8345534407028
31290,17th St & Independence Ave SW,outgoing_trips,Poisson,test,1.5175798127078857,2.701719467506369,0.3722798174358629,75.89949139554524,97.76759031706656
31290,17th St & Independence Ave SW,outgoing_trips,Poisson,val,1.63322291215426,2.8586950816266308,0.4292972752324543,72.46288915866245,84.00935190307973
31290,17th St & Independence Ave SW,outgoing_trips,Polynomial Regression,test,1.3136329197259873,2.5953252823250668,0.420745811286508,78.65465170713219,84.62864624801355
31290,17th St & Independence Ave SW,outgoing_trips,Polynomial Regression,val,1.436232870008452,2.664220311485596,0.5043049900010175,75.21578137446649,73.87662253167927
31290,17th St & Independence Ave SW,outgoing_trips,Random Forest,test,1.3930206203156144,2.5482649397003074,0.4415622788872702,82.59140831757537,89.74306864772335
31290,17th St & Independence Ave SW,outgoing_trips,Random Forest,val,1.4572018752595028,2.6375651471234183,0.5141740955016223,74.73718592095665,74.9552214957787
31290,17th St & Independence Ave SW,outgoing_trips,Soft Two-Stage,test,1.190442242245528,2.4471290276707705,0.4850093723660938,70.61181392250522,76.69228890724169
31290,17th St & Independence Ave SW,outgoing_trips,Soft Two-Stage,val,1.3450388665513866,2.625166820123397,0.5187307763910349,66.04308594531486,69.18580594389944
31290,17th St & Independence Ave SW,outgoing_trips,XGBoost,test,1.195080284531946,2.4475251538162235,0.4848426318622674,72.68686963483181,76.99108717428152
31290,17th St & Independence Ave SW,outgoing_trips,XGBoost,val,1.313522469939684,2.650351387295633,0.5094523592280752,69.977243101943,67.56467264117273
31321,15th St & Constitution Ave NW,incoming_trips,GAM,test,1.6002549041094556,2.4609595313977253,0.2642700203430164,90.40983523294447,92.86843374474738
31321,15th St & Constitution Ave NW,incoming_trips,GAM,val,1.5683054451012832,2.4400950067344045,0.3363544880083451,78.90324167977403,85.85941983621873
31321,15th St & Constitution Ave NW,incoming_trips,HistGradientBoosting,test,1.230981151145334,2.247108223336328,0.3865806280943176,76.58536742509001,71.43817599471265
31321,15th St & Constitution Ave NW,incoming_trips,HistGradientBoosting,val,1.3279177034513154,2.3867973088180348,0.3650291792606855,75.14930244369252,72.69900386095433
31321,15th St & Constitution Ave NW,incoming_trips,LightGBM,test,1.2115982364769224,2.2077919979543137,0.4078580647492353,73.27659499402986,70.31331712251617
31321,15th St & Constitution Ave NW,incoming_trips,LightGBM,val,1.2761057901496606,2.2961620228648685,0.4123378107048625,70.29800993503285,69.86247681159676
31321,15th St & Constitution Ave NW,incoming_trips,Linear Regression,test,1.3019284237857318,2.2306115965092257,0.395554122048191,74.81074133124937,75.55549634889832
31321,15th St & Constitution Ave NW,incoming_trips,Linear Regression,val,1.4308929867395677,2.3569501898341096,0.3808106207848194,74.71862466537651,78.33655240624337
31321,15th St & Constitution Ave NW,incoming_trips,Naive (same hour last week),test,1.669711154241352,3.0493711205880807,-0.1296140222308874,100.33086516985092,96.89922480620154
31321,15th St & Constitution Ave NW,incoming_trips,Naive (same hour last week),val,1.844358419674371,3.2777771881263846,-0.1975166105372301,101.84274057818416,100.97238671071496
31321,15th St & Constitution Ave NW,incoming_trips,Poisson,test,1.520284420655445,2.316980430264062,0.3478398765702126,69.97506828619512,88.22746465594011
31321,15th St & Constitution Ave NW,incoming_trips,Poisson,val,1.6184429219563778,2.45386169869203,0.3288449640510624,67.61939737655779,88.60427715229612
31321,15th St & Constitution Ave NW,incoming_trips,Polynomial Regression,test,1.4449772099306382,2.441371211843278,0.2759356798807294,75.42595477098439,83.8571217238618
31321,15th St & Constitution Ave NW,incoming_trips,Polynomial Regression,val,1.5010656429181797,2.400930301334212,0.3574871840500359,74.16353957440374,82.17826804058076
31321,15th St & Constitution Ave NW,incoming_trips,Random Forest,test,1.44069074999841,2.284257171033257,0.3661310143814288,79.91299703925628,83.60836334218561
31321,15th St & Constitution Ave NW,incoming_trips,Random Forest,val,1.4836243518331085,2.3233944973120546,0.398315806946427,73.8971029968542,81.22341633204631
31321,15th St & Constitution Ave NW,incoming_trips,Soft Two-Stage,test,1.2601225478927227,2.183981852290336,0.4205612177723284,67.54724020220205,73.12935398524057
31321,15th St & Constitution Ave NW,incoming_trips,Soft Two-Stage,val,1.3371152005345135,2.266918288235377,0.4272113264009256,64.2974954852406,73.20253572458165
31321,15th St & Constitution Ave NW,incoming_trips,XGBoost,test,1.222887779853865,2.215521289020205,0.4037047306196374,69.57387219344267,70.96848912568744
31321,15th St & Constitution Ave NW,incoming_trips,XGBoost,val,1.2970430307731715,2.3041886090671,0.4082221032473077,67.3021089974963,71.00871993567766
31321,15th St & Constitution Ave NW,outgoing_trips,GAM,test,1.5139332577656908,2.4091999669321997,0.3692930687450436,87.5456834733168,89.79847907340479
31321,15th St & Constitution Ave NW,outgoing_trips,GAM,val,1.5119432098711787,2.4560491848136508,0.3889744995820737,80.49839038856047,86.98674972028405
31321,15th St & Constitution Ave NW,outgoing_trips,HistGradientBoosting,test,1.1307133016064492,2.238204812060883,0.4556458265196343,78.33085818056786,67.06790687865436
31321,15th St & Constitution Ave NW,outgoing_trips,HistGradientBoosting,val,1.2041978190310625,2.375942305071738,0.4281830866689287,78.46480209151338,69.28120951493398
31321,15th St & Constitution Ave NW,outgoing_trips,LightGBM,test,1.1134259501444148,2.1906518787230937,0.4785308227988641,75.37442052366194,66.04251301764022
31321,15th St & Constitution Ave NW,outgoing_trips,LightGBM,val,1.1747862946383585,2.288990889250139,0.4692703582371019,74.17822667133058,67.58907392773943
31321,15th St & Constitution Ave NW,outgoing_trips,Linear Regression,test,1.194332545175449,2.2072247021173657,0.4706108909130635,72.76524892610081,70.84146247167168
31321,15th St & Constitution Ave NW,outgoing_trips,Linear Regression,val,1.337064628105347,2.377440883011747,0.4274615350973229,75.82934969137476,76.92544627701604
31321,15th St & Constitution Ave NW,outgoing_trips,Naive (same hour last week),test,1.5870533165886516,3.0827347917223507,-0.0326525801312409,98.8823817993918,94.13557256043882
31321,15th St & Constitution Ave NW,outgoing_trips,Naive (same hour last week),val,1.7417738813617214,3.329353577018533,-0.1228068543502507,102.19995660703036,100.20961614044282
31321,15th St & Constitution Ave NW,outgoing_trips,Poisson,test,1.3702936027313075,2.273397776035059,0.4383926689464251,65.49749765499755,81.27853772820156
31321,15th St & Constitution Ave NW,outgoing_trips,Poisson,val,1.487210132292332,2.442774264168351,0.3955618222570936,65.80725348308843,85.56377958812756
31321,15th St & Constitution Ave NW,outgoing_trips,Polynomial Regression,test,1.377184563481811,2.32401393853871,0.4131064135225154,75.6230465832601,81.68727291621306
31321,15th St & Constitution Ave NW,outgoing_trips,Polynomial Regression,val,1.4388031899939402,2.4919414996304283,0.3709851460157214,74.64616071301022,82.77877910203574
31321,15th St & Constitution Ave NW,outgoing_trips,Random Forest,test,1.2929503680920007,2.2216059841398743,0.4636898950872349,77.64211161991008,76.6909478845929
31321,15th St & Constitution Ave NW,outgoing_trips,Random Forest,val,1.3456034312181793,2.2898044661773365,0.4688930163012451,74.61749898722049,77.41670992001355
31321,15th St & Constitution Ave NW,outgoing_trips,Soft Two-Stage,test,1.146466010912034,2.1553019863165237,0.4952246192837368,67.69281506791198,68.00227391872761
31321,15th St & Constitution Ave NW,outgoing_trips,Soft Two-Stage,val,1.211513013222621,2.2546028766827795,0.4850971098921042,67.21227133085507,69.70207516791747
31321,15th St & Constitution Ave NW,outgoing_trips,XGBoost,test,1.1240842317429474,2.181032000821183,0.4831006546126209,71.13990588787867,66.67470566693625
31321,15th St & Constitution Ave NW,outgoing_trips,XGBoost,val,1.197370578221067,2.2970144112121225,0.465543140072614,70.85282394196646,68.88841732291124
31324,18th & New Hampshire Ave NW,incoming_trips,GAM,test,1.6487958859876624,2.396150685590528,0.5091656614098743,57.12910877175069,51.99381899973334
31324,18th & New Hampshire Ave NW,incoming_trips,GAM,val,1.5228282740744965,2.192927210812724,0.5303196084868491,57.65575865485173,52.04685474043234
31324,18th & New Hampshire Ave NW,incoming_trips,HistGradientBoosting,test,1.7692370648415865,2.7404171875562677,0.357992573429839,62.61253031112619,55.791861502547
31324,18th & New Hampshire Ave NW,incoming_trips,HistGradientBoosting,val,1.6535477112608534,2.5845590752173124,0.3475805152526459,63.585155004712334,56.51455190288768
31324,18th & New Hampshire Ave NW,incoming_trips,LightGBM,test,1.550516770037183,2.385722572272754,0.5134286138692428,53.45582846719687,48.8946442567529
31324,18th & New Hampshire Ave NW,incoming_trips,LightGBM,val,1.4154979033006074,2.1939589651838176,0.5298775429285205,54.02292568685585,48.37854340683803
31324,18th & New Hampshire Ave NW,incoming_trips,Linear Regression,test,1.600867969429307,2.288676994229549,0.5522086554805109,55.75607709139131,50.48244003539496
31324,18th & New Hampshire Ave NW,incoming_trips,Linear Regression,val,1.5093967261863288,2.165601511272394,0.5419518978576481,56.97290726043255,51.58779456025576
31324,18th & New Hampshire Ave NW,incoming_trips,Naive (same hour last week),test,2.0152985500627927,3.005987859169755,0.2275308734678606,79.61349679577945,63.55126728110599
31324,18th & New Hampshire Ave NW,incoming_trips,Naive (same hour last week),val,1.9193897301605372,2.8871128656631635,0.1858929409804246,82.84372994824726,65.60043583158223
31324,18th & New Hampshire Ave NW,incoming_trips,Poisson,test,2.131709397505707,3.2850038197528155,0.0774743625064204,76.08345652171992,67.22221562770912
31324,18th & New Hampshire Ave NW,incoming_trips,Poisson,val,1.7923993251262964,2.6442526418447407,0.3170956325451574,66.00278302833951,61.26018862395619
31324,18th & New Hampshire Ave NW,incoming_trips,Polynomial Regression,test,1.590950431094435,2.4155364310272702,0.5011914715572903,56.72547028493752,50.16969623400114
31324,18th & New Hampshire Ave NW,incoming_trips,Polynomial Regression,val,1.4730056201581945,2.157960848072095,0.545178361533228,58.59465120121561,50.34402818059546
31324,18th & New Hampshire Ave NW,incoming_trips,Random Forest,test,1.5655513442567202,2.2779126352773837,0.5564109534563721,55.16369684408068,49.36875080769229
31324,18th & New Hampshire Ave NW,incoming_trips,Random Forest,val,1.451990407445177,2.134481824064792,0.5550216120860361,56.03308225910762,49.62577534668453
31324,18th & New Hampshire Ave NW,incoming_trips,Soft Two-Stage,test,1.5633390896596413,2.3736401429954475,0.5183445898500014,50.18907865165597,49.29898864605703
31324,18th & New Hampshire Ave NW,incoming_trips,Soft Two-Stage,val,1.4447995068502202,2.203627108808705,0.5257250257431999,51.40423291220946,49.38000649336713
31324,18th & New Hampshire Ave NW,incoming_trips,XGBoost,test,1.6063654675536974,2.459498792987392,0.4828697844478086,51.10759923133814,50.65580044031839
31324,18th & New Hampshire Ave NW,incoming_trips,XGBoost,val,1.455863631312616,2.24253224393809,0.5088305021970736,52.09348411765845,49.75815345092499
31324,18th & New Hampshire Ave NW,outgoing_trips,GAM,test,1.7326862532260932,2.451893449539499,0.5342261953840216,65.13374040142897,54.03039941616772
31324,18th & New Hampshire Ave NW,outgoing_trips,GAM,val,1.5634284513150818,2.223175879886723,0.551229622651375,60.07036170695965,53.015683131540726
31324,18th & New Hampshire Ave NW,outgoing_trips,HistGradientBoosting,test,1.5492313148841106,2.4173559700368803,0.547255598907713,54.35497909665356,48.309719417102514
31324,18th & New Hampshire Ave NW,outgoing_trips,HistGradientBoosting,val,1.427295761669093,2.2134593651673597,0.5551438024935941,53.80713669019275,48.399438920271976
31324,18th & New Hampshire Ave NW,outgoing_trips,LightGBM,test,1.5307703041773806,2.3700138521833383,0.5648152763187242,55.790942114419686,47.7340492516276
31324,18th & New Hampshire Ave NW,outgoing_trips,LightGBM,val,1.4004826031596127,2.161495714874757,0.5757857081022055,54.4356626906898,47.4902077276973
31324,18th & New Hampshire Ave NW,outgoing_trips,Linear Regression,test,1.611317129733313,2.3450234563204004,0.573944422101023,58.92708975228518,50.24574295750681
31324,18th & New Hampshire Ave NW,outgoing_trips,Linear Regression,val,1.496014204788374,2.1815841037557835,0.5678639886777422,56.85884463391919,50.72967360586962
31324,18th & New Hampshire Ave NW,outgoing_trips,Naive (same hour last week),test,2.068386802146364,3.135647746595516,0.2382255350073802,82.78625916505332,64.49855815443767
31324,18th & New Hampshire Ave NW,outgoing_trips,Naive (same hour last week),val,1.9423887054537172,2.933084218942462,0.2188658864567796,81.34017685611815,65.86618277286591
31324,18th & New Hampshire Ave NW,outgoing_trips,Poisson,test,2.181686404585799,3.461050821719297,0.0719148448945045,77.503594360689,68.03158253325861
31324,18th & New Hampshire Ave NW,outgoing_trips,Poisson,val,1.7757380207528832,2.6935750233001072,0.3412286691619244,64.65051702814921,60.21507677801079
31324,18th & New Hampshire Ave NW,outgoing_trips,Polynomial Regression,test,1.588036578932782,2.387267661194143,0.5584558826352075,58.59690375765456,49.51978495094961
31324,18th & New Hampshire Ave NW,outgoing_trips,Polynomial Regression,val,1.4668058757471156,2.165673712747578,0.5741441787500756,56.55384027106992,49.73922244966185
31324,18th & New Hampshire Ave NW,outgoing_trips,Random Forest,test,1.540528812848106,2.2880271819196483,0.5944034685707105,58.066208261018495,48.038349075212935
31324,18th & New Hampshire Ave NW,outgoing_trips,Random Forest,val,1.422756330896419,2.108168264850375,0.5964595434523511,55.138941509506736,48.24550733277962
31324,18th & New Hampshire Ave NW,outgoing_trips,Soft Two-Stage,test,1.5632396130401878,2.4140090119763182,0.5485084284646115,53.07011819774762,48.74654053408454
31324,18th & New Hampshire Ave NW,outgoing_trips,Soft Two-Stage,val,1.4221312266120505,2.171684846496346,0.5717768517298215,51.780034280501205,48.224310116727686
31324,18th & New Hampshire Ave NW,outgoing_trips,XGBoost,test,1.562050901077944,2.378792747847283,0.5615853230160117,53.99970086968378,48.70947289879209
31324,18th & New Hampshire Ave NW,outgoing_trips,XGBoost,val,1.4175357785776936,2.15955797871062,0.5765459658341237,52.07268334406631,48.06847899018526
31600,5th & K St NW,incoming_trips,GAM,test,2.8054865571025167,4.1233727639809485,0.3760971262796601,63.3423412674219,55.33146462286582
31600,5th & K St NW,incoming_trips,GAM,val,2.226582945048312,3.328214095576538,0.528736976424485,59.30329516620897,48.04815116670186
31600,5th & K St NW,incoming_trips,HistGradientBoosting,test,2.1205621212974446,3.221033871952085,0.6192829087317513,49.84887558039595,41.82297993840336
31600,5th & K St NW,incoming_trips,HistGradientBoosting,val,1.9012660540511808,2.913738686122666,0.638804729900063,50.82796241183439,41.02803310172114
31600,5th & K St NW,incoming_trips,LightGBM,test,2.122044649807528,3.208708074351689,0.6221910825831579,50.29326133183811,41.85221924222408
31600,5th & K St NW,incoming_trips,LightGBM,val,1.9010791412362944,2.9076228696828297,0.6403194063380029,50.98953803203703,41.02399964983262
31600,5th & K St NW,incoming_trips,Linear Regression,test,2.0418497923392,2.935150706341594,0.6838649852940306,53.34806467832348,40.270568848031004
31600,5th & K St NW,incoming_trips,Linear Regression,val,1.9190536420185391,2.7707325789809985,0.6733895494652065,55.61263178288246,41.411877196749046
31600,5th & K St NW,incoming_trips,Naive (same hour last week),test,2.6609201963694487,3.934429454137029,0.4319647130576685,73.85701779916091,52.48024138163968
31600,5th & K St NW,incoming_trips,Naive (same hour last week),val,2.5343276784697717,3.767901973032033,0.3959956794846606,77.99136342068923,54.68907397852632
31600,5th & K St NW,incoming_trips,Poisson,test,2.485840343167629,3.957344102775736,0.4253288164957334,56.69676448820697,49.027213000844974
31600,5th & K St NW,incoming_trips,Poisson,val,2.196256738833388,3.321629763044758,0.5305997671126446,55.40353599459827,47.393732186368
31600,5th & K St NW,incoming_trips,Polynomial Regression,test,1.9930034820218,2.8580881680965744,0.7002473479558848,54.5057151068867,39.3071930355744
31600,5th & K St NW,incoming_trips,Polynomial Regression,val,1.8569992227620529,2.7145941832437144,0.6864905165507158,55.44255106351936,40.07278487879686
31600,5th & K St NW,incoming_trips,Random Forest,test,2.0414280489124885,3.007967330533778,0.6679847589949246,50.56323855406538,40.26225097481364
31600,5th & K St NW,incoming_trips,Random Forest,val,1.8754494197460585,2.776922052736307,0.6719287049435287,53.23018149047204,40.47092762740383
31600,5th & K St NW,incoming_trips,Soft Two-Stage,test,2.150925990974676,3.251982147503433,0.6119317647867302,48.5188265221741,42.4218341288131
31600,5th & K St NW,incoming_trips,Soft Two-Stage,val,1.9203537096730372,2.922567343398955,0.6366125632397148,49.79279590988385,41.43993177577526
31600,5th & K St NW,incoming_trips,XGBoost,test,2.301965900042058,3.4658773593992707,0.559203464735614,47.35676637338329,45.40073251777349
31600,5th & K St NW,incoming_trips,XGBoost,val,2.0304086016684626,3.070623737401354,0.5988617643785878,49.530073886918544,43.81484176913124
31600,5th & K St NW,outgoing_trips,GAM,test,2.682350694619869,4.004004919667879,0.4060003948270492,63.120581901242645,53.46633077890775
31600,5th & K St NW,outgoing_trips,GAM,val,2.130095446492778,3.194396437202778,0.5456712183085974,56.306163715501725,46.70268430701233
31600,5th & K St NW,outgoing_trips,HistGradientBoosting,test,2.110894406374864,3.2512427757309315,0.6083521453988268,50.62085934350551,42.07569830334167
31600,5th & K St NW,outgoing_trips,HistGradientBoosting,val,1.8575161376278104,2.853754518958524,0.637401628707617,49.62687719333768,40.72633924158132
31600,5th & K St NW,outgoing_trips,LightGBM,test,2.122460094299853,3.273628857790696,0.6029402796460205,50.51476363141082,42.30623299722917
31600,5th & K St NW,outgoing_trips,LightGBM,val,1.86573155293532,2.868658247361333,0.6336044001959447,49.67673766487189,40.906463539856006
31600,5th & K St NW,outgoing_trips,Linear Regression,test,2.0736376785257016,3.009723482296605,0.6643782134212683,55.07017481553795,41.33307335913938
31600,5th & K St NW,outgoing_trips,Linear Regression,val,1.9108067153188333,2.7813766157526576,0.6555610769572757,53.25388219614079,41.89474370464893
31600,5th & K St NW,outgoing_trips,Naive (same hour last week),test,2.643794953761845,3.964032262143791,0.4178011914610864,77.56995106197934,52.69781307603031
31600,5th & K St NW,outgoing_trips,Naive (same hour last week),val,2.4846863258567686,3.722422220663264,0.3830586369821147,75.7460783003616,54.47714620934122
31600,5th & K St NW,outgoing_trips,Poisson,test,2.5604520677869167,4.057275964039571,0.3900895875091238,61.21586315652243,51.03656933242065
31600,5th & K St NW,outgoing_trips,Poisson,val,2.201093401672389,3.3334842208610693,0.5052458656305445,55.14982625788248,48.25932586157566
31600,5th & K St NW,outgoing_trips,Polynomial Regression,test,1.9881709918214865,2.9532603665955417,0.6768527788107637,54.978794942951104,39.62949666013791
31600,5th & K St NW,outgoing_trips,Polynomial Regression,val,1.829026753488973,2.7378085898836875,0.6662672799692442,52.97098354707529,40.1017049249698
31600,5th & K St NW,outgoing_trips,Random Forest,test,2.09788817121695,3.0563853936766847,0.6538907688891787,54.68704698457808,41.81644970004157
31600,5th & K St NW,outgoing_trips,Random Forest,val,1.8796919055991816,2.771995179447492,0.6578807069157406,52.05548146428264,41.212546511090174
31600,5th & K St NW,outgoing_trips,Soft Two-Stage,test,2.197750977722222,3.3743037430740905,0.5781429621481072,49.51710234671398,43.80697907259164
31600,5th & K St NW,outgoing_trips,Soft Two-Stage,val,1.9136598457349363,2.93017444392963,0.6177217606704629,48.16046499730607,41.957299046631086
31600,5th & K St NW,outgoing_trips,XGBoost,test,2.21423128888267,3.334073559719897,0.5881421895287728,48.13532507275424,44.13547518222085
31600,5th & K St NW,outgoing_trips,XGBoost,val,1.952462896432544,2.941516420838533,0.6147566250234848,47.79785245663666,42.8080621567364
31603,1st & M St NE,incoming_trips,GAM,test,1.987777469998442,2.8617987125235143,0.6258084205750167,57.31604797187342,45.50690763125027
31603,1st & M St NE,incoming_trips,GAM,val,1.8572573545194933,2.683664705354969,0.6768933022973775,52.98392295552637,40.43400675394669
31603,1st & M St NE,incoming_trips,HistGradientBoosting,test,1.836546935301092,2.813015155552507,0.6384569759561801,50.41536507499652,42.04473237402578
31603,1st & M St NE,incoming_trips,HistGradientBoosting,val,1.802803785337212,2.726273256630433,0.6665519221127809,49.18708491668927,39.24850815907773
31603,1st & M St NE,incoming_trips,LightGBM,test,1.831589507180766,2.802199194955595,0.6412318755797557,50.28602683237029,41.93124018138089
31603,1st & M St NE,incoming_trips,LightGBM,val,1.7989331085151954,2.719265200341516,0.6682640171265302,48.90933731287886,39.16424036905774
31603,1st & M St NE,incoming_trips,Linear Regression,test,1.921669700853012,2.8616877302548933,0.6258374427595255,53.27586976496298,43.99347859323453
31603,1st & M St NE,incoming_trips,Linear Regression,val,1.8696547861380088,2.7265688086364013,0.6664796207835011,52.48838655990895,40.70390894740136
31603,1st & M St NE,incoming_trips,Naive (same hour last week),test,2.6626327206302087,4.004877720123966,0.2671849784425809,78.69699182219887,60.95661265028751
31603,1st & M St NE,incoming_trips,Naive (same hour last week),val,2.507116019583286,3.704531936861728,0.3843184519804395,75.25862915499098,54.58195969561014
31603,1st & M St NE,incoming_trips,Poisson,test,2.126258474935606,3.1205734044228177,0.5550772140870956,52.22542390398167,48.67720329838205
31603,1st & M St NE,incoming_trips,Poisson,val,2.155280733551461,3.110991053840004,0.5658028424565812,52.64504238907077,46.92221868176012
31603,1st & M St NE,incoming_trips,Polynomial Regression,test,1.917229059227892,2.864933981746653,0.6249880735760918,53.13275524165205,43.89181738049425
31603,1st & M St NE,incoming_trips,Polynomial Regression,val,1.854505153315336,2.7374213016775464,0.663819331455593,51.73684191411565,40.37408908997495
31603,1st & M St NE,incoming_trips,Random Forest,test,1.873992798655729,2.7955914188531104,0.6429218798843188,51.85921593628161,42.90199404972695
31603,1st & M St NE,incoming_trips,Random Forest,val,1.8435825914831871,2.712568824588317,0.6698958503012074,50.68886814897793,40.13629601417057
31603,1st & M St NE,incoming_trips,Soft Two-Stage,test,1.8464332150322915,2.806723627357988,0.6400724058620577,49.223647315953386,42.27106254696247
31603,1st & M St NE,incoming_trips,Soft Two-Stage,val,1.8193108708082464,2.7184223576174054,0.6684696299721749,48.23513796697645,39.60788086733467
31603,1st & M St NE,incoming_trips,XGBoost,test,1.879680339840809,2.826913267403216,0.6348756385642604,48.0518220995423,43.03220098448941
31603,1st & M St NE,incoming_trips,XGBoost,val,1.8579901331350253,2.7741323899200823,0.6547419465150097,47.287213541866535,40.44995994181129
31603,1st & M St NE,outgoing_trips,GAM,test,2.178929371317382,3.0410915687515527,0.5695886968277049,67.05448552387885,50.0649048119644
31603,1st & M St NE,outgoing_trips,GAM,val,1.8719518629705825,2.655906573817561,0.6654882498030151,55.20543655383421,40.89380229441768
31603,1st & M St NE,outgoing_trips,HistGradientBoosting,test,1.802020252579042,2.7811355078349647,0.6400277907392498,51.31034905156721,41.4047254593002
31603,1st & M St NE,outgoing_trips,HistGradientBoosting,val,1.777077909863627,2.6884997382724647,0.6572276461317484,50.27281043845312,38.821229405129294
31603,1st & M St NE,outgoing_trips,LightGBM,test,1.806163684700088,2.788094266913578,0.6382241434604841,51.43304138624103,41.49992842340985
31603,1st & M St NE,outgoing_trips,LightGBM,val,1.7823394346840813,2.696840765487437,0.6550974553742598,50.35825285420525,38.93617026447031
31603,1st & M St NE,outgoing_trips,Linear Regression,test,1.8960616275052653,2.826393219074092,0.6282167336715534,53.34328716880221,43.56549879415184
31603,1st & M St NE,outgoing_trips,Linear Regression,val,1.8306483828149185,2.6682906589164905,0.6623614228072912,52.1057911318741,39.9915054004811
31603,1st & M St NE,outgoing_trips,Naive (same hour last week),test,2.5840849412033338,3.9163825514209023,0.286169849416989,78.4028400342833,59.37409826604758
31603,1st & M St NE,outgoing_trips,Naive (same hour last week),val,2.496982807696687,3.700642001593152,0.3505586493972981,76.44686053467285,54.547941798283794
31603,1st & M St NE,outgoing_trips,Poisson,test,2.082334106896123,3.055496712955377,0.5655014661366903,52.57501774716326,47.84545117468887
31603,1st & M St NE,outgoing_trips,Poisson,val,2.073527747779178,3.0117691143621625,0.5698408746750396,51.79569110824159,45.29733667142027
31603,1st & M St NE,outgoing_trips,Polynomial Regression,test,1.8944190015239837,2.8265599967443062,0.6281728565663149,53.18232166573434,43.52775644486916
31603,1st & M St NE,outgoing_trips,Polynomial Regression,val,1.8465239701537208,2.7180345284395924,0.6496551573362375,51.40663837944249,40.33831620410429
31603,1st & M St NE,outgoing_trips,Random Forest,test,1.8380362707879527,2.754795246225476,0.6468141274969539,52.46147549133625,42.232259635979325
31603,1st & M St NE,outgoing_trips,Random Forest,val,1.810251238580316,2.666915567659704,0.6627093340969636,51.36625024098132,39.5459187375971
31603,1st & M St NE,outgoing_trips,Soft Two-Stage,test,1.81869743119908,2.782308892343169,0.6397239760444189,49.85490153425492,41.78791427263908
31603,1st & M St NE,outgoing_trips,Soft Two-Stage,val,1.7876696917790529,2.681374122401525,0.6590422100904636,48.80833184947434,39.05261261757349
31603,1st & M St NE,outgoing_trips,XGBoost,test,1.875822375400551,2.8104403989599107,0.632401751935799,48.93976002471141,43.10046479927973
31603,1st & M St NE,outgoing_trips,XGBoost,val,1.8330047535672949,2.712604844816345,0.6510534924991193,47.50006109212897,40.04298159577553
31609,Maine Ave & 7th St SW,incoming_trips,GAM,test,1.7125765208038668,2.418848967552949,0.4482796106410303,74.27926081022072,69.02792207317229
31609,Maine Ave & 7th St SW,incoming_trips,GAM,val,1.6182347988854984,2.43540335483832,0.503272439813754,66.86638469975144,61.37385024013875
31609,Maine Ave & 7th St SW,incoming_trips,HistGradientBoosting,test,1.3860384268795871,2.331131123137696,0.4875695420094028,58.97803231269021,55.86632267745757
31609,Maine Ave & 7th St SW,incoming_trips,HistGradientBoosting,val,1.463148469619734,2.487025028168321,0.4819916402440917,58.15205579199829,55.49198121025185
31609,Maine Ave & 7th St SW,incoming_trips,LightGBM,test,1.3821914425279145,2.32487087767208,0.4903181072549791,58.64349408444177,55.71126430031753
31609,Maine Ave & 7th St SW,incoming_trips,LightGBM,val,1.4612684905262352,2.485047074705136,0.4828152660477263,58.03741779032564,55.42068033634996
31609,Maine Ave & 7th St SW,incoming_trips,Linear Regression,test,1.468444791588698,2.274453381183089,0.5121844844735455,61.73659032666083,59.18783272525612
31609,Maine Ave & 7th St SW,incoming_trips,Linear Regression,val,1.507492621767244,2.407482106458104,0.5145968472599336,60.60703255436031,57.17379608334788
31609,Maine Ave & 7th St SW,incoming_trips,Naive (same hour last week),test,1.874871560680443,3.100405270917329,0.0935612499743392,90.58260364546574,75.5694629791542
31609,Maine Ave & 7th St SW,incoming_trips,Naive (same hour last week),val,1.9689172264602075,3.30992387190405,0.0824864911924656,91.06639564573452,74.67397875464202
31609,Maine Ave & 7th St SW,incoming_trips,Poisson,test,1.6113379623267,2.469150624796921,0.4250941897187047,61.07753383545138,64.94735268519426
31609,Maine Ave & 7th St SW,incoming_trips,Poisson,val,1.6458957291463483,2.5770660962250407,0.4438043706963909,59.93962238471209,62.42293025776138
31609,Maine Ave & 7th St SW,incoming_trips,Polynomial Regression,test,1.493837755766209,2.316371927413217,0.4940377489444075,65.09447400649869,60.21133359144183
31609,Maine Ave & 7th St SW,incoming_trips,Polynomial Regression,val,1.512191029149632,2.4133826736817143,0.5122145542873046,61.39434452700219,57.35198984809231
31609,Maine Ave & 7th St SW,incoming_trips,Random Forest,test,1.4310622391813566,2.2477139049666075,0.5235870099155853,61.03398648721644,57.6810738253624
31609,Maine Ave & 7th St SW,incoming_trips,Random Forest,val,1.4700779709322032,2.358058217123576,0.5343222338775884,58.54539901160813,55.75479237713766
31609,Maine Ave & 7th St SW,incoming_trips,Soft Two-Stage,test,1.403799658710047,2.3084633018619147,0.4974867935280096,56.414603618043344,56.58221531747872
31609,Maine Ave & 7th St SW,incoming_trips,Soft Two-Stage,val,1.46982675613241,2.457413630033927,0.4942533876065155,55.126706609904105,55.74526469950322
31609,Maine Ave & 7th St SW,incoming_trips,XGBoost,test,1.401386096551927,2.3037592007502226,0.499532712494879,56.492535799011314,56.48493313560502
31609,Maine Ave & 7th St SW,incoming_trips,XGBoost,val,1.4722898769959143,2.4522684886035098,0.4963689563818172,55.58679391458231,55.83868205222867
31609,Maine Ave & 7th St SW,outgoing_trips,GAM,test,1.4228034091838777,2.1532030318134114,0.4461760437324984,62.18098040199398,61.54847422482015
31609,Maine Ave & 7th St SW,outgoing_trips,GAM,val,1.4789700274198,2.273159831010947,0.4550090088278729,62.14903844241719,61.36523880776693
31609,Maine Ave & 7th St SW,outgoing_trips,HistGradientBoosting,test,1.3362667212906971,2.1914627087369816,0.4263196927815864,59.59938203849894,57.80501882549001
31609,Maine Ave & 7th St SW,outgoing_trips,HistGradientBoosting,val,1.3843549835659563,2.3379331693576373,0.4235076317365417,56.94917218617107,57.439483279760935
31609,Maine Ave & 7th St SW,outgoing_trips,LightGBM,test,1.325150061824658,2.1654855092012952,0.4398396868502235,60.13865658264504,57.32412777322293
31609,Maine Ave & 7th St SW,outgoing_trips,LightGBM,val,1.3763413895834191,2.3155229815814877,0.434506563273337,57.9066585110818,57.10698424372246
31609,Maine Ave & 7th St SW,outgoing_trips,Linear Regression,test,1.3837309030132183,2.110846177243827,0.4677508886292246,61.0092371501181,59.85825256564985
31609,Maine Ave & 7th St SW,outgoing_trips,Linear Regression,val,1.4544560912044855,2.2698633298091737,0.4565885376921474,61.403833224792606,60.34810964214379
31609,Maine Ave & 7th St SW,outgoing_trips,Naive (same hour last week),test,1.822810823153328,2.896785956491396,-0.0023850600675414,90.4540616931916,78.85223231924141
31609,Maine Ave & 7th St SW,outgoing_trips,Naive (same hour last week),val,1.947626095867016,3.165552376604521,-0.0568865829772515,96.5182943211061,80.81065759637188
31609,Maine Ave & 7th St SW,outgoing_trips,Poisson,test,1.4899769259582332,2.2320077730849914,0.4048955773339077,59.053791407749614,64.45430607698619
31609,Maine Ave & 7th St SW,outgoing_trips,Poisson,val,1.5774716065924368,2.3934350945511063,0.3958111772279219,59.814073612995536,65.45225397156733
31609,Maine Ave & 7th St SW,outgoing_trips,Polynomial Regression,test,1.4448436838299987,2.251382993972914,0.3945189784771016,68.06348603750793,62.50190550507191
31609,Maine Ave & 7th St SW,outgoing_trips,Polynomial Regression,val,1.452961945518698,2.269310002983812,0.4568534412978589,64.20650961305022,60.28611473682315
31609,Maine Ave & 7th St SW,outgoing_trips,Random Forest,test,1.3721951885899248,2.116764367798824,0.4647621654660981,63.39959721610787,59.359233785357326
31609,Maine Ave & 7th St SW,outgoing_trips,Random Forest,val,1.406716388651144,2.219609000860927,0.4803842195974597,60.96665434869518,58.36729989381613
31609,Maine Ave & 7th St SW,outgoing_trips,Soft Two-Stage,test,1.3428647094496768,2.1648176712119427,0.4401851416221992,57.02277190763395,58.09043851279001
31609,Maine Ave & 7th St SW,outgoing_trips,Soft Two-Stage,val,1.398520957174699,2.3138022973447234,0.4353466966815544,54.89556103597045,58.027256079296016
31609,Maine Ave & 7th St SW,outgoing_trips,XGBoost,test,1.3438863006580963,2.1705199969845443,0.4372320513266534,57.32634723990478,58.13463111153826
31609,Maine Ave & 7th St SW,outgoing_trips,XGBoost,val,1.3960157628533336,2.3193287348385274,0.4326461653362431,55.11686803326721,57.9233108708467
31615,6th & H St NE,incoming_trips,GAM,test,1.5130432366375894,2.188245252036177,0.6345442318624003,55.89530369321697,47.8801463553909
31615,6th & H St NE,incoming_trips,GAM,val,1.4406515624257612,2.104781761159685,0.6696826448125406,53.28476050159047,45.85006585058325
31615,6th & H St NE,incoming_trips,HistGradientBoosting,test,1.409581398494551,2.1764896240807188,0.6384602665770422,53.01439789395389,44.60610379498455
31615,6th & H St NE,incoming_trips,HistGradientBoosting,val,1.3482470367488535,2.098427166898611,0.6716741711452064,49.93847583569025,42.909206521597206
31615,6th & H St NE,incoming_trips,LightGBM,test,1.4104440059377588,2.1812690077896315,0.6368707030032719,52.918187720305056,44.63340094659788
31615,6th & H St NE,incoming_trips,LightGBM,val,1.349306973760085,2.10482492278849,0.6696690973925505,49.75436449830239,42.94293999541553
31615,6th & H St NE,incoming_trips,Linear Regression,test,1.46644835256339,2.1921813752040653,0.6332283166083543,53.38069601505384,46.40565453991377
31615,6th & H St NE,incoming_trips,Linear Regression,val,1.423478568904894,2.1162438438488125,0.6660752076670549,52.66507516622292,45.30351947926109
31615,6th & H St NE,incoming_trips,Naive (same hour last week),test,1.966206187920996,3.0327586946032725,0.2980300127909004,78.27490578010908,62.22045594132736
31615,6th & H St NE,incoming_trips,Naive (same hour last week),val,1.8781737447341456,2.93223009970614,0.358918352872831,76.263744316394,59.774613182592304
31615,6th & H St NE,incoming_trips,Poisson,test,1.595576742762256,2.359197554607644,0.5752127723754797,52.16054315837573,50.491913327268335
31615,6th & H St NE,incoming_trips,Poisson,val,1.5794634223180608,2.31345418977705,0.6009392105343296,51.63473327522489,50.26788142993632
31615,6th & H St NE,incoming_trips,Polynomial Regression,test,1.4938547107954652,2.3117029348979417,0.5921439770951297,57.516331107483175,47.27292681042479
31615,6th & H St NE,incoming_trips,Polynomial Regression,val,1.403851748934524,2.115522568287498,0.6663027908429601,53.32319782966266,44.67887781603771
31615,6th & H St NE,incoming_trips,Random Forest,test,1.45299752063902,2.167476209562806,0.6414485279174756,54.352928005877146,45.980003913715
31615,6th & H St NE,incoming_trips,Random Forest,val,1.3952152785605054,2.084418099631712,0.6760433343641142,51.93539051938774,44.40401417399325
31615,6th & H St NE,incoming_trips,Soft Two-Stage,test,1.4209800157379602,2.175499152570028,0.6387892489177144,51.378073620332565,44.966812232554624
31615,6th & H St NE,incoming_trips,Soft Two-Stage,val,1.3648941312049054,2.1013610454098,0.6707554435408347,48.74461591355569,43.439015669720206
31615,6th & H St NE,incoming_trips,XGBoost,test,1.4276154054099712,2.186301204294756,0.6351932887908929,50.95213895171206,45.17678867006011
31615,6th & H St NE,incoming_trips,XGBoost,val,1.3665553195738684,2.1142159547804567,0.6667148674045613,48.313414484827085,43.49188452301803
31615,6th & H St NE,outgoing_trips,GAM,test,1.5570387772900425,2.204090492031768,0.5973584739587912,59.493812822008216,49.72147234781975
31615,6th & H St NE,outgoing_trips,GAM,val,1.4318291154028566,2.076233281978087,0.6420840436451543,54.647018487623534,46.14956007553501
31615,6th & H St NE,outgoing_trips,HistGradientBoosting,test,1.3961857783881138,2.158229420119929,0.6139398830418175,53.36002561473153,44.5848963976138
31615,6th & H St NE,outgoing_trips,HistGradientBoosting,val,1.3232253396379463,2.072244103454598,0.6434580886652943,49.39107596309667,42.64913085519297
31615,6th & H St NE,outgoing_trips,LightGBM,test,1.401054159719392,2.1638004162018025,0.6119442516135893,52.78534971905056,44.74036014795345
31615,6th & H St NE,outgoing_trips,LightGBM,val,1.3242205599021633,2.0746726924522254,0.6426218926221554,48.68543320530983,42.68120799126862
31615,6th & H St NE,outgoing_trips,Linear Regression,test,1.4868113615688034,2.1736055913893906,0.6084193649680047,55.64056871528551,47.47887533625415
31615,6th & H St NE,outgoing_trips,Linear Regression,val,1.399802068289223,2.06804180888414,0.6449026819384991,52.28996804998817,45.11729014966696
31615,6th & H St NE,outgoing_trips,Naive (same hour last week),test,1.9405183240095905,2.954636668007772,0.2764510998620195,80.31185794855669,61.96726092821466
31615,6th & H St NE,outgoing_trips,Naive (same hour last week),val,1.8470909711943528,2.859075727523175,0.3212965132473239,75.9397761568045,59.53394495412844
31615,6th & H St NE,outgoing_trips,Poisson,test,1.6102951462287536,2.3468226289383103,0.5435215753167593,55.3463367369766,51.42212689422748
31615,6th & H St NE,outgoing_trips,Poisson,val,1.5582730041648063,2.271444720770569,0.5716161325770133,51.922607438791246,50.224997414970616
31615,6th & H St NE,outgoing_trips,Polynomial Regression,test,1.4628462239645417,2.259087329122309,0.5770142267213058,58.00513148128294,46.71358808452886
31615,6th & H St NE,outgoing_trips,Polynomial Regression,val,1.3649778345250545,2.161773856895182,0.611984312807442,53.21010007454598,43.99486356195799
31615,6th & H St NE,outgoing_trips,Random Forest,test,1.4214757294598142,2.110077401074028,0.6309744012096977,56.26295639748383,45.39248938837913
31615,6th & H St NE,outgoing_trips,Random Forest,val,1.340780360193863,2.0277651177925744,0.658599573690613,51.34971218423796,43.21495010489064
31615,6th & H St NE,outgoing_trips,Soft Two-Stage,test,1.404137306026717,2.1434339637170257,0.6192149078993088,52.53451474728864,44.83881535414348
31615,6th & H St NE,outgoing_trips,Soft Two-Stage,val,1.333361316027939,2.059685549620713,0.6477665412100314,48.67453722096233,42.97582546302161
31615,6th & H St NE,outgoing_trips,XGBoost,test,1.4212875610376474,2.1579749744868577,0.6140309072113801,51.5396557612848,45.38648053931516
31615,6th & H St NE,outgoing_trips,XGBoost,val,1.3430628990952016,2.0800431602181773,0.6407692902979345,47.7043972056189,43.28851905597488
31616,3rd & H St NE,incoming_trips,GAM,test,1.2528339225870055,1.7569802788887603,0.5486316394367106,56.71262410528539,58.01518545038109
31616,3rd & H St NE,incoming_trips,GAM,val,1.2173263596048145,1.7501060024459625,0.5976854794893469,53.2313451378444,52.66107184361467
31616,3rd & H St NE,incoming_trips,HistGradientBoosting,test,1.1291778508016104,1.7507601995994686,0.5518218600350635,52.4798530346927,52.28902350077349
31616,3rd & H St NE,incoming_trips,HistGradientBoosting,val,1.1494720236155624,1.7881734053581542,0.5799932577981366,50.3446316140361,49.72571927013488
31616,3rd & H St NE,incoming_trips,LightGBM,test,1.1268964808626418,1.747197394636094,0.553644093123844,52.23413543850797,52.18337972971652
31616,3rd & H St NE,incoming_trips,LightGBM,val,1.1480891862000682,1.7838432427201338,0.5820249348806011,50.118107930490986,49.66589825343643
31616,3rd & H St NE,incoming_trips,Linear Regression,test,1.185345444234613,1.7504588601555109,0.5519761268830877,53.64265323426953,54.88998544039638
31616,3rd & H St NE,incoming_trips,Linear Regression,val,1.20119233658856,1.7558036498473926,0.5950616640185802,52.150437907134176,51.96312019040202
31616,3rd & H St NE,incoming_trips,Naive (same hour last week),test,1.572553944514214,2.425179028681261,0.1400267395064536,80.90649080848641,72.82051282051282
31616,3rd & H St NE,incoming_trips,Naive (same hour last week),val,1.553113970169646,2.403671903580329,0.2410950718820571,77.77021800435851,67.18711520464956
31616,3rd & H St NE,incoming_trips,Poisson,test,1.283114872689426,1.8575300908293453,0.495490840766429,51.836884765662894,59.41741036154736
31616,3rd & H St NE,incoming_trips,Poisson,val,1.3170898638407684,1.911221761854304,0.520201194371557,51.11797488558132,56.97680280802575
31616,3rd & H St NE,incoming_trips,Polynomial Regression,test,1.2658074232522394,1.8191961131682175,0.5160991572546292,60.15483078813069,58.61595146849783
31616,3rd & H St NE,incoming_trips,Polynomial Regression,val,1.2074916830640516,1.7699401918690272,0.5885148358337573,54.12977132119455,52.23562750505623
31616,3rd & H St NE,incoming_trips,Random Forest,test,1.176897675498155,1.7359914203534923,0.5593513047688076,55.87258786355272,54.49879323123628
31616,3rd & H St NE,incoming_trips,Random Forest,val,1.17029796483211,1.7331665455667165,0.6054358762868846,52.85113831685906,50.62664150677448
31616,3rd & H St NE,incoming_trips,Soft Two-Stage,test,1.154029178662551,1.7468523047624978,0.5538203956897657,51.64114108048605,53.43981800637211
31616,3rd & H St NE,incoming_trips,Soft Two-Stage,val,1.1772885689169643,1.79701761646173,0.5758283211545727,49.34496121839224,50.92905236072352
31616,3rd & H St NE,incoming_trips,XGBoost,test,1.145732082182885,1.7457066473351508,0.5544054495645774,50.6684903089225,53.05560300206127
31616,3rd & H St NE,incoming_trips,XGBoost,val,1.1640557827214435,1.784650807351031,0.5816464057862452,48.77187400436198,50.356607100637554
31616,3rd & H St NE,outgoing_trips,GAM,test,1.2220511884831826,1.7002849040433827,0.5085740772624578,56.406916425503205,56.99045021789052
31616,3rd & H St NE,outgoing_trips,GAM,val,1.2094966683021464,1.7399574184005635,0.5538788459510264,55.07915260770229,52.737969705097306
31616,3rd & H St NE,outgoing_trips,HistGradientBoosting,test,1.105384256891469,1.695152238196843,0.5115365430947567,53.18044038504076,51.549678980472656
31616,3rd & H St NE,outgoing_trips,HistGradientBoosting,val,1.1431824255098186,1.7751504963474838,0.535649483044633,53.10935512381495,49.84645406966558
31616,3rd & H St NE,outgoing_trips,LightGBM,test,1.1066270660608724,1.6967728048925548,0.5106021538739713,53.23444591275914,51.60763748071122
31616,3rd & H St NE,outgoing_trips,LightGBM,val,1.1446719041182334,1.7751185325363943,0.5356662053209759,52.89598959194301,49.911400158220935
31616,3rd & H St NE,outgoing_trips,Linear Regression,test,1.1563935013243405,1.6897307946741305,0.5146559588959685,53.72928060345921,53.92849897827653
31616,3rd & H St NE,outgoing_trips,Linear Regression,val,1.1900784555653985,1.745176890431388,0.5511983097852761,54.4369399969055,51.89127277580744
31616,3rd & H St NE,outgoing_trips,Naive (same hour last week),test,1.5260874529055828,2.3320880230649,0.075505054731614,78.89996938598368,71.1692045575551
31616,3rd & H St NE,outgoing_trips,Naive (same hour last week),val,1.5510645565296597,2.3842198211900336,0.1623392520363361,78.59269058776202,67.63143523804796
31616,3rd & H St NE,outgoing_trips,Poisson,test,1.2538348437650697,1.778218777879249,0.4624918570038199,52.54549059912986,58.47268340186479
31616,3rd & H St NE,outgoing_trips,Poisson,val,1.2933002499331037,1.8699457680775031,0.4847314926300379,54.47105053271381,56.39207712437299
31616,3rd & H St NE,outgoing_trips,Polynomial Regression,test,1.168735818629724,1.7714445865898254,0.4665793713341809,57.75385615171723,54.50408388551673
31616,3rd & H St NE,outgoing_trips,Polynomial Regression,val,1.1695499630159758,1.7477652592166388,0.5498660371010478,56.09967754102069,50.996164052868565
31616,3rd & H St NE,outgoing_trips,Random Forest,test,1.146495488004759,1.6805259304722904,0.5199294113370712,55.086605460854166,53.46690437351551
31616,3rd & H St NE,outgoing_trips,Random Forest,val,1.1634984529854089,1.7256361785383374,0.561192490143413,54.146017537775606,50.7322986276664
31616,3rd & H St NE,outgoing_trips,Soft Two-Stage,test,1.132250402708065,1.7070381127355776,0.5046626240327994,51.10073196156745,52.802583736130025
31616,3rd & H St NE,outgoing_trips,Soft Two-Stage,val,1.1772339384607506,1.793540759568481,0.52597845819829,51.068016448622735,51.33121025418643
31616,3rd & H St NE,outgoing_trips,XGBoost,test,1.1269855815160577,1.6993224483580671,0.5091302685300226,51.61836125944051,52.557058398994506
31616,3rd & H St NE,outgoing_trips,XGBoost,val,1.1594398954844378,1.773522599016067,0.5365007555017922,50.87911117642574,50.55533238365595
31623,Columbus Circle / Union Station,incoming_trips,GAM,test,2.641308999509284,3.802486592624916,0.7669415506121546,60.067629144379,40.31791420079784
31623,Columbus Circle / Union Station,incoming_trips,GAM,val,2.450544247841989,3.4917082935372807,0.7578943309277075,58.35369237248317,38.8244856842834
31623,Columbus Circle / Union Station,incoming_trips,HistGradientBoosting,test,2.23363137135896,3.4996613705053585,0.8025843776405983,48.87853963898009,34.094972607669874
31623,Columbus Circle / Union Station,incoming_trips,HistGradientBoosting,val,2.1869874013865744,3.317887836139362,0.7813988458867346,50.00173002990418,34.64889937474662
31623,Columbus Circle / Union Station,incoming_trips,LightGBM,test,2.235846041232848,3.515789216999879,0.8007606439503488,48.970423721815,34.128778144990605
31623,Columbus Circle / Union Station,incoming_trips,LightGBM,val,2.184716189624247,3.325393384220862,0.7804087116024603,50.21191804329037,34.612916091184154
31623,Columbus Circle / Union Station,incoming_trips,Linear Regression,test,2.568930973768227,3.803212368075823,0.7668525750223106,56.38104470123106,39.21310933609128
31623,Columbus Circle / Union Station,incoming_trips,Linear Regression,val,2.4400572583185527,3.55740479545591,0.7486981867048473,57.38027508355559,38.65833811319489
31623,Columbus Circle / Union Station,incoming_trips,Naive (same hour last week),test,3.275031396278114,5.201697317553723,0.563866321451298,76.69887149064546,49.99128646613921
31623,Columbus Circle / Union Station,incoming_trips,Naive (same hour last week),val,3.1967437094386884,4.87994312750684,0.527111697620247,79.03263543999945,50.646680015152334
31623,Columbus Circle / Union Station,incoming_trips,Poisson,test,2.796293901302749,4.1811443691984325,0.7182137506100278,58.67516217881133,42.683660871894986
31623,Columbus Circle / Union Station,incoming_trips,Poisson,val,2.6358550673312,3.8873324236127234,0.6999232058373972,55.89743622395598,41.76040380318186
31623,Columbus Circle / Union Station,incoming_trips,Polynomial Regression,test,2.469316648565009,3.7575911009469127,0.7724124466317496,54.645314519771794,37.69255955662213
31623,Columbus Circle / Union Station,incoming_trips,Polynomial Regression,val,2.3671844962676905,3.6179749772012273,0.7400677490669118,54.092342085914765,37.5037996838197
31623,Columbus Circle / Union Station,incoming_trips,Random Forest,test,2.3020109785832066,3.497715373004874,0.8028038637322314,50.751353193304304,35.138744138249464
31623,Columbus Circle / Union Station,incoming_trips,Random Forest,val,2.2437338902541275,3.354772726569448,0.7765114605606314,51.49926232099236,35.54794588109386
31623,Columbus Circle / Union Station,incoming_trips,Soft Two-Stage,test,2.241778167818019,3.4601183922946803,0.8070204062879415,46.752559135285374,34.219328311871365
31623,Columbus Circle / Union Station,incoming_trips,Soft Two-Stage,val,2.1867256830591604,3.297338897189257,0.7840982206657412,47.364124938513626,34.644752916479256
31623,Columbus Circle / Union Station,incoming_trips,XGBoost,test,2.2548711969903183,3.478610616428763,0.8049521776615306,45.853784043464366,34.41918513547488
31623,Columbus Circle / Union Station,incoming_trips,XGBoost,val,2.1918435709381665,3.2873592775075675,0.7854031257211551,46.93784795626303,34.72583668587751
31623,Columbus Circle / Union Station,outgoing_trips,GAM,test,2.584581034201912,3.733613683906471,0.7468619032987567,58.68450842505626,39.65031137328058
31623,Columbus Circle / Union Station,outgoing_trips,GAM,val,2.4462203236884714,3.5048325782546463,0.7443756419419855,55.348833831165166,38.70640827080032
31623,Columbus Circle / Union Station,outgoing_trips,HistGradientBoosting,test,2.319313454445292,3.620401923480953,0.7619806169687116,48.62715756524792,35.580815390991006
31623,Columbus Circle / Union Station,outgoing_trips,HistGradientBoosting,val,2.244703619552932,3.4236317802450773,0.7560831634727178,48.27629886674462,35.5178206574429
31623,Columbus Circle / Union Station,outgoing_trips,LightGBM,test,2.320953812669477,3.630211552121767,0.7606890228111687,48.71911623748802,35.60598028754172
31623,Columbus Circle / Union Station,outgoing_trips,LightGBM,val,2.23779742117873,3.418337555479522,0.7568369548744986,48.389072975119774,35.40854426427323
31623,Columbus Circle / Union Station,outgoing_trips,Linear Regression,test,2.5410033129866703,3.794628965807859,0.7385206562897746,56.57380704778029,38.98178127410499
31623,Columbus Circle / Union Station,outgoing_trips,Linear Regression,val,2.432829926605992,3.578165499442643,0.7335666849250311,56.01590562638273,38.494532761728806
31623,Columbus Circle / Union Station,outgoing_trips,Naive (same hour last week),test,3.261331202192031,5.135208069149725,0.5211330752815463,77.28248437353254,50.03240213678957
31623,Columbus Circle / Union Station,outgoing_trips,Naive (same hour last week),val,3.1297961971991346,4.84928256412945,0.5106465411492072,77.88967809143386,49.522591338185485
31623,Columbus Circle / Union Station,outgoing_trips,Poisson,test,2.8641400289623444,4.196019434521046,0.6802771075480392,60.077807711777545,43.93905335612781
31623,Columbus Circle / Union Station,outgoing_trips,Poisson,val,2.696745318523408,3.867143557701362,0.6887937793355998,56.88277850037882,42.670451345015294
31623,Columbus Circle / Union Station,outgoing_trips,Polynomial Regression,test,2.483319609796271,3.781369463267706,0.7403448285952599,53.64771695019844,38.096849920668255
31623,Columbus Circle / Union Station,outgoing_trips,Polynomial Regression,val,2.358323549896886,4.384658372224213,0.5999270366038956,51.53572004693444,37.31562250260206
31623,Columbus Circle / Union Station,outgoing_trips,Random Forest,test,2.3722928500336,3.6331757195730368,0.7602980552853404,51.608637735509134,36.39357749968352
31623,Columbus Circle / Union Station,outgoing_trips,Random Forest,val,2.299076411793489,3.4347621318023958,0.7544946204266598,51.17176605203363,36.37815832813687
31623,Columbus Circle / Union Station,outgoing_trips,Soft Two-Stage,test,2.3200329383429663,3.598770894396005,0.7648163371295749,47.11225950588184,35.59185306409675
31623,Columbus Circle / Union Station,outgoing_trips,Soft Two-Stage,val,2.253950137241584,3.4082616543677204,0.7582683382974387,46.95493073396228,35.66412779309798
31623,Columbus Circle / Union Station,outgoing_trips,XGBoost,test,2.3605161761039244,3.6403322718561295,0.7593528056468025,45.876283605398456,36.21291038881561
31623,Columbus Circle / Union Station,outgoing_trips,XGBoost,val,2.27743236571419,3.419178815627703,0.756717254261089,46.3073101081067,36.03568578955778
31627,M St & Delaware Ave NE,incoming_trips,GAM,test,2.0238242870988827,3.047482321781362,0.5098132934826405,58.46914010264318,49.58927163314157
31627,M St & Delaware Ave NE,incoming_trips,GAM,val,1.9976006255739904,2.956326740362172,0.5423078826155856,58.34349911522376,49.163354427148136
31627,M St & Delaware Ave NE,incoming_trips,HistGradientBoosting,test,1.8101565911517117,2.7809023584771797,0.5918210349166024,54.92783584382098,44.35382432623113
31627,M St & Delaware Ave NE,incoming_trips,HistGradientBoosting,val,1.8106019187925628,2.7945059534376666,0.5910420568208289,54.20953965112961,44.561091301468544
31627,M St & Delaware Ave NE,incoming_trips,LightGBM,test,1.8054768353145616,2.779897337607349,0.592116014169515,53.95696002135618,44.239157413266135
31627,M St & Delaware Ave NE,incoming_trips,LightGBM,val,1.8037192450432555,2.7897580115831,0.5924305376898025,53.18793582789964,44.39170042092335
31627,M St & Delaware Ave NE,incoming_trips,Linear Regression,test,1.886912980354796,2.7493018205892144,0.6010449390475137,57.93617090470892,46.23456736209377
31627,M St & Delaware Ave NE,incoming_trips,Linear Regression,val,1.9026932400423748,2.7624512666794114,0.6003702420277781,57.19278346963343,46.82756949951573
31627,M St & Delaware Ave NE,incoming_trips,Naive (same hour last week),test,2.436922023061993,3.703736199237554,0.2759655480725355,82.20435565270482,59.71130444512826
31627,M St & Delaware Ave NE,incoming_trips,Naive (same hour last week),val,2.5023340544233177,3.765196541787979,0.2575898995479995,85.36078151528945,61.58545128478158
31627,M St & Delaware Ave NE,incoming_trips,Poisson,test,2.1837500604953783,3.255714985019785,0.4405363218133242,62.01022731971319,53.50789375298351
31627,M St & Delaware Ave NE,incoming_trips,Poisson,val,2.1655728639333205,3.2202196646359047,0.4569503163470542,59.73105265494095,53.29735327689733
31627,M St & Delaware Ave NE,incoming_trips,Polynomial Regression,test,1.9021977209474,2.741424695803182,0.6033277853758776,64.87345043524087,46.60908562334818
31627,M St & Delaware Ave NE,incoming_trips,Polynomial Regression,val,1.8583758895315068,2.693008065035072,0.6202096920048183,61.11015537705169,45.73686619148493
31627,M St & Delaware Ave NE,incoming_trips,Random Forest,test,1.896487025490768,2.748940305528643,0.6011498520690033,63.19445409639157,46.46915784897652
31627,M St & Delaware Ave NE,incoming_trips,Random Forest,val,1.8853858380736035,2.74972309155674,0.604044398586784,60.97691454045804,46.40161351696824
31627,M St & Delaware Ave NE,incoming_trips,Soft Two-Stage,test,1.8063754701994317,2.743110785108238,0.6028396957652945,53.92122861497116,44.26117644411229
31627,M St & Delaware Ave NE,incoming_trips,Soft Two-Stage,val,1.802689550241572,2.7511983983389703,0.6036194011065663,53.05884875842538,44.36635839317322
31627,M St & Delaware Ave NE,incoming_trips,XGBoost,test,1.8298844345579903,2.741380814005701,0.6033404842842236,53.77813180149567,44.83721084928368
31627,M St & Delaware Ave NE,incoming_trips,XGBoost,val,1.8289626335300628,2.7657781567145663,0.5994070939241594,52.782946125207786,45.012970578346575
31627,M St & Delaware Ave NE,outgoing_trips,GAM,test,1.911431813634337,2.923108425965915,0.5504095203954875,55.885174205452735,47.39887677827744
31627,M St & Delaware Ave NE,outgoing_trips,GAM,val,1.872437073942433,2.790947729658445,0.5941757265847767,56.318372284075146,46.678062047106
31627,M St & Delaware Ave NE,outgoing_trips,HistGradientBoosting,test,1.6749141993275891,2.615217475661219,0.640132293642389,52.40222151875676,41.53381312471081
31627,M St & Delaware Ave NE,outgoing_trips,HistGradientBoosting,val,1.6976754713491182,2.6375088871967063,0.6375713866900794,52.46166553158369,42.32142275448258
31627,M St & Delaware Ave NE,outgoing_trips,LightGBM,test,1.679910644748705,2.619966210101304,0.6388242053328452,51.90339355974268,41.657712862674565
31627,M St & Delaware Ave NE,outgoing_trips,LightGBM,val,1.6956905960732125,2.638038935703369,0.6374257006987183,52.004864605717614,42.27194171580104
31627,M St & Delaware Ave NE,outgoing_trips,Linear Regression,test,1.75886061368907,2.6222617260936127,0.6381910307399956,54.3725997156923,43.61548076355405
31627,M St & Delaware Ave NE,outgoing_trips,Linear Regression,val,1.7958410635615103,2.6384825209149256,0.6373037569949671,55.53437660415972,44.76859690412338
31627,M St & Delaware Ave NE,outgoing_trips,Naive (same hour last week),test,2.308254366936865,3.551683221341793,0.3362634955831769,79.3830393517565,57.23911443293132
31627,M St & Delaware Ave NE,outgoing_trips,Naive (same hour last week),val,2.3585335306842765,3.5745026700919973,0.3343194533263989,81.1693095250525,58.79598092643052
31627,M St & Delaware Ave NE,outgoing_trips,Poisson,test,2.0587040451324383,3.2006812963946425,0.4609710130384125,56.932352908977855,51.050871217131046
31627,M St & Delaware Ave NE,outgoing_trips,Poisson,val,2.0738922574999843,3.180947438305469,0.4728337480509373,56.18456125070922,51.70014673485003
31627,M St & Delaware Ave NE,outgoing_trips,Polynomial Regression,test,1.779095891980691,2.665732250843085,0.6260958297069117,58.99395726707798,44.11726662663176
31627,M St & Delaware Ave NE,outgoing_trips,Polynomial Regression,val,1.7495184631962928,2.5835678438340133,0.6522442216443901,57.4403757818861,43.61381886425136
31627,M St & Delaware Ave NE,outgoing_trips,Random Forest,test,1.7035327184331703,2.5491408622383407,0.6580875413831744,56.40217998346388,42.24348304387107
31627,M St & Delaware Ave NE,outgoing_trips,Random Forest,val,1.7213729363377193,2.5588488220283265,0.658866892285388,56.98880248767802,42.91217784926824
31627,M St & Delaware Ave NE,outgoing_trips,Soft Two-Stage,test,1.6827540003152894,2.6026619212529964,0.6435794198776591,51.8747405451098,41.72822119008442
31627,M St & Delaware Ave NE,outgoing_trips,Soft Two-Stage,val,1.701988690622292,2.6174097278553057,0.6430741204601991,51.86819025573306,42.4289471779507
31627,M St & Delaware Ave NE,outgoing_trips,XGBoost,test,1.7227761091009954,2.640115852187636,0.6332473791023161,51.12090465844047,42.720672497637786
31627,M St & Delaware Ave NE,outgoing_trips,XGBoost,val,1.72668524096482,2.64344772160267,0.6359374003218867,51.19774660670383,43.04460851326639
31628,1st & I St SE,incoming_trips,GAM,test,1.5578906569622766,2.2289286064947555,0.5819685357696562,65.84469587751927,55.682544129325805
31628,1st & I St SE,incoming_trips,GAM,val,1.553699831059825,2.3081507946739133,0.5952308407872389,60.65430035607131,53.73344470073413
31628,1st & I St SE,incoming_trips,HistGradientBoosting,test,1.368960228786245,2.190267458312591,0.5963444235234793,56.69596502484744,48.92974228327234
31628,1st & I St SE,incoming_trips,HistGradientBoosting,val,1.4164879715056882,2.2731225342668413,0.6074230899930884,55.099060892748206,48.98808416181469
31628,1st & I St SE,incoming_trips,LightGBM,test,1.3694207839864814,2.1840992969379838,0.5986147461367428,56.79229089950185,48.94620357029948
31628,1st & I St SE,incoming_trips,LightGBM,val,1.4135813026594943,2.263640645967652,0.6106913756060608,54.96807733456235,48.8875593843847
31628,1st & I St SE,incoming_trips,Linear Regression,test,1.4336214627478585,2.192769425414589,0.5954216962118601,59.79918834606668,51.24088138500159
31628,1st & I St SE,incoming_trips,Linear Regression,val,1.5132305865476057,2.318427874524634,0.591618333433334,58.16901692679923,52.33384880157356
31628,1st & I St SE,incoming_trips,Naive (same hour last week),test,1.9286448224683184,3.046674252061304,0.2189682304720411,83.32157725751473,68.93413857830735
31628,1st & I St SE,incoming_trips,Naive (same hour last week),val,2.048275076853012,3.263940490557742,0.190599400762003,83.3209031563989,70.83792723263505
31628,1st & I St SE,incoming_trips,Poisson,test,1.553672387799352,2.327333755392489,0.5442423236777622,56.37676446890229,55.53177362578358
31628,1st & I St SE,incoming_trips,Poisson,val,1.6331930026678412,2.4619523886123087,0.5394907505379368,54.60988747360752,56.48265137199421
31628,1st & I St SE,incoming_trips,Polynomial Regression,test,1.4854184229208494,2.3148957522976192,0.5491007310094305,62.03814042276464,53.09222217564563
31628,1st & I St SE,incoming_trips,Polynomial Regression,val,1.496689570644895,2.3130144255206626,0.5935232210807377,60.42367596814913,51.76179122292531
31628,1st & I St SE,incoming_trips,Random Forest,test,1.4231584852642476,2.1652567205445856,0.6055105023318996,60.52093828206261,50.86691084807617
31628,1st & I St SE,incoming_trips,Random Forest,val,1.457752198552005,2.225426231547589,0.6237249142001803,57.889571316228285,50.415173885187656
31628,1st & I St SE,incoming_trips,Soft Two-Stage,test,1.3835036125052027,2.1743442169546765,0.6021922401164734,55.68606919856999,49.44955579014556
31628,1st & I St SE,incoming_trips,Soft Two-Stage,val,1.420915465124447,2.249861678579459,0.615416458157822,53.31314888553381,49.1412054267917
31628,1st & I St SE,incoming_trips,XGBoost,test,1.390043918806238,2.191123149328823,0.5960289625780808,54.57170067986843,49.68332116552616
31628,1st & I St SE,incoming_trips,XGBoost,val,1.434659617264104,2.2686095087219607,0.6089803759139414,52.48439051313317,49.61653574748238
31628,1st & I St SE,outgoing_trips,GAM,test,1.4676014271292586,2.1019292047797906,0.5570862479410148,59.75833818747775,53.20882859483081
31628,1st & I St SE,outgoing_trips,GAM,val,1.486077321560323,2.169659343669608,0.5666825044694391,56.13482742501424,51.88716801933736
31628,1st & I St SE,outgoing_trips,HistGradientBoosting,test,1.3196382899110246,2.0754385033021445,0.5681800179980353,52.88547931694069,47.84433039997792
31628,1st & I St SE,outgoing_trips,HistGradientBoosting,val,1.393476486571695,2.1650579825206098,0.5685184941054631,52.997872016144974,48.65396136576904
31628,1st & I St SE,outgoing_trips,LightGBM,test,1.321560451549446,2.0806235045185777,0.5660197189353171,53.07462497198328,47.91401959982448
31628,1st & I St SE,outgoing_trips,LightGBM,val,1.3953510473907058,2.167797714705289,0.567425782742332,53.3503616453488,48.719412638571136
31628,1st & I St SE,outgoing_trips,Linear Regression,test,1.388290295810173,2.08958398240437,0.5622736839241849,56.07395917334868,50.3333527919256
31628,1st & I St SE,outgoing_trips,Linear Regression,val,1.4776487491077568,2.1881805796672027,0.5592529227976766,55.54719355078608,51.59287999766817
31628,1st & I St SE,outgoing_trips,Naive (same hour last week),test,1.8661947710925904,2.8773298883200527,0.1700301618458817,81.23073237782316,67.66008526842998
31628,1st & I St SE,outgoing_trips,Naive (same hour last week),val,1.9982921553000117,3.0482663248779165,0.1446793860527733,82.52367988959261,69.77141721327767
31628,1st & I St SE,outgoing_trips,Poisson,test,1.4820610055402594,2.1856896141335453,0.5210833088573934,52.05346012660622,53.73306986020585
31628,1st & I St SE,outgoing_trips,Poisson,val,1.57476768576424,2.3037815775385257,0.5114537045111273,52.31830865808402,54.98383853733778
31628,1st & I St SE,outgoing_trips,Polynomial Regression,test,1.4139502632675824,2.1487724985053736,0.5371248455505389,58.095039103096944,51.26367132729316
31628,1st & I St SE,outgoing_trips,Polynomial Regression,val,1.4561299779293162,2.270406284819822,0.5255064830737404,56.86709575706499,50.8415408314577
31628,1st & I St SE,outgoing_trips,Random Forest,test,1.3636007407368844,2.044289299094395,0.5810446827849958,55.68609580287392,49.438217178336735
31628,1st & I St SE,outgoing_trips,Random Forest,val,1.4271467501343496,2.121624841405496,0.5856567140526001,54.51793698903799,49.82957625295167
31628,1st & I St SE,outgoing_trips,Soft Two-Stage,test,1.328028370508544,2.063824640251044,0.572999304363327,52.36993353227605,48.14851813934491
31628,1st & I St SE,outgoing_trips,Soft Two-Stage,val,1.3977928706042806,2.142692244971164,0.5773871307278582,52.32795326899855,48.80467017498468
31628,1st & I St SE,outgoing_trips,XGBoost,test,1.3470614690722131,2.085351227846279,0.5640452437466825,51.35977288434933,48.838575303628105
31628,1st & I St SE,outgoing_trips,XGBoost,val,1.425083409590781,2.1700105526969726,0.5665422084050791,51.28413990739372,49.75753363719272
31646,Maine Ave & 9th St SW,incoming_trips,GAM,test,1.379056832297641,2.2528153056890337,0.5081713375912826,62.26441717945407,58.53440004891954
31646,Maine Ave & 9th St SW,incoming_trips,GAM,val,1.428756820225687,2.4433280822367345,0.5165843803152946,59.7488710684794,55.385846105142825
31646,Maine Ave & 9th St SW,incoming_trips,HistGradientBoosting,test,1.2954520147193709,2.243281502625069,0.5123253184291274,60.72863073596555,54.98577339080717
31646,Maine Ave & 9th St SW,incoming_trips,HistGradientBoosting,val,1.3687987841590663,2.441469728575662,0.5173194560143897,58.30183164273374,53.06156914538148
31646,Maine Ave & 9th St SW,incoming_trips,LightGBM,test,1.297888155685013,2.2495460774536924,0.5095977603203468,60.020452997475495,55.08917598199762
31646,Maine Ave & 9th St SW,incoming_trips,LightGBM,val,1.366725721323117,2.445402177662665,0.515763307043673,56.8212606983035,52.98120673690664
31646,Maine Ave & 9th St SW,incoming_trips,Linear Regression,test,1.3642525360522892,2.2203879718320003,0.5222283340612838,62.19947651359021,57.90602812212639
31646,Maine Ave & 9th St SW,incoming_trips,Linear Regression,val,1.416055410982783,2.398662329620118,0.534097184311479,60.90715690174972,54.89347519381111
31646,Maine Ave & 9th St SW,incoming_trips,Naive (same hour last week),test,1.829090078776116,3.094600108973046,0.0719492384707806,87.93308684797123,77.63616980034891
31646,Maine Ave & 9th St SW,incoming_trips,Naive (same hour last week),val,1.936923602413754,3.3887047747032755,0.0701249932419357,91.0905393112268,75.08496270468288
31646,Maine Ave & 9th St SW,incoming_trips,Poisson,test,1.4738661214177415,2.3518188173455834,0.463993100122088,58.83801031240324,62.55860320555339
31646,Maine Ave & 9th St SW,incoming_trips,Poisson,val,1.5506289116082956,2.5475469803178945,0.4744651640969656,57.04806461943893,60.110225231300085
31646,Maine Ave & 9th St SW,incoming_trips,Polynomial Regression,test,1.410377732313103,2.328830675182195,0.4744204189582895,66.07733201868926,59.863823208618285
31646,Maine Ave & 9th St SW,incoming_trips,Polynomial Regression,val,1.4780391028124091,2.484099582233521,0.5003163844716474,62.533023581089545,57.29627682394576
31646,Maine Ave & 9th St SW,incoming_trips,Random Forest,test,1.347930395295819,2.201359071321755,0.5303823254414584,62.37318772962589,57.2132309187637
31646,Maine Ave & 9th St SW,incoming_trips,Random Forest,val,1.3875378537174523,2.3599301310025,0.5490219584705844,58.64945784415235,53.787990330583845
31646,Maine Ave & 9th St SW,incoming_trips,Soft Two-Stage,test,1.299428556667071,2.219621139904746,0.522558282977654,57.6349416641871,55.154558673419615
31646,Maine Ave & 9th St SW,incoming_trips,Soft Two-Stage,val,1.3785415249061712,2.4297639455863567,0.5219368457965996,55.4117830899774,53.4392470903072
31646,Maine Ave & 9th St SW,incoming_trips,XGBoost,test,1.3153880821352268,2.239119437150477,0.514133251158286,57.56734809247273,55.83196458336137
31646,Maine Ave & 9th St SW,incoming_trips,XGBoost,val,1.3884401421327743,2.4515892373286645,0.5133098935327512,54.71706671594509,53.82296759655805
31646,Maine Ave & 9th St SW,outgoing_trips,GAM,test,1.3740175618737431,2.330179356203182,0.3988710908584152,61.500136327547786,62.67586618296072
31646,Maine Ave & 9th St SW,outgoing_trips,GAM,val,1.452946257760368,2.5229883679154,0.4025314929739367,58.85191363274146,60.22287391179477
31646,Maine Ave & 9th St SW,outgoing_trips,HistGradientBoosting,test,1.2764050088591177,2.254937091460204,0.4370656184173318,58.04111230259517,58.22326566293621
31646,Maine Ave & 9th St SW,outgoing_trips,HistGradientBoosting,val,1.3659056759680912,2.4542598683898147,0.4346393030745132,55.6463586147554,56.61514654095208
31646,Maine Ave & 9th St SW,outgoing_trips,LightGBM,test,1.2751558074926368,2.254918293221523,0.4370750041609943,58.3335933855361,58.16628329251122
31646,Maine Ave & 9th St SW,outgoing_trips,LightGBM,val,1.3626129089458554,2.450266004212677,0.4364778505254958,55.88682590611032,56.47866531038909
31646,Maine Ave & 9th St SW,outgoing_trips,Linear Regression,test,1.3579930624432843,2.2066119534113797,0.4609353584078007,62.591685153762064,61.94490799885808
31646,Maine Ave & 9th St SW,outgoing_trips,Linear Regression,val,1.424030045851589,2.4067250545763743,0.4563273574305656,60.17191942880578,59.02433172588254
31646,Maine Ave & 9th St SW,outgoing_trips,Naive (same hour last week),test,1.809567302203448,3.0673454791753443,-0.0416319710557968,92.98489976600231,82.54348505364024
31646,Maine Ave & 9th St SW,outgoing_trips,Naive (same hour last week),val,1.9491062279403395,3.412760110578487,-0.0931909953144527,93.9005387686264,80.78810759792356
31646,Maine Ave & 9th St SW,outgoing_trips,Poisson,test,1.4790240026917982,2.348800897205729,0.3892249023777061,61.515147294860085,67.46573919163347
31646,Maine Ave & 9th St SW,outgoing_trips,Poisson,val,1.571580613430606,2.580039771589005,0.3752053196227192,58.85758237014779,65.14012519000006
31646,Maine Ave & 9th St SW,outgoing_trips,Polynomial Regression,test,1.432457786436925,2.405740900782133,0.3592529472772511,68.71537466428454,65.34161936986264
31646,Maine Ave & 9th St SW,outgoing_trips,Polynomial Regression,val,1.4684001521552,2.4811360970350145,0.4221891454264842,62.54777968614991,60.8634192372776
31646,Maine Ave & 9th St SW,outgoing_trips,Random Forest,test,1.3254079606784694,2.170184175818324,0.4785867076411014,62.63304163119199,60.458537275193805
31646,Maine Ave & 9th St SW,outgoing_trips,Random Forest,val,1.3807285148606323,2.3422259465228903,0.4850772296855663,58.34513800434655,57.229535375275766
31646,Maine Ave & 9th St SW,outgoing_trips,Soft Two-Stage,test,1.2882044145191935,2.228996720168436,0.4499429030363415,56.82884411837732,58.76149602527661
31646,Maine Ave & 9th St SW,outgoing_trips,Soft Two-Stage,val,1.369876125164972,2.428130974755467,0.4466132708542438,53.58092512712594,56.779716882132846
31646,Maine Ave & 9th St SW,outgoing_trips,XGBoost,test,1.2940030135028049,2.2377748118578795,0.4456019732029184,56.70487204412199,59.02599935043781
31646,Maine Ave & 9th St SW,outgoing_trips,XGBoost,val,1.3817594445689063,2.4372445068612643,0.4424514094652463,53.87457376734711,57.27226617106515
